-- Generated by Craft v2.6.2998 on Nov 30, 2017, 4:19:56 PM.

--
-- Disable foreign key checks and autocommit.
--

SET FOREIGN_KEY_CHECKS = 0;
SET SQL_MODE = "NO_AUTO_VALUE_ON_ZERO";
SET AUTOCOMMIT = 0;
SET NAMES utf8;


DROP TABLE IF EXISTS `craft_assetfiles`;


--
-- Schema for table `craft_assetfiles`
--
CREATE TABLE `craft_assetfiles` (
  `id` int(11) NOT NULL,
  `sourceId` int(11) DEFAULT NULL,
  `folderId` int(11) NOT NULL,
  `filename` varchar(255) COLLATE utf8_unicode_ci NOT NULL,
  `kind` varchar(50) COLLATE utf8_unicode_ci NOT NULL DEFAULT 'unknown',
  `width` int(11) unsigned DEFAULT NULL,
  `height` int(11) unsigned DEFAULT NULL,
  `size` bigint(20) unsigned DEFAULT NULL,
  `dateModified` datetime DEFAULT NULL,
  `dateCreated` datetime NOT NULL,
  `dateUpdated` datetime NOT NULL,
  `uid` char(36) COLLATE utf8_unicode_ci NOT NULL DEFAULT '0',
  PRIMARY KEY (`id`),
  UNIQUE KEY `craft_assetfiles_filename_folderId_unq_idx` (`filename`,`folderId`),
  KEY `craft_assetfiles_sourceId_fk` (`sourceId`),
  KEY `craft_assetfiles_folderId_fk` (`folderId`)
) ENGINE=InnoDB DEFAULT CHARSET=utf8 COLLATE=utf8_unicode_ci;

--
-- Data for table `craft_assetfiles`
--

INSERT INTO `craft_assetfiles` (`id`, `sourceId`, `folderId`, `filename`, `kind`, `width`, `height`, `size`, `dateModified`, `dateCreated`, `dateUpdated`, `uid`) VALUES
 ('101', '1', '5', 'indie_work_1_cover_image.jpg', 'image', '1600', '900', '117135', '2016-08-22 01:47:44', '2016-08-22 01:47:44', '2017-11-27 17:09:29', 'd04b0493-738e-4d35-a854-c67691f7dec7'),
 ('102', '1', '5', 'indie_work_2_cover_image.jpg', 'image', '1600', '900', '222979', '2016-08-22 01:47:45', '2016-08-22 01:47:45', '2017-11-27 17:09:29', '74ea7278-978e-4018-a210-b8807c56b927'),
 ('103', '1', '5', 'indie_work_3_cover_image.jpg', 'image', '1600', '900', '139942', '2016-08-22 01:47:45', '2016-08-22 01:47:46', '2017-11-27 17:09:30', '8188dd03-a3f9-4368-9a7f-d3cd94c1e76c'),
 ('104', '1', '5', 'indie_work_4_cover_image.jpg', 'image', '1600', '900', '156735', '2016-08-22 01:47:46', '2016-08-22 01:47:46', '2017-11-27 17:09:30', 'fa5d541b-dc4c-414b-b341-147540ee253a'),
 ('105', '1', '5', 'indie_work_5_cover_image.jpg', 'image', '1600', '900', '310873', '2016-08-22 01:47:48', '2016-08-22 01:47:48', '2017-11-27 17:09:30', '37c11417-7649-4c63-901e-a5ff9aca3c2b'),
 ('106', '1', '5', 'indie_work_6_cover_image.jpg', 'image', '1600', '900', '158974', '2016-08-22 01:47:49', '2016-08-22 01:47:49', '2017-11-27 17:09:30', '1b408143-250d-444a-9cac-005d5d104f02'),
 ('107', '1', '5', 'indie_work_7_cover_image.jpg', 'image', '1600', '900', '220963', '2016-08-22 01:47:49', '2016-08-22 01:47:49', '2017-11-27 17:09:30', 'e7f2bf9f-fcc7-4094-b44a-4086b1fe2392'),
 ('108', '1', '5', 'indie_work_8_cover_image.jpg', 'image', '1600', '900', '180250', '2016-08-22 01:47:50', '2016-08-22 01:47:50', '2017-11-27 17:09:31', '29a6d57e-0e5f-43f8-8962-3c4531d53254'),
 ('109', '1', '5', 'indie_work_9_cover_image.jpg', 'image', '1600', '900', '223006', '2016-08-22 01:47:51', '2016-08-22 01:47:51', '2017-11-27 17:09:31', 'c70f78a5-f57d-430b-a478-eb41451c5be8'),
 ('110', '1', '5', 'Indie-Collection_three-Oranges.jpg', 'image', '1600', '900', '249054', '2016-08-22 01:47:51', '2016-08-22 01:47:51', '2017-11-27 17:09:29', 'b864c2c2-ff3b-48f9-8aa5-47611012ebcd'),
 ('111', '1', '3', '12days_cover_image.jpg', 'image', '1600', '900', '190948', '2016-08-22 01:50:06', '2016-08-22 01:50:06', '2017-11-27 17:09:25', 'c55b55b4-38d1-42dd-a505-bef65c4597cd'),
 ('112', '1', '3', '12Days3_cover_image.jpg', 'image', '1600', '900', '116020', '2016-08-22 01:50:07', '2016-08-22 01:50:07', '2017-11-27 17:09:24', '285041a9-389d-41b2-a976-86f6342c05b6'),
 ('113', '1', '3', 'Bosch_cover_image.jpg', 'image', '1600', '900', '138794', '2016-08-22 01:50:07', '2016-08-22 01:50:08', '2017-11-27 17:09:25', '5d4446f3-d188-4fb1-a38a-00662d949888'),
 ('114', '1', '3', 'BOSSA_cover_image.jpg', 'image', '1600', '900', '24705', '2016-08-22 01:50:08', '2016-08-22 01:50:08', '2017-11-27 17:09:25', '83bf142e-60d7-4328-8c30-98c98831c352'),
 ('115', '1', '3', 'CartoonNetwork_cover_image.jpg', 'image', '1600', '900', '83122', '2016-08-22 01:50:09', '2016-08-22 01:50:09', '2017-11-27 17:09:26', 'e519a52c-2e88-449a-afff-36d5023558b1'),
 ('116', '1', '3', 'CGCC_cover_image.jpg', 'image', '1600', '900', '44552', '2016-08-22 01:50:09', '2016-08-22 01:50:09', '2017-11-27 17:09:25', 'c0453bca-7787-4fd2-94bc-eeba14f1c322'),
 ('117', '1', '3', 'CountDown_cover_image.jpg', 'image', '1600', '900', '40409', '2016-08-22 01:50:09', '2016-08-22 01:50:09', '2017-11-27 17:09:26', '9569c4c3-3f5d-4944-9fe9-4d84fa88f3b9'),
 ('118', '1', '3', 'Cranks_and_Gulps_cover_image.jpg', 'image', '1600', '900', '171208', '2016-08-22 01:50:10', '2016-08-22 01:50:10', '2017-11-27 17:09:26', '63579a9f-6a17-4f91-8c0e-dc3e7f99e603'),
 ('119', '1', '3', 'Dell_cover_image.jpg', 'image', '1600', '900', '143843', '2016-08-22 01:50:11', '2016-08-22 01:50:11', '2017-11-27 17:09:26', 'b3b190ad-5428-41ff-b7c5-845d787c0a1b'),
 ('120', '1', '3', 'ESPN_cover_image.jpg', 'image', '1600', '900', '107165', '2016-08-22 01:50:12', '2016-08-22 01:50:12', '2017-11-27 17:09:27', 'f3f4a8ac-52e0-4b93-a8b5-2a3efc315dcf'),
 ('121', '1', '3', 'FootLocker_cover_image.jpg', 'image', '1600', '900', '94331', '2016-08-22 01:50:13', '2016-08-22 01:50:13', '2017-11-27 17:09:27', 'd30bad26-8a28-4fc1-8bd4-c1a0800cfde9'),
 ('122', '1', '3', 'GoogTeamwork_cover_image.jpg', 'image', '1600', '900', '53571', '2016-08-22 01:50:13', '2016-08-22 01:50:13', '2017-11-27 17:09:27', 'addb0041-0ac8-41fd-8e3b-23a649b64177'),
 ('123', '1', '3', 'hanesSocks_cover_image.jpg', 'image', '1600', '900', '100343', '2016-08-22 01:50:14', '2016-08-22 01:50:14', '2017-11-27 17:09:29', '7ad332af-5d9b-4c0e-987d-811c2b9df7be'),
 ('124', '1', '3', 'Hardboil_cover_image.jpg', 'image', '1600', '900', '126668', '2016-08-22 01:50:15', '2016-08-22 01:50:15', '2017-11-27 17:09:27', '6fcb4ed9-c3a0-4e14-9735-a4fe9d3a66d7'),
 ('125', '1', '3', 'HermesNoel_cover_image.jpg', 'image', '1600', '900', '188475', '2016-08-22 01:50:16', '2016-08-22 01:50:16', '2017-11-27 17:09:27', '3cc9bd2a-8780-4139-a17a-9f22c54115c8'),
 ('126', '1', '3', 'McdCracker_cover_image.jpg', 'image', '1600', '900', '92766', '2016-08-22 01:50:16', '2016-08-22 01:50:16', '2017-11-27 17:09:28', '58c4047b-ec00-4bdf-96ce-42f7dfe679a1'),
 ('127', '1', '3', 'MelvinMoon_cover_image.jpg', 'image', '1600', '900', '104575', '2016-08-22 01:50:17', '2016-08-22 01:50:17', '2017-11-27 17:09:28', 'db743331-6376-49f4-ab4a-cde2bd0ffa4f'),
 ('128', '1', '3', 'NavyFed_cover_image.jpg', 'image', '1600', '900', '103219', '2016-08-22 01:50:18', '2016-08-22 01:50:18', '2017-11-27 17:09:28', 'bb90a8d0-2c9d-4ff7-8734-ab95dcada9e3'),
 ('129', '1', '3', 'PhillipLim_cover_image.jpg', 'image', '1600', '900', '42256', '2016-08-22 01:50:18', '2016-08-22 01:50:18', '2017-11-27 17:09:28', 'b4b69fe0-7439-4291-b397-825f00a9f989'),
 ('130', '1', '3', 'RandyFox_cover_image.jpg', 'image', '1600', '900', '105854', '2016-08-22 01:50:19', '2016-08-22 01:50:19', '2017-11-27 17:09:28', '9350b952-ffca-45d6-adf3-9e2c0c496faf'),
 ('131', '1', '3', 'Rushkitchen_cover_image.jpg', 'image', '1600', '900', '215110', '2016-08-22 01:50:19', '2016-08-22 01:50:19', '2017-11-27 17:09:28', '5db1af42-33b0-4757-8e4b-ecfc010f30d4'),
 ('132', '1', '3', 'TimHorton_cover_image.jpg', 'image', '1600', '900', '203809', '2016-08-22 01:50:20', '2016-08-22 01:50:20', '2017-11-27 17:09:29', '29866b12-cc97-4a1d-8900-1aa7084e54ee'),
 ('133', '1', '3', 'toadpipe_cover_image.jpg', 'image', '1600', '900', '96567', '2016-08-22 01:50:20', '2016-08-22 01:50:20', '2017-11-27 17:09:29', '355e75a7-6911-4587-aa4e-ca71abbae517'),
 ('134', '1', '6', 'bornsmall_o.jpg', 'image', '2048', '2396', '638080', '2016-08-22 01:55:14', '2016-08-22 01:55:14', '2017-11-27 17:09:36', 'b7a85943-6355-4c53-b225-7e3d20e32a18'),
 ('135', '1', '6', 'head1_s_905_2x.jpg', 'image', '1810', '1452', '143010', '2016-08-22 01:55:15', '2016-08-22 01:55:15', '2017-11-27 17:09:36', '599c5f97-eb92-4e75-b8e8-2bbc186bb538'),
 ('136', '1', '6', 'Head2_s_905_2x.jpg', 'image', '1810', '1325', '132976', '2016-08-22 01:55:16', '2016-08-22 01:55:16', '2017-11-27 17:09:34', 'f8ecf1e3-3764-403e-b3aa-8504a31977b9'),
 ('137', '1', '6', 'Head3_s_905_2x.jpg', 'image', '1810', '1333', '127564', '2016-08-22 01:55:17', '2016-08-22 01:55:17', '2017-11-27 17:09:34', '5e2b5c18-e452-4e69-a655-641002e3cf0a'),
 ('138', '1', '6', 'HeavyLight_small_905.jpg', 'image', '905', '1148', '119479', '2016-08-22 01:55:17', '2016-08-22 01:55:17', '2017-11-27 17:09:35', 'e6a23b0d-143b-47f0-a1ff-6c1d3ef9158e'),
 ('139', '1', '6', 'J2_905.jpg', 'image', '905', '905', '146139', '2016-08-22 01:55:18', '2016-08-22 01:55:18', '2017-11-27 17:09:35', 'f42792c1-b170-486e-8662-93652049326d'),
 ('140', '1', '6', 'J3_905.jpg', 'image', '905', '905', '141882', '2016-08-22 01:55:19', '2016-08-22 01:55:19', '2017-11-27 17:09:35', '88307944-107b-4ff0-be56-a902b87bf208'),
 ('141', '1', '6', 'J4_905.jpg', 'image', '905', '905', '151367', '2016-08-22 01:55:19', '2016-08-22 01:55:19', '2017-11-27 17:09:35', '84bcc391-fdb9-4dc5-a3f7-3fb32bbec9f0'),
 ('142', '1', '6', 'J5_905.jpg', 'image', '905', '905', '136845', '2016-08-22 01:55:20', '2016-08-22 01:55:20', '2017-11-27 17:09:35', '299643ff-9c57-4dfc-9623-5651f865ecaa'),
 ('143', '1', '6', 'J6_905.jpg', 'image', '905', '905', '122443', '2016-08-22 01:55:20', '2016-08-22 01:55:20', '2017-11-27 17:09:35', '3b9b9e6c-fef0-4ed2-a51c-a7197d6a5a2c'),
 ('144', '1', '6', 'J7_905.jpg', 'image', '905', '905', '120187', '2016-08-22 01:55:21', '2016-08-22 01:55:21', '2017-11-27 17:09:36', 'b6d6dc45-1c84-40a6-9100-28e11528ea9a'),
 ('145', '1', '6', 'MaptoSVA_small_905.jpg', 'image', '905', '896', '97812', '2016-08-22 01:55:21', '2016-08-22 01:55:21', '2017-11-27 17:09:36', 'b92327a3-12aa-49f1-b602-0868b4e402ca'),
 ('146', '1', '6', 'purity_905.jpg', 'image', '905', '666', '87640', '2016-08-22 01:55:21', '2016-08-22 01:55:22', '2017-11-27 17:09:37', 'ee87584c-202f-46df-bdcb-91526d8bf5de'),
 ('147', '1', '6', 'reds_small_905_2x.jpg', 'image', '1810', '986', '151916', '2016-08-22 01:55:22', '2016-08-22 01:55:22', '2017-11-27 17:09:37', '55f8ba38-999c-49e4-99cd-ecd4098c5b58'),
 ('148', '1', '6', 'selfTreee_small_905_2x.jpg', 'image', '1810', '2341', '231549', '2016-08-22 01:55:23', '2016-08-22 01:55:23', '2017-11-27 17:09:37', '701438e6-8fa0-4dfc-a854-f0bfdcf5e7ec'),
 ('149', '1', '6', 'time_905_2x.jpg', 'image', '1810', '1803', '345863', '2016-08-22 01:55:24', '2016-08-22 01:55:24', '2017-11-27 17:09:37', '1baf9c64-1082-4dde-b031-00d7d2e749dc'),
 ('194', '1', '5', 'met-roof_Oct16.jpg', 'image', '2897', '2897', '1725358', '2017-03-21 03:52:26', '2017-03-21 03:52:27', '2017-11-27 17:09:34', '4586f110-8790-4c8c-8cf6-e6a64b27a3c4');



DROP TABLE IF EXISTS `craft_assetfolders`;


--
-- Schema for table `craft_assetfolders`
--
CREATE TABLE `craft_assetfolders` (
  `id` int(11) NOT NULL AUTO_INCREMENT,
  `parentId` int(11) DEFAULT NULL,
  `sourceId` int(11) DEFAULT NULL,
  `name` varchar(255) COLLATE utf8_unicode_ci NOT NULL,
  `path` varchar(255) COLLATE utf8_unicode_ci DEFAULT NULL,
  `dateCreated` datetime NOT NULL,
  `dateUpdated` datetime NOT NULL,
  `uid` char(36) COLLATE utf8_unicode_ci NOT NULL DEFAULT '0',
  PRIMARY KEY (`id`),
  UNIQUE KEY `craft_assetfolders_name_parentId_sourceId_unq_idx` (`name`,`parentId`,`sourceId`),
  KEY `craft_assetfolders_parentId_fk` (`parentId`),
  KEY `craft_assetfolders_sourceId_fk` (`sourceId`)
) ENGINE=InnoDB AUTO_INCREMENT=11 DEFAULT CHARSET=utf8 COLLATE=utf8_unicode_ci;

--
-- Data for table `craft_assetfolders`
--

INSERT INTO `craft_assetfolders` (`id`, `parentId`, `sourceId`, `name`, `path`, `dateCreated`, `dateUpdated`, `uid`) VALUES
 ('1', NULL, '1', 'assets', '', '2016-08-20 17:52:13', '2017-03-21 03:41:35', 'f02be676-bef3-424e-a547-0bc36f4371e0'),
 ('2', '1', '1', 'commercial_works', 'commercial_works/', '2016-08-22 01:00:35', '2016-08-22 01:15:48', '5d874c5f-89ff-4b5e-985e-f09e97ddcd5b'),
 ('3', '2', '1', 'cover_images', 'commercial_works/cover_images/', '2016-08-22 01:02:45', '2016-08-22 01:15:52', '64691f19-3b6f-4e94-8e8a-6f702808b1d3'),
 ('4', '1', '1', 'indie_works', 'indie_works/', '2016-08-22 01:15:37', '2016-08-22 01:16:14', '2e2db57c-ef33-4b5b-86df-5d7c7a7424b1'),
 ('5', '4', '1', 'cover_images', 'indie_works/cover_images/', '2016-08-22 01:16:21', '2016-08-22 01:16:21', '6a835302-13c1-48a4-90be-a732aed961f2'),
 ('6', '4', '1', 'work_images', 'indie_works/work_images/', '2016-08-22 01:51:34', '2016-08-22 01:51:34', 'e6829130-6555-4414-8412-3705a664e7ce'),
 ('7', '2', '1', 'work_images', 'commercial_works/work_images/', '2016-08-22 01:52:53', '2016-08-22 01:52:53', '38ae08ac-7cea-4b90-bede-100cfb62b1f8'),
 ('8', '1', '1', 'reel', 'reel/', '2016-08-22 01:54:31', '2016-08-22 01:54:31', '6af1a273-4e2c-4179-bf37-5f171fd66df3');



DROP TABLE IF EXISTS `craft_assetindexdata`;


--
-- Schema for table `craft_assetindexdata`
--
CREATE TABLE `craft_assetindexdata` (
  `id` int(11) NOT NULL AUTO_INCREMENT,
  `sessionId` varchar(36) COLLATE utf8_unicode_ci NOT NULL DEFAULT '',
  `sourceId` int(10) NOT NULL,
  `offset` int(10) NOT NULL,
  `uri` text COLLATE utf8_unicode_ci,
  `size` varchar(255) COLLATE utf8_unicode_ci DEFAULT NULL,
  `recordId` int(10) DEFAULT NULL,
  `dateCreated` datetime NOT NULL,
  `dateUpdated` datetime NOT NULL,
  `uid` char(36) COLLATE utf8_unicode_ci NOT NULL DEFAULT '0',
  PRIMARY KEY (`id`),
  UNIQUE KEY `craft_assetindexdata_sessionId_sourceId_offset_unq_idx` (`sessionId`,`sourceId`,`offset`),
  KEY `craft_assetindexdata_sourceId_fk` (`sourceId`)
) ENGINE=InnoDB AUTO_INCREMENT=51 DEFAULT CHARSET=utf8 COLLATE=utf8_unicode_ci;

DROP TABLE IF EXISTS `craft_assetsources`;


--
-- Schema for table `craft_assetsources`
--
CREATE TABLE `craft_assetsources` (
  `id` int(11) NOT NULL AUTO_INCREMENT,
  `name` varchar(255) COLLATE utf8_unicode_ci NOT NULL,
  `handle` varchar(255) COLLATE utf8_unicode_ci NOT NULL,
  `type` varchar(150) COLLATE utf8_unicode_ci NOT NULL,
  `settings` text COLLATE utf8_unicode_ci,
  `sortOrder` smallint(6) unsigned DEFAULT NULL,
  `fieldLayoutId` int(10) DEFAULT NULL,
  `dateCreated` datetime NOT NULL,
  `dateUpdated` datetime NOT NULL,
  `uid` char(36) COLLATE utf8_unicode_ci NOT NULL DEFAULT '0',
  PRIMARY KEY (`id`),
  UNIQUE KEY `craft_assetsources_name_unq_idx` (`name`),
  UNIQUE KEY `craft_assetsources_handle_unq_idx` (`handle`),
  KEY `craft_assetsources_fieldLayoutId_fk` (`fieldLayoutId`)
) ENGINE=InnoDB AUTO_INCREMENT=4 DEFAULT CHARSET=utf8 COLLATE=utf8_unicode_ci;

--
-- Data for table `craft_assetsources`
--

INSERT INTO `craft_assetsources` (`id`, `name`, `handle`, `type`, `settings`, `sortOrder`, `fieldLayoutId`, `dateCreated`, `dateUpdated`, `uid`) VALUES
 ('1', 'assets', 'assets', 'Local', '{\"path\":\"{basePath}\\/assets\\/\",\"publicURLs\":\"1\",\"url\":\"{baseUrl}\\/assets\\/\"}', '1', '44', '2016-08-20 17:52:13', '2017-03-21 04:17:56', '6d32583a-d041-466b-a854-4531630b66a4');



DROP TABLE IF EXISTS `craft_assettransformindex`;


--
-- Schema for table `craft_assettransformindex`
--
CREATE TABLE `craft_assettransformindex` (
  `id` int(11) NOT NULL AUTO_INCREMENT,
  `fileId` int(11) NOT NULL,
  `filename` varchar(255) COLLATE utf8_unicode_ci DEFAULT NULL,
  `format` varchar(255) COLLATE utf8_unicode_ci DEFAULT NULL,
  `location` varchar(255) COLLATE utf8_unicode_ci NOT NULL,
  `sourceId` int(11) DEFAULT NULL,
  `fileExists` tinyint(1) DEFAULT NULL,
  `inProgress` tinyint(1) DEFAULT NULL,
  `dateIndexed` datetime DEFAULT NULL,
  `dateCreated` datetime NOT NULL,
  `dateUpdated` datetime NOT NULL,
  `uid` char(36) COLLATE utf8_unicode_ci NOT NULL DEFAULT '0',
  PRIMARY KEY (`id`),
  KEY `craft_assettransformindex_sourceId_fileId_location_idx` (`sourceId`,`fileId`,`location`)
) ENGINE=InnoDB DEFAULT CHARSET=utf8 COLLATE=utf8_unicode_ci;

DROP TABLE IF EXISTS `craft_assettransforms`;


--
-- Schema for table `craft_assettransforms`
--
CREATE TABLE `craft_assettransforms` (
  `id` int(11) NOT NULL AUTO_INCREMENT,
  `name` varchar(255) COLLATE utf8_unicode_ci NOT NULL,
  `handle` varchar(255) COLLATE utf8_unicode_ci NOT NULL,
  `mode` enum('stretch','fit','crop') COLLATE utf8_unicode_ci NOT NULL DEFAULT 'crop',
  `position` enum('top-left','top-center','top-right','center-left','center-center','center-right','bottom-left','bottom-center','bottom-right') COLLATE utf8_unicode_ci NOT NULL DEFAULT 'center-center',
  `height` int(10) DEFAULT NULL,
  `width` int(10) DEFAULT NULL,
  `format` varchar(255) COLLATE utf8_unicode_ci DEFAULT NULL,
  `quality` int(10) DEFAULT NULL,
  `dimensionChangeTime` datetime DEFAULT NULL,
  `dateCreated` datetime NOT NULL,
  `dateUpdated` datetime NOT NULL,
  `uid` char(36) COLLATE utf8_unicode_ci NOT NULL DEFAULT '0',
  PRIMARY KEY (`id`),
  UNIQUE KEY `craft_assettransforms_name_unq_idx` (`name`),
  UNIQUE KEY `craft_assettransforms_handle_unq_idx` (`handle`)
) ENGINE=InnoDB DEFAULT CHARSET=utf8 COLLATE=utf8_unicode_ci;

DROP TABLE IF EXISTS `craft_categories`;


--
-- Schema for table `craft_categories`
--
CREATE TABLE `craft_categories` (
  `id` int(11) NOT NULL,
  `groupId` int(11) NOT NULL,
  `dateCreated` datetime NOT NULL,
  `dateUpdated` datetime NOT NULL,
  `uid` char(36) COLLATE utf8_unicode_ci NOT NULL DEFAULT '0',
  PRIMARY KEY (`id`),
  KEY `craft_categories_groupId_fk` (`groupId`)
) ENGINE=InnoDB DEFAULT CHARSET=utf8 COLLATE=utf8_unicode_ci;

--
-- Data for table `craft_categories`
--

INSERT INTO `craft_categories` (`id`, `groupId`, `dateCreated`, `dateUpdated`, `uid`) VALUES
 ('182', '2', '2016-08-23 19:52:32', '2016-08-23 19:52:32', 'a6a698de-9a76-41e1-bccb-abb91afa81e9'),
 ('183', '2', '2016-08-23 19:55:33', '2016-08-23 19:55:33', '19530d30-5c06-40e1-a27d-a381156dd018'),
 ('184', '2', '2016-08-23 19:55:46', '2016-08-23 19:55:46', '34fc4fb2-84e2-476a-91cf-abaa6956def2'),
 ('185', '2', '2016-08-23 19:55:58', '2016-08-23 19:55:58', '9e6ad305-ce59-40ec-b256-fb0eb8414bbf');



DROP TABLE IF EXISTS `craft_categorygroups`;


--
-- Schema for table `craft_categorygroups`
--
CREATE TABLE `craft_categorygroups` (
  `id` int(11) NOT NULL AUTO_INCREMENT,
  `structureId` int(11) NOT NULL,
  `fieldLayoutId` int(11) DEFAULT NULL,
  `name` varchar(255) COLLATE utf8_unicode_ci NOT NULL,
  `handle` varchar(255) COLLATE utf8_unicode_ci NOT NULL,
  `hasUrls` tinyint(1) unsigned NOT NULL DEFAULT '1',
  `template` varchar(500) COLLATE utf8_unicode_ci DEFAULT NULL,
  `dateCreated` datetime NOT NULL,
  `dateUpdated` datetime NOT NULL,
  `uid` char(36) COLLATE utf8_unicode_ci NOT NULL DEFAULT '0',
  PRIMARY KEY (`id`),
  UNIQUE KEY `craft_categorygroups_name_unq_idx` (`name`),
  UNIQUE KEY `craft_categorygroups_handle_unq_idx` (`handle`),
  KEY `craft_categorygroups_structureId_fk` (`structureId`),
  KEY `craft_categorygroups_fieldLayoutId_fk` (`fieldLayoutId`)
) ENGINE=InnoDB AUTO_INCREMENT=3 DEFAULT CHARSET=utf8 COLLATE=utf8_unicode_ci;

--
-- Data for table `craft_categorygroups`
--

INSERT INTO `craft_categorygroups` (`id`, `structureId`, `fieldLayoutId`, `name`, `handle`, `hasUrls`, `template`, `dateCreated`, `dateUpdated`, `uid`) VALUES
 ('2', '4', '34', 'Work Categories', 'workCategories', '0', NULL, '2016-08-23 19:50:26', '2016-08-23 19:50:26', 'f7dce12f-febc-4375-a1c9-3897ce828305');



DROP TABLE IF EXISTS `craft_categorygroups_i18n`;


--
-- Schema for table `craft_categorygroups_i18n`
--
CREATE TABLE `craft_categorygroups_i18n` (
  `id` int(11) NOT NULL AUTO_INCREMENT,
  `groupId` int(11) NOT NULL,
  `locale` char(12) COLLATE utf8_unicode_ci NOT NULL,
  `urlFormat` text COLLATE utf8_unicode_ci,
  `nestedUrlFormat` text COLLATE utf8_unicode_ci,
  `dateCreated` datetime NOT NULL,
  `dateUpdated` datetime NOT NULL,
  `uid` char(36) COLLATE utf8_unicode_ci NOT NULL DEFAULT '0',
  PRIMARY KEY (`id`),
  UNIQUE KEY `craft_categorygroups_i18n_groupId_locale_unq_idx` (`groupId`,`locale`),
  KEY `craft_categorygroups_i18n_locale_fk` (`locale`)
) ENGINE=InnoDB AUTO_INCREMENT=3 DEFAULT CHARSET=utf8 COLLATE=utf8_unicode_ci;

--
-- Data for table `craft_categorygroups_i18n`
--

INSERT INTO `craft_categorygroups_i18n` (`id`, `groupId`, `locale`, `urlFormat`, `nestedUrlFormat`, `dateCreated`, `dateUpdated`, `uid`) VALUES
 ('2', '2', 'en_us', NULL, NULL, '2016-08-23 19:50:26', '2016-08-23 19:50:26', 'fe705de0-9cf3-4b97-aba4-f107fe6c71ae');



DROP TABLE IF EXISTS `craft_content`;


--
-- Schema for table `craft_content`
--
CREATE TABLE `craft_content` (
  `id` int(11) NOT NULL AUTO_INCREMENT,
  `elementId` int(11) NOT NULL,
  `locale` char(12) COLLATE utf8_unicode_ci NOT NULL,
  `title` varchar(255) COLLATE utf8_unicode_ci DEFAULT NULL,
  `field_workDescription` text COLLATE utf8_unicode_ci,
  `field_workBkgColor` char(7) COLLATE utf8_unicode_ci DEFAULT NULL,
  `field_workFontColor` char(7) COLLATE utf8_unicode_ci DEFAULT NULL,
  `field_workVideo` varchar(255) COLLATE utf8_unicode_ci DEFAULT NULL,
  `field_workRole` text COLLATE utf8_unicode_ci,
  `field_workSkills` text COLLATE utf8_unicode_ci,
  `field_workClient` text COLLATE utf8_unicode_ci,
  `field_workMiscellaneous` text COLLATE utf8_unicode_ci,
  `dateCreated` datetime NOT NULL,
  `dateUpdated` datetime NOT NULL,
  `uid` char(36) COLLATE utf8_unicode_ci NOT NULL DEFAULT '0',
  PRIMARY KEY (`id`),
  UNIQUE KEY `craft_content_elementId_locale_unq_idx` (`elementId`,`locale`),
  KEY `craft_content_title_idx` (`title`),
  KEY `craft_content_locale_fk` (`locale`)
) ENGINE=InnoDB AUTO_INCREMENT=197 DEFAULT CHARSET=utf8 COLLATE=utf8_unicode_ci;

--
-- Data for table `craft_content`
--

INSERT INTO `craft_content` (`id`, `elementId`, `locale`, `title`, `field_workDescription`, `field_workBkgColor`, `field_workFontColor`, `field_workVideo`, `field_workRole`, `field_workSkills`, `field_workClient`, `field_workMiscellaneous`, `dateCreated`, `dateUpdated`, `uid`) VALUES
 ('1', '1', 'en_us', NULL, NULL, NULL, NULL, NULL, NULL, NULL, NULL, NULL, '2016-08-20 17:42:13', '2016-08-20 18:06:20', 'ba9198b6-7ff9-488e-b99f-80cea12e160f'),
 ('101', '101', 'en_us', 'Indie Work 1 Cover Image', NULL, NULL, NULL, NULL, NULL, NULL, NULL, NULL, '2016-08-22 01:47:44', '2017-11-27 17:09:29', '51e5b106-4bdc-4365-ba45-e213e57a94aa'),
 ('102', '102', 'en_us', 'Indie Work 2 Cover Image', NULL, NULL, NULL, NULL, NULL, NULL, NULL, NULL, '2016-08-22 01:47:45', '2017-11-27 17:09:29', '69a352bc-d93b-4333-97b6-dc43e34d075b'),
 ('103', '103', 'en_us', 'Indie Work 3 Cover Image', NULL, NULL, NULL, NULL, NULL, NULL, NULL, NULL, '2016-08-22 01:47:46', '2017-11-27 17:09:30', '2174dde2-fb07-4a96-b1f2-26efa0439dc1'),
 ('104', '104', 'en_us', 'Indie Work 4 Cover Image', NULL, NULL, NULL, NULL, NULL, NULL, NULL, NULL, '2016-08-22 01:47:46', '2017-11-27 17:09:30', '304abfca-31fb-4137-a5aa-0cc53931e0d6'),
 ('105', '105', 'en_us', 'Indie Work 5 Cover Image', NULL, NULL, NULL, NULL, NULL, NULL, NULL, NULL, '2016-08-22 01:47:48', '2017-11-27 17:09:30', '8bf63ce4-0e59-44a0-b23a-acd15587e673'),
 ('106', '106', 'en_us', 'Indie Work 6 Cover Image', NULL, NULL, NULL, NULL, NULL, NULL, NULL, NULL, '2016-08-22 01:47:49', '2017-11-27 17:09:30', '7ab9db5b-7158-468d-85a8-354d4b8ecb59'),
 ('107', '107', 'en_us', 'Indie Work 7 Cover Image', NULL, NULL, NULL, NULL, NULL, NULL, NULL, NULL, '2016-08-22 01:47:49', '2017-11-27 17:09:30', '3641130f-9496-45c6-a0db-b68266d4ada2'),
 ('108', '108', 'en_us', 'Indie Work 8 Cover Image', NULL, NULL, NULL, NULL, NULL, NULL, NULL, NULL, '2016-08-22 01:47:50', '2017-11-27 17:09:31', '26b7ad1b-e367-4a2a-b157-9f763926a06b'),
 ('109', '109', 'en_us', 'Indie Work 9 Cover Image', NULL, NULL, NULL, NULL, NULL, NULL, NULL, NULL, '2016-08-22 01:47:51', '2017-11-27 17:09:31', 'e0080476-a749-4a5d-8c61-3b50ba006dca'),
 ('110', '110', 'en_us', 'Indie Collection Three Oranges', NULL, NULL, NULL, NULL, NULL, NULL, NULL, NULL, '2016-08-22 01:47:51', '2017-11-27 17:09:29', '0daf668e-c2c8-4ef6-8b87-ada7c6b6194a'),
 ('111', '111', 'en_us', '12Days Cover Image', NULL, NULL, NULL, NULL, NULL, NULL, NULL, NULL, '2016-08-22 01:50:06', '2017-11-27 17:09:25', 'f62cf7ce-3ab6-4e21-9e88-ce4b5a0c4487'),
 ('112', '112', 'en_us', '12 Days3 Cover Image', NULL, NULL, NULL, NULL, NULL, NULL, NULL, NULL, '2016-08-22 01:50:07', '2017-11-27 17:09:24', '2b4dc3dc-7717-4f8f-a545-87f81049e81b'),
 ('113', '113', 'en_us', 'Bosch Cover Image', NULL, NULL, NULL, NULL, NULL, NULL, NULL, NULL, '2016-08-22 01:50:08', '2017-11-27 17:09:25', '5c199453-97be-4d6b-81ea-c1befd707472'),
 ('114', '114', 'en_us', 'Bossa Cover Image', NULL, NULL, NULL, NULL, NULL, NULL, NULL, NULL, '2016-08-22 01:50:08', '2017-11-27 17:09:25', '994c4302-871d-4fd7-83e5-26d7ab01e09d'),
 ('115', '115', 'en_us', 'Cartoon Network Cover Image', NULL, NULL, NULL, NULL, NULL, NULL, NULL, NULL, '2016-08-22 01:50:09', '2017-11-27 17:09:26', '73862cae-795a-4dc4-80b2-1aadcb2ec7fe'),
 ('116', '116', 'en_us', 'Cgcc Cover Image', NULL, NULL, NULL, NULL, NULL, NULL, NULL, NULL, '2016-08-22 01:50:09', '2017-11-27 17:09:25', 'a5a71e39-f5d0-4240-a131-d3a6203b0f1b'),
 ('117', '117', 'en_us', 'Count Down Cover Image', NULL, NULL, NULL, NULL, NULL, NULL, NULL, NULL, '2016-08-22 01:50:09', '2017-11-27 17:09:26', '196d5c6c-d74e-4ee4-89a2-df1f3b760677'),
 ('118', '118', 'en_us', 'Cranks And Gulps Cover Image', NULL, NULL, NULL, NULL, NULL, NULL, NULL, NULL, '2016-08-22 01:50:10', '2017-11-27 17:09:26', 'a47e90ad-3a60-46fb-a5bb-cdce6a374c8d'),
 ('119', '119', 'en_us', 'Dell Cover Image', NULL, NULL, NULL, NULL, NULL, NULL, NULL, NULL, '2016-08-22 01:50:11', '2017-11-27 17:09:26', 'b0cae986-13df-4a77-9d24-d475d2ce05fe'),
 ('120', '120', 'en_us', 'Espn Cover Image', NULL, NULL, NULL, NULL, NULL, NULL, NULL, NULL, '2016-08-22 01:50:12', '2017-11-27 17:09:26', 'e0145e80-2c8c-4450-b267-9616facfab91'),
 ('121', '121', 'en_us', 'Foot Locker Cover Image', NULL, NULL, NULL, NULL, NULL, NULL, NULL, NULL, '2016-08-22 01:50:13', '2017-11-27 17:09:27', 'c9b4042e-13b3-432d-92ac-599d8c03e680'),
 ('122', '122', 'en_us', 'Goog Teamwork Cover Image', NULL, NULL, NULL, NULL, NULL, NULL, NULL, NULL, '2016-08-22 01:50:13', '2017-11-27 17:09:27', '1b29bf98-9815-4ec9-991a-4a01ca2c7868'),
 ('123', '123', 'en_us', 'Hanes Socks Cover Image', NULL, NULL, NULL, NULL, NULL, NULL, NULL, NULL, '2016-08-22 01:50:14', '2017-11-27 17:09:29', '650301b1-dcba-4639-b854-c0d01f2dd85d'),
 ('124', '124', 'en_us', 'Hardboil Cover Image', NULL, NULL, NULL, NULL, NULL, NULL, NULL, NULL, '2016-08-22 01:50:15', '2017-11-27 17:09:27', '2837fafa-a14c-496e-bfd4-b52cb12bb66f'),
 ('125', '125', 'en_us', 'Hermes Noel Cover Image', NULL, NULL, NULL, NULL, NULL, NULL, NULL, NULL, '2016-08-22 01:50:16', '2017-11-27 17:09:27', 'c96bcdfd-27cf-4675-8397-b15d98d4891f'),
 ('126', '126', 'en_us', 'Mcd Cracker Cover Image', NULL, NULL, NULL, NULL, NULL, NULL, NULL, NULL, '2016-08-22 01:50:16', '2017-11-27 17:09:27', 'af752b2e-5931-41b6-bb6b-85dd9d176270'),
 ('127', '127', 'en_us', 'Melvin Moon Cover Image', NULL, NULL, NULL, NULL, NULL, NULL, NULL, NULL, '2016-08-22 01:50:17', '2017-11-27 17:09:28', '66e750d6-3a5e-420a-8005-341e1387d937'),
 ('128', '128', 'en_us', 'Navy Fed Cover Image', NULL, NULL, NULL, NULL, NULL, NULL, NULL, NULL, '2016-08-22 01:50:18', '2017-11-27 17:09:28', 'ccc9e259-4cd1-4541-915b-ee5fa8cccd68'),
 ('129', '129', 'en_us', 'Phillip Lim Cover Image', NULL, NULL, NULL, NULL, NULL, NULL, NULL, NULL, '2016-08-22 01:50:18', '2017-11-27 17:09:28', 'e0dbc7ec-62a2-4ce0-866e-6c0090fa565f'),
 ('130', '130', 'en_us', 'Randy Fox Cover Image', NULL, NULL, NULL, NULL, NULL, NULL, NULL, NULL, '2016-08-22 01:50:19', '2017-11-27 17:09:28', '51ac8a78-3f1e-4765-af1f-0306db3fe1d6'),
 ('131', '131', 'en_us', 'Rushkitchen Cover Image', NULL, NULL, NULL, NULL, NULL, NULL, NULL, NULL, '2016-08-22 01:50:19', '2017-11-27 17:09:28', '40fbfdd5-3190-4170-a165-2f735426cb37'),
 ('132', '132', 'en_us', 'Tim Horton Cover Image', NULL, NULL, NULL, NULL, NULL, NULL, NULL, NULL, '2016-08-22 01:50:20', '2017-11-27 17:09:29', '01c06c9f-9e16-40b1-9382-1fc974009a6c'),
 ('133', '133', 'en_us', 'Toadpipe Cover Image', NULL, NULL, NULL, NULL, NULL, NULL, NULL, NULL, '2016-08-22 01:50:20', '2017-11-27 17:09:29', 'd2c6d720-3cb0-4a6a-9c7f-693f6714f921'),
 ('134', '134', 'en_us', 'Bornsmall O', NULL, NULL, NULL, NULL, NULL, NULL, NULL, NULL, '2016-08-22 01:55:14', '2017-11-27 17:09:36', '37e83d87-a86f-4782-92c1-1550ecec1305'),
 ('135', '135', 'en_us', 'Head1 S 905 2X', NULL, NULL, NULL, NULL, NULL, NULL, NULL, NULL, '2016-08-22 01:55:15', '2017-11-27 17:09:36', '8411c831-bc2c-4be9-869d-fb32c12f80b1'),
 ('136', '136', 'en_us', 'Head2 S 905 2X', NULL, NULL, NULL, NULL, NULL, NULL, NULL, NULL, '2016-08-22 01:55:16', '2017-11-27 17:09:34', '915621b9-e5a5-444c-aa53-8f5d16fc6965'),
 ('137', '137', 'en_us', 'Head3 S 905 2X', NULL, NULL, NULL, NULL, NULL, NULL, NULL, NULL, '2016-08-22 01:55:17', '2017-11-27 17:09:34', '933d5f4a-fd4c-46b1-b62f-245050e1b7b4'),
 ('138', '138', 'en_us', 'Heavy Light Small 905', NULL, NULL, NULL, NULL, NULL, NULL, NULL, NULL, '2016-08-22 01:55:17', '2017-11-27 17:09:35', '24c39e44-a217-40cb-8f06-8d3927935809'),
 ('139', '139', 'en_us', 'J2 905', NULL, NULL, NULL, NULL, NULL, NULL, NULL, NULL, '2016-08-22 01:55:18', '2017-11-27 17:09:35', '2f97a03e-eacf-4b62-a0e6-6ba9a72d340a'),
 ('140', '140', 'en_us', 'J3 905', NULL, NULL, NULL, NULL, NULL, NULL, NULL, NULL, '2016-08-22 01:55:19', '2017-11-27 17:09:35', 'b751dace-9d76-4dda-b725-db5c09266173'),
 ('141', '141', 'en_us', 'J4 905', NULL, NULL, NULL, NULL, NULL, NULL, NULL, NULL, '2016-08-22 01:55:19', '2017-11-27 17:09:35', '20023df5-efeb-461e-827f-d03a221339bb'),
 ('142', '142', 'en_us', 'J5 905', NULL, NULL, NULL, NULL, NULL, NULL, NULL, NULL, '2016-08-22 01:55:20', '2017-11-27 17:09:35', 'c6993f74-19a1-49a2-8159-1fe36fa2b1f6'),
 ('143', '143', 'en_us', 'J6 905', NULL, NULL, NULL, NULL, NULL, NULL, NULL, NULL, '2016-08-22 01:55:20', '2017-11-27 17:09:35', 'e183865d-a6e9-4fe8-a3cd-40f4880ee28a'),
 ('144', '144', 'en_us', 'J7 905', NULL, NULL, NULL, NULL, NULL, NULL, NULL, NULL, '2016-08-22 01:55:21', '2017-11-27 17:09:36', '70b1ca6a-3981-43e9-bfa2-837ea43a41dc'),
 ('145', '145', 'en_us', 'Mapto Sva Small 905', NULL, NULL, NULL, NULL, NULL, NULL, NULL, NULL, '2016-08-22 01:55:21', '2017-11-27 17:09:36', '0e76fd44-ec0b-4d54-8613-a15bb3c98d85'),
 ('146', '146', 'en_us', 'Purity 905', NULL, NULL, NULL, NULL, NULL, NULL, NULL, NULL, '2016-08-22 01:55:21', '2017-11-27 17:09:37', '695460d7-d4b3-47be-a5f5-b7d0cbce76a9'),
 ('147', '147', 'en_us', 'Reds Small 905 2X', NULL, NULL, NULL, NULL, NULL, NULL, NULL, NULL, '2016-08-22 01:55:22', '2017-11-27 17:09:37', '4adbdba7-1d1a-4274-9efc-61335086ef3f'),
 ('148', '148', 'en_us', 'Self Treee Small 905 2X', NULL, NULL, NULL, NULL, NULL, NULL, NULL, NULL, '2016-08-22 01:55:23', '2017-11-27 17:09:37', 'd00bd645-c934-42fc-a68c-9c628326cfa7'),
 ('149', '149', 'en_us', 'Time 905 2X', NULL, NULL, NULL, NULL, NULL, NULL, NULL, NULL, '2016-08-22 01:55:24', '2017-11-27 17:09:37', '2c1d0fbd-f076-4819-b510-62b7ab25c763'),
 ('153', '153', 'en_us', '12 Days of Elves Season 2', '', '#000000', '#000000', 'https://vimeo.com/125355565', '', '', '', '', '2016-08-23 18:41:15', '2017-03-22 03:35:50', '0f9bc51c-9a2d-464e-9bcf-57ca46a7cf54'),
 ('154', '154', 'en_us', '12 Days of Elves Season 3', '', '#000000', '#000000', 'https://vimeo.com/153983786', '', '', '', '', '2016-08-23 19:00:00', '2017-03-22 03:35:51', 'f4a49bc0-a2da-4b58-b2ec-febf679a0b0b'),
 ('155', '155', 'en_us', 'DELL Stop Motion Paper Cut', '', '#000000', '#000000', 'https://vimeo.com/137547607', '', '', '', '', '2016-08-23 19:10:00', '2017-03-22 03:35:51', '36259980-f83c-4e79-8e0c-86a8e69bc895'),
 ('156', '156', 'en_us', 'Espn What Are You Doing New Year’s Eve', '', '#000000', '#000000', 'https://vimeo.com/150941184', '', '', '', '', '2016-08-23 19:11:37', '2017-03-22 03:35:51', 'a65589be-d016-4003-8084-614031b5f3eb'),
 ('157', '157', 'en_us', 'BOSCH Stop The Roadkill', '', '#000000', '#000000', 'https://vimeo.com/150945400', '', '', '', '', '2016-08-23 19:13:34', '2017-03-22 03:35:51', '4fab1a74-802a-4461-90d0-06ad4dc54177'),
 ('158', '158', 'en_us', 'Foot Locker Endtag', '', '#000000', '#000000', 'https://vimeo.com/150948152', '', '', '', '', '2016-08-23 19:18:19', '2017-03-22 03:35:51', 'a3f84de9-e4da-4dd5-b8cf-eb7417257aec'),
 ('159', '159', 'en_us', 'Navy Federal Credit Union Our Members Make Us', '', '#000000', '#000000', 'https://vimeo.com/151098650', '', '', '', '', '2016-08-23 19:18:50', '2017-03-22 03:35:52', 'd17aeb61-8434-4519-a919-89b423baf938'),
 ('160', '160', 'en_us', 'Cranks and Gulps', '', '#000000', '#000000', 'https://vimeo.com/125407982', '', '', '', '', '2016-08-23 19:20:31', '2017-03-22 03:35:52', '8a3ab8f3-32fe-431d-8934-0500d58bc422'),
 ('161', '161', 'en_us', 'Hermès Noel', '', '#000000', '#000000', 'https://vimeo.com/125408376', '', '', '', '', '2016-08-23 19:22:28', '2017-03-22 03:35:52', 'a40dd2f1-6934-409c-9962-a6f95d22ccdb'),
 ('162', '162', 'en_us', 'Rush In The Kitchen', '', '#000000', '#000000', 'https://vimeo.com/123798333', '', '', '', '', '2016-08-23 19:23:05', '2017-03-22 03:35:52', '67ea28dd-feba-48cd-b02b-39e28f195871'),
 ('163', '163', 'en_us', 'Melvin In The Moon', '', '#000000', '#000000', 'https://vimeo.com/123800834', '', '', '', '', '2016-08-23 19:23:54', '2017-03-22 03:35:53', 'e2cb8652-5aae-4f53-a206-4bd543ec23b3'),
 ('164', '164', 'en_us', 'McDonald\'s Cracker', '', '#000000', '#000000', 'https://vimeo.com/123803279', '', '', '', '', '2016-08-23 19:24:27', '2017-03-22 03:35:53', '08fae882-7bc2-481d-8f3f-4c4d69aaf5f5'),
 ('165', '165', 'en_us', 'Tim Horton Ice Capp Think Happy', '', '#000000', '#000000', 'https://vimeo.com/138810470', '', '', '', '', '2016-08-23 19:24:50', '2017-03-22 03:35:53', '3c57022d-06bf-451d-a56c-51a8d4d67134'),
 ('166', '166', 'en_us', 'Google Teamwork', '', '#000000', '#000000', 'https://vimeo.com/130595491', '', '', '', '', '2016-08-23 19:25:13', '2017-03-22 03:35:53', 'ef91cc22-b9a2-4dd5-868c-e370453a6c14'),
 ('167', '167', 'en_us', 'Randy and Fox', '', '#000000', '#000000', 'https://vimeo.com/130579426', '', '', '', '', '2016-08-23 19:25:42', '2017-03-22 03:35:53', '092736bd-b287-4abc-86de-06759f66700b'),
 ('168', '168', 'en_us', 'BOSSA Logo Animation', '', '#000000', '#000000', 'https://vimeo.com/131025850', '', '', '', '', '2016-08-23 19:26:09', '2017-03-22 03:35:54', 'a8b56d23-c662-47b9-8c4e-9af80f1c7659'),
 ('169', '169', 'en_us', 'Follow The Sock', '', '#000000', '#000000', 'https://vimeo.com/131262394', '', '', '', '', '2016-08-23 19:26:39', '2017-03-22 03:35:54', '384ce2f2-3b1f-47a1-9440-1a35d3235b35'),
 ('170', '170', 'en_us', 'Toadpipe Short Film', '', '#000000', '#000000', 'https://vimeo.com/131049931', '', '', '', '', '2016-08-23 19:27:27', '2017-03-22 03:35:54', 'aceaa889-20e2-4c98-b554-9469306c6191'),
 ('171', '171', 'en_us', 'Foot Models', '', '#000000', '#000000', 'https://vimeo.com/130580839', '', '', '', '', '2016-08-23 19:28:02', '2017-03-22 03:35:54', '64682601-70bf-4baa-b59c-33f147ae6c3c'),
 ('172', '172', 'en_us', 'Hardboil', '', '#000000', '#000000', 'https://vimeo.com/131731162', '', '', '', '', '2016-08-23 19:29:31', '2017-03-22 03:35:55', '020f7b28-a7c3-4e75-afea-aeeb3b944be0'),
 ('173', '173', 'en_us', 'Count Down for Hornet', '', '#000000', '#000000', 'https://vimeo.com/131724740', '', '', '', '', '2016-08-23 19:29:57', '2017-03-22 03:35:55', '8345eda3-63c8-49bf-87a3-8db17a21e076'),
 ('174', '174', 'en_us', 'Cartoon Network', '', '#000000', '#000000', 'https://vimeo.com/151167361', '', '', '', '', '2016-08-23 19:30:37', '2017-03-22 03:35:55', 'b86674ae-0cb4-46e2-8881-00d8f5b0eea8'),
 ('175', '175', 'en_us', 'Ogilvy & Mather CGCC 10th Anniversary', '', '#000000', '#000000', 'https://vimeo.com/161222078', '', '', '', '', '2016-08-23 19:31:14', '2017-03-22 03:35:55', '3808f510-ba33-43ab-b323-0b025271a565'),
 ('176', '176', 'en_us', 'Heavy, Light, and I', '<p>Lorem Ipsum is simply dummy text of the printing and typesetting industry. Lorem Ipsum has been the industry\'s standard dummy text ever since the 1500s, when an unknown printer took a galley of type and scrambled it to make a type specimen book.</p>', '#eae6e3', '#393939', '', NULL, NULL, NULL, NULL, '2016-08-23 19:33:54', '2017-03-27 04:37:56', 'daa0b0ed-ca21-4a02-b7e5-ec9e08a3af23'),
 ('177', '177', 'en_us', 'Map to SVA', '<p>Lorem Ipsum is simply dummy text of the printing and typesetting industry. Lorem Ipsum has been the industry\'s standard dummy text ever since the 1500s, when an unknown printer took a galley of type and scrambled it to make a type specimen book.</p>', '#8da101', '#8d1804', '', NULL, NULL, NULL, NULL, '2016-08-23 19:41:10', '2017-03-27 04:38:06', '53d03d4e-e1b5-455a-94a0-951a85b7da02'),
 ('178', '178', 'en_us', 'Purity', '<p>Lorem Ipsum is simply dummy text of the printing and typesetting industry. Lorem Ipsum has been the industry\'s standard dummy text ever since the 1500s, when an unknown printer took a galley of type and scrambled it to make a type specimen book.</p>', '#ac1e12', '#d1b792', '', NULL, NULL, NULL, NULL, '2016-08-23 19:42:09', '2017-03-27 04:38:24', '52f4cf76-fb4f-42dc-bb22-4e121142d9d5'),
 ('179', '179', 'en_us', 'Jack and Jill', '<p>Lorem Ipsum is simply dummy text of the printing and typesetting industry. Lorem Ipsum has been the industry\'s standard dummy text ever since the 1500s, when an unknown printer took a galley of type and scrambled it to make a type specimen book.</p>', '#2a2e1f', '#e1c596', '', NULL, NULL, NULL, NULL, '2016-08-23 19:43:05', '2017-03-27 04:38:31', '5068b776-e429-4bd8-8e30-182fc505666e'),
 ('180', '180', 'en_us', 'Musical Oranges', '<p>Lorem Ipsum is simply dummy text of the printing and typesetting industry. Lorem Ipsum has been the industry\'s standard dummy text ever since the 1500s, when an unknown printer took a galley of type and scrambled it to make a type specimen book.</p>', '#fcb13a', '#15141d', 'https://vimeo.com/39172872', NULL, NULL, NULL, NULL, '2016-08-23 19:44:08', '2017-03-27 04:38:41', 'aa46ce70-0d24-4a52-9b97-1195d244ba92'),
 ('181', '181', 'en_us', 'collage', NULL, NULL, NULL, NULL, NULL, NULL, NULL, NULL, '2016-08-23 19:47:20', '2016-08-23 19:47:20', '36bbc9a3-2410-425f-a19e-4ff80f1f133f'),
 ('182', '182', 'en_us', 'Collage', NULL, NULL, NULL, NULL, NULL, NULL, NULL, NULL, '2016-08-23 19:52:32', '2016-08-23 19:52:32', 'c5eccb9d-79ea-4fc8-b121-57d262d8604a'),
 ('183', '183', 'en_us', 'Drawing', NULL, NULL, NULL, NULL, NULL, NULL, NULL, NULL, '2016-08-23 19:55:33', '2016-08-23 19:55:33', '811816de-a1d9-4a93-a4ea-61b879a27db8'),
 ('184', '184', 'en_us', 'Animation', NULL, NULL, NULL, NULL, NULL, NULL, NULL, NULL, '2016-08-23 19:55:46', '2016-08-23 19:55:46', '79069440-76a0-45ac-97eb-bc61ad95273d'),
 ('185', '185', 'en_us', 'Other', NULL, NULL, NULL, NULL, NULL, NULL, NULL, NULL, '2016-08-23 19:55:58', '2016-08-23 19:55:58', 'a658383b-3a40-4564-b4ee-dc9908704cfb'),
 ('186', '186', 'en_us', 'Red', '<p>Lorem Ipsum is simply dummy text of the printing and typesetting industry. Lorem Ipsum has been the industry\'s standard dummy text ever since the 1500s, when an unknown printer took a galley of type and scrambled it to make a type specimen book.</p>', '#929292', '#5b0e0e', '', NULL, NULL, NULL, NULL, '2016-08-23 19:57:49', '2017-03-27 04:39:03', '3ad8ab92-89c0-4615-9b3a-2eb8bc7bb1a7'),
 ('187', '187', 'en_us', 'Time', '<p>Lorem Ipsum is simply dummy text of the printing and typesetting industry. Lorem Ipsum has been the industry\'s standard dummy text ever since the 1500s, when an unknown printer took a galley of type and scrambled it to make a type specimen book.</p>', '#070707', '#eca400', '', NULL, NULL, NULL, NULL, '2016-08-23 19:58:30', '2017-03-27 04:39:12', '52783d60-ac41-4e44-9675-5a863e244911'),
 ('188', '188', 'en_us', 'Self Tree', '<p>Lorem Ipsum is simply dummy text of the printing and typesetting industry. Lorem Ipsum has been the industry\'s standard dummy text ever since the 1500s, when an unknown printer took a galley of type and scrambled it to make a type specimen book.</p>', '#19473d', '#93580b', '', NULL, NULL, NULL, NULL, '2016-08-23 19:59:14', '2017-03-27 04:39:19', 'd9dc8c2f-afc4-46dc-9e67-ea9dd94e3f55'),
 ('189', '189', 'en_us', 'Head', '<p>Lorem Ipsum is simply dummy text of the printing and typesetting industry. Lorem Ipsum has been the industry\'s standard dummy text ever since the 1500s, when an unknown printer took a galley of type and scrambled it to make a type specimen book.</p>', '#1a100e', '#805c33', '', NULL, NULL, NULL, NULL, '2016-08-23 19:59:56', '2017-03-27 04:39:26', '859cbcab-35b0-48ac-96bc-8399a5b474a4'),
 ('190', '190', 'en_us', 'Birth To Die', '<p>Lorem Ipsum is simply dummy text of the printing and typesetting industry. Lorem Ipsum has been the industry\'s standard dummy text ever since the 1500s, when an unknown printer took a galley of type and scrambled it to make a type specimen book.</p>', '#b36561', '#d3d9d3', '', NULL, NULL, NULL, NULL, '2016-08-23 20:01:25', '2017-03-27 04:39:40', '97bf7fc8-7ece-4138-a8e7-d8f9a982b230'),
 ('194', '194', 'en_us', 'Met Roof Oct16', NULL, NULL, NULL, NULL, NULL, NULL, NULL, NULL, '2017-03-21 03:52:27', '2017-11-27 17:09:34', 'cfee3436-681b-438a-810a-7f2670c41652'),
 ('195', '195', 'en_us', 'Commercial Works Page', NULL, NULL, NULL, NULL, NULL, NULL, NULL, NULL, '2017-03-22 03:00:06', '2017-03-22 03:01:50', '53515a3e-d029-4ff7-9cf8-7c52da6dc18e'),
 ('196', '196', 'en_us', 'Indie Works Page', NULL, NULL, NULL, NULL, NULL, NULL, NULL, NULL, '2017-03-22 03:02:25', '2017-03-22 03:06:08', '2e2a8343-16a0-4740-a892-7e9c5d536ec8');



DROP TABLE IF EXISTS `craft_cpnav_layouts`;


--
-- Schema for table `craft_cpnav_layouts`
--
CREATE TABLE `craft_cpnav_layouts` (
  `id` int(11) NOT NULL AUTO_INCREMENT,
  `name` varchar(255) COLLATE utf8_unicode_ci DEFAULT NULL,
  `isDefault` tinyint(1) unsigned NOT NULL DEFAULT '0',
  `permissions` text COLLATE utf8_unicode_ci,
  `dateCreated` datetime NOT NULL,
  `dateUpdated` datetime NOT NULL,
  `uid` char(36) COLLATE utf8_unicode_ci NOT NULL DEFAULT '0',
  PRIMARY KEY (`id`)
) ENGINE=InnoDB AUTO_INCREMENT=2 DEFAULT CHARSET=utf8 COLLATE=utf8_unicode_ci;

--
-- Data for table `craft_cpnav_layouts`
--

INSERT INTO `craft_cpnav_layouts` (`id`, `name`, `isDefault`, `permissions`, `dateCreated`, `dateUpdated`, `uid`) VALUES
 ('1', 'Default', '1', NULL, '2016-08-23 20:18:12', '2016-08-23 20:18:12', '35c4ed13-5abb-4874-aaf2-c421433af7de');



DROP TABLE IF EXISTS `craft_cpnav_navs`;


--
-- Schema for table `craft_cpnav_navs`
--
CREATE TABLE `craft_cpnav_navs` (
  `id` int(11) NOT NULL AUTO_INCREMENT,
  `layoutId` int(11) DEFAULT NULL,
  `handle` varchar(255) COLLATE utf8_unicode_ci DEFAULT NULL,
  `prevLabel` varchar(255) COLLATE utf8_unicode_ci DEFAULT NULL,
  `currLabel` varchar(255) COLLATE utf8_unicode_ci DEFAULT NULL,
  `enabled` tinyint(1) unsigned NOT NULL DEFAULT '1',
  `order` int(10) DEFAULT '0',
  `prevUrl` varchar(255) COLLATE utf8_unicode_ci DEFAULT NULL,
  `url` varchar(255) COLLATE utf8_unicode_ci DEFAULT NULL,
  `icon` varchar(255) COLLATE utf8_unicode_ci DEFAULT NULL,
  `customIcon` varchar(255) COLLATE utf8_unicode_ci DEFAULT NULL,
  `manualNav` tinyint(1) unsigned NOT NULL DEFAULT '0',
  `newWindow` tinyint(1) unsigned NOT NULL DEFAULT '0',
  `dateCreated` datetime NOT NULL,
  `dateUpdated` datetime NOT NULL,
  `uid` char(36) COLLATE utf8_unicode_ci NOT NULL DEFAULT '0',
  PRIMARY KEY (`id`),
  KEY `craft_cpnav_navs_layoutId_fk` (`layoutId`)
) ENGINE=InnoDB AUTO_INCREMENT=11 DEFAULT CHARSET=utf8 COLLATE=utf8_unicode_ci;

--
-- Data for table `craft_cpnav_navs`
--

INSERT INTO `craft_cpnav_navs` (`id`, `layoutId`, `handle`, `prevLabel`, `currLabel`, `enabled`, `order`, `prevUrl`, `url`, `icon`, `customIcon`, `manualNav`, `newWindow`, `dateCreated`, `dateUpdated`, `uid`) VALUES
 ('1', '1', 'dashboard', 'Dashboard', 'Dashboard', '1', '1', 'dashboard', 'dashboard', 'gauge', NULL, '0', '0', '2016-08-23 20:18:12', '2017-01-20 16:24:54', '6bbfbe1e-af1f-41fa-b7db-293fbc83db1f'),
 ('2', '1', 'entries', 'Entries', 'Entries', '1', '3', 'entries', 'entries', 'section', NULL, '0', '0', '2016-08-23 20:18:12', '2017-01-20 16:24:54', '517c5938-28b1-4f33-a542-9e9435fd04f1'),
 ('3', '1', 'categories', 'Categories', 'Categories', '1', '4', 'categories', 'categories', 'categories', NULL, '0', '0', '2016-08-23 20:18:12', '2017-01-20 16:24:54', '63b8048c-036e-4a7d-bcdc-904bb8cc39e0'),
 ('4', '1', 'assets', 'Assets', 'Assets', '1', '5', 'assets', 'assets', 'assets', NULL, '0', '0', '2016-08-23 20:18:12', '2017-01-20 16:24:54', '69126bee-03ff-4a02-89a9-6603cd4605be'),
 ('5', '1', 'oauth', 'OAuth', 'OAuth', '0', '6', 'oauth', 'oauth', 'iconSvg-oauth', NULL, '0', '0', '2016-08-23 20:18:12', '2017-03-06 22:31:38', 'e732b1c7-f2ce-4b65-9df7-0073a568e118'),
 ('6', '1', 'settings', 'Settings', 'Settings', '1', '8', 'settings', 'settings', 'settings', NULL, '0', '0', '2016-08-23 20:18:12', '2017-01-20 16:24:54', '9a2b8970-284f-45cc-a0c8-b3868b910efd'),
 ('7', '1', 'assetuse', 'Asset Use', 'Asset Use', '1', '7', 'assetuse', 'assetuse', 'iconSvg-assetuse', NULL, '0', '0', '2016-12-21 22:17:45', '2017-01-20 16:24:54', 'b9129e0f-ae80-4e5d-b36a-c93766099199'),
 ('8', '1', 'navee', 'Navee', 'Navee', '1', '2', 'navee', 'navee', 'iconSvg-navee', NULL, '0', '0', '2017-01-20 16:23:21', '2017-01-20 16:24:54', 'e119b59d-ccc2-4422-adaf-4b15bf93c843'),
 ('10', '1', 'tagmanager', 'Tag Manager', 'Tag Manager', '1', '7', 'tagmanager', 'tagmanager', 'iconSvg-tagmanager', NULL, '0', '0', '2017-11-27 16:55:15', '2017-11-27 16:55:15', 'd2ce2400-1a5f-4dd4-90e2-6fcd90a069d0');



DROP TABLE IF EXISTS `craft_deprecationerrors`;


--
-- Schema for table `craft_deprecationerrors`
--
CREATE TABLE `craft_deprecationerrors` (
  `id` int(11) NOT NULL AUTO_INCREMENT,
  `key` varchar(255) COLLATE utf8_unicode_ci NOT NULL,
  `fingerprint` varchar(255) COLLATE utf8_unicode_ci NOT NULL,
  `lastOccurrence` datetime NOT NULL,
  `file` varchar(255) COLLATE utf8_unicode_ci NOT NULL,
  `line` smallint(6) unsigned NOT NULL,
  `class` varchar(255) COLLATE utf8_unicode_ci DEFAULT NULL,
  `method` varchar(255) COLLATE utf8_unicode_ci DEFAULT NULL,
  `template` varchar(255) COLLATE utf8_unicode_ci DEFAULT NULL,
  `templateLine` smallint(6) unsigned DEFAULT NULL,
  `message` varchar(255) COLLATE utf8_unicode_ci DEFAULT NULL,
  `traces` text COLLATE utf8_unicode_ci,
  `dateCreated` datetime NOT NULL,
  `dateUpdated` datetime NOT NULL,
  `uid` char(36) COLLATE utf8_unicode_ci NOT NULL DEFAULT '0',
  PRIMARY KEY (`id`),
  UNIQUE KEY `craft_deprecationerrors_key_fingerprint_unq_idx` (`key`,`fingerprint`)
) ENGINE=InnoDB DEFAULT CHARSET=utf8 COLLATE=utf8_unicode_ci;

DROP TABLE IF EXISTS `craft_elementindexsettings`;


--
-- Schema for table `craft_elementindexsettings`
--
CREATE TABLE `craft_elementindexsettings` (
  `id` int(11) NOT NULL AUTO_INCREMENT,
  `type` varchar(150) COLLATE utf8_unicode_ci NOT NULL,
  `settings` text COLLATE utf8_unicode_ci,
  `dateCreated` datetime NOT NULL,
  `dateUpdated` datetime NOT NULL,
  `uid` char(36) COLLATE utf8_unicode_ci NOT NULL DEFAULT '0',
  PRIMARY KEY (`id`),
  UNIQUE KEY `craft_elementindexsettings_type_unq_idx` (`type`)
) ENGINE=InnoDB AUTO_INCREMENT=13 DEFAULT CHARSET=utf8 COLLATE=utf8_unicode_ci;

--
-- Data for table `craft_elementindexsettings`
--

INSERT INTO `craft_elementindexsettings` (`id`, `type`, `settings`, `dateCreated`, `dateUpdated`, `uid`) VALUES
 ('1', 'Asset', '{\"sources\":{\"folder:1\":{\"tableAttributes\":{\"1\":\"imageSize\",\"2\":\"size\",\"3\":\"dateModified\",\"4\":\"usage\"}}}}', '2016-08-22 01:58:23', '2017-01-20 16:25:23', '4b33eb0c-d6fc-48ca-8e36-403846d13332'),
 ('3', 'Entry', '{\"sources\":{\"section:3\":{\"tableAttributes\":{\"1\":\"field:4\"}},\"section:4\":{\"tableAttributes\":{\"1\":\"field:4\",\"2\":\"field:15\",\"3\":\"type\"}}}}', '2016-08-23 19:36:20', '2017-03-21 04:26:27', 'da92747f-06af-4114-8c3a-77f5513f7094'),
 ('10', 'Category', '{\"sources\":{\"group:2\":{\"tableAttributes\":{\"1\":\"link\"}}}}', '2016-08-23 20:06:24', '2016-08-23 20:06:24', 'f6d47186-f5fb-4ae7-ad2c-c5cb48c053be');



DROP TABLE IF EXISTS `craft_elements`;


--
-- Schema for table `craft_elements`
--
CREATE TABLE `craft_elements` (
  `id` int(11) NOT NULL AUTO_INCREMENT,
  `type` varchar(150) COLLATE utf8_unicode_ci NOT NULL,
  `enabled` tinyint(1) unsigned NOT NULL DEFAULT '1',
  `archived` tinyint(1) unsigned NOT NULL DEFAULT '0',
  `dateCreated` datetime NOT NULL,
  `dateUpdated` datetime NOT NULL,
  `uid` char(36) COLLATE utf8_unicode_ci NOT NULL DEFAULT '0',
  PRIMARY KEY (`id`),
  KEY `craft_elements_type_idx` (`type`),
  KEY `craft_elements_enabled_idx` (`enabled`),
  KEY `craft_elements_archived_dateCreated_idx` (`archived`,`dateCreated`)
) ENGINE=InnoDB AUTO_INCREMENT=197 DEFAULT CHARSET=utf8 COLLATE=utf8_unicode_ci;

--
-- Data for table `craft_elements`
--

INSERT INTO `craft_elements` (`id`, `type`, `enabled`, `archived`, `dateCreated`, `dateUpdated`, `uid`) VALUES
 ('1', 'User', '1', '0', '2016-08-20 17:42:13', '2016-08-20 18:06:20', '2b60462f-e207-4e06-9282-24ad4e6a0363'),
 ('101', 'Asset', '1', '0', '2016-08-22 01:47:44', '2017-11-27 17:09:29', '5ff16990-bdfa-4ca5-ace9-7ac6595c31ff'),
 ('102', 'Asset', '1', '0', '2016-08-22 01:47:45', '2017-11-27 17:09:29', 'cad9cf01-3836-49d4-87df-4c653169a539'),
 ('103', 'Asset', '1', '0', '2016-08-22 01:47:46', '2017-11-27 17:09:30', '18d9f665-b5c6-4c71-91b9-97a240f6f697'),
 ('104', 'Asset', '1', '0', '2016-08-22 01:47:46', '2017-11-27 17:09:30', 'fbc556cb-984f-418b-8e03-efce30f7cc9a'),
 ('105', 'Asset', '1', '0', '2016-08-22 01:47:48', '2017-11-27 17:09:30', 'a11139a9-b233-41e0-a934-9d52cbb7a110'),
 ('106', 'Asset', '1', '0', '2016-08-22 01:47:49', '2017-11-27 17:09:30', 'd2f982fd-04a4-4b9b-bbab-ff37f43980d5'),
 ('107', 'Asset', '1', '0', '2016-08-22 01:47:49', '2017-11-27 17:09:30', '945d8ccc-1488-4d98-990e-d126b189d2c2'),
 ('108', 'Asset', '1', '0', '2016-08-22 01:47:50', '2017-11-27 17:09:31', '4cc2cf34-cf1b-434b-bd19-4dba55fa88d8'),
 ('109', 'Asset', '1', '0', '2016-08-22 01:47:51', '2017-11-27 17:09:31', '11990b21-8abe-4ca3-a8d9-929fce2056ab'),
 ('110', 'Asset', '1', '0', '2016-08-22 01:47:51', '2017-11-27 17:09:29', '5b0c378f-e3c4-49a9-86f9-e21322da387f'),
 ('111', 'Asset', '1', '0', '2016-08-22 01:50:06', '2017-11-27 17:09:25', 'afce3618-37d8-411c-90ba-497a10ccd98d'),
 ('112', 'Asset', '1', '0', '2016-08-22 01:50:07', '2017-11-27 17:09:24', 'd6a9f5bb-8bf9-4648-8fb3-5b88bca61820'),
 ('113', 'Asset', '1', '0', '2016-08-22 01:50:08', '2017-11-27 17:09:25', '1ede5349-743d-4cd0-90a7-e7ee66f05a8b'),
 ('114', 'Asset', '1', '0', '2016-08-22 01:50:08', '2017-11-27 17:09:25', '827b5d6e-ef17-4070-ad7b-a939f44e74bf'),
 ('115', 'Asset', '1', '0', '2016-08-22 01:50:09', '2017-11-27 17:09:26', '4970a500-f728-45e2-aa1f-aefaa8ba781a'),
 ('116', 'Asset', '1', '0', '2016-08-22 01:50:09', '2017-11-27 17:09:25', '06d44d77-d855-48f1-b56f-d7ced9ca5d39'),
 ('117', 'Asset', '1', '0', '2016-08-22 01:50:09', '2017-11-27 17:09:26', 'e20e6fd6-c030-4faf-ab83-75e445e2cd38'),
 ('118', 'Asset', '1', '0', '2016-08-22 01:50:10', '2017-11-27 17:09:26', '76a9bafd-4f87-4784-ab3c-46d94e5a9b22'),
 ('119', 'Asset', '1', '0', '2016-08-22 01:50:11', '2017-11-27 17:09:26', 'c1b6c673-617f-4700-9ff1-a0b2bb3c70ff'),
 ('120', 'Asset', '1', '0', '2016-08-22 01:50:12', '2017-11-27 17:09:26', 'caec550f-6d67-4282-90ca-b778ac2e3da3'),
 ('121', 'Asset', '1', '0', '2016-08-22 01:50:13', '2017-11-27 17:09:27', '428dbc0a-0c31-43a5-9dc8-7a4e02a8f39f'),
 ('122', 'Asset', '1', '0', '2016-08-22 01:50:13', '2017-11-27 17:09:27', '9f7ab2b5-7691-4d58-8912-b10035bafa63'),
 ('123', 'Asset', '1', '0', '2016-08-22 01:50:14', '2017-11-27 17:09:29', '91d03cef-8495-4475-9b95-8cdf13e68697'),
 ('124', 'Asset', '1', '0', '2016-08-22 01:50:15', '2017-11-27 17:09:27', 'e2c507b0-9ffb-4359-b57e-b5cf3d48cbaa'),
 ('125', 'Asset', '1', '0', '2016-08-22 01:50:16', '2017-11-27 17:09:27', '4e6d1ffa-f61d-4db4-8c1f-69e42ce7730c'),
 ('126', 'Asset', '1', '0', '2016-08-22 01:50:16', '2017-11-27 17:09:27', 'eb3761db-0d44-484c-926c-9a7843bc9bc1'),
 ('127', 'Asset', '1', '0', '2016-08-22 01:50:17', '2017-11-27 17:09:28', '1180f024-7518-4709-ac61-cac6ab58e87e'),
 ('128', 'Asset', '1', '0', '2016-08-22 01:50:18', '2017-11-27 17:09:28', 'fd12958b-05a1-4da9-bcd2-0caecafa2d42'),
 ('129', 'Asset', '1', '0', '2016-08-22 01:50:18', '2017-11-27 17:09:28', '7153e470-538f-476a-b9b7-b5e192eb95c8'),
 ('130', 'Asset', '1', '0', '2016-08-22 01:50:19', '2017-11-27 17:09:28', 'da81d5ec-80aa-4e3d-8fed-378d19a8e792'),
 ('131', 'Asset', '1', '0', '2016-08-22 01:50:19', '2017-11-27 17:09:28', '0a5aed69-7585-4527-b8b8-b97a84d93e72'),
 ('132', 'Asset', '1', '0', '2016-08-22 01:50:20', '2017-11-27 17:09:29', '20e4deb9-52af-4ccc-8d56-709d22c3f6de'),
 ('133', 'Asset', '1', '0', '2016-08-22 01:50:20', '2017-11-27 17:09:29', '04ce6c1b-25f4-40e5-8094-0b6f1e2eda79'),
 ('134', 'Asset', '1', '0', '2016-08-22 01:55:14', '2017-11-27 17:09:36', 'e51b64ef-a810-4e04-aa59-dff0177ba3f5'),
 ('135', 'Asset', '1', '0', '2016-08-22 01:55:15', '2017-11-27 17:09:36', '162ae1ac-6060-4bed-9db4-646e41f1b533'),
 ('136', 'Asset', '1', '0', '2016-08-22 01:55:16', '2017-11-27 17:09:34', '89c801e5-5cd3-462f-905f-78fcca98ae12'),
 ('137', 'Asset', '1', '0', '2016-08-22 01:55:17', '2017-11-27 17:09:34', '10b5998d-84ad-44dd-9dd5-a24c012a773d'),
 ('138', 'Asset', '1', '0', '2016-08-22 01:55:17', '2017-11-27 17:09:35', '3374ba67-f827-4965-8158-6394b9172212'),
 ('139', 'Asset', '1', '0', '2016-08-22 01:55:18', '2017-11-27 17:09:35', '3446e674-ac32-49c8-944f-e14fa7c6553a'),
 ('140', 'Asset', '1', '0', '2016-08-22 01:55:19', '2017-11-27 17:09:35', 'fa4ce23a-abc4-45a3-8e24-a81dc293afbc'),
 ('141', 'Asset', '1', '0', '2016-08-22 01:55:19', '2017-11-27 17:09:35', '167a878b-4509-41b8-a211-976c7b5c01d8'),
 ('142', 'Asset', '1', '0', '2016-08-22 01:55:20', '2017-11-27 17:09:35', '64628c22-6695-4503-84f6-1caf237bfaaa'),
 ('143', 'Asset', '1', '0', '2016-08-22 01:55:20', '2017-11-27 17:09:35', '39baf068-748b-417d-9ab0-901bb17fe8b3'),
 ('144', 'Asset', '1', '0', '2016-08-22 01:55:21', '2017-11-27 17:09:36', 'ea16fbe7-670d-4cf9-8c0e-631b12e9cee8'),
 ('145', 'Asset', '1', '0', '2016-08-22 01:55:21', '2017-11-27 17:09:36', 'f8c96957-4e7a-47b8-b7de-9fa6ff94ae00'),
 ('146', 'Asset', '1', '0', '2016-08-22 01:55:21', '2017-11-27 17:09:37', 'ab0ec71c-ade9-4240-84bb-57e044869c04'),
 ('147', 'Asset', '1', '0', '2016-08-22 01:55:22', '2017-11-27 17:09:37', '558c54e1-b04f-4b20-b4ed-2396d65abc98'),
 ('148', 'Asset', '1', '0', '2016-08-22 01:55:23', '2017-11-27 17:09:37', '1e3f950c-bec3-436d-bf5e-b0e7d30b5953'),
 ('149', 'Asset', '1', '0', '2016-08-22 01:55:24', '2017-11-27 17:09:37', '1f77adcc-6197-42fd-8384-a0619cece0e6'),
 ('153', 'Entry', '1', '0', '2016-08-23 18:41:15', '2017-03-22 03:35:50', '5a8433d3-2c96-4c5c-bcf1-5b6d22f53885'),
 ('154', 'Entry', '1', '0', '2016-08-23 19:00:00', '2017-03-22 03:35:51', 'bb410509-ff40-448e-a5c1-45528b491d76'),
 ('155', 'Entry', '1', '0', '2016-08-23 19:10:00', '2017-03-22 03:35:51', 'ab320e9f-ab28-4615-bb0b-45ad6b278822'),
 ('156', 'Entry', '1', '0', '2016-08-23 19:11:37', '2017-03-22 03:35:51', '2bd0fa79-ba42-4f95-9518-bee5a04426e8'),
 ('157', 'Entry', '1', '0', '2016-08-23 19:13:34', '2017-03-22 03:35:51', 'fe5ce58d-6202-4545-b39a-d309ca0c0819'),
 ('158', 'Entry', '1', '0', '2016-08-23 19:18:19', '2017-03-22 03:35:51', 'f511052a-eedb-4116-aa67-5b5a3f84cdc6'),
 ('159', 'Entry', '1', '0', '2016-08-23 19:18:50', '2017-03-22 03:35:52', '5dd61f34-1f39-4c9b-847d-4906e0416fdb'),
 ('160', 'Entry', '1', '0', '2016-08-23 19:20:31', '2017-03-22 03:35:52', '2b4ae9da-2d83-4635-be5f-8ce97ee9b447'),
 ('161', 'Entry', '1', '0', '2016-08-23 19:22:28', '2017-03-22 03:35:52', '632e3719-7da4-4814-b0b6-00c86e438aaf'),
 ('162', 'Entry', '1', '0', '2016-08-23 19:23:05', '2017-03-22 03:35:52', 'd867ef30-7c6c-4443-bf51-3bd7b3cec5f3'),
 ('163', 'Entry', '1', '0', '2016-08-23 19:23:54', '2017-03-22 03:35:53', '1ae7ad58-c79e-4a7f-8c87-0f37918349b1'),
 ('164', 'Entry', '1', '0', '2016-08-23 19:24:27', '2017-03-22 03:35:53', '3765858f-5661-40a4-9499-3f87a2f65dbb'),
 ('165', 'Entry', '1', '0', '2016-08-23 19:24:50', '2017-03-22 03:35:53', '0605a81b-1af1-4838-b3a1-3c7203a7511c'),
 ('166', 'Entry', '1', '0', '2016-08-23 19:25:13', '2017-03-22 03:35:53', '44dd44b0-576a-4cb0-b400-82fafaf02432'),
 ('167', 'Entry', '1', '0', '2016-08-23 19:25:42', '2017-03-22 03:35:53', '3603d2ab-026f-4c3d-b502-fcfbc958a98c'),
 ('168', 'Entry', '1', '0', '2016-08-23 19:26:09', '2017-03-22 03:35:54', '9a20a24f-0ede-434a-b88b-8ee8fb3bd03c'),
 ('169', 'Entry', '1', '0', '2016-08-23 19:26:39', '2017-03-22 03:35:54', 'cff98dac-8c79-42f2-97f6-9bd279984f35'),
 ('170', 'Entry', '1', '0', '2016-08-23 19:27:27', '2017-03-22 03:35:54', '2c6db6dd-6058-4f32-b9b3-4ec6b9051d1a'),
 ('171', 'Entry', '1', '0', '2016-08-23 19:28:02', '2017-03-22 03:35:54', '9c668f27-e689-45ed-988c-6e8a0db50603'),
 ('172', 'Entry', '1', '0', '2016-08-23 19:29:31', '2017-03-22 03:35:55', '6c46240a-9d15-472c-9444-b0f8316f9b59'),
 ('173', 'Entry', '1', '0', '2016-08-23 19:29:57', '2017-03-22 03:35:55', '59d2524c-c9ac-4aab-b929-56d4a145c233'),
 ('174', 'Entry', '1', '0', '2016-08-23 19:30:37', '2017-03-22 03:35:55', '308e58a8-f438-4096-802f-9686ce7df119'),
 ('175', 'Entry', '1', '0', '2016-08-23 19:31:14', '2017-03-22 03:35:55', '27aa8b21-b788-400b-a287-75ee87a00ff8'),
 ('176', 'Entry', '1', '0', '2016-08-23 19:33:54', '2017-03-27 04:37:55', '97da13db-b97c-4b2c-b59a-280fe6c370d1'),
 ('177', 'Entry', '1', '0', '2016-08-23 19:41:10', '2017-03-27 04:38:06', '1a67a41d-a2df-4288-968f-889ec95b8bf1'),
 ('178', 'Entry', '1', '0', '2016-08-23 19:42:09', '2017-03-27 04:38:24', 'd7a389a0-ce9e-4161-bbfc-bac5b4457ff4'),
 ('179', 'Entry', '1', '0', '2016-08-23 19:43:05', '2017-03-27 04:38:31', 'f90dbb63-1e4a-411d-99d4-fed337f07374'),
 ('180', 'Entry', '1', '0', '2016-08-23 19:44:08', '2017-03-27 04:38:41', '6984b573-4d50-4861-ac61-63e3ef7e57a2'),
 ('181', 'Tag', '1', '0', '2016-08-23 19:47:20', '2016-08-23 19:47:20', '106bc657-ee75-494c-92f7-6a1e2098a594'),
 ('182', 'Category', '1', '0', '2016-08-23 19:52:32', '2016-08-23 19:52:32', 'a210856b-d1a6-40f7-857a-121492c4ba93'),
 ('183', 'Category', '1', '0', '2016-08-23 19:55:33', '2016-08-23 19:55:33', 'cb862351-78c5-4796-a730-5895a6b6c11d'),
 ('184', 'Category', '1', '0', '2016-08-23 19:55:46', '2016-08-23 19:55:46', '7650ae25-5d61-42c8-b340-008707309384'),
 ('185', 'Category', '1', '0', '2016-08-23 19:55:58', '2016-08-23 19:55:58', '7207e56a-e425-46c9-9070-6a45e42fe1f8'),
 ('186', 'Entry', '1', '0', '2016-08-23 19:57:49', '2017-03-27 04:39:03', 'cd1e7d99-a366-48cb-b165-2cc465fe5dcb'),
 ('187', 'Entry', '1', '0', '2016-08-23 19:58:30', '2017-03-27 04:39:12', '301205ce-ae05-4977-8a6c-efd446f8bfc5'),
 ('188', 'Entry', '1', '0', '2016-08-23 19:59:14', '2017-03-27 04:39:19', '72e18ba2-381e-4763-b8f1-9e10c41a6cd1'),
 ('189', 'Entry', '1', '0', '2016-08-23 19:59:56', '2017-03-27 04:39:26', 'fc17e6d9-bd8e-45bf-b7fd-f809e9d6f10a'),
 ('190', 'Entry', '1', '0', '2016-08-23 20:01:25', '2017-03-27 04:39:40', 'e7f7cf52-0d2d-4bab-9668-3301d8838a22'),
 ('194', 'Asset', '1', '0', '2017-03-21 03:52:27', '2017-11-27 17:09:34', '480d3bf7-4164-4e17-b0ab-a605124c415e'),
 ('195', 'Entry', '1', '0', '2017-03-22 03:00:06', '2017-03-22 03:01:50', '6d5efaf3-a41a-42e2-9d74-bc96e9d372a4'),
 ('196', 'Entry', '1', '0', '2017-03-22 03:02:25', '2017-03-22 03:06:08', 'a3da6bb1-be08-4e1f-a95a-ee464491f085');



DROP TABLE IF EXISTS `craft_elements_i18n`;


--
-- Schema for table `craft_elements_i18n`
--
CREATE TABLE `craft_elements_i18n` (
  `id` int(11) NOT NULL AUTO_INCREMENT,
  `elementId` int(11) NOT NULL,
  `locale` char(12) COLLATE utf8_unicode_ci NOT NULL,
  `slug` varchar(255) COLLATE utf8_unicode_ci DEFAULT NULL,
  `uri` varchar(255) COLLATE utf8_unicode_ci DEFAULT NULL,
  `enabled` tinyint(1) unsigned NOT NULL DEFAULT '1',
  `dateCreated` datetime NOT NULL,
  `dateUpdated` datetime NOT NULL,
  `uid` char(36) COLLATE utf8_unicode_ci NOT NULL DEFAULT '0',
  PRIMARY KEY (`id`),
  UNIQUE KEY `craft_elements_i18n_elementId_locale_unq_idx` (`elementId`,`locale`),
  UNIQUE KEY `craft_elements_i18n_uri_locale_unq_idx` (`uri`,`locale`),
  KEY `craft_elements_i18n_slug_locale_idx` (`slug`,`locale`),
  KEY `craft_elements_i18n_enabled_idx` (`enabled`),
  KEY `craft_elements_i18n_locale_fk` (`locale`)
) ENGINE=InnoDB AUTO_INCREMENT=197 DEFAULT CHARSET=utf8 COLLATE=utf8_unicode_ci;

--
-- Data for table `craft_elements_i18n`
--

INSERT INTO `craft_elements_i18n` (`id`, `elementId`, `locale`, `slug`, `uri`, `enabled`, `dateCreated`, `dateUpdated`, `uid`) VALUES
 ('1', '1', 'en_us', '', NULL, '1', '2016-08-20 17:42:13', '2016-08-20 18:06:20', '4c675394-0a69-48fe-b50b-7df159f1d43f'),
 ('101', '101', 'en_us', 'indie-work-1-cover-image', NULL, '1', '2016-08-22 01:47:44', '2017-11-27 17:09:29', 'd804234a-4a89-4ee3-9487-15bed4a90c2a'),
 ('102', '102', 'en_us', 'indie-work-2-cover-image', NULL, '1', '2016-08-22 01:47:45', '2017-11-27 17:09:29', '1ea04bb0-84af-4768-b61c-17225e884b43'),
 ('103', '103', 'en_us', 'indie-work-3-cover-image', NULL, '1', '2016-08-22 01:47:46', '2017-11-27 17:09:30', '6501d232-c36e-4812-9bd4-39db9479026b'),
 ('104', '104', 'en_us', 'indie-work-4-cover-image', NULL, '1', '2016-08-22 01:47:46', '2017-11-27 17:09:30', '026e2eee-44cd-42ea-b1f5-3371c9f92dd1'),
 ('105', '105', 'en_us', 'indie-work-5-cover-image', NULL, '1', '2016-08-22 01:47:48', '2017-11-27 17:09:30', 'aae02a60-1c8c-455b-beec-a79cc747a99b'),
 ('106', '106', 'en_us', 'indie-work-6-cover-image', NULL, '1', '2016-08-22 01:47:49', '2017-11-27 17:09:30', 'f3829ee5-61e5-46b7-b12a-43dcbac2c5df'),
 ('107', '107', 'en_us', 'indie-work-7-cover-image', NULL, '1', '2016-08-22 01:47:49', '2017-11-27 17:09:30', '7e555842-1cad-43c1-afc2-f5a026e9e148'),
 ('108', '108', 'en_us', 'indie-work-8-cover-image', NULL, '1', '2016-08-22 01:47:50', '2017-11-27 17:09:31', '18006eaf-98d6-4e51-80e2-87e6d217fdda'),
 ('109', '109', 'en_us', 'indie-work-9-cover-image', NULL, '1', '2016-08-22 01:47:51', '2017-11-27 17:09:31', '31df8e93-737d-4b20-bb0f-26bb22b8dcc2'),
 ('110', '110', 'en_us', 'indie-collection-three-oranges', NULL, '1', '2016-08-22 01:47:51', '2017-11-27 17:09:29', 'ce5a8f33-e28e-4614-8446-2aea3ea1041f'),
 ('111', '111', 'en_us', '12days-cover-image', NULL, '1', '2016-08-22 01:50:06', '2017-11-27 17:09:25', 'fbbb0f84-e407-4ae8-a0a0-190534caa030'),
 ('112', '112', 'en_us', '12-days3-cover-image', NULL, '1', '2016-08-22 01:50:07', '2017-11-27 17:09:24', '0cdde343-4092-4618-bb23-79a14452a34f'),
 ('113', '113', 'en_us', 'bosch-cover-image', NULL, '1', '2016-08-22 01:50:08', '2017-11-27 17:09:25', 'c97bc50f-d9b4-4fcd-b75a-beed7aa6f455'),
 ('114', '114', 'en_us', 'bossa-cover-image', NULL, '1', '2016-08-22 01:50:08', '2017-11-27 17:09:25', 'cc6f5962-1729-4938-9da1-970f17518363'),
 ('115', '115', 'en_us', 'cartoon-network-cover-image', NULL, '1', '2016-08-22 01:50:09', '2017-11-27 17:09:26', '0fb312dd-6265-4ee2-be14-9143c184d88f'),
 ('116', '116', 'en_us', 'cgcc-cover-image', NULL, '1', '2016-08-22 01:50:09', '2017-11-27 17:09:25', '88b50462-5e10-4260-94ee-3f34fb276cb5'),
 ('117', '117', 'en_us', 'count-down-cover-image', NULL, '1', '2016-08-22 01:50:09', '2017-11-27 17:09:26', '521b174c-656d-4127-b657-e4e3b60dc108'),
 ('118', '118', 'en_us', 'cranks-and-gulps-cover-image', NULL, '1', '2016-08-22 01:50:10', '2017-11-27 17:09:26', '6cb4760a-fc9f-413f-a882-e6b6ae1d5d8f'),
 ('119', '119', 'en_us', 'dell-cover-image', NULL, '1', '2016-08-22 01:50:11', '2017-11-27 17:09:26', '4c37d7a1-7216-492f-b94a-48435989e0d0'),
 ('120', '120', 'en_us', 'espn-cover-image', NULL, '1', '2016-08-22 01:50:12', '2017-11-27 17:09:26', 'a3cd2fff-ce34-4d6b-8e3a-c064d41414ca'),
 ('121', '121', 'en_us', 'foot-locker-cover-image', NULL, '1', '2016-08-22 01:50:13', '2017-11-27 17:09:27', 'fa8a17d7-15cd-463e-b75d-c96c2affd8e3'),
 ('122', '122', 'en_us', 'goog-teamwork-cover-image', NULL, '1', '2016-08-22 01:50:13', '2017-11-27 17:09:27', '4ba131d7-90b3-4fd4-9798-f49d0fa02205'),
 ('123', '123', 'en_us', 'hanes-socks-cover-image', NULL, '1', '2016-08-22 01:50:14', '2017-11-27 17:09:29', 'de499184-8a6d-4911-b07f-c253474a820d'),
 ('124', '124', 'en_us', 'hardboil-cover-image', NULL, '1', '2016-08-22 01:50:15', '2017-11-27 17:09:27', 'ca6bcb1a-3560-432e-8733-a91ff95fb105'),
 ('125', '125', 'en_us', 'hermes-noel-cover-image', NULL, '1', '2016-08-22 01:50:16', '2017-11-27 17:09:27', 'c3ef8168-ddd3-4513-b135-e1931310670d'),
 ('126', '126', 'en_us', 'mcd-cracker-cover-image', NULL, '1', '2016-08-22 01:50:16', '2017-11-27 17:09:27', '5b4fa6c8-42ab-4af4-a8ff-c8d4a5a7ed62'),
 ('127', '127', 'en_us', 'melvin-moon-cover-image', NULL, '1', '2016-08-22 01:50:17', '2017-11-27 17:09:28', '71e89cb2-6e82-4906-b8c9-3d475d27377b'),
 ('128', '128', 'en_us', 'navy-fed-cover-image', NULL, '1', '2016-08-22 01:50:18', '2017-11-27 17:09:28', '039e81d8-caa3-4dde-a42d-2c436d68de56'),
 ('129', '129', 'en_us', 'phillip-lim-cover-image', NULL, '1', '2016-08-22 01:50:18', '2017-11-27 17:09:28', '3f465c2d-130d-4d65-aecc-725e69b14559'),
 ('130', '130', 'en_us', 'randy-fox-cover-image', NULL, '1', '2016-08-22 01:50:19', '2017-11-27 17:09:28', '26ca842c-225e-427a-9385-bcd53956e680'),
 ('131', '131', 'en_us', 'rushkitchen-cover-image', NULL, '1', '2016-08-22 01:50:19', '2017-11-27 17:09:28', '5761fc4b-d652-4253-b36a-54191ae2885b'),
 ('132', '132', 'en_us', 'tim-horton-cover-image', NULL, '1', '2016-08-22 01:50:20', '2017-11-27 17:09:29', 'b872a555-ca48-4dea-a929-0d32ec62e15c'),
 ('133', '133', 'en_us', 'toadpipe-cover-image', NULL, '1', '2016-08-22 01:50:20', '2017-11-27 17:09:29', '03b46e5c-fd68-46d0-b177-8019c1aade7f'),
 ('134', '134', 'en_us', 'bornsmall-o', NULL, '1', '2016-08-22 01:55:14', '2017-11-27 17:09:36', 'bb3f1440-4e9e-4348-a67d-c54e3919750b'),
 ('135', '135', 'en_us', 'head1-s-905-2x', NULL, '1', '2016-08-22 01:55:15', '2017-11-27 17:09:36', '386a6a3b-ac19-4489-bcb2-49c655fc8269'),
 ('136', '136', 'en_us', 'head2-s-905-2x', NULL, '1', '2016-08-22 01:55:16', '2017-11-27 17:09:34', '76c03780-2ea2-4693-a496-7a06c9a48b38'),
 ('137', '137', 'en_us', 'head3-s-905-2x', NULL, '1', '2016-08-22 01:55:17', '2017-11-27 17:09:34', 'dca080bd-a021-4fe3-b00a-d9cc085f595d'),
 ('138', '138', 'en_us', 'heavy-light-small-905', NULL, '1', '2016-08-22 01:55:17', '2017-11-27 17:09:35', '0f89d057-4763-4f3b-aa4a-8b5ec326eac2'),
 ('139', '139', 'en_us', 'j2-905', NULL, '1', '2016-08-22 01:55:18', '2017-11-27 17:09:35', 'c99d7ec6-3f26-4708-84ef-92fb0979f422'),
 ('140', '140', 'en_us', 'j3-905', NULL, '1', '2016-08-22 01:55:19', '2017-11-27 17:09:35', '85665382-2a7e-4618-b458-a3bf64242bb3'),
 ('141', '141', 'en_us', 'j4-905', NULL, '1', '2016-08-22 01:55:19', '2017-11-27 17:09:35', 'd6fd2a9b-5aaf-45ed-a0d9-70cdf1a13f2c'),
 ('142', '142', 'en_us', 'j5-905', NULL, '1', '2016-08-22 01:55:20', '2017-11-27 17:09:35', '25d9ee0b-862a-46cc-8eb0-8281901a034e'),
 ('143', '143', 'en_us', 'j6-905', NULL, '1', '2016-08-22 01:55:20', '2017-11-27 17:09:35', 'acfd982d-cdc5-43d3-b526-d505b5c0d2ad'),
 ('144', '144', 'en_us', 'j7-905', NULL, '1', '2016-08-22 01:55:21', '2017-11-27 17:09:36', 'ed61f1a9-2e05-421e-93a5-89eb3c80c2e6'),
 ('145', '145', 'en_us', 'mapto-sva-small-905', NULL, '1', '2016-08-22 01:55:21', '2017-11-27 17:09:36', '3a662522-b35c-4883-849e-5107efb7d063'),
 ('146', '146', 'en_us', 'purity-905', NULL, '1', '2016-08-22 01:55:22', '2017-11-27 17:09:37', 'ac6467d1-21ce-4258-aaf9-6d5720c8f25f'),
 ('147', '147', 'en_us', 'reds-small-905-2x', NULL, '1', '2016-08-22 01:55:22', '2017-11-27 17:09:37', 'c3568558-76a6-46b7-adfb-60f1e5dce925'),
 ('148', '148', 'en_us', 'self-treee-small-905-2x', NULL, '1', '2016-08-22 01:55:23', '2017-11-27 17:09:37', '7bff6358-cfe6-44dd-9447-a79a73e18b96'),
 ('149', '149', 'en_us', 'time-905-2x', NULL, '1', '2016-08-22 01:55:24', '2017-11-27 17:09:37', 'eb733f6e-6d39-4b59-93a4-4cacc82310b7'),
 ('153', '153', 'en_us', '12-days-of-elves-season-2', 'commercial-work/12-days-of-elves-season-2', '1', '2016-08-23 18:41:15', '2017-03-22 03:35:51', '563732c0-b4ef-4f2f-822f-99a057a46714'),
 ('154', '154', 'en_us', '12-days-of-elves-season-3', 'commercial-work/12-days-of-elves-season-3', '1', '2016-08-23 19:00:00', '2017-03-22 03:35:51', '1ba2f4a8-a6aa-4582-8cc1-3754c47d2afc'),
 ('155', '155', 'en_us', 'dell-stop-motion-paper-cut', 'commercial-work/dell-stop-motion-paper-cut', '1', '2016-08-23 19:10:00', '2017-03-22 03:35:51', 'db2fc339-2878-4d6f-9c02-c2a7ea4bfc0b'),
 ('156', '156', 'en_us', 'espn-what-are-you-doing-new-years-eve', 'commercial-work/espn-what-are-you-doing-new-years-eve', '1', '2016-08-23 19:11:37', '2017-03-22 03:35:51', 'a54f04d0-04c1-46b9-a4cd-4e7b0e86cf78'),
 ('157', '157', 'en_us', 'bosch-stop-the-roadkill', 'commercial-work/bosch-stop-the-roadkill', '1', '2016-08-23 19:13:34', '2017-03-22 03:35:51', 'f89f0d19-ec90-4e75-908a-f076d6d76c53'),
 ('158', '158', 'en_us', 'foot-locker-endtag', 'commercial-work/foot-locker-endtag', '1', '2016-08-23 19:18:19', '2017-03-22 03:35:52', '73d8adde-2921-429d-aa8d-7b9ee51ecbab'),
 ('159', '159', 'en_us', 'navy-federal-credit-union-our-members-make-us', 'commercial-work/navy-federal-credit-union-our-members-make-us', '1', '2016-08-23 19:18:51', '2017-03-22 03:35:52', 'e50eeea7-1e01-4638-85e4-bbb6708b03a8'),
 ('160', '160', 'en_us', 'cranks-and-gulps', 'commercial-work/cranks-and-gulps', '1', '2016-08-23 19:20:31', '2017-03-22 03:35:52', '80ff2468-d5db-48c6-9ed1-b37c6725418e'),
 ('161', '161', 'en_us', 'hermès-noel', 'commercial-work/hermès-noel', '1', '2016-08-23 19:22:28', '2017-03-22 03:35:52', 'b83577d1-539a-4310-aa9e-d61211e2c327'),
 ('162', '162', 'en_us', 'rush-in-the-kitchen', 'commercial-work/rush-in-the-kitchen', '1', '2016-08-23 19:23:05', '2017-03-22 03:35:53', 'd15cb084-a50a-43c2-a3b6-df422672213f'),
 ('163', '163', 'en_us', 'melvin-in-the-moon', 'commercial-work/melvin-in-the-moon', '1', '2016-08-23 19:23:54', '2017-03-22 03:35:53', '538fc1c1-f089-4083-891f-c1167bf0b033'),
 ('164', '164', 'en_us', 'mcdonalds-cracker', 'commercial-work/mcdonalds-cracker', '1', '2016-08-23 19:24:27', '2017-03-22 03:35:53', 'be67fb84-0312-45a5-80d0-39599c5b2c3d'),
 ('165', '165', 'en_us', 'tim-horton-ice-capp-think-happy', 'commercial-work/tim-horton-ice-capp-think-happy', '1', '2016-08-23 19:24:50', '2017-03-22 03:35:53', '199d17de-e651-414e-85a1-22dc9ad3e3c6'),
 ('166', '166', 'en_us', 'google-teamwork', 'commercial-work/google-teamwork', '1', '2016-08-23 19:25:13', '2017-03-22 03:35:53', '02138e38-695f-4844-90f2-b2616eefa2e7'),
 ('167', '167', 'en_us', 'randy-and-fox', 'commercial-work/randy-and-fox', '1', '2016-08-23 19:25:42', '2017-03-22 03:35:54', 'd44b7d36-438f-4539-adb1-e67a646c04e4'),
 ('168', '168', 'en_us', 'bossa-logo-animation', 'commercial-work/bossa-logo-animation', '1', '2016-08-23 19:26:09', '2017-03-22 03:35:54', '26896b57-e51f-4f38-bf41-2bfa353152cb'),
 ('169', '169', 'en_us', 'follow-the-sock', 'commercial-work/follow-the-sock', '1', '2016-08-23 19:26:39', '2017-03-22 03:35:54', '305f1e61-d9de-4050-99c8-d3b40a90c294'),
 ('170', '170', 'en_us', 'toadpipe-short-film', 'commercial-work/toadpipe-short-film', '1', '2016-08-23 19:27:27', '2017-03-22 03:35:54', 'eb137958-36ff-45eb-97b3-d13d51a29423'),
 ('171', '171', 'en_us', 'foot-models', 'commercial-work/foot-models', '1', '2016-08-23 19:28:02', '2017-03-22 03:35:55', 'f5d6d685-c276-4894-9cb4-c12eee8e6bb6'),
 ('172', '172', 'en_us', 'hardboil', 'commercial-work/hardboil', '1', '2016-08-23 19:29:31', '2017-03-22 03:35:55', '22e77b40-c06f-4b9a-af95-aad28b314ad5'),
 ('173', '173', 'en_us', 'count-down-for-hornet', 'commercial-work/count-down-for-hornet', '1', '2016-08-23 19:29:57', '2017-03-22 03:35:55', 'e7a025eb-4719-4ce2-b42c-6a11313dd7aa'),
 ('174', '174', 'en_us', 'cartoon-network', 'commercial-work/cartoon-network', '1', '2016-08-23 19:30:37', '2017-03-22 03:35:55', '372de77f-e749-4aa7-a7c6-3af389d7bbd4'),
 ('175', '175', 'en_us', 'ogilvy-mather-cgcc-10th-anniversary', 'commercial-work/ogilvy-mather-cgcc-10th-anniversary', '1', '2016-08-23 19:31:14', '2017-03-22 03:35:56', 'ceffc1ea-b612-44b9-bf82-3ba7cb483e52'),
 ('176', '176', 'en_us', 'heavy-light-and-i', 'indie-work/heavy-light-and-i', '1', '2016-08-23 19:33:54', '2017-03-27 04:37:56', '55bd1715-f4fd-417c-a3fa-604b07538008'),
 ('177', '177', 'en_us', 'map-to-sva', 'indie-work/map-to-sva', '1', '2016-08-23 19:41:10', '2017-03-27 04:38:06', '97c05a31-5729-42d3-b1e4-ef412c259c19'),
 ('178', '178', 'en_us', 'purity', 'indie-work/purity', '1', '2016-08-23 19:42:09', '2017-03-27 04:38:24', '476b3607-ac7e-4a28-a42d-560b0380d5da'),
 ('179', '179', 'en_us', 'jack-and-jill', 'indie-work/jack-and-jill', '1', '2016-08-23 19:43:06', '2017-03-27 04:38:31', '3024dc57-8046-4d65-b02a-909925f8e10b'),
 ('180', '180', 'en_us', 'musical-oranges', 'indie-work/musical-oranges', '1', '2016-08-23 19:44:08', '2017-03-27 04:38:41', '4f6ff815-bbba-4780-a54a-9c7edadc3982'),
 ('181', '181', 'en_us', 'collage', NULL, '1', '2016-08-23 19:47:20', '2016-08-23 19:47:20', '68f5eb61-12ee-40e1-9147-f48ed1225b1c'),
 ('182', '182', 'en_us', 'collage', NULL, '1', '2016-08-23 19:52:32', '2016-08-23 19:52:45', '557b83ec-00b9-4432-9d79-71ca484f583b'),
 ('183', '183', 'en_us', 'drawing', NULL, '1', '2016-08-23 19:55:33', '2016-08-23 19:56:12', 'e5651a02-6b97-4447-9835-d28590dad290'),
 ('184', '184', 'en_us', 'animation', NULL, '1', '2016-08-23 19:55:46', '2016-08-23 19:56:12', '493da36d-f9fd-4d75-97c5-4af678214d5d'),
 ('185', '185', 'en_us', 'other', NULL, '1', '2016-08-23 19:55:58', '2016-08-23 19:56:12', '31edfbfc-f7be-4cd7-ad3d-9500ed8dab0a'),
 ('186', '186', 'en_us', 'red', 'indie-work/red', '1', '2016-08-23 19:57:49', '2017-03-27 04:39:03', '3a36e6bd-f071-418c-83d9-10128f1ca914'),
 ('187', '187', 'en_us', 'time', 'indie-work/time', '1', '2016-08-23 19:58:30', '2017-03-27 04:39:12', 'a3e40d47-fc3c-4301-b7a9-ca1e13fe70d4'),
 ('188', '188', 'en_us', 'self-tree', 'indie-work/self-tree', '1', '2016-08-23 19:59:14', '2017-03-27 04:39:19', 'f99946d7-c58f-4a27-aa80-bc4049087e87'),
 ('189', '189', 'en_us', 'head', 'indie-work/head', '1', '2016-08-23 19:59:56', '2017-03-27 04:39:26', '513697bd-5164-42d9-8624-c82290d324ec'),
 ('190', '190', 'en_us', 'birth-to-die', 'indie-work/birth-to-die', '1', '2016-08-23 20:01:25', '2017-03-27 04:39:40', '00eb2ff6-7bf9-49ba-b3ae-02365167462b'),
 ('194', '194', 'en_us', 'met-roof-oct16', NULL, '1', '2017-03-21 03:52:27', '2017-11-27 17:09:34', '2014e0a3-e971-4538-8cd5-991a7cc3d219'),
 ('195', '195', 'en_us', 'commercial-works-page', 'commercial-works', '1', '2017-03-22 03:00:06', '2017-03-22 03:01:50', '9270cf77-92a4-4e15-ba1c-5d7c339a1cd1'),
 ('196', '196', 'en_us', 'indie-works-page', 'indie-works', '1', '2017-03-22 03:02:25', '2017-03-22 03:06:08', 'cd04fdac-4d36-4cac-a8b5-24a54a9d603c');



DROP TABLE IF EXISTS `craft_emailmessages`;


--
-- Schema for table `craft_emailmessages`
--
CREATE TABLE `craft_emailmessages` (
  `id` int(11) NOT NULL AUTO_INCREMENT,
  `key` char(150) COLLATE utf8_unicode_ci NOT NULL,
  `locale` char(12) COLLATE utf8_unicode_ci NOT NULL,
  `subject` varchar(1000) COLLATE utf8_unicode_ci NOT NULL,
  `body` text COLLATE utf8_unicode_ci NOT NULL,
  `dateCreated` datetime NOT NULL,
  `dateUpdated` datetime NOT NULL,
  `uid` char(36) COLLATE utf8_unicode_ci NOT NULL DEFAULT '0',
  PRIMARY KEY (`id`),
  UNIQUE KEY `craft_emailmessages_key_locale_unq_idx` (`key`,`locale`),
  KEY `craft_emailmessages_locale_fk` (`locale`)
) ENGINE=InnoDB DEFAULT CHARSET=utf8 COLLATE=utf8_unicode_ci;

DROP TABLE IF EXISTS `craft_entries`;


--
-- Schema for table `craft_entries`
--
CREATE TABLE `craft_entries` (
  `id` int(11) NOT NULL,
  `sectionId` int(11) NOT NULL,
  `typeId` int(11) DEFAULT NULL,
  `authorId` int(11) DEFAULT NULL,
  `postDate` datetime DEFAULT NULL,
  `expiryDate` datetime DEFAULT NULL,
  `dateCreated` datetime NOT NULL,
  `dateUpdated` datetime NOT NULL,
  `uid` char(36) COLLATE utf8_unicode_ci NOT NULL DEFAULT '0',
  PRIMARY KEY (`id`),
  KEY `craft_entries_sectionId_idx` (`sectionId`),
  KEY `craft_entries_typeId_idx` (`typeId`),
  KEY `craft_entries_postDate_idx` (`postDate`),
  KEY `craft_entries_expiryDate_idx` (`expiryDate`),
  KEY `craft_entries_authorId_fk` (`authorId`)
) ENGINE=InnoDB DEFAULT CHARSET=utf8 COLLATE=utf8_unicode_ci;

--
-- Data for table `craft_entries`
--

INSERT INTO `craft_entries` (`id`, `sectionId`, `typeId`, `authorId`, `postDate`, `expiryDate`, `dateCreated`, `dateUpdated`, `uid`) VALUES
 ('153', '3', '3', '1', '2016-08-23 18:41:00', NULL, '2016-08-23 18:41:15', '2016-08-23 18:58:57', '33560e07-4463-4779-ab6c-fdd8725df5be'),
 ('154', '3', '3', '1', '2016-08-23 19:00:00', NULL, '2016-08-23 19:00:00', '2016-08-23 19:00:00', '7b624770-0c0d-4609-834f-2341ec574d20'),
 ('155', '3', '3', '1', '2016-08-23 19:10:00', NULL, '2016-08-23 19:10:00', '2016-08-23 19:10:38', 'c2c2ad20-2f6b-4c00-9d15-68498225566b'),
 ('156', '3', '3', '1', '2016-08-23 19:11:37', NULL, '2016-08-23 19:11:37', '2016-08-23 19:11:37', '08ed4590-7eca-4787-9d89-b4a945934117'),
 ('157', '3', '3', '1', '2016-08-23 19:13:34', NULL, '2016-08-23 19:13:34', '2016-08-23 19:13:34', '525bfae5-113e-4a9a-a578-79abfaaff75c'),
 ('158', '3', '3', '1', '2016-08-23 19:18:19', NULL, '2016-08-23 19:18:19', '2016-08-23 19:18:19', 'f65536b5-08d7-4d43-ba54-17498a29ba96'),
 ('159', '3', '3', '1', '2016-08-23 19:18:50', NULL, '2016-08-23 19:18:51', '2016-08-23 19:18:51', '10666cfe-5ae7-480d-a9ce-8850ce00437a'),
 ('160', '3', '3', '1', '2016-08-23 19:20:31', NULL, '2016-08-23 19:20:31', '2016-08-23 19:20:31', '68da9779-3f46-4c1c-b79e-f009960880d5'),
 ('161', '3', '3', '1', '2016-08-23 19:22:28', NULL, '2016-08-23 19:22:28', '2016-08-23 19:22:28', '33cb5415-884b-409b-b408-be1cc13d4aa5'),
 ('162', '3', '3', '1', '2016-08-23 19:23:00', NULL, '2016-08-23 19:23:05', '2016-08-23 19:23:19', 'a50da176-58e9-4086-b0cc-27ada5f57124'),
 ('163', '3', '3', '1', '2016-08-23 19:23:54', NULL, '2016-08-23 19:23:54', '2016-08-23 19:23:54', '06590c48-c22b-4b47-b8bd-fd6b0ba411f5'),
 ('164', '3', '3', '1', '2016-08-23 19:24:27', NULL, '2016-08-23 19:24:27', '2016-08-23 19:24:27', '41db078e-f7c7-43d0-9a59-3b15d315d187'),
 ('165', '3', '3', '1', '2016-08-23 19:24:50', NULL, '2016-08-23 19:24:50', '2016-08-23 19:24:50', '7c4dc992-77ed-4d34-9027-7f3356d623a5'),
 ('166', '3', '3', '1', '2016-08-23 19:25:13', NULL, '2016-08-23 19:25:13', '2016-08-23 19:25:13', 'b8c300a4-541a-4de7-a474-7692ce34227d'),
 ('167', '3', '3', '1', '2016-08-23 19:25:42', NULL, '2016-08-23 19:25:42', '2016-08-23 19:25:42', '53bac0b9-d2a2-43f0-98b9-2ac6bd2636ff'),
 ('168', '3', '3', '1', '2016-08-23 19:26:09', NULL, '2016-08-23 19:26:09', '2016-08-23 19:26:09', '61ba38fd-eb40-402c-8479-6a2abf9427f2'),
 ('169', '3', '3', '1', '2016-08-23 19:26:39', NULL, '2016-08-23 19:26:39', '2016-08-23 19:26:39', '16414313-5da5-4879-96fc-8fbdea200f18'),
 ('170', '3', '3', '1', '2016-08-23 19:27:27', NULL, '2016-08-23 19:27:27', '2016-08-23 19:27:27', '2a0fb0f9-63da-466c-84d0-0fb0f57cb28b'),
 ('171', '3', '3', '1', '2016-08-23 19:28:02', NULL, '2016-08-23 19:28:02', '2016-08-23 19:28:02', '5e96f2e2-6a88-4a61-a012-b36125ec4bdf'),
 ('172', '3', '3', '1', '2016-08-23 19:29:31', NULL, '2016-08-23 19:29:31', '2016-08-23 19:29:31', 'd5df1374-df74-45c4-bc22-0c57d634912d'),
 ('173', '3', '3', '1', '2016-08-23 19:29:57', NULL, '2016-08-23 19:29:57', '2016-08-23 19:29:57', '30de5ec6-8d84-461f-a826-47597eeacab3'),
 ('174', '3', '3', '1', '2016-08-23 19:30:37', NULL, '2016-08-23 19:30:37', '2016-08-23 19:30:37', 'eaab2b49-0f33-489c-abed-3d9a6d15cef5'),
 ('175', '3', '3', '1', '2016-08-23 19:31:14', NULL, '2016-08-23 19:31:14', '2016-08-23 19:31:14', 'f7325aed-6fcd-412d-ba19-1cc6352f321a'),
 ('176', '4', '6', '1', '2016-08-23 19:33:00', NULL, '2016-08-23 19:33:54', '2017-03-27 04:37:56', '18e59b6f-7e91-4900-9c59-2da5bd1469e9'),
 ('177', '4', '6', '1', '2016-08-23 19:41:00', NULL, '2016-08-23 19:41:10', '2017-03-27 04:38:06', '11e2bc71-53a3-4c5f-a495-ac1651ca1b67'),
 ('178', '4', '6', '1', '2016-08-23 19:42:00', NULL, '2016-08-23 19:42:09', '2017-03-27 04:38:24', 'c64cf63f-8bb7-4487-950f-3583447cf5d4'),
 ('179', '4', '6', '1', '2016-08-23 19:43:00', NULL, '2016-08-23 19:43:06', '2017-03-27 04:38:31', '67cb1fb9-3a79-45a4-9e2c-e28094462af2'),
 ('180', '4', '6', '1', '2016-08-23 19:44:00', NULL, '2016-08-23 19:44:08', '2017-03-27 04:38:41', '5a504847-cd24-465a-9192-7f28b325fe61'),
 ('186', '4', '6', '1', '2016-08-23 19:57:00', NULL, '2016-08-23 19:57:49', '2017-03-27 04:39:03', '92bdfc7e-7d03-44b1-b079-c77a3d537c76'),
 ('187', '4', '6', '1', '2016-08-23 19:58:00', NULL, '2016-08-23 19:58:30', '2017-03-27 04:39:12', '9e31dd5a-f6d1-4af9-81db-0dcda2d37506'),
 ('188', '4', '6', '1', '2016-08-23 19:59:00', NULL, '2016-08-23 19:59:14', '2017-03-27 04:39:19', '2cf7d118-7bb2-4671-9330-2415fa0a7c1b'),
 ('189', '4', '6', '1', '2016-08-23 19:59:00', NULL, '2016-08-23 19:59:56', '2017-03-27 04:39:26', '8c26d3a4-a9a7-4194-81c1-665ce635b032'),
 ('190', '4', '6', '1', '2016-08-23 20:01:00', NULL, '2016-08-23 20:01:25', '2017-03-27 04:39:40', '46ae1c2b-7d14-4d91-8ced-f8f68fcbb95f'),
 ('195', '5', '7', NULL, '2017-03-22 03:01:50', NULL, '2017-03-22 03:00:06', '2017-03-22 03:01:50', '1c9533f2-e131-4316-960b-fcca700d86f7'),
 ('196', '6', '8', NULL, '2017-03-22 03:06:08', NULL, '2017-03-22 03:02:25', '2017-03-22 03:06:08', '2e9cd90b-709b-4850-bd21-92f38bcc0dd5');



DROP TABLE IF EXISTS `craft_entrydrafts`;


--
-- Schema for table `craft_entrydrafts`
--
CREATE TABLE `craft_entrydrafts` (
  `id` int(11) NOT NULL AUTO_INCREMENT,
  `entryId` int(11) NOT NULL,
  `sectionId` int(11) NOT NULL,
  `creatorId` int(11) NOT NULL,
  `locale` char(12) COLLATE utf8_unicode_ci NOT NULL,
  `name` varchar(255) COLLATE utf8_unicode_ci NOT NULL,
  `notes` tinytext COLLATE utf8_unicode_ci,
  `data` mediumtext COLLATE utf8_unicode_ci NOT NULL,
  `dateCreated` datetime NOT NULL,
  `dateUpdated` datetime NOT NULL,
  `uid` char(36) COLLATE utf8_unicode_ci NOT NULL DEFAULT '0',
  PRIMARY KEY (`id`),
  KEY `craft_entrydrafts_entryId_locale_idx` (`entryId`,`locale`),
  KEY `craft_entrydrafts_sectionId_fk` (`sectionId`),
  KEY `craft_entrydrafts_creatorId_fk` (`creatorId`),
  KEY `craft_entrydrafts_locale_fk` (`locale`)
) ENGINE=InnoDB DEFAULT CHARSET=utf8 COLLATE=utf8_unicode_ci;

DROP TABLE IF EXISTS `craft_entrytypes`;


--
-- Schema for table `craft_entrytypes`
--
CREATE TABLE `craft_entrytypes` (
  `id` int(11) NOT NULL AUTO_INCREMENT,
  `sectionId` int(11) NOT NULL,
  `fieldLayoutId` int(11) DEFAULT NULL,
  `name` varchar(255) COLLATE utf8_unicode_ci NOT NULL,
  `handle` varchar(255) COLLATE utf8_unicode_ci NOT NULL,
  `hasTitleField` tinyint(1) unsigned NOT NULL DEFAULT '1',
  `titleLabel` varchar(255) COLLATE utf8_unicode_ci DEFAULT 'Title',
  `titleFormat` varchar(255) COLLATE utf8_unicode_ci DEFAULT NULL,
  `sortOrder` smallint(6) unsigned DEFAULT NULL,
  `dateCreated` datetime NOT NULL,
  `dateUpdated` datetime NOT NULL,
  `uid` char(36) COLLATE utf8_unicode_ci NOT NULL DEFAULT '0',
  PRIMARY KEY (`id`),
  UNIQUE KEY `craft_entrytypes_name_sectionId_unq_idx` (`name`,`sectionId`),
  UNIQUE KEY `craft_entrytypes_handle_sectionId_unq_idx` (`handle`,`sectionId`),
  KEY `craft_entrytypes_sectionId_fk` (`sectionId`),
  KEY `craft_entrytypes_fieldLayoutId_fk` (`fieldLayoutId`)
) ENGINE=InnoDB AUTO_INCREMENT=9 DEFAULT CHARSET=utf8 COLLATE=utf8_unicode_ci;

--
-- Data for table `craft_entrytypes`
--

INSERT INTO `craft_entrytypes` (`id`, `sectionId`, `fieldLayoutId`, `name`, `handle`, `hasTitleField`, `titleLabel`, `titleFormat`, `sortOrder`, `dateCreated`, `dateUpdated`, `uid`) VALUES
 ('3', '3', '48', 'Commercial Work', 'commercialWork', '1', 'Work Title', NULL, NULL, '2016-08-22 03:09:00', '2017-03-23 00:53:57', '8c0cc03d-de40-4ddc-b232-afae38b11f68'),
 ('6', '4', '50', 'Indie Work', 'indieWork', '1', 'Work Title', NULL, NULL, '2016-08-22 04:12:19', '2017-03-23 00:54:48', '7f9c5864-dc14-4635-8f67-f4d6f3740f60'),
 ('7', '5', '45', 'Commercial Works Page', 'commercialWorksPage', '0', NULL, '{section.name|raw}', '1', '2017-03-22 03:00:06', '2017-03-22 03:00:06', '70acdb72-343f-43b7-9e9f-5bf8fce0e816'),
 ('8', '6', '46', 'Indie Works Page', 'indieWorksPage', '0', NULL, '{section.name|raw}', '1', '2017-03-22 03:02:25', '2017-03-22 03:02:25', '6ea7e9df-c69d-41ff-aac5-016874cb426b');



DROP TABLE IF EXISTS `craft_entryversions`;


--
-- Schema for table `craft_entryversions`
--
CREATE TABLE `craft_entryversions` (
  `id` int(11) NOT NULL AUTO_INCREMENT,
  `entryId` int(11) NOT NULL,
  `sectionId` int(11) NOT NULL,
  `creatorId` int(11) DEFAULT NULL,
  `locale` char(12) COLLATE utf8_unicode_ci NOT NULL,
  `num` smallint(6) unsigned NOT NULL,
  `notes` tinytext COLLATE utf8_unicode_ci,
  `data` mediumtext COLLATE utf8_unicode_ci NOT NULL,
  `dateCreated` datetime NOT NULL,
  `dateUpdated` datetime NOT NULL,
  `uid` char(36) COLLATE utf8_unicode_ci NOT NULL DEFAULT '0',
  PRIMARY KEY (`id`),
  KEY `craft_entryversions_entryId_locale_idx` (`entryId`,`locale`),
  KEY `craft_entryversions_sectionId_fk` (`sectionId`),
  KEY `craft_entryversions_creatorId_fk` (`creatorId`),
  KEY `craft_entryversions_locale_fk` (`locale`)
) ENGINE=InnoDB AUTO_INCREMENT=76 DEFAULT CHARSET=utf8 COLLATE=utf8_unicode_ci;

--
-- Data for table `craft_entryversions`
--

INSERT INTO `craft_entryversions` (`id`, `entryId`, `sectionId`, `creatorId`, `locale`, `num`, `notes`, `data`, `dateCreated`, `dateUpdated`, `uid`) VALUES
 ('11', '153', '3', '1', 'en_us', '1', '', '{\"typeId\":null,\"authorId\":\"1\",\"title\":\"12 Days of Elves Season 2\",\"slug\":\"12-days-of-elves-season-2\",\"postDate\":1471977675,\"expiryDate\":null,\"enabled\":1,\"parentId\":\"\",\"fields\":{\"8\":\"#000000\",\"12\":\"\",\"4\":[\"111\"],\"6\":\"\",\"9\":\"#000000\",\"5\":\"\",\"13\":\"\",\"10\":\"\",\"11\":\"\",\"7\":\"https:\\/\\/vimeo.com\\/153983786\"}}', '2016-08-23 18:41:15', '2016-08-23 18:41:15', '41146c28-19e6-4fd5-9b8c-1dca14820e1f'),
 ('12', '153', '3', '1', 'en_us', '2', '', '{\"typeId\":\"3\",\"authorId\":\"1\",\"title\":\"12 Days of Elves Season 2\",\"slug\":\"12-days-of-elves-season-2\",\"postDate\":1471977660,\"expiryDate\":null,\"enabled\":1,\"parentId\":\"\",\"fields\":{\"8\":\"#000000\",\"12\":\"\",\"4\":[\"111\"],\"6\":\"\",\"9\":\"#000000\",\"5\":\"\",\"13\":\"\",\"10\":\"\",\"11\":\"\",\"7\":\"https:\\/\\/vimeo.com\\/125355565\"}}', '2016-08-23 18:54:41', '2016-08-23 18:54:41', '5ecf31f0-23e1-467c-ad93-adc6c05332ea'),
 ('13', '153', '3', '1', 'en_us', '3', '', '{\"typeId\":\"3\",\"authorId\":\"1\",\"title\":\"12 Days of Elves Season 2\",\"slug\":\"12-days-of-elves-season-2\",\"postDate\":1471977660,\"expiryDate\":null,\"enabled\":1,\"parentId\":\"\",\"fields\":{\"8\":\"#000000\",\"12\":\"\",\"4\":[\"111\"],\"6\":\"\",\"9\":\"#000000\",\"5\":\"\",\"13\":\"\",\"10\":\"\",\"11\":\"\",\"7\":\"https:\\/\\/vimeo.com\\/125355565\"}}', '2016-08-23 18:56:45', '2016-08-23 18:56:45', '2bf87a41-9a7e-431b-807b-b36b6a77a040'),
 ('14', '153', '3', '1', 'en_us', '4', '', '{\"typeId\":\"3\",\"authorId\":\"1\",\"title\":\"12 Days of Elves Season 2\",\"slug\":\"12-days-of-elves-season-2\",\"postDate\":1471977660,\"expiryDate\":null,\"enabled\":1,\"parentId\":\"\",\"fields\":{\"8\":\"#000000\",\"12\":\"\",\"4\":[\"111\"],\"6\":\"\",\"9\":\"#000000\",\"5\":\"\",\"13\":\"\",\"10\":\"\",\"11\":\"\",\"7\":\"https:\\/\\/vimeo.com\\/125355565\"}}', '2016-08-23 18:58:57', '2016-08-23 18:58:57', '8babb7d4-ccc3-42ec-ac4b-797b5316f6df'),
 ('15', '154', '3', '1', 'en_us', '1', '', '{\"typeId\":null,\"authorId\":\"1\",\"title\":\"12 Days of Elves Season 3\",\"slug\":\"12-days-of-elves-season-3\",\"postDate\":1471978800,\"expiryDate\":null,\"enabled\":1,\"parentId\":\"\",\"fields\":{\"8\":\"#000000\",\"12\":\"\",\"4\":[\"112\"],\"6\":\"\",\"9\":\"#000000\",\"5\":\"\",\"13\":\"\",\"10\":\"\",\"11\":\"\",\"7\":\"https:\\/\\/vimeo.com\\/153983786\"}}', '2016-08-23 19:00:00', '2016-08-23 19:00:00', 'fe397964-a1f8-4c1a-ac35-8becf2d2d7a2'),
 ('16', '155', '3', '1', 'en_us', '1', '', '{\"typeId\":null,\"authorId\":\"1\",\"title\":\"DELL Stop-motion Paper Cut\",\"slug\":\"dell-stop-motion-paper-cut\",\"postDate\":1471979400,\"expiryDate\":null,\"enabled\":1,\"parentId\":\"\",\"fields\":{\"8\":\"#000000\",\"12\":\"\",\"4\":[\"119\"],\"6\":\"\",\"9\":\"#000000\",\"5\":\"\",\"13\":\"\",\"10\":\"\",\"11\":\"\",\"7\":\"https:\\/\\/vimeo.com\\/137547607\"}}', '2016-08-23 19:10:00', '2016-08-23 19:10:00', 'ece0cb84-8373-49a0-bb5a-cd751f18e882'),
 ('17', '155', '3', '1', 'en_us', '2', '', '{\"typeId\":\"3\",\"authorId\":\"1\",\"title\":\"DELL Stop Motion Paper Cut\",\"slug\":\"dell-stop-motion-paper-cut\",\"postDate\":1471979400,\"expiryDate\":null,\"enabled\":1,\"parentId\":\"\",\"fields\":{\"8\":\"#000000\",\"12\":\"\",\"4\":[\"119\"],\"6\":\"\",\"9\":\"#000000\",\"5\":\"\",\"13\":\"\",\"10\":\"\",\"11\":\"\",\"7\":\"https:\\/\\/vimeo.com\\/137547607\"}}', '2016-08-23 19:10:38', '2016-08-23 19:10:38', 'a6f72706-bfdd-4fc3-a2b8-daa9b8247bc5'),
 ('18', '156', '3', '1', 'en_us', '1', '', '{\"typeId\":null,\"authorId\":\"1\",\"title\":\"Espn What Are You Doing New Year\\u2019s Eve\",\"slug\":\"espn-what-are-you-doing-new-years-eve\",\"postDate\":1471979497,\"expiryDate\":null,\"enabled\":1,\"parentId\":\"\",\"fields\":{\"8\":\"#000000\",\"12\":\"\",\"4\":[\"120\"],\"6\":\"\",\"9\":\"#000000\",\"5\":\"\",\"13\":\"\",\"10\":\"\",\"11\":\"\",\"7\":\"https:\\/\\/vimeo.com\\/150941184\"}}', '2016-08-23 19:11:37', '2016-08-23 19:11:37', 'bcc4126b-96ec-4421-b22b-496a6dd480ed'),
 ('19', '157', '3', '1', 'en_us', '1', '', '{\"typeId\":null,\"authorId\":\"1\",\"title\":\"BOSCH Stop The Roadkill\",\"slug\":\"bosch-stop-the-roadkill\",\"postDate\":1471979614,\"expiryDate\":null,\"enabled\":1,\"parentId\":\"\",\"fields\":{\"8\":\"#000000\",\"12\":\"\",\"4\":[\"113\"],\"6\":\"\",\"9\":\"#000000\",\"5\":\"\",\"13\":\"\",\"10\":\"\",\"11\":\"\",\"7\":\"https:\\/\\/vimeo.com\\/150945400\"}}', '2016-08-23 19:13:34', '2016-08-23 19:13:34', 'b60e4f98-69e1-4ea5-a77f-5212c100b2c6'),
 ('20', '158', '3', '1', 'en_us', '1', '', '{\"typeId\":null,\"authorId\":\"1\",\"title\":\"Foot Locker Endtag\",\"slug\":\"foot-locker-endtag\",\"postDate\":1471979899,\"expiryDate\":null,\"enabled\":1,\"parentId\":\"\",\"fields\":{\"8\":\"#000000\",\"12\":\"\",\"4\":[\"121\"],\"6\":\"\",\"9\":\"#000000\",\"5\":\"\",\"13\":\"\",\"10\":\"\",\"11\":\"\",\"7\":\"https:\\/\\/vimeo.com\\/150948152\"}}', '2016-08-23 19:18:20', '2016-08-23 19:18:20', 'eac5fa36-1a60-4f4f-abdb-2ac07c879d65'),
 ('21', '159', '3', '1', 'en_us', '1', '', '{\"typeId\":null,\"authorId\":\"1\",\"title\":\"Navy Federal Credit Union Our Members Make Us\",\"slug\":\"navy-federal-credit-union-our-members-make-us\",\"postDate\":1471979930,\"expiryDate\":null,\"enabled\":1,\"parentId\":\"\",\"fields\":{\"8\":\"#000000\",\"12\":\"\",\"4\":[\"128\"],\"6\":\"\",\"9\":\"#000000\",\"5\":\"\",\"13\":\"\",\"10\":\"\",\"11\":\"\",\"7\":\"https:\\/\\/vimeo.com\\/151098650\"}}', '2016-08-23 19:18:51', '2016-08-23 19:18:51', 'a1610713-f531-4edc-9653-d08ec5fb751b'),
 ('22', '160', '3', '1', 'en_us', '1', '', '{\"typeId\":null,\"authorId\":\"1\",\"title\":\"Cranks and Gulps\",\"slug\":\"cranks-and-gulps\",\"postDate\":1471980031,\"expiryDate\":null,\"enabled\":1,\"parentId\":\"\",\"fields\":{\"8\":\"#000000\",\"12\":\"\",\"4\":[\"118\"],\"6\":\"\",\"9\":\"#000000\",\"5\":\"\",\"13\":\"\",\"10\":\"\",\"11\":\"\",\"7\":\"https:\\/\\/vimeo.com\\/125407982\"}}', '2016-08-23 19:20:31', '2016-08-23 19:20:31', '6ad5ba8f-7dcd-45c5-8a27-5cb33e485094'),
 ('23', '161', '3', '1', 'en_us', '1', '', '{\"typeId\":null,\"authorId\":\"1\",\"title\":\"Herm\\u00e8s Noel\",\"slug\":\"herm\\u00e8s-noel\",\"postDate\":1471980148,\"expiryDate\":null,\"enabled\":1,\"parentId\":\"\",\"fields\":{\"8\":\"#000000\",\"12\":\"\",\"4\":[\"125\"],\"6\":\"\",\"9\":\"#000000\",\"5\":\"\",\"13\":\"\",\"10\":\"\",\"11\":\"\",\"7\":\"https:\\/\\/vimeo.com\\/125408376\"}}', '2016-08-23 19:22:28', '2016-08-23 19:22:28', 'dde45f91-49b7-4fa4-91ff-f9fb622dfef6'),
 ('24', '162', '3', '1', 'en_us', '1', '', '{\"typeId\":null,\"authorId\":\"1\",\"title\":\"Rush in the Kitchen\",\"slug\":\"rush-in-the-kitchen\",\"postDate\":1471980185,\"expiryDate\":null,\"enabled\":1,\"parentId\":\"\",\"fields\":{\"8\":\"#000000\",\"12\":\"\",\"4\":[\"131\"],\"6\":\"\",\"9\":\"#000000\",\"5\":\"\",\"13\":\"\",\"10\":\"\",\"11\":\"\",\"7\":\"https:\\/\\/vimeo.com\\/123798333\"}}', '2016-08-23 19:23:05', '2016-08-23 19:23:05', 'c07b996b-f080-419e-8022-a641d574f77a'),
 ('25', '162', '3', '1', 'en_us', '2', '', '{\"typeId\":\"3\",\"authorId\":\"1\",\"title\":\"Rush In The Kitchen\",\"slug\":\"rush-in-the-kitchen\",\"postDate\":1471980180,\"expiryDate\":null,\"enabled\":1,\"parentId\":\"\",\"fields\":{\"8\":\"#000000\",\"12\":\"\",\"4\":[\"131\"],\"6\":\"\",\"9\":\"#000000\",\"5\":\"\",\"13\":\"\",\"10\":\"\",\"11\":\"\",\"7\":\"https:\\/\\/vimeo.com\\/123798333\"}}', '2016-08-23 19:23:19', '2016-08-23 19:23:19', '15d08323-7585-4791-9f6c-f431d914f749'),
 ('26', '163', '3', '1', 'en_us', '1', '', '{\"typeId\":null,\"authorId\":\"1\",\"title\":\"Melvin In The Moon\",\"slug\":\"melvin-in-the-moon\",\"postDate\":1471980234,\"expiryDate\":null,\"enabled\":1,\"parentId\":\"\",\"fields\":{\"8\":\"#000000\",\"12\":\"\",\"4\":[\"127\"],\"6\":\"\",\"9\":\"#000000\",\"5\":\"\",\"13\":\"\",\"10\":\"\",\"11\":\"\",\"7\":\"https:\\/\\/vimeo.com\\/123800834\"}}', '2016-08-23 19:23:54', '2016-08-23 19:23:54', 'cd0e8604-87cf-452d-8abb-c10bc020f1cc'),
 ('27', '164', '3', '1', 'en_us', '1', '', '{\"typeId\":null,\"authorId\":\"1\",\"title\":\"McDonald\'s Cracker\",\"slug\":\"mcdonalds-cracker\",\"postDate\":1471980267,\"expiryDate\":null,\"enabled\":1,\"parentId\":\"\",\"fields\":{\"8\":\"#000000\",\"12\":\"\",\"4\":[\"126\"],\"6\":\"\",\"9\":\"#000000\",\"5\":\"\",\"13\":\"\",\"10\":\"\",\"11\":\"\",\"7\":\"https:\\/\\/vimeo.com\\/123803279\"}}', '2016-08-23 19:24:27', '2016-08-23 19:24:27', 'b11d22f6-9580-45be-a21c-ca5d16ade359'),
 ('28', '165', '3', '1', 'en_us', '1', '', '{\"typeId\":null,\"authorId\":\"1\",\"title\":\"Tim Horton Ice Capp Think Happy\",\"slug\":\"tim-horton-ice-capp-think-happy\",\"postDate\":1471980290,\"expiryDate\":null,\"enabled\":1,\"parentId\":\"\",\"fields\":{\"8\":\"#000000\",\"12\":\"\",\"4\":[\"132\"],\"6\":\"\",\"9\":\"#000000\",\"5\":\"\",\"13\":\"\",\"10\":\"\",\"11\":\"\",\"7\":\"https:\\/\\/vimeo.com\\/138810470\"}}', '2016-08-23 19:24:50', '2016-08-23 19:24:50', '02e79150-f068-475a-8f87-cd89ba9bbff9'),
 ('29', '166', '3', '1', 'en_us', '1', '', '{\"typeId\":null,\"authorId\":\"1\",\"title\":\"Google Teamwork\",\"slug\":\"google-teamwork\",\"postDate\":1471980313,\"expiryDate\":null,\"enabled\":1,\"parentId\":\"\",\"fields\":{\"8\":\"#000000\",\"12\":\"\",\"4\":[\"122\"],\"6\":\"\",\"9\":\"#000000\",\"5\":\"\",\"13\":\"\",\"10\":\"\",\"11\":\"\",\"7\":\"https:\\/\\/vimeo.com\\/130595491\"}}', '2016-08-23 19:25:14', '2016-08-23 19:25:14', '7c33924b-f442-4e1d-b049-61b5d514b180'),
 ('30', '167', '3', '1', 'en_us', '1', '', '{\"typeId\":null,\"authorId\":\"1\",\"title\":\"Randy and Fox\",\"slug\":\"randy-and-fox\",\"postDate\":1471980342,\"expiryDate\":null,\"enabled\":1,\"parentId\":\"\",\"fields\":{\"8\":\"#000000\",\"12\":\"\",\"4\":[\"130\"],\"6\":\"\",\"9\":\"#000000\",\"5\":\"\",\"13\":\"\",\"10\":\"\",\"11\":\"\",\"7\":\"https:\\/\\/vimeo.com\\/130579426\"}}', '2016-08-23 19:25:42', '2016-08-23 19:25:42', '748dcae6-355a-42bc-a8d9-b864ffeda4cd'),
 ('31', '168', '3', '1', 'en_us', '1', '', '{\"typeId\":null,\"authorId\":\"1\",\"title\":\"BOSSA Logo Animation\",\"slug\":\"bossa-logo-animation\",\"postDate\":1471980369,\"expiryDate\":null,\"enabled\":1,\"parentId\":\"\",\"fields\":{\"8\":\"#000000\",\"12\":\"\",\"4\":[\"114\"],\"6\":\"\",\"9\":\"#000000\",\"5\":\"\",\"13\":\"\",\"10\":\"\",\"11\":\"\",\"7\":\"https:\\/\\/vimeo.com\\/131025850\"}}', '2016-08-23 19:26:09', '2016-08-23 19:26:09', '6ba298e7-7fc8-44e9-be5d-2b2a12b47ad6'),
 ('32', '169', '3', '1', 'en_us', '1', '', '{\"typeId\":null,\"authorId\":\"1\",\"title\":\"Follow The Sock\",\"slug\":\"follow-the-sock\",\"postDate\":1471980399,\"expiryDate\":null,\"enabled\":1,\"parentId\":\"\",\"fields\":{\"8\":\"#000000\",\"12\":\"\",\"4\":[\"123\"],\"6\":\"\",\"9\":\"#000000\",\"5\":\"\",\"13\":\"\",\"10\":\"\",\"11\":\"\",\"7\":\"https:\\/\\/vimeo.com\\/131262394\"}}', '2016-08-23 19:26:39', '2016-08-23 19:26:39', 'cb896a24-7c43-48f7-82f0-ca0d2b1c077c'),
 ('33', '170', '3', '1', 'en_us', '1', '', '{\"typeId\":null,\"authorId\":\"1\",\"title\":\"Toadpipe Short Film\",\"slug\":\"toadpipe-short-film\",\"postDate\":1471980447,\"expiryDate\":null,\"enabled\":1,\"parentId\":\"\",\"fields\":{\"8\":\"#000000\",\"12\":\"\",\"4\":[\"133\"],\"6\":\"\",\"9\":\"#000000\",\"5\":\"\",\"13\":\"\",\"10\":\"\",\"11\":\"\",\"7\":\"https:\\/\\/vimeo.com\\/131049931\"}}', '2016-08-23 19:27:27', '2016-08-23 19:27:27', '1c2853d5-4c3d-488e-ae87-c51aae0f75ec'),
 ('34', '171', '3', '1', 'en_us', '1', '', '{\"typeId\":null,\"authorId\":\"1\",\"title\":\"Foot Models\",\"slug\":\"foot-models\",\"postDate\":1471980482,\"expiryDate\":null,\"enabled\":1,\"parentId\":\"\",\"fields\":{\"8\":\"#000000\",\"12\":\"\",\"4\":[\"129\"],\"6\":\"\",\"9\":\"#000000\",\"5\":\"\",\"13\":\"\",\"10\":\"\",\"11\":\"\",\"7\":\"https:\\/\\/vimeo.com\\/130580839\"}}', '2016-08-23 19:28:02', '2016-08-23 19:28:02', '23244063-3d5e-4319-96d7-f2929e471808'),
 ('35', '172', '3', '1', 'en_us', '1', '', '{\"typeId\":null,\"authorId\":\"1\",\"title\":\"Hardboil\",\"slug\":\"hardboil\",\"postDate\":1471980571,\"expiryDate\":null,\"enabled\":1,\"parentId\":\"\",\"fields\":{\"8\":\"#000000\",\"12\":\"\",\"4\":[\"124\"],\"6\":\"\",\"9\":\"#000000\",\"5\":\"\",\"13\":\"\",\"10\":\"\",\"11\":\"\",\"7\":\"https:\\/\\/vimeo.com\\/131731162\"}}', '2016-08-23 19:29:31', '2016-08-23 19:29:31', 'b303d2fb-d735-4a4e-9fbc-9c46f992ffef'),
 ('36', '173', '3', '1', 'en_us', '1', '', '{\"typeId\":null,\"authorId\":\"1\",\"title\":\"Count Down for Hornet\",\"slug\":\"count-down-for-hornet\",\"postDate\":1471980597,\"expiryDate\":null,\"enabled\":1,\"parentId\":\"\",\"fields\":{\"8\":\"#000000\",\"12\":\"\",\"4\":[\"117\"],\"6\":\"\",\"9\":\"#000000\",\"5\":\"\",\"13\":\"\",\"10\":\"\",\"11\":\"\",\"7\":\"https:\\/\\/vimeo.com\\/131724740\"}}', '2016-08-23 19:29:57', '2016-08-23 19:29:57', '3687ded3-707e-43d4-b1e5-a8c2e7ea5d00'),
 ('37', '174', '3', '1', 'en_us', '1', '', '{\"typeId\":null,\"authorId\":\"1\",\"title\":\"Cartoon Network\",\"slug\":\"cartoon-network\",\"postDate\":1471980637,\"expiryDate\":null,\"enabled\":1,\"parentId\":\"\",\"fields\":{\"8\":\"#000000\",\"12\":\"\",\"4\":[\"115\"],\"6\":\"\",\"9\":\"#000000\",\"5\":\"\",\"13\":\"\",\"10\":\"\",\"11\":\"\",\"7\":\"https:\\/\\/vimeo.com\\/151167361\"}}', '2016-08-23 19:30:37', '2016-08-23 19:30:37', '2e02444e-b9f5-4566-a1e2-751b8f64efc9'),
 ('38', '175', '3', '1', 'en_us', '1', '', '{\"typeId\":null,\"authorId\":\"1\",\"title\":\"Ogilvy & Mather CGCC 10th Anniversary\",\"slug\":\"ogilvy-mather-cgcc-10th-anniversary\",\"postDate\":1471980674,\"expiryDate\":null,\"enabled\":1,\"parentId\":\"\",\"fields\":{\"8\":\"#000000\",\"12\":\"\",\"4\":[\"116\"],\"6\":\"\",\"9\":\"#000000\",\"5\":\"\",\"13\":\"\",\"10\":\"\",\"11\":\"\",\"7\":\"https:\\/\\/vimeo.com\\/161222078\"}}', '2016-08-23 19:31:14', '2016-08-23 19:31:14', 'a4217234-ec5b-4596-9f21-14a2100b130d'),
 ('39', '176', '4', '1', 'en_us', '1', '', '{\"typeId\":\"6\",\"authorId\":\"1\",\"title\":\"Heavy, Light, and I\",\"slug\":\"heavy-light-and-i\",\"postDate\":1471980834,\"expiryDate\":null,\"enabled\":1,\"parentId\":\"\",\"fields\":{\"8\":\"#000000\",\"4\":\"\",\"6\":\"\",\"9\":\"#000000\",\"5\":\"\"}}', '2016-08-23 19:33:54', '2016-08-23 19:33:54', '1b79d9ca-81e8-40f4-8be5-1a56eb15ef8d'),
 ('40', '176', '4', '1', 'en_us', '2', '', '{\"typeId\":\"6\",\"authorId\":\"1\",\"title\":\"Heavy, Light, and I\",\"slug\":\"heavy-light-and-i\",\"postDate\":1471980780,\"expiryDate\":null,\"enabled\":1,\"parentId\":\"\",\"fields\":{\"8\":\"#eae6e3\",\"4\":[\"101\"],\"6\":\"\",\"9\":\"#393939\",\"5\":[\"138\"]}}', '2016-08-23 19:40:25', '2016-08-23 19:40:25', '1f847e77-8c31-4fc9-84cb-6057618900b1'),
 ('41', '176', '4', '1', 'en_us', '3', '', '{\"typeId\":\"6\",\"authorId\":\"1\",\"title\":\"Heavy, Light, and I\",\"slug\":\"heavy-light-and-i\",\"postDate\":1471980780,\"expiryDate\":null,\"enabled\":1,\"parentId\":\"\",\"fields\":{\"8\":\"#eae6e3\",\"4\":[\"101\"],\"6\":\"\",\"9\":\"#393939\",\"5\":[\"138\"]}}', '2016-08-23 19:40:28', '2016-08-23 19:40:28', '06096ebc-27f0-4d3e-9130-e653b51be11b'),
 ('42', '177', '4', '1', 'en_us', '1', '', '{\"typeId\":\"6\",\"authorId\":\"1\",\"title\":\"Map to SVA\",\"slug\":\"map-to-sva\",\"postDate\":1471981270,\"expiryDate\":null,\"enabled\":1,\"parentId\":\"\",\"fields\":{\"8\":\"#8da101\",\"4\":[\"103\"],\"6\":\"\",\"9\":\"#8d1804\",\"5\":[\"145\"]}}', '2016-08-23 19:41:10', '2016-08-23 19:41:10', 'a7d04519-01b9-4c92-8076-3121bfc56863'),
 ('43', '178', '4', '1', 'en_us', '1', '', '{\"typeId\":\"6\",\"authorId\":\"1\",\"title\":\"Purity\",\"slug\":\"purity\",\"postDate\":1471981329,\"expiryDate\":null,\"enabled\":1,\"parentId\":\"\",\"fields\":{\"8\":\"#ac1e12\",\"4\":[\"104\"],\"6\":\"\",\"9\":\"#d1b792\",\"5\":[\"146\"]}}', '2016-08-23 19:42:09', '2016-08-23 19:42:09', 'ef68afd6-7a1b-4a15-b0df-2debb84a663a'),
 ('44', '179', '4', '1', 'en_us', '1', '', '{\"typeId\":\"6\",\"authorId\":\"1\",\"title\":\"Jack and Jill\",\"slug\":\"jack-and-jill\",\"postDate\":1471981385,\"expiryDate\":null,\"enabled\":1,\"parentId\":\"\",\"fields\":{\"8\":\"#2a2e1f\",\"4\":[\"102\"],\"6\":\"\",\"9\":\"#e1c596\",\"5\":[\"139\",\"140\",\"141\",\"142\",\"143\",\"144\"]}}', '2016-08-23 19:43:06', '2016-08-23 19:43:06', 'f983219d-6e8b-46fa-a7a8-d0950334dd42'),
 ('45', '180', '4', '1', 'en_us', '1', '', '{\"typeId\":\"4\",\"authorId\":\"1\",\"title\":\"Musical Oranges\",\"slug\":\"musical-oranges\",\"postDate\":1471981448,\"expiryDate\":null,\"enabled\":1,\"parentId\":\"\",\"fields\":{\"8\":\"#fcb13a\",\"4\":[\"110\"],\"6\":\"\",\"9\":\"#15141d\",\"7\":\"https:\\/\\/vimeo.com\\/39172872\"}}', '2016-08-23 19:44:08', '2016-08-23 19:44:08', 'd69802d5-cd5a-443e-9c50-dec8a6f5512b'),
 ('46', '176', '4', '1', 'en_us', '4', '', '{\"typeId\":\"6\",\"authorId\":\"1\",\"title\":\"Heavy, Light, and I\",\"slug\":\"heavy-light-and-i\",\"postDate\":1471980780,\"expiryDate\":null,\"enabled\":1,\"parentId\":\"\",\"fields\":{\"8\":\"#eae6e3\",\"4\":[\"101\"],\"6\":\"\",\"9\":\"#393939\",\"5\":[\"138\"],\"14\":[\"181\"]}}', '2016-08-23 19:48:13', '2016-08-23 19:48:13', 'edb13341-7211-4238-b2a8-03ce1f9beb62'),
 ('47', '176', '4', '1', 'en_us', '5', '', '{\"typeId\":\"6\",\"authorId\":\"1\",\"title\":\"Heavy, Light, and I\",\"slug\":\"heavy-light-and-i\",\"postDate\":1471980780,\"expiryDate\":null,\"enabled\":1,\"parentId\":\"\",\"fields\":{\"8\":\"#eae6e3\",\"4\":[\"101\"],\"6\":\"\",\"9\":\"#393939\",\"5\":[\"138\"],\"14\":[\"181\"]}}', '2016-08-23 19:48:17', '2016-08-23 19:48:17', 'f3a266d2-4a21-4afb-b121-00328f1e280f'),
 ('48', '177', '4', '1', 'en_us', '2', '', '{\"typeId\":\"6\",\"authorId\":\"1\",\"title\":\"Map to SVA\",\"slug\":\"map-to-sva\",\"postDate\":1471981260,\"expiryDate\":null,\"enabled\":1,\"parentId\":\"\",\"fields\":{\"8\":\"#8da101\",\"4\":[\"103\"],\"6\":\"\",\"9\":\"#8d1804\",\"5\":[\"145\"],\"14\":[\"181\"]}}', '2016-08-23 19:48:25', '2016-08-23 19:48:25', '4ba08c3c-fa8a-453b-9090-965efa4d78c3'),
 ('49', '178', '4', '1', 'en_us', '2', '', '{\"typeId\":\"6\",\"authorId\":\"1\",\"title\":\"Purity\",\"slug\":\"purity\",\"postDate\":1471981320,\"expiryDate\":null,\"enabled\":1,\"parentId\":\"\",\"fields\":{\"8\":\"#ac1e12\",\"4\":[\"104\"],\"6\":\"\",\"9\":\"#d1b792\",\"5\":[\"146\"],\"14\":[\"181\"]}}', '2016-08-23 19:48:54', '2016-08-23 19:48:54', '43fd081f-1b9c-4920-ad96-be4ff63153f2'),
 ('50', '176', '4', '1', 'en_us', '6', '', '{\"typeId\":\"6\",\"authorId\":\"1\",\"title\":\"Heavy, Light, and I\",\"slug\":\"heavy-light-and-i\",\"postDate\":1471980780,\"expiryDate\":null,\"enabled\":1,\"parentId\":\"\",\"fields\":{\"8\":\"#eae6e3\",\"15\":[\"182\"],\"4\":[\"101\"],\"6\":\"\",\"9\":\"#393939\",\"5\":[\"138\"],\"14\":\"\"}}', '2016-08-23 19:52:45', '2016-08-23 19:52:45', '72be628f-6b25-4d98-b814-e151be0d1983'),
 ('51', '177', '4', '1', 'en_us', '3', '', '{\"typeId\":\"6\",\"authorId\":\"1\",\"title\":\"Map to SVA\",\"slug\":\"map-to-sva\",\"postDate\":1471981260,\"expiryDate\":null,\"enabled\":1,\"parentId\":\"\",\"fields\":{\"8\":\"#8da101\",\"15\":[\"182\"],\"4\":[\"103\"],\"6\":\"\",\"9\":\"#8d1804\",\"5\":[\"145\"]}}', '2016-08-23 19:53:36', '2016-08-23 19:53:36', '11908871-cec9-426f-8329-848fca096d58'),
 ('52', '178', '4', '1', 'en_us', '3', '', '{\"typeId\":\"6\",\"authorId\":\"1\",\"title\":\"Purity\",\"slug\":\"purity\",\"postDate\":1471981320,\"expiryDate\":null,\"enabled\":1,\"parentId\":\"\",\"fields\":{\"8\":\"#ac1e12\",\"15\":[\"182\"],\"4\":[\"104\"],\"6\":\"\",\"9\":\"#d1b792\",\"5\":[\"146\"]}}', '2016-08-23 19:53:44', '2016-08-23 19:53:44', '64b9ce06-53cd-4353-8e99-ce05f0dab457'),
 ('53', '179', '4', '1', 'en_us', '2', '', '{\"typeId\":\"6\",\"authorId\":\"1\",\"title\":\"Jack and Jill\",\"slug\":\"jack-and-jill\",\"postDate\":1471981380,\"expiryDate\":null,\"enabled\":1,\"parentId\":\"\",\"fields\":{\"8\":\"#2a2e1f\",\"15\":[\"183\",\"185\"],\"4\":[\"102\"],\"6\":\"\",\"9\":\"#e1c596\",\"5\":[\"139\",\"140\",\"141\",\"142\",\"143\",\"144\"]}}', '2016-08-23 19:56:12', '2016-08-23 19:56:12', 'ac6a17f1-be2e-4fb5-bc98-6146cdf085aa'),
 ('54', '180', '4', '1', 'en_us', '2', '', '{\"typeId\":\"4\",\"authorId\":\"1\",\"title\":\"Musical Oranges\",\"slug\":\"musical-oranges\",\"postDate\":1471981440,\"expiryDate\":null,\"enabled\":1,\"parentId\":\"\",\"fields\":{\"8\":\"#fcb13a\",\"15\":[\"184\"],\"4\":[\"110\"],\"6\":\"\",\"9\":\"#15141d\",\"7\":\"https:\\/\\/vimeo.com\\/39172872\"}}', '2016-08-23 19:56:22', '2016-08-23 19:56:22', 'cf35b6a0-9a47-43f8-abed-3350fb7b6cdb'),
 ('55', '186', '4', '1', 'en_us', '1', '', '{\"typeId\":\"6\",\"authorId\":\"1\",\"title\":\"Red\",\"slug\":\"red\",\"postDate\":1471982269,\"expiryDate\":null,\"enabled\":1,\"parentId\":\"\",\"fields\":{\"8\":\"#929292\",\"15\":[\"182\"],\"4\":[\"107\"],\"6\":\"\",\"9\":\"#5b0e0e\",\"5\":[\"147\"]}}', '2016-08-23 19:57:49', '2016-08-23 19:57:49', 'a32e6499-04d0-468c-8fc9-5bc19e7928fc'),
 ('56', '186', '4', '1', 'en_us', '2', '', '{\"typeId\":\"6\",\"authorId\":\"1\",\"title\":\"Red\",\"slug\":\"red\",\"postDate\":1471982220,\"expiryDate\":null,\"enabled\":1,\"parentId\":\"\",\"fields\":{\"8\":\"#929292\",\"15\":[\"182\"],\"4\":[\"107\"],\"6\":\"\",\"9\":\"#5b0e0e\",\"5\":[\"147\"]}}', '2016-08-23 19:57:51', '2016-08-23 19:57:51', '990eab85-2a34-41c0-8408-165d6d7928fc'),
 ('57', '187', '4', '1', 'en_us', '1', '', '{\"typeId\":\"6\",\"authorId\":\"1\",\"title\":\"Time\",\"slug\":\"time\",\"postDate\":1471982310,\"expiryDate\":null,\"enabled\":1,\"parentId\":\"\",\"fields\":{\"8\":\"#070707\",\"15\":[\"182\"],\"4\":[\"109\"],\"6\":\"\",\"9\":\"#eca400\",\"5\":[\"149\"]}}', '2016-08-23 19:58:30', '2016-08-23 19:58:30', '2c0bc864-b6a6-4af3-b2f2-f5efcb3a5ae1'),
 ('58', '188', '4', '1', 'en_us', '1', '', '{\"typeId\":\"6\",\"authorId\":\"1\",\"title\":\"Self Tree\",\"slug\":\"self-tree\",\"postDate\":1471982354,\"expiryDate\":null,\"enabled\":1,\"parentId\":\"\",\"fields\":{\"8\":\"#19473d\",\"15\":[\"182\"],\"4\":[\"108\"],\"6\":\"\",\"9\":\"#93580b\",\"5\":[\"148\"]}}', '2016-08-23 19:59:14', '2016-08-23 19:59:14', '80be600a-57c2-4eeb-9502-4a434f34c429'),
 ('59', '189', '4', '1', 'en_us', '1', '', '{\"typeId\":\"6\",\"authorId\":\"1\",\"title\":\"Head\",\"slug\":\"head\",\"postDate\":1471982396,\"expiryDate\":null,\"enabled\":1,\"parentId\":\"\",\"fields\":{\"8\":\"#1a100e\",\"15\":[\"183\"],\"4\":[\"106\"],\"6\":\"\",\"9\":\"#805c33\",\"5\":[\"135\",\"136\",\"137\"]}}', '2016-08-23 19:59:56', '2016-08-23 19:59:56', 'faefb90d-2469-4187-a8a4-2b349cd041d6'),
 ('60', '190', '4', '1', 'en_us', '1', '', '{\"typeId\":\"6\",\"authorId\":\"1\",\"title\":\"Birth To Die\",\"slug\":\"birth-to-die\",\"postDate\":1471982485,\"expiryDate\":null,\"enabled\":1,\"parentId\":\"\",\"fields\":{\"8\":\"#b36561\",\"15\":[\"183\"],\"4\":[\"105\"],\"6\":\"\",\"9\":\"#d3d9d3\",\"5\":[\"134\"]}}', '2016-08-23 20:01:25', '2016-08-23 20:01:25', '12c5416d-5425-4917-88f4-579034306ee6'),
 ('61', '179', '4', '1', 'en_us', '3', '', '{\"typeId\":\"6\",\"authorId\":\"1\",\"title\":\"Jack and Jill\",\"slug\":\"jack-and-jill\",\"postDate\":1471981380,\"expiryDate\":null,\"enabled\":1,\"parentId\":\"\",\"fields\":{\"8\":\"#2a2e1f\",\"15\":[\"183\"],\"4\":[\"102\"],\"6\":\"\",\"9\":\"#e1c596\",\"5\":[\"139\",\"140\",\"141\",\"142\",\"143\",\"144\"]}}', '2016-08-23 20:02:03', '2016-08-23 20:02:03', 'a3b25793-c2fc-4462-bc23-e55aca0c3aa6'),
 ('62', '195', '5', '1', 'en_us', '1', NULL, '{\"typeId\":\"7\",\"authorId\":null,\"title\":\"Commercial Works Page\",\"slug\":\"commercial-works-page\",\"postDate\":1490151606,\"expiryDate\":null,\"enabled\":1,\"parentId\":null,\"fields\":[]}', '2017-03-22 03:00:06', '2017-03-22 03:00:06', '1cc80dba-ad21-4488-8469-939f8f08da6f'),
 ('63', '196', '6', '1', 'en_us', '1', NULL, '{\"typeId\":\"8\",\"authorId\":null,\"title\":\"Indie Works Page\",\"slug\":\"indie-works-page\",\"postDate\":1490151745,\"expiryDate\":null,\"enabled\":1,\"parentId\":null,\"fields\":[]}', '2017-03-22 03:02:25', '2017-03-22 03:02:25', '68586d52-b265-49bc-ba4c-21ee320996c7'),
 ('64', '180', '4', '1', 'en_us', '3', '', '{\"typeId\":\"6\",\"authorId\":\"1\",\"title\":\"Musical Oranges\",\"slug\":\"musical-oranges\",\"postDate\":1471981440,\"expiryDate\":null,\"enabled\":1,\"parentId\":\"\",\"fields\":{\"8\":\"#fcb13a\",\"15\":[\"184\"],\"4\":[\"110\"],\"6\":\"\",\"9\":\"#15141d\",\"5\":\"\",\"7\":\"https:\\/\\/vimeo.com\\/39172872\"}}', '2017-03-23 00:55:39', '2017-03-23 00:55:39', 'aa4589c8-7f63-477f-9a50-e4633deb08d0'),
 ('65', '177', '4', '1', 'en_us', '4', '', '{\"typeId\":\"6\",\"authorId\":\"1\",\"title\":\"Map to SVA\",\"slug\":\"map-to-sva\",\"postDate\":1471981260,\"expiryDate\":null,\"enabled\":1,\"parentId\":\"\",\"fields\":{\"8\":\"#8da101\",\"15\":[\"182\"],\"4\":[\"103\"],\"6\":\"\",\"9\":\"#8d1804\",\"5\":[\"145\"],\"7\":\"\"}}', '2017-03-23 01:02:50', '2017-03-23 01:02:50', '82e2840c-0bb9-4765-bc69-0b4bb1553478'),
 ('66', '176', '4', '1', 'en_us', '7', '', '{\"typeId\":\"6\",\"authorId\":\"1\",\"title\":\"Heavy, Light, and I\",\"slug\":\"heavy-light-and-i\",\"postDate\":1471980780,\"expiryDate\":null,\"enabled\":1,\"parentId\":\"\",\"fields\":{\"8\":\"#eae6e3\",\"15\":[\"182\"],\"4\":[\"101\"],\"6\":\"<p>Lorem Ipsum is simply dummy text of the printing and typesetting industry. Lorem Ipsum has been the industry\'s standard dummy text ever since the 1500s, when an unknown printer took a galley of type and scrambled it to make a type specimen book.<\\/p>\",\"9\":\"#393939\",\"5\":[\"138\"],\"7\":\"\"}}', '2017-03-27 04:37:56', '2017-03-27 04:37:56', '38276b9b-046f-489b-8fb1-3984ac9ed4b9'),
 ('67', '177', '4', '1', 'en_us', '5', '', '{\"typeId\":\"6\",\"authorId\":\"1\",\"title\":\"Map to SVA\",\"slug\":\"map-to-sva\",\"postDate\":1471981260,\"expiryDate\":null,\"enabled\":1,\"parentId\":\"\",\"fields\":{\"8\":\"#8da101\",\"15\":[\"182\"],\"4\":[\"103\"],\"6\":\"<p>Lorem Ipsum is simply dummy text of the printing and typesetting industry. Lorem Ipsum has been the industry\'s standard dummy text ever since the 1500s, when an unknown printer took a galley of type and scrambled it to make a type specimen book.<\\/p>\",\"9\":\"#8d1804\",\"5\":[\"145\"],\"7\":\"\"}}', '2017-03-27 04:38:06', '2017-03-27 04:38:06', 'b66afd1c-9de1-49cd-95ee-5a878a66e50d'),
 ('68', '178', '4', '1', 'en_us', '4', '', '{\"typeId\":\"6\",\"authorId\":\"1\",\"title\":\"Purity\",\"slug\":\"purity\",\"postDate\":1471981320,\"expiryDate\":null,\"enabled\":1,\"parentId\":\"\",\"fields\":{\"8\":\"#ac1e12\",\"15\":[\"182\"],\"4\":[\"104\"],\"6\":\"<p>Lorem Ipsum is simply dummy text of the printing and typesetting industry. Lorem Ipsum has been the industry\'s standard dummy text ever since the 1500s, when an unknown printer took a galley of type and scrambled it to make a type specimen book.<\\/p>\",\"9\":\"#d1b792\",\"5\":[\"146\"],\"7\":\"\"}}', '2017-03-27 04:38:24', '2017-03-27 04:38:24', '66126056-3a7e-499a-9ce8-b5cea44ae373'),
 ('69', '179', '4', '1', 'en_us', '4', '', '{\"typeId\":\"6\",\"authorId\":\"1\",\"title\":\"Jack and Jill\",\"slug\":\"jack-and-jill\",\"postDate\":1471981380,\"expiryDate\":null,\"enabled\":1,\"parentId\":\"\",\"fields\":{\"8\":\"#2a2e1f\",\"15\":[\"183\"],\"4\":[\"102\"],\"6\":\"<p>Lorem Ipsum is simply dummy text of the printing and typesetting industry. Lorem Ipsum has been the industry\'s standard dummy text ever since the 1500s, when an unknown printer took a galley of type and scrambled it to make a type specimen book.<\\/p>\",\"9\":\"#e1c596\",\"5\":[\"139\",\"140\",\"141\",\"142\",\"143\",\"144\"],\"7\":\"\"}}', '2017-03-27 04:38:31', '2017-03-27 04:38:31', 'c339fefe-d6a7-4f8b-9f73-d48ae2bb39fa'),
 ('70', '180', '4', '1', 'en_us', '4', '', '{\"typeId\":\"6\",\"authorId\":\"1\",\"title\":\"Musical Oranges\",\"slug\":\"musical-oranges\",\"postDate\":1471981440,\"expiryDate\":null,\"enabled\":1,\"parentId\":\"\",\"fields\":{\"8\":\"#fcb13a\",\"15\":[\"184\"],\"4\":[\"110\"],\"6\":\"<p>Lorem Ipsum is simply dummy text of the printing and typesetting industry. Lorem Ipsum has been the industry\'s standard dummy text ever since the 1500s, when an unknown printer took a galley of type and scrambled it to make a type specimen book.<\\/p>\",\"9\":\"#15141d\",\"5\":\"\",\"7\":\"https:\\/\\/vimeo.com\\/39172872\"}}', '2017-03-27 04:38:41', '2017-03-27 04:38:41', '863250eb-9e91-40a7-a0f8-35bdfbe7c2db'),
 ('71', '186', '4', '1', 'en_us', '3', '', '{\"typeId\":\"6\",\"authorId\":\"1\",\"title\":\"Red\",\"slug\":\"red\",\"postDate\":1471982220,\"expiryDate\":null,\"enabled\":1,\"parentId\":\"\",\"fields\":{\"8\":\"#929292\",\"15\":[\"182\"],\"4\":[\"107\"],\"6\":\"<p>Lorem Ipsum is simply dummy text of the printing and typesetting industry. Lorem Ipsum has been the industry\'s standard dummy text ever since the 1500s, when an unknown printer took a galley of type and scrambled it to make a type specimen book.<\\/p>\",\"9\":\"#5b0e0e\",\"5\":[\"147\"],\"7\":\"\"}}', '2017-03-27 04:39:03', '2017-03-27 04:39:03', '5c099c25-f03a-44a2-a701-83b364679126'),
 ('72', '187', '4', '1', 'en_us', '2', '', '{\"typeId\":\"6\",\"authorId\":\"1\",\"title\":\"Time\",\"slug\":\"time\",\"postDate\":1471982280,\"expiryDate\":null,\"enabled\":1,\"parentId\":\"\",\"fields\":{\"8\":\"#070707\",\"15\":[\"182\"],\"4\":[\"109\"],\"6\":\"<p>Lorem Ipsum is simply dummy text of the printing and typesetting industry. Lorem Ipsum has been the industry\'s standard dummy text ever since the 1500s, when an unknown printer took a galley of type and scrambled it to make a type specimen book.<\\/p>\",\"9\":\"#eca400\",\"5\":[\"149\"],\"7\":\"\"}}', '2017-03-27 04:39:12', '2017-03-27 04:39:12', 'ea4984c5-25fa-48ad-968b-c32dad5cbb4b'),
 ('73', '188', '4', '1', 'en_us', '2', '', '{\"typeId\":\"6\",\"authorId\":\"1\",\"title\":\"Self Tree\",\"slug\":\"self-tree\",\"postDate\":1471982340,\"expiryDate\":null,\"enabled\":1,\"parentId\":\"\",\"fields\":{\"8\":\"#19473d\",\"15\":[\"182\"],\"4\":[\"108\"],\"6\":\"<p>Lorem Ipsum is simply dummy text of the printing and typesetting industry. Lorem Ipsum has been the industry\'s standard dummy text ever since the 1500s, when an unknown printer took a galley of type and scrambled it to make a type specimen book.<\\/p>\",\"9\":\"#93580b\",\"5\":[\"148\"],\"7\":\"\"}}', '2017-03-27 04:39:19', '2017-03-27 04:39:19', 'dec70e53-504d-4940-aacb-a66558547dae'),
 ('74', '189', '4', '1', 'en_us', '2', '', '{\"typeId\":\"6\",\"authorId\":\"1\",\"title\":\"Head\",\"slug\":\"head\",\"postDate\":1471982340,\"expiryDate\":null,\"enabled\":1,\"parentId\":\"\",\"fields\":{\"8\":\"#1a100e\",\"15\":[\"183\"],\"4\":[\"106\"],\"6\":\"<p>Lorem Ipsum is simply dummy text of the printing and typesetting industry. Lorem Ipsum has been the industry\'s standard dummy text ever since the 1500s, when an unknown printer took a galley of type and scrambled it to make a type specimen book.<\\/p>\",\"9\":\"#805c33\",\"5\":[\"135\",\"136\",\"137\"],\"7\":\"\"}}', '2017-03-27 04:39:26', '2017-03-27 04:39:26', 'd2b1233f-43c8-4799-8eb1-5b0dfd006319'),
 ('75', '190', '4', '1', 'en_us', '2', '', '{\"typeId\":\"6\",\"authorId\":\"1\",\"title\":\"Birth To Die\",\"slug\":\"birth-to-die\",\"postDate\":1471982460,\"expiryDate\":null,\"enabled\":1,\"parentId\":\"\",\"fields\":{\"8\":\"#b36561\",\"15\":[\"183\"],\"4\":[\"105\"],\"6\":\"<p>Lorem Ipsum is simply dummy text of the printing and typesetting industry. Lorem Ipsum has been the industry\'s standard dummy text ever since the 1500s, when an unknown printer took a galley of type and scrambled it to make a type specimen book.<\\/p>\",\"9\":\"#d3d9d3\",\"5\":[\"134\"],\"7\":\"\"}}', '2017-03-27 04:39:40', '2017-03-27 04:39:40', '745793a9-6c04-41ac-8635-0f8d55017002');



DROP TABLE IF EXISTS `craft_fieldgroups`;


--
-- Schema for table `craft_fieldgroups`
--
CREATE TABLE `craft_fieldgroups` (
  `id` int(11) NOT NULL AUTO_INCREMENT,
  `name` varchar(255) COLLATE utf8_unicode_ci NOT NULL,
  `dateCreated` datetime NOT NULL,
  `dateUpdated` datetime NOT NULL,
  `uid` char(36) COLLATE utf8_unicode_ci NOT NULL DEFAULT '0',
  PRIMARY KEY (`id`),
  UNIQUE KEY `craft_fieldgroups_name_unq_idx` (`name`)
) ENGINE=InnoDB AUTO_INCREMENT=3 DEFAULT CHARSET=utf8 COLLATE=utf8_unicode_ci;

--
-- Data for table `craft_fieldgroups`
--

INSERT INTO `craft_fieldgroups` (`id`, `name`, `dateCreated`, `dateUpdated`, `uid`) VALUES
 ('2', 'Work Fields', '2016-08-22 02:17:53', '2017-03-21 03:13:13', '804af9b3-dd48-42db-b7af-af2cf1daea66');



DROP TABLE IF EXISTS `craft_fieldlayoutfields`;


--
-- Schema for table `craft_fieldlayoutfields`
--
CREATE TABLE `craft_fieldlayoutfields` (
  `id` int(11) NOT NULL AUTO_INCREMENT,
  `layoutId` int(11) NOT NULL,
  `tabId` int(11) NOT NULL,
  `fieldId` int(11) NOT NULL,
  `required` tinyint(1) unsigned NOT NULL DEFAULT '0',
  `sortOrder` smallint(6) unsigned DEFAULT NULL,
  `dateCreated` datetime NOT NULL,
  `dateUpdated` datetime NOT NULL,
  `uid` char(36) COLLATE utf8_unicode_ci NOT NULL DEFAULT '0',
  PRIMARY KEY (`id`),
  UNIQUE KEY `craft_fieldlayoutfields_layoutId_fieldId_unq_idx` (`layoutId`,`fieldId`),
  KEY `craft_fieldlayoutfields_sortOrder_idx` (`sortOrder`),
  KEY `craft_fieldlayoutfields_tabId_fk` (`tabId`),
  KEY `craft_fieldlayoutfields_fieldId_fk` (`fieldId`)
) ENGINE=InnoDB AUTO_INCREMENT=175 DEFAULT CHARSET=utf8 COLLATE=utf8_unicode_ci;

--
-- Data for table `craft_fieldlayoutfields`
--

INSERT INTO `craft_fieldlayoutfields` (`id`, `layoutId`, `tabId`, `fieldId`, `required`, `sortOrder`, `dateCreated`, `dateUpdated`, `uid`) VALUES
 ('152', '48', '41', '4', '0', '1', '2017-03-23 00:53:57', '2017-03-23 00:53:57', '8465c7df-d941-4af1-9867-65ee3fc8a085'),
 ('153', '48', '41', '7', '0', '2', '2017-03-23 00:53:57', '2017-03-23 00:53:57', '41e9e526-b401-458e-b2a9-6e8de34a4c72'),
 ('154', '48', '41', '5', '0', '3', '2017-03-23 00:53:57', '2017-03-23 00:53:57', 'c974bed4-1fbd-4de4-b398-67bc78781f7c'),
 ('155', '48', '42', '8', '0', '1', '2017-03-23 00:53:57', '2017-03-23 00:53:57', 'e0168e1b-53c2-4013-8dd4-639d8ea2a497'),
 ('156', '48', '42', '9', '0', '2', '2017-03-23 00:53:57', '2017-03-23 00:53:57', '79087111-50b0-4b93-9615-a70cea539338'),
 ('157', '48', '43', '12', '0', '1', '2017-03-23 00:53:57', '2017-03-23 00:53:57', '050d99cd-7ad1-49af-bea4-811bba64c7be'),
 ('158', '48', '43', '10', '0', '2', '2017-03-23 00:53:57', '2017-03-23 00:53:57', '6792bd29-6676-4d29-b0a0-7cbf2baab871'),
 ('159', '48', '43', '11', '0', '3', '2017-03-23 00:53:57', '2017-03-23 00:53:57', '6fd8b4ae-20dc-433a-bb21-e29e1a8422ea'),
 ('160', '48', '43', '6', '0', '4', '2017-03-23 00:53:57', '2017-03-23 00:53:57', '38785337-e707-4822-8f2a-4ab500209b2c'),
 ('161', '48', '43', '13', '0', '5', '2017-03-23 00:53:57', '2017-03-23 00:53:57', '69ce3447-05e0-4537-a8f7-2cbbe87c1b7e'),
 ('168', '50', '45', '4', '0', '1', '2017-03-23 00:54:48', '2017-03-23 00:54:48', '6667b889-bd1e-48d7-ac04-a905576c28c5'),
 ('169', '50', '45', '5', '0', '2', '2017-03-23 00:54:48', '2017-03-23 00:54:48', 'e24d873c-45f9-4253-bfd9-574d7c9412da'),
 ('170', '50', '45', '7', '0', '3', '2017-03-23 00:54:48', '2017-03-23 00:54:48', 'c108a7f8-7c87-492e-a21f-86b2b60c56dc'),
 ('171', '50', '45', '6', '0', '4', '2017-03-23 00:54:48', '2017-03-23 00:54:48', 'b6bb8b2d-2661-49ea-8bf7-f561e011f193'),
 ('172', '50', '45', '8', '0', '5', '2017-03-23 00:54:48', '2017-03-23 00:54:48', 'fc26f0bb-ec2f-4221-a93a-443a84fd4243'),
 ('173', '50', '45', '9', '0', '6', '2017-03-23 00:54:48', '2017-03-23 00:54:48', 'c3f162d8-b6d1-4452-ab9a-f6599d73ed1c'),
 ('174', '50', '45', '15', '0', '7', '2017-03-23 00:54:48', '2017-03-23 00:54:48', '86aaa9b7-b660-44bf-91f1-489fe651cb1a');



DROP TABLE IF EXISTS `craft_fieldlayouts`;


--
-- Schema for table `craft_fieldlayouts`
--
CREATE TABLE `craft_fieldlayouts` (
  `id` int(11) NOT NULL AUTO_INCREMENT,
  `type` varchar(150) COLLATE utf8_unicode_ci NOT NULL,
  `dateCreated` datetime NOT NULL,
  `dateUpdated` datetime NOT NULL,
  `uid` char(36) COLLATE utf8_unicode_ci NOT NULL DEFAULT '0',
  PRIMARY KEY (`id`),
  KEY `craft_fieldlayouts_type_idx` (`type`)
) ENGINE=InnoDB AUTO_INCREMENT=51 DEFAULT CHARSET=utf8 COLLATE=utf8_unicode_ci;

--
-- Data for table `craft_fieldlayouts`
--

INSERT INTO `craft_fieldlayouts` (`id`, `type`, `dateCreated`, `dateUpdated`, `uid`) VALUES
 ('31', 'Tag', '2016-08-23 19:46:29', '2016-08-23 19:46:29', '18f4c04f-7d3e-4719-8069-1128204ee237'),
 ('34', 'Category', '2016-08-23 19:50:26', '2016-08-23 19:50:26', 'b5da4309-d2d1-44eb-a5b3-311a30103074'),
 ('40', 'Asset', '2017-03-21 03:26:34', '2017-03-21 03:26:34', '7b93a01c-5811-4122-b331-b83f753e5c2e'),
 ('41', 'Asset', '2017-03-21 03:28:07', '2017-03-21 03:28:07', 'c8dc587b-6c2f-4239-88b1-c1a7c1de67c9'),
 ('44', 'Asset', '2017-03-21 04:17:56', '2017-03-21 04:17:56', '565ecaa8-aff7-417d-bb08-f2da78028285'),
 ('45', 'Entry', '2017-03-22 03:00:06', '2017-03-22 03:00:06', 'ea049621-9230-4258-9062-eaedcb0fe0ee'),
 ('46', 'Entry', '2017-03-22 03:02:25', '2017-03-22 03:02:25', '051a3ef4-5187-41d8-beb7-95a70f7f53c1'),
 ('48', 'Entry', '2017-03-23 00:53:57', '2017-03-23 00:53:57', '8b78ed07-c814-4e8e-b76b-ed75827ec4b2'),
 ('50', 'Entry', '2017-03-23 00:54:48', '2017-03-23 00:54:48', '9dc572a5-4506-473a-b34e-0f3cd06dd293');



DROP TABLE IF EXISTS `craft_fieldlayouttabs`;


--
-- Schema for table `craft_fieldlayouttabs`
--
CREATE TABLE `craft_fieldlayouttabs` (
  `id` int(11) NOT NULL AUTO_INCREMENT,
  `layoutId` int(11) NOT NULL,
  `name` varchar(255) COLLATE utf8_unicode_ci NOT NULL,
  `sortOrder` smallint(6) unsigned DEFAULT NULL,
  `dateCreated` datetime NOT NULL,
  `dateUpdated` datetime NOT NULL,
  `uid` char(36) COLLATE utf8_unicode_ci NOT NULL DEFAULT '0',
  PRIMARY KEY (`id`),
  KEY `craft_fieldlayouttabs_sortOrder_idx` (`sortOrder`),
  KEY `craft_fieldlayouttabs_layoutId_fk` (`layoutId`)
) ENGINE=InnoDB AUTO_INCREMENT=46 DEFAULT CHARSET=utf8 COLLATE=utf8_unicode_ci;

--
-- Data for table `craft_fieldlayouttabs`
--

INSERT INTO `craft_fieldlayouttabs` (`id`, `layoutId`, `name`, `sortOrder`, `dateCreated`, `dateUpdated`, `uid`) VALUES
 ('41', '48', 'Media Fields', '1', '2017-03-23 00:53:57', '2017-03-23 00:53:57', '5513ff70-89e3-495b-bb55-b1b43c05b768'),
 ('42', '48', 'Color Fields', '2', '2017-03-23 00:53:57', '2017-03-23 00:53:57', '673ac79f-e5ff-48fe-88e2-5dfcb2e593b0'),
 ('43', '48', 'Text Fields', '3', '2017-03-23 00:53:57', '2017-03-23 00:53:57', '1559e424-3b77-4ea9-8bfb-ff346204cd56'),
 ('45', '50', 'Indie Image Work Fields', '1', '2017-03-23 00:54:48', '2017-03-23 00:54:48', '2dd59f5c-793d-4ae6-bf3f-2f495600bf8b');



DROP TABLE IF EXISTS `craft_fields`;


--
-- Schema for table `craft_fields`
--
CREATE TABLE `craft_fields` (
  `id` int(11) NOT NULL AUTO_INCREMENT,
  `groupId` int(11) DEFAULT NULL,
  `name` varchar(255) COLLATE utf8_unicode_ci NOT NULL,
  `handle` varchar(58) COLLATE utf8_unicode_ci NOT NULL,
  `context` varchar(255) COLLATE utf8_unicode_ci NOT NULL DEFAULT 'global',
  `instructions` text COLLATE utf8_unicode_ci,
  `translatable` tinyint(1) unsigned NOT NULL DEFAULT '0',
  `type` varchar(150) COLLATE utf8_unicode_ci NOT NULL,
  `settings` text COLLATE utf8_unicode_ci,
  `dateCreated` datetime NOT NULL,
  `dateUpdated` datetime NOT NULL,
  `uid` char(36) COLLATE utf8_unicode_ci NOT NULL DEFAULT '0',
  PRIMARY KEY (`id`),
  UNIQUE KEY `craft_fields_handle_context_unq_idx` (`handle`,`context`),
  KEY `craft_fields_context_idx` (`context`),
  KEY `craft_fields_groupId_fk` (`groupId`)
) ENGINE=InnoDB AUTO_INCREMENT=16 DEFAULT CHARSET=utf8 COLLATE=utf8_unicode_ci;

--
-- Data for table `craft_fields`
--

INSERT INTO `craft_fields` (`id`, `groupId`, `name`, `handle`, `context`, `instructions`, `translatable`, `type`, `settings`, `dateCreated`, `dateUpdated`, `uid`) VALUES
 ('4', '2', 'Work Cover Image', 'workCoverImage', 'global', '', '0', 'Assets', '{\"useSingleFolder\":\"\",\"sources\":\"*\",\"defaultUploadLocationSource\":\"1\",\"defaultUploadLocationSubpath\":\"\",\"singleUploadLocationSource\":\"1\",\"singleUploadLocationSubpath\":\"\",\"restrictFiles\":\"1\",\"allowedKinds\":[\"image\"],\"limit\":\"1\",\"viewMode\":\"large\",\"selectionLabel\":\"Add an image\"}', '2016-08-22 02:34:01', '2017-03-21 04:27:35', 'f0d3b3fb-51d9-4f91-ad42-4c08f8113b3d'),
 ('5', '2', 'Work Gallery', 'workGallery', 'global', '', '0', 'Assets', '{\"useSingleFolder\":\"\",\"sources\":\"*\",\"defaultUploadLocationSource\":\"1\",\"defaultUploadLocationSubpath\":\"\",\"singleUploadLocationSource\":\"1\",\"singleUploadLocationSubpath\":\"\",\"restrictFiles\":\"1\",\"allowedKinds\":[\"image\"],\"limit\":\"\",\"viewMode\":\"large\",\"selectionLabel\":\"Add images\"}', '2016-08-22 02:45:18', '2017-03-21 04:28:35', 'cc296f98-a99e-4f20-afd2-efaacf3b80c3'),
 ('6', '2', 'Work Description', 'workDescription', 'global', '', '0', 'RichText', '{\"configFile\":\"Basic.json\",\"availableAssetSources\":\"\",\"availableTransforms\":\"\",\"cleanupHtml\":\"1\",\"purifyHtml\":\"1\",\"columnType\":\"text\"}', '2016-08-22 02:47:47', '2017-03-21 03:10:49', 'e9062785-d483-4307-8677-85b4ce5be890'),
 ('7', '2', 'Work Video', 'workVideo', 'global', '', '0', 'Videos_Video', NULL, '2016-08-22 02:48:18', '2016-08-23 18:54:49', 'e4b8878a-b30f-42e4-a9be-1e77104dcaf3'),
 ('8', '2', 'Work BKG Color', 'workBkgColor', 'global', '', '0', 'Color', NULL, '2016-08-22 04:02:19', '2016-08-22 04:02:19', '5b2b9f4b-2eb4-48c5-848c-1fbe236bfc7d'),
 ('9', '2', 'Work Font Color', 'workFontColor', 'global', '', '0', 'Color', NULL, '2016-08-22 04:02:32', '2016-08-22 04:02:32', '339cdb67-cc97-42a5-8e75-3522c687b5c0'),
 ('10', '2', 'Work Role', 'workRole', 'global', '', '0', 'RichText', '{\"configFile\":\"Standard.json\",\"availableAssetSources\":\"*\",\"availableTransforms\":\"*\",\"cleanupHtml\":\"1\",\"purifyHtml\":\"1\",\"columnType\":\"text\"}', '2016-08-23 04:25:23', '2016-08-23 18:57:22', '3316c199-10af-441d-bab1-3f90d3baddd9'),
 ('11', '2', 'Work Skills', 'workSkills', 'global', '', '0', 'RichText', '{\"configFile\":\"Standard.json\",\"availableAssetSources\":\"*\",\"availableTransforms\":\"*\",\"cleanupHtml\":\"1\",\"purifyHtml\":\"1\",\"columnType\":\"text\"}', '2016-08-23 04:26:26', '2016-08-23 18:57:13', '67f88ab3-35f3-450a-8f99-44415479b0e0'),
 ('12', '2', 'Work Client', 'workClient', 'global', '', '0', 'PlainText', '{\"placeholder\":\"\",\"maxLength\":\"\",\"multiline\":\"\",\"initialRows\":\"4\"}', '2016-08-23 04:27:50', '2016-08-23 04:27:50', '800df3f6-48b8-41f7-86f0-61cf75d7d365'),
 ('13', '2', 'Work Miscellaneous', 'workMiscellaneous', 'global', '', '0', 'RichText', '{\"configFile\":\"Standard.json\",\"availableAssetSources\":\"*\",\"availableTransforms\":\"*\",\"cleanupHtml\":\"1\",\"purifyHtml\":\"1\",\"columnType\":\"text\"}', '2016-08-23 16:45:25', '2016-08-23 16:45:25', 'a0b9bbf5-a9fd-41b8-b1c6-9bf029c69c7b'),
 ('14', '2', 'Work Tags', 'workTags', 'global', '', '0', 'Tags', '{\"source\":\"taggroup:2\",\"selectionLabel\":\"Add a tag\"}', '2016-08-23 19:45:23', '2016-08-23 19:46:39', '03488a46-ad82-47d8-9211-802ab5f5b758'),
 ('15', '2', 'Work Category', 'workCategory', 'global', '', '0', 'Categories', '{\"source\":\"group:2\",\"limit\":\"1\",\"selectionLabel\":\"Add a Category\"}', '2016-08-23 19:51:40', '2017-03-22 03:54:13', 'e6b5518d-88cd-4d85-8e87-d81d920c3d6f');



DROP TABLE IF EXISTS `craft_globalsets`;


--
-- Schema for table `craft_globalsets`
--
CREATE TABLE `craft_globalsets` (
  `id` int(11) NOT NULL,
  `name` varchar(255) COLLATE utf8_unicode_ci NOT NULL,
  `handle` varchar(255) COLLATE utf8_unicode_ci NOT NULL,
  `fieldLayoutId` int(10) DEFAULT NULL,
  `dateCreated` datetime NOT NULL,
  `dateUpdated` datetime NOT NULL,
  `uid` char(36) COLLATE utf8_unicode_ci NOT NULL DEFAULT '0',
  PRIMARY KEY (`id`),
  UNIQUE KEY `craft_globalsets_name_unq_idx` (`name`),
  UNIQUE KEY `craft_globalsets_handle_unq_idx` (`handle`),
  KEY `craft_globalsets_fieldLayoutId_fk` (`fieldLayoutId`)
) ENGINE=InnoDB DEFAULT CHARSET=utf8 COLLATE=utf8_unicode_ci;

DROP TABLE IF EXISTS `craft_info`;


--
-- Schema for table `craft_info`
--
CREATE TABLE `craft_info` (
  `id` int(11) NOT NULL AUTO_INCREMENT,
  `version` varchar(50) COLLATE utf8_unicode_ci NOT NULL,
  `schemaVersion` varchar(15) COLLATE utf8_unicode_ci NOT NULL,
  `edition` tinyint(1) unsigned NOT NULL DEFAULT '0',
  `siteName` varchar(100) COLLATE utf8_unicode_ci NOT NULL,
  `siteUrl` varchar(255) COLLATE utf8_unicode_ci NOT NULL,
  `timezone` varchar(30) COLLATE utf8_unicode_ci DEFAULT NULL,
  `on` tinyint(1) unsigned NOT NULL DEFAULT '0',
  `maintenance` tinyint(1) unsigned NOT NULL DEFAULT '0',
  `dateCreated` datetime NOT NULL,
  `dateUpdated` datetime NOT NULL,
  `uid` char(36) COLLATE utf8_unicode_ci NOT NULL DEFAULT '0',
  PRIMARY KEY (`id`)
) ENGINE=InnoDB AUTO_INCREMENT=2 DEFAULT CHARSET=utf8 COLLATE=utf8_unicode_ci;

--
-- Data for table `craft_info`
--

INSERT INTO `craft_info` (`id`, `version`, `schemaVersion`, `edition`, `siteName`, `siteUrl`, `timezone`, `on`, `maintenance`, `dateCreated`, `dateUpdated`, `uid`) VALUES
 ('1', '2.6.2998', '2.6.12', '0', 'Soup', 'http://soup.yi.works', 'America/New_York', '1', '1', '2016-08-20 17:42:11', '2017-11-30 16:19:56', '5a44bfb8-f02a-4a41-97da-51bda94f8117');



DROP TABLE IF EXISTS `craft_locales`;


--
-- Schema for table `craft_locales`
--
CREATE TABLE `craft_locales` (
  `locale` char(12) COLLATE utf8_unicode_ci NOT NULL,
  `sortOrder` smallint(6) unsigned DEFAULT NULL,
  `dateCreated` datetime NOT NULL,
  `dateUpdated` datetime NOT NULL,
  `uid` char(36) COLLATE utf8_unicode_ci NOT NULL DEFAULT '0',
  PRIMARY KEY (`locale`),
  KEY `craft_locales_sortOrder_idx` (`sortOrder`)
) ENGINE=InnoDB DEFAULT CHARSET=utf8 COLLATE=utf8_unicode_ci;

--
-- Data for table `craft_locales`
--

INSERT INTO `craft_locales` (`locale`, `sortOrder`, `dateCreated`, `dateUpdated`, `uid`) VALUES
 ('en_us', '1', '2016-08-20 17:42:12', '2016-08-20 17:42:12', 'b316a19a-228b-4ff7-bec9-8506372d1702');



DROP TABLE IF EXISTS `craft_matrixblocks`;


--
-- Schema for table `craft_matrixblocks`
--
CREATE TABLE `craft_matrixblocks` (
  `id` int(11) NOT NULL,
  `ownerId` int(11) NOT NULL,
  `fieldId` int(11) NOT NULL,
  `typeId` int(11) DEFAULT NULL,
  `sortOrder` smallint(6) unsigned DEFAULT NULL,
  `ownerLocale` char(12) COLLATE utf8_unicode_ci DEFAULT NULL,
  `dateCreated` datetime NOT NULL,
  `dateUpdated` datetime NOT NULL,
  `uid` char(36) COLLATE utf8_unicode_ci NOT NULL DEFAULT '0',
  PRIMARY KEY (`id`),
  KEY `craft_matrixblocks_ownerId_idx` (`ownerId`),
  KEY `craft_matrixblocks_fieldId_idx` (`fieldId`),
  KEY `craft_matrixblocks_typeId_idx` (`typeId`),
  KEY `craft_matrixblocks_sortOrder_idx` (`sortOrder`),
  KEY `craft_matrixblocks_ownerLocale_fk` (`ownerLocale`)
) ENGINE=InnoDB DEFAULT CHARSET=utf8 COLLATE=utf8_unicode_ci;

DROP TABLE IF EXISTS `craft_matrixblocktypes`;


--
-- Schema for table `craft_matrixblocktypes`
--
CREATE TABLE `craft_matrixblocktypes` (
  `id` int(11) NOT NULL AUTO_INCREMENT,
  `fieldId` int(11) NOT NULL,
  `fieldLayoutId` int(11) DEFAULT NULL,
  `name` varchar(255) COLLATE utf8_unicode_ci NOT NULL,
  `handle` varchar(255) COLLATE utf8_unicode_ci NOT NULL,
  `sortOrder` smallint(6) unsigned DEFAULT NULL,
  `dateCreated` datetime NOT NULL,
  `dateUpdated` datetime NOT NULL,
  `uid` char(36) COLLATE utf8_unicode_ci NOT NULL DEFAULT '0',
  PRIMARY KEY (`id`),
  UNIQUE KEY `craft_matrixblocktypes_name_fieldId_unq_idx` (`name`,`fieldId`),
  UNIQUE KEY `craft_matrixblocktypes_handle_fieldId_unq_idx` (`handle`,`fieldId`),
  KEY `craft_matrixblocktypes_fieldId_fk` (`fieldId`),
  KEY `craft_matrixblocktypes_fieldLayoutId_fk` (`fieldLayoutId`)
) ENGINE=InnoDB DEFAULT CHARSET=utf8 COLLATE=utf8_unicode_ci;

DROP TABLE IF EXISTS `craft_migrations`;


--
-- Schema for table `craft_migrations`
--
CREATE TABLE `craft_migrations` (
  `id` int(11) NOT NULL AUTO_INCREMENT,
  `pluginId` int(11) DEFAULT NULL,
  `version` varchar(255) COLLATE utf8_unicode_ci NOT NULL,
  `applyTime` datetime NOT NULL,
  `dateCreated` datetime NOT NULL,
  `dateUpdated` datetime NOT NULL,
  `uid` char(36) COLLATE utf8_unicode_ci NOT NULL DEFAULT '0',
  PRIMARY KEY (`id`),
  UNIQUE KEY `craft_migrations_version_unq_idx` (`version`),
  KEY `craft_migrations_pluginId_fk` (`pluginId`)
) ENGINE=InnoDB AUTO_INCREMENT=61 DEFAULT CHARSET=utf8 COLLATE=utf8_unicode_ci;

--
-- Data for table `craft_migrations`
--

INSERT INTO `craft_migrations` (`id`, `pluginId`, `version`, `applyTime`, `dateCreated`, `dateUpdated`, `uid`) VALUES
 ('1', NULL, 'm000000_000000_base', '2016-08-20 17:42:12', '2016-08-20 17:42:12', '2016-08-20 17:42:12', '26ced80c-4f23-4d8a-bb3a-2a47ddf5ca8f'),
 ('2', NULL, 'm140730_000001_add_filename_and_format_to_transformindex', '2016-08-20 17:42:12', '2016-08-20 17:42:12', '2016-08-20 17:42:12', '501b0156-c44e-42ce-929c-85fe4bd34d39'),
 ('3', NULL, 'm140815_000001_add_format_to_transforms', '2016-08-20 17:42:12', '2016-08-20 17:42:12', '2016-08-20 17:42:12', '5b9475a4-567f-43f8-8f1f-e69e3d020899'),
 ('4', NULL, 'm140822_000001_allow_more_than_128_items_per_field', '2016-08-20 17:42:12', '2016-08-20 17:42:12', '2016-08-20 17:42:12', '779147d3-f89c-4951-8876-76c43974db26'),
 ('5', NULL, 'm140829_000001_single_title_formats', '2016-08-20 17:42:12', '2016-08-20 17:42:12', '2016-08-20 17:42:12', '32bcbb8f-ecc2-407f-9148-5971dffc1eb1'),
 ('6', NULL, 'm140831_000001_extended_cache_keys', '2016-08-20 17:42:12', '2016-08-20 17:42:12', '2016-08-20 17:42:12', 'd453ae56-31f9-4700-919f-b16868782cc5'),
 ('7', NULL, 'm140922_000001_delete_orphaned_matrix_blocks', '2016-08-20 17:42:12', '2016-08-20 17:42:12', '2016-08-20 17:42:12', '26c8bea4-0ffa-4065-82d1-cc4aba7207a0'),
 ('8', NULL, 'm141008_000001_elements_index_tune', '2016-08-20 17:42:12', '2016-08-20 17:42:12', '2016-08-20 17:42:12', '59c40906-e43a-4520-a637-318b54e38bad'),
 ('9', NULL, 'm141009_000001_assets_source_handle', '2016-08-20 17:42:12', '2016-08-20 17:42:12', '2016-08-20 17:42:12', '72ff190f-f61e-429d-b1ed-2b58be688c62'),
 ('10', NULL, 'm141024_000001_field_layout_tabs', '2016-08-20 17:42:12', '2016-08-20 17:42:12', '2016-08-20 17:42:12', '96d5bfbb-fa29-4ac8-a698-9fa4a0e581a9'),
 ('11', NULL, 'm141030_000000_plugin_schema_versions', '2016-08-20 17:42:12', '2016-08-20 17:42:12', '2016-08-20 17:42:12', 'c7542801-9ca0-46ac-b29e-cd7b83130028'),
 ('12', NULL, 'm141030_000001_drop_structure_move_permission', '2016-08-20 17:42:12', '2016-08-20 17:42:12', '2016-08-20 17:42:12', '1737ca41-3e6c-4d3b-aaf3-359d5e029c44'),
 ('13', NULL, 'm141103_000001_tag_titles', '2016-08-20 17:42:12', '2016-08-20 17:42:12', '2016-08-20 17:42:12', 'd81b71a3-b85d-4b40-9927-d6ed42ed44a5'),
 ('14', NULL, 'm141109_000001_user_status_shuffle', '2016-08-20 17:42:12', '2016-08-20 17:42:12', '2016-08-20 17:42:12', '224aa46c-b83f-4fbe-8daf-f7361d9b976c'),
 ('15', NULL, 'm141126_000001_user_week_start_day', '2016-08-20 17:42:12', '2016-08-20 17:42:12', '2016-08-20 17:42:12', '59dde728-737c-4cdd-9bbe-ca59816d462c'),
 ('16', NULL, 'm150210_000001_adjust_user_photo_size', '2016-08-20 17:42:12', '2016-08-20 17:42:12', '2016-08-20 17:42:12', '0c312312-fe76-4c68-a6b0-a194241e8162'),
 ('17', NULL, 'm150724_000001_adjust_quality_settings', '2016-08-20 17:42:12', '2016-08-20 17:42:12', '2016-08-20 17:42:12', 'd9494281-d2e4-4869-bc80-6950b5dc035e'),
 ('18', NULL, 'm150827_000000_element_index_settings', '2016-08-20 17:42:12', '2016-08-20 17:42:12', '2016-08-20 17:42:12', '100c8e9f-182c-4176-834d-076f30ce491d'),
 ('19', NULL, 'm150918_000001_add_colspan_to_widgets', '2016-08-20 17:42:12', '2016-08-20 17:42:12', '2016-08-20 17:42:12', 'a121a5c6-a1d1-457e-9063-b17821bd282a'),
 ('20', NULL, 'm151007_000000_clear_asset_caches', '2016-08-20 17:42:12', '2016-08-20 17:42:12', '2016-08-20 17:42:12', '4132e2bd-0b39-4ee5-8bdd-b8fceb53067e'),
 ('21', NULL, 'm151109_000000_text_url_formats', '2016-08-20 17:42:12', '2016-08-20 17:42:12', '2016-08-20 17:42:12', 'c72c6b59-5a9c-4048-bf59-734401f89e90'),
 ('22', NULL, 'm151110_000000_move_logo', '2016-08-20 17:42:12', '2016-08-20 17:42:12', '2016-08-20 17:42:12', '8a94af3c-f98b-4fcc-8c32-4f13ce8fdad9'),
 ('23', NULL, 'm151117_000000_adjust_image_widthheight', '2016-08-20 17:42:12', '2016-08-20 17:42:12', '2016-08-20 17:42:12', 'c2d9de44-edbe-4e32-ba6f-0578b827b679'),
 ('24', NULL, 'm151127_000000_clear_license_key_status', '2016-08-20 17:42:12', '2016-08-20 17:42:12', '2016-08-20 17:42:12', '1983cd79-ccde-4087-983b-7791446f4749'),
 ('25', NULL, 'm151127_000000_plugin_license_keys', '2016-08-20 17:42:12', '2016-08-20 17:42:12', '2016-08-20 17:42:12', 'ad14346b-a38e-4caa-8c7c-0a9204105b81'),
 ('26', NULL, 'm151130_000000_update_pt_widget_feeds', '2016-08-20 17:42:12', '2016-08-20 17:42:12', '2016-08-20 17:42:12', '772addd0-e8fd-4911-98a0-877d291382d3'),
 ('27', NULL, 'm160114_000000_asset_sources_public_url_default_true', '2016-08-20 17:42:12', '2016-08-20 17:42:12', '2016-08-20 17:42:12', '434a9112-6b89-4987-9dfd-0c439263565d'),
 ('28', NULL, 'm160223_000000_sortorder_to_smallint', '2016-08-20 17:42:12', '2016-08-20 17:42:12', '2016-08-20 17:42:12', '61c1b473-65c5-45b7-ab55-17e5348df9ab'),
 ('29', NULL, 'm160229_000000_set_default_entry_statuses', '2016-08-20 17:42:12', '2016-08-20 17:42:12', '2016-08-20 17:42:12', '25b244ae-2617-443f-888a-0437bd0e6144'),
 ('30', NULL, 'm160304_000000_client_permissions', '2016-08-20 17:42:12', '2016-08-20 17:42:12', '2016-08-20 17:42:12', 'ddf755d8-60e5-4cb0-9017-2abe96473853'),
 ('31', NULL, 'm160322_000000_asset_filesize', '2016-08-20 17:42:12', '2016-08-20 17:42:12', '2016-08-20 17:42:12', 'aff82daf-479c-4d45-8544-4725412a64ac'),
 ('32', NULL, 'm160503_000000_orphaned_fieldlayouts', '2016-08-20 17:42:12', '2016-08-20 17:42:12', '2016-08-20 17:42:12', '47feaab9-8ef9-4c1f-ad1f-00657078b335'),
 ('33', NULL, 'm160510_000000_tasksettings', '2016-08-20 17:42:12', '2016-08-20 17:42:12', '2016-08-20 17:42:12', 'f90af25b-5413-4560-baf9-e91bcb14e824'),
 ('34', '6', 'm130715_191457_oauth_addUserMappingField', '2016-08-23 03:50:44', '2016-08-23 03:50:44', '2016-08-23 03:50:44', '9d3b4648-b358-4dc6-8719-79890f33f1f0'),
 ('35', '6', 'm130907_140340_oauth_renameOauth_providersProviderClassToClass', '2016-08-23 03:50:44', '2016-08-23 03:50:44', '2016-08-23 03:50:44', '35eb60a8-b8b7-4c20-9eea-88d373883045'),
 ('36', '6', 'm130912_153247_oauth_createTokenIndexes', '2016-08-23 03:50:44', '2016-08-23 03:50:44', '2016-08-23 03:50:44', '180ceffc-74de-4b7d-abb3-66ef2821a78d'),
 ('37', '6', 'm140417_000003_changeTokenUniqueIndexes', '2016-08-23 03:50:44', '2016-08-23 03:50:44', '2016-08-23 03:50:44', '1739437c-3562-4aa4-8824-a25ac2006089'),
 ('38', '6', 'm140623_130304_oauth_new_tokens_table', '2016-08-23 03:50:44', '2016-08-23 03:50:44', '2016-08-23 03:50:44', '2ef9ff10-9d50-4d8b-b47b-9f135a0c54d4'),
 ('39', '6', 'm150112_220705_oauth_add_token_columns', '2016-08-23 03:50:44', '2016-08-23 03:50:44', '2016-08-23 03:50:44', '285256b9-4673-4527-8dc1-c0f89e7a0425'),
 ('40', '6', 'm150311_000001_oauth_remove_old_tokens', '2016-08-23 03:50:44', '2016-08-23 03:50:44', '2016-08-23 03:50:44', '6dffcdd8-2c55-46eb-96a2-3a16c15b21af'),
 ('41', '7', 'm140620_045459_videos_transfer_token', '2016-08-23 03:50:46', '2016-08-23 03:50:46', '2016-08-23 03:50:46', '184d4a86-120f-4155-a3ec-92299e0ab9e7'),
 ('42', '8', 'm150314_144609_cpNav_addUrlSupport', '2016-08-23 20:18:12', '2016-08-23 20:18:12', '2016-08-23 20:18:12', '20ddba42-4756-4055-a2e2-97a1bb22819d'),
 ('43', '8', 'm150314_144610_cpNav_addPrevUrlSupport', '2016-08-23 20:18:12', '2016-08-23 20:18:12', '2016-08-23 20:18:12', '516ffe9d-6f59-44ba-8380-a700f7047012'),
 ('44', '8', 'm150314_144611_cpNav_addManualNavItemSupport', '2016-08-23 20:18:12', '2016-08-23 20:18:12', '2016-08-23 20:18:12', 'c7fbf7a4-d622-4d89-b02a-f993b5d721bb'),
 ('45', '8', 'm150314_144615_cpNav_layouts', '2016-08-23 20:18:12', '2016-08-23 20:18:12', '2016-08-23 20:18:12', '357564fc-45c4-4529-9e40-92f456758057'),
 ('46', '8', 'm150321_144616_cpNav_newWindow', '2016-08-23 20:18:12', '2016-08-23 20:18:12', '2016-08-23 20:18:12', '28f3920f-6c29-451e-8b58-5ea812d62acf'),
 ('47', '8', 'm151126_144611_cpNav_addIconSupport', '2016-08-23 20:18:12', '2016-08-23 20:18:12', '2016-08-23 20:18:12', 'b424f5e5-7408-4d40-8edc-570acba45ea1'),
 ('48', '8', 'm151224_144611_cpNav_populateIcons', '2016-08-23 20:18:12', '2016-08-23 20:18:12', '2016-08-23 20:18:12', '298fb80c-6487-4ef7-8914-11b20c13fbe5'),
 ('49', '8', 'm160625_000000_cpNav_addCustomIconSupport', '2016-08-23 20:18:12', '2016-08-23 20:18:12', '2016-08-23 20:18:12', '653b761d-9b3f-4e38-a1b2-4af64a5b7f02'),
 ('50', NULL, 'm160829_000000_pending_user_content_cleanup', '2017-01-20 16:08:06', '2017-01-20 16:08:06', '2017-01-20 16:08:06', '31fbde2f-220c-421a-9e2f-c2070e8bb15a'),
 ('51', NULL, 'm160830_000000_asset_index_uri_increase', '2017-01-20 16:08:06', '2017-01-20 16:08:06', '2017-01-20 16:08:06', 'f034fa5e-7ade-4650-aaea-7d5ef8cba521'),
 ('52', NULL, 'm160919_000000_usergroup_handle_title_unique', '2017-01-20 16:08:06', '2017-01-20 16:08:06', '2017-01-20 16:08:06', '34c1c4cb-ac9f-45e9-9d13-47adb990ffff'),
 ('53', NULL, 'm161108_000000_new_version_format', '2017-01-20 16:08:06', '2017-01-20 16:08:06', '2017-01-20 16:08:06', '13393e3f-cc57-42f6-a3ff-a03415559390'),
 ('54', NULL, 'm161109_000000_index_shuffle', '2017-01-20 16:08:06', '2017-01-20 16:08:06', '2017-01-20 16:08:06', '8a50b7cc-4cb6-4085-9fc1-d3dfbce424d7'),
 ('55', '6', 'm161025_000001_oauth_change_tokens_column_types', '2017-01-20 16:22:43', '2017-01-20 16:22:43', '2017-01-20 16:22:43', '760f9abc-9928-410a-ab15-f9da49689497'),
 ('56', '11', 'm160922_150924_navee_AddRegexField', '2017-01-20 16:23:21', '2017-01-20 16:23:21', '2017-01-20 16:23:21', '6aa2df80-ee1c-41bb-818c-78fd4242b018'),
 ('57', '16', 'm140713_000000_minimee_ChangeTagToReturnSettingsFieldNames', '2017-03-21 04:32:18', '2017-03-21 04:32:18', '2017-03-21 04:32:18', 'a93648a3-0acc-4b98-aa38-dc1fd420677e'),
 ('58', NULL, 'm170612_000000_route_index_shuffle', '2017-11-27 16:36:58', '2017-11-27 16:36:58', '2017-11-27 16:36:58', '5aaefda9-ad5c-437b-9438-969885c817dd'),
 ('59', NULL, 'm171107_000000_assign_group_permissions', '2017-11-27 16:36:58', '2017-11-27 16:36:58', '2017-11-27 16:36:58', '9bfb35fa-53bb-4821-ae4c-f4d6fd5a4574'),
 ('60', NULL, 'm171117_000001_templatecache_index_tune', '2017-11-29 02:06:57', '2017-11-29 02:06:57', '2017-11-29 02:06:57', '01fc6ca6-dbff-456b-8143-35d6deb72cc7');



DROP TABLE IF EXISTS `craft_navee_navigations`;


--
-- Schema for table `craft_navee_navigations`
--
CREATE TABLE `craft_navee_navigations` (
  `id` int(11) NOT NULL AUTO_INCREMENT,
  `creatorId` int(11) DEFAULT NULL,
  `name` varchar(255) COLLATE utf8_unicode_ci NOT NULL,
  `handle` varchar(255) COLLATE utf8_unicode_ci NOT NULL,
  `maxLevels` int(10) DEFAULT NULL,
  `fieldLayoutId` int(10) DEFAULT NULL,
  `structureId` int(10) DEFAULT NULL,
  `dateCreated` datetime NOT NULL,
  `dateUpdated` datetime NOT NULL,
  `uid` char(36) COLLATE utf8_unicode_ci NOT NULL DEFAULT '0',
  PRIMARY KEY (`id`),
  UNIQUE KEY `craft_navee_navigations_name_unq_idx` (`name`),
  UNIQUE KEY `craft_navee_navigations_handle_unq_idx` (`handle`),
  KEY `craft_navee_navigations_fieldLayoutId_fk` (`fieldLayoutId`),
  KEY `craft_navee_navigations_creatorId_fk` (`creatorId`)
) ENGINE=InnoDB DEFAULT CHARSET=utf8 COLLATE=utf8_unicode_ci;

DROP TABLE IF EXISTS `craft_navee_nodes`;


--
-- Schema for table `craft_navee_nodes`
--
CREATE TABLE `craft_navee_nodes` (
  `id` int(11) NOT NULL,
  `navigationId` int(11) NOT NULL,
  `linkType` enum('entryId','assetId','categoryId','customUri','none') COLLATE utf8_unicode_ci DEFAULT NULL,
  `entryId` int(10) DEFAULT NULL,
  `assetId` int(10) DEFAULT NULL,
  `categoryId` int(10) DEFAULT NULL,
  `customUri` varchar(255) COLLATE utf8_unicode_ci DEFAULT NULL,
  `class` varchar(255) COLLATE utf8_unicode_ci DEFAULT NULL,
  `idAttr` varchar(255) COLLATE utf8_unicode_ci DEFAULT NULL,
  `rel` varchar(255) COLLATE utf8_unicode_ci DEFAULT NULL,
  `name` varchar(255) COLLATE utf8_unicode_ci DEFAULT NULL,
  `titleAttr` varchar(255) COLLATE utf8_unicode_ci DEFAULT NULL,
  `accessKey` varchar(255) COLLATE utf8_unicode_ci DEFAULT NULL,
  `target` varchar(255) COLLATE utf8_unicode_ci DEFAULT NULL,
  `includeInNavigation` tinyint(1) unsigned NOT NULL DEFAULT '0',
  `passive` tinyint(1) unsigned NOT NULL DEFAULT '0',
  `userGroups` text COLLATE utf8_unicode_ci,
  `regex` varchar(255) COLLATE utf8_unicode_ci DEFAULT NULL,
  `dateCreated` datetime NOT NULL,
  `dateUpdated` datetime NOT NULL,
  `uid` char(36) COLLATE utf8_unicode_ci NOT NULL DEFAULT '0',
  PRIMARY KEY (`id`),
  KEY `craft_navee_nodes_navigationId_fk` (`navigationId`)
) ENGINE=InnoDB DEFAULT CHARSET=utf8 COLLATE=utf8_unicode_ci;

DROP TABLE IF EXISTS `craft_oauth_providers`;


--
-- Schema for table `craft_oauth_providers`
--
CREATE TABLE `craft_oauth_providers` (
  `id` int(11) NOT NULL AUTO_INCREMENT,
  `class` varchar(255) COLLATE utf8_unicode_ci NOT NULL,
  `clientId` varchar(255) COLLATE utf8_unicode_ci DEFAULT NULL,
  `clientSecret` varchar(255) COLLATE utf8_unicode_ci DEFAULT NULL,
  `dateCreated` datetime NOT NULL,
  `dateUpdated` datetime NOT NULL,
  `uid` char(36) COLLATE utf8_unicode_ci NOT NULL DEFAULT '0',
  PRIMARY KEY (`id`),
  UNIQUE KEY `craft_oauth_providers_class_unq_idx` (`class`)
) ENGINE=InnoDB AUTO_INCREMENT=2 DEFAULT CHARSET=utf8 COLLATE=utf8_unicode_ci;

--
-- Data for table `craft_oauth_providers`
--

INSERT INTO `craft_oauth_providers` (`id`, `class`, `clientId`, `clientSecret`, `dateCreated`, `dateUpdated`, `uid`) VALUES
 ('1', 'vimeo', '96ecaf2cea62fe9eb60519c6dc3f0954d4074305', 'a2MPBTpGXubNy2FUVvnJxORplY7daULR6qQC4H2rA9S3fLsxLYP94DoQlK4kceQNZncNgi6XKxFtfdtoLGsiXAE68rvdteQHdixZAvOuz0qyjUNII1KIy9mOO4YWHUPr', '2016-08-23 03:59:55', '2016-08-23 04:06:39', 'e2dd105b-5e92-4708-b4c2-b923f1d1be1d');



DROP TABLE IF EXISTS `craft_oauth_tokens`;


--
-- Schema for table `craft_oauth_tokens`
--
CREATE TABLE `craft_oauth_tokens` (
  `id` int(11) NOT NULL AUTO_INCREMENT,
  `providerHandle` varchar(255) COLLATE utf8_unicode_ci NOT NULL,
  `pluginHandle` varchar(255) COLLATE utf8_unicode_ci NOT NULL,
  `accessToken` text COLLATE utf8_unicode_ci,
  `secret` text COLLATE utf8_unicode_ci,
  `endOfLife` varchar(255) COLLATE utf8_unicode_ci DEFAULT NULL,
  `refreshToken` text COLLATE utf8_unicode_ci,
  `dateCreated` datetime NOT NULL,
  `dateUpdated` datetime NOT NULL,
  `uid` char(36) COLLATE utf8_unicode_ci NOT NULL DEFAULT '0',
  PRIMARY KEY (`id`)
) ENGINE=InnoDB AUTO_INCREMENT=2 DEFAULT CHARSET=utf8 COLLATE=utf8_unicode_ci;

--
-- Data for table `craft_oauth_tokens`
--

INSERT INTO `craft_oauth_tokens` (`id`, `providerHandle`, `pluginHandle`, `accessToken`, `secret`, `endOfLife`, `refreshToken`, `dateCreated`, `dateUpdated`, `uid`) VALUES
 ('1', 'vimeo', 'videos', '2adc948898c790d54516ee4c05be7371', NULL, NULL, NULL, '2016-08-23 04:06:52', '2016-08-23 04:06:52', 'c52f4d6a-f90a-4ea5-9a5b-d395d0326c02');



DROP TABLE IF EXISTS `craft_plugins`;


--
-- Schema for table `craft_plugins`
--
CREATE TABLE `craft_plugins` (
  `id` int(11) NOT NULL AUTO_INCREMENT,
  `class` varchar(150) COLLATE utf8_unicode_ci NOT NULL,
  `version` varchar(15) COLLATE utf8_unicode_ci NOT NULL,
  `schemaVersion` varchar(15) COLLATE utf8_unicode_ci DEFAULT NULL,
  `licenseKey` char(24) COLLATE utf8_unicode_ci DEFAULT NULL,
  `licenseKeyStatus` enum('valid','invalid','mismatched','unknown') COLLATE utf8_unicode_ci NOT NULL DEFAULT 'unknown',
  `enabled` tinyint(1) unsigned NOT NULL DEFAULT '0',
  `settings` text COLLATE utf8_unicode_ci,
  `installDate` datetime NOT NULL,
  `dateCreated` datetime NOT NULL,
  `dateUpdated` datetime NOT NULL,
  `uid` char(36) COLLATE utf8_unicode_ci NOT NULL DEFAULT '0',
  PRIMARY KEY (`id`)
) ENGINE=InnoDB AUTO_INCREMENT=23 DEFAULT CHARSET=utf8 COLLATE=utf8_unicode_ci;

--
-- Data for table `craft_plugins`
--

INSERT INTO `craft_plugins` (`id`, `class`, `version`, `schemaVersion`, `licenseKey`, `licenseKeyStatus`, `enabled`, `settings`, `installDate`, `dateCreated`, `dateUpdated`, `uid`) VALUES
 ('2', 'ClientWidgets', '0.5', NULL, NULL, 'unknown', '1', NULL, '2016-08-20 17:42:38', '2016-08-20 17:42:38', '2017-11-30 16:19:55', '1198fb12-0029-4c27-ac44-4d9ce7b7ff08'),
 ('3', 'CpFieldLinks', '1.2.2', '1.0', NULL, 'unknown', '1', NULL, '2016-08-20 17:42:41', '2016-08-20 17:42:41', '2017-11-30 16:19:55', '2c133681-e30c-4db1-91de-de32a16fdf7f'),
 ('4', 'Detect', '1.0.2', '1.0.0', NULL, 'unknown', '1', NULL, '2016-08-20 17:42:42', '2016-08-20 17:42:42', '2017-11-30 16:19:55', '40566d45-584e-4208-a0e3-eaf73168e9a5'),
 ('6', 'Oauth', '2.1.1', '1.0.1', NULL, 'unknown', '1', NULL, '2016-08-23 03:50:44', '2016-08-23 03:50:44', '2017-11-30 16:19:55', '62f3ba80-ecbd-4332-a4d8-5c2a4fb33797'),
 ('7', 'Videos', '1.2.4', '1.0.0', NULL, 'unknown', '1', '{\"youtubeParameters\":null,\"tokens\":{\"vimeo\":\"1\"}}', '2016-08-23 03:50:46', '2016-08-23 03:50:46', '2017-11-30 16:19:55', 'ef124452-bfb1-4768-9bd3-bc4b3946aefc'),
 ('8', 'CpNav', '1.7.6', '1.1.0', NULL, 'unknown', '1', NULL, '2016-08-23 20:18:12', '2016-08-23 20:18:12', '2017-11-30 16:19:55', '3028e1bf-48ff-4809-aeab-4160ec5a24a6'),
 ('9', 'AssetUse', '0.1', NULL, NULL, 'unknown', '1', NULL, '2016-12-21 22:17:45', '2016-12-21 22:17:45', '2017-11-30 16:19:55', '0368f8d8-fc34-491f-af3d-babab7e6d475'),
 ('10', 'AssetUsage', '1.0.2', NULL, NULL, 'unknown', '1', NULL, '2017-01-20 16:23:16', '2017-01-20 16:23:16', '2017-11-30 16:19:55', '93d2f577-9a31-40fa-b3e0-30fb73454ec0'),
 ('11', 'Navee', '1.3.0', NULL, NULL, 'unknown', '1', NULL, '2017-01-20 16:23:21', '2017-01-20 16:23:21', '2017-11-30 16:19:55', '9e3f28b8-5140-45c6-a750-85dadc6b1f8f'),
 ('13', 'Uninstall', '1.0.0', '1.0.0', NULL, 'unknown', '1', NULL, '2017-03-06 22:26:58', '2017-03-06 22:26:58', '2017-11-30 16:19:55', '90917941-3232-43c8-81e4-4a82358fe375'),
 ('14', 'SafeCraft', '1.0.1', '1.0.0', NULL, 'unknown', '1', NULL, '2017-03-08 21:19:08', '2017-03-08 21:19:08', '2017-11-30 16:19:55', '7aa9febd-1189-4d4b-a47e-c3b4e48f9927'),
 ('15', 'RedactorBufferButtons', '1.0', NULL, NULL, 'unknown', '1', NULL, '2017-03-21 03:09:01', '2017-03-21 03:09:01', '2017-11-30 16:19:55', 'e22b19cb-b40e-4ca4-9f3a-b3543cb00661'),
 ('16', 'Minimee', '0.9.9', '1.0.0', NULL, 'unknown', '1', '{\"cachePath\":\"{basePath}\\/minimee\",\"cacheUrl\":\"{baseUrl}\\/minimee\",\"enabled\":true,\"filesystemPath\":\"{basePath}\",\"baseUrl\":\"{baseUrl}\",\"combineCssEnabled\":true,\"combineJsEnabled\":true,\"minifyCssEnabled\":true,\"minifyJsEnabled\":true,\"cssReturnTemplate\":\"<link rel=\\\"stylesheet\\\" href=\\\"%s\\\">\",\"jsReturnTemplate\":\"<script src=\\\"%s\\\"><\\/script>\",\"returnType\":\"url\",\"cssPrependUrlEnabled\":true,\"cssPrependUrl\":\"\"}', '2017-03-21 04:32:18', '2017-03-21 04:32:18', '2017-11-30 16:19:55', '6cc7e9c8-49ef-4a39-bd14-9032a47099c5'),
 ('17', 'Sass', '1.0', NULL, NULL, 'unknown', '1', NULL, '2017-03-21 04:40:35', '2017-03-21 04:40:35', '2017-11-30 16:19:55', 'ad9e7ede-bdbc-4f76-8c27-cdd283d123a9'),
 ('18', 'TemplateSelect', '1.0', NULL, NULL, 'unknown', '1', NULL, '2017-11-27 16:53:52', '2017-11-27 16:53:52', '2017-11-30 16:19:55', 'fee3bdf8-63b0-4009-855f-599d9d4513ed'),
 ('19', 'TagManager', '0.2.0', NULL, NULL, 'unknown', '1', NULL, '2017-11-27 16:55:15', '2017-11-27 16:55:15', '2017-11-30 16:19:55', '32f71d97-17a5-45ab-9018-224bb58a0e0e'),
 ('20', 'ImageResizer', '1.0.1', '1.0.0', NULL, 'unknown', '1', NULL, '2017-11-27 16:57:47', '2017-11-27 16:57:47', '2017-11-30 16:19:55', '46558407-c7ff-49bf-86fc-6cb95e716319'),
 ('21', 'CpSortCols', '1.1.2', '1.0', NULL, 'unknown', '1', NULL, '2017-11-27 17:00:16', '2017-11-27 17:00:16', '2017-11-30 16:19:55', 'e5bb7aa8-a82b-450a-b3d9-c0e7b1a1739a'),
 ('22', 'CategorySources', '1.1', '1.0.0', NULL, 'unknown', '1', NULL, '2017-11-27 17:01:19', '2017-11-27 17:01:19', '2017-11-30 16:19:55', '4c604ea3-7a85-45f3-97ad-eda0124fc93f');



DROP TABLE IF EXISTS `craft_rackspaceaccess`;


--
-- Schema for table `craft_rackspaceaccess`
--
CREATE TABLE `craft_rackspaceaccess` (
  `id` int(11) NOT NULL AUTO_INCREMENT,
  `connectionKey` varchar(255) COLLATE utf8_unicode_ci NOT NULL,
  `token` varchar(255) COLLATE utf8_unicode_ci NOT NULL,
  `storageUrl` varchar(255) COLLATE utf8_unicode_ci NOT NULL,
  `cdnUrl` varchar(255) COLLATE utf8_unicode_ci NOT NULL,
  `dateCreated` datetime NOT NULL,
  `dateUpdated` datetime NOT NULL,
  `uid` char(36) COLLATE utf8_unicode_ci NOT NULL DEFAULT '0',
  PRIMARY KEY (`id`),
  UNIQUE KEY `craft_rackspaceaccess_connectionKey_unq_idx` (`connectionKey`)
) ENGINE=InnoDB DEFAULT CHARSET=utf8 COLLATE=utf8_unicode_ci;

DROP TABLE IF EXISTS `craft_relations`;


--
-- Schema for table `craft_relations`
--
CREATE TABLE `craft_relations` (
  `id` int(11) NOT NULL AUTO_INCREMENT,
  `fieldId` int(11) NOT NULL,
  `sourceId` int(11) NOT NULL,
  `sourceLocale` char(12) COLLATE utf8_unicode_ci DEFAULT NULL,
  `targetId` int(11) NOT NULL,
  `sortOrder` smallint(6) DEFAULT NULL,
  `dateCreated` datetime NOT NULL,
  `dateUpdated` datetime NOT NULL,
  `uid` char(36) COLLATE utf8_unicode_ci NOT NULL DEFAULT '0',
  PRIMARY KEY (`id`),
  UNIQUE KEY `craft_relations_fieldId_sourceId_sourceLocale_targetId_unq_idx` (`fieldId`,`sourceId`,`sourceLocale`,`targetId`),
  KEY `craft_relations_sourceId_fk` (`sourceId`),
  KEY `craft_relations_sourceLocale_fk` (`sourceLocale`),
  KEY `craft_relations_targetId_fk` (`targetId`)
) ENGINE=InnoDB AUTO_INCREMENT=158 DEFAULT CHARSET=utf8 COLLATE=utf8_unicode_ci;

--
-- Data for table `craft_relations`
--

INSERT INTO `craft_relations` (`id`, `fieldId`, `sourceId`, `sourceLocale`, `targetId`, `sortOrder`, `dateCreated`, `dateUpdated`, `uid`) VALUES
 ('16', '4', '153', NULL, '111', '1', '2016-08-23 18:58:57', '2016-08-23 18:58:57', 'c3b65d38-ff7c-43b5-a86c-46d8c4aee860'),
 ('17', '4', '154', NULL, '112', '1', '2016-08-23 19:00:00', '2016-08-23 19:00:00', 'fb540f04-e8de-4e11-82d3-10ecbd30f1d1'),
 ('19', '4', '155', NULL, '119', '1', '2016-08-23 19:10:38', '2016-08-23 19:10:38', 'a5bebede-4576-4bc9-b46f-f0b5108d71b5'),
 ('20', '4', '156', NULL, '120', '1', '2016-08-23 19:11:37', '2016-08-23 19:11:37', '80564da5-9ae5-4f7c-b244-2fc2df117ca9'),
 ('21', '4', '157', NULL, '113', '1', '2016-08-23 19:13:34', '2016-08-23 19:13:34', '92177e3f-73b6-49d6-ac7c-6d48609927a2'),
 ('22', '4', '158', NULL, '121', '1', '2016-08-23 19:18:19', '2016-08-23 19:18:19', 'a4e3498b-ee6f-4247-8e8c-d0294e437aeb'),
 ('23', '4', '159', NULL, '128', '1', '2016-08-23 19:18:51', '2016-08-23 19:18:51', '37e4cbb7-6854-4554-bbeb-a9a8e9deb4bc'),
 ('24', '4', '160', NULL, '118', '1', '2016-08-23 19:20:31', '2016-08-23 19:20:31', 'bd265267-f6b8-4987-ab97-659b3a2f2edf'),
 ('25', '4', '161', NULL, '125', '1', '2016-08-23 19:22:28', '2016-08-23 19:22:28', 'f1b1fbea-4632-4fce-b340-bc404473a3f2'),
 ('27', '4', '162', NULL, '131', '1', '2016-08-23 19:23:19', '2016-08-23 19:23:19', '5b8f8e30-6473-4e50-bde2-9f110bdaeeee'),
 ('28', '4', '163', NULL, '127', '1', '2016-08-23 19:23:54', '2016-08-23 19:23:54', '40e5f0fc-6ffb-4f76-85d3-1e84178bc029'),
 ('29', '4', '164', NULL, '126', '1', '2016-08-23 19:24:27', '2016-08-23 19:24:27', '4f8b9982-8369-497b-803c-4c321d07859d'),
 ('30', '4', '165', NULL, '132', '1', '2016-08-23 19:24:50', '2016-08-23 19:24:50', 'afb50036-0c03-4414-a548-69faaa0a069b'),
 ('31', '4', '166', NULL, '122', '1', '2016-08-23 19:25:13', '2016-08-23 19:25:13', 'cc77a36f-3515-4754-ac97-4e88eabaf4c4'),
 ('32', '4', '167', NULL, '130', '1', '2016-08-23 19:25:42', '2016-08-23 19:25:42', 'c11e1611-80ee-4f75-b596-8582790c5516'),
 ('33', '4', '168', NULL, '114', '1', '2016-08-23 19:26:09', '2016-08-23 19:26:09', '8f22196b-ae87-41e6-bf05-1f2a7b5de68f'),
 ('34', '4', '169', NULL, '123', '1', '2016-08-23 19:26:39', '2016-08-23 19:26:39', 'b720a741-411c-4071-82f7-4e48c6802fd5'),
 ('35', '4', '170', NULL, '133', '1', '2016-08-23 19:27:27', '2016-08-23 19:27:27', '89aadd8b-a589-4c0e-be55-dd6503df283e'),
 ('36', '4', '171', NULL, '129', '1', '2016-08-23 19:28:02', '2016-08-23 19:28:02', '6ed83926-80a5-4d90-8cf1-949faf77cc4c'),
 ('37', '4', '172', NULL, '124', '1', '2016-08-23 19:29:31', '2016-08-23 19:29:31', '3258418c-6516-47dc-85bc-76096b8252ad'),
 ('38', '4', '173', NULL, '117', '1', '2016-08-23 19:29:57', '2016-08-23 19:29:57', 'cb300938-2b08-4ed1-ae0e-16b9e35469ff'),
 ('39', '4', '174', NULL, '115', '1', '2016-08-23 19:30:37', '2016-08-23 19:30:37', '71b2494f-76ce-4b21-ad58-90b784b1f547'),
 ('40', '4', '175', NULL, '116', '1', '2016-08-23 19:31:14', '2016-08-23 19:31:14', 'b63fdd30-26c6-42fc-8d55-6031ab0a0790'),
 ('65', '14', '177', NULL, '181', '1', '2016-08-23 19:48:25', '2016-08-23 19:48:25', 'ec94f0bd-fdb7-496a-9a3b-4caaec1b8d61'),
 ('68', '14', '178', NULL, '181', '1', '2016-08-23 19:48:54', '2016-08-23 19:48:54', 'c19d0e69-d108-469c-9524-e48ced267d45'),
 ('122', '4', '176', NULL, '101', '1', '2017-03-27 04:37:56', '2017-03-27 04:37:56', 'e000b0c5-2b4d-4d20-a84b-1937601a4a61'),
 ('123', '5', '176', NULL, '138', '1', '2017-03-27 04:37:56', '2017-03-27 04:37:56', 'e9961d26-feba-4186-b130-0a63282b7c29'),
 ('124', '15', '176', NULL, '182', '1', '2017-03-27 04:37:56', '2017-03-27 04:37:56', 'b2d226c5-0014-43df-a236-8f448d73c806'),
 ('125', '4', '177', NULL, '103', '1', '2017-03-27 04:38:06', '2017-03-27 04:38:06', '3bd5ce10-5641-4c8d-b969-cd30c27d85bf'),
 ('126', '5', '177', NULL, '145', '1', '2017-03-27 04:38:06', '2017-03-27 04:38:06', 'ffe757d8-8e5e-4327-8fad-74c78c646ef4'),
 ('127', '15', '177', NULL, '182', '1', '2017-03-27 04:38:06', '2017-03-27 04:38:06', '53f14dac-85fc-407e-9f3d-4dd646a35227'),
 ('128', '4', '178', NULL, '104', '1', '2017-03-27 04:38:24', '2017-03-27 04:38:24', 'a2171db7-8b14-4535-b17a-e68069215926'),
 ('129', '5', '178', NULL, '146', '1', '2017-03-27 04:38:24', '2017-03-27 04:38:24', '9d31cc94-2960-4c4d-8243-9e57e7da8386'),
 ('130', '15', '178', NULL, '182', '1', '2017-03-27 04:38:24', '2017-03-27 04:38:24', '9b967ad8-8011-4b67-8f2f-cadc083367ec'),
 ('131', '4', '179', NULL, '102', '1', '2017-03-27 04:38:31', '2017-03-27 04:38:31', 'c6a1624c-8fca-4c35-b1aa-83da71baeb41'),
 ('132', '5', '179', NULL, '139', '1', '2017-03-27 04:38:31', '2017-03-27 04:38:31', '78ff54b2-5a14-4a4e-b772-87ad6c04f9cc'),
 ('133', '5', '179', NULL, '140', '2', '2017-03-27 04:38:31', '2017-03-27 04:38:31', '1a9b6806-0ac7-4632-ad71-05bf22a1e8f9'),
 ('134', '5', '179', NULL, '141', '3', '2017-03-27 04:38:31', '2017-03-27 04:38:31', 'e0b6c7d2-804b-4e82-9bad-19767623835b'),
 ('135', '5', '179', NULL, '142', '4', '2017-03-27 04:38:31', '2017-03-27 04:38:31', '0c8d050f-59f6-4c67-bd1e-974babfe24f9'),
 ('136', '5', '179', NULL, '143', '5', '2017-03-27 04:38:31', '2017-03-27 04:38:31', '49109fa8-6321-4861-bef0-a720918d128f'),
 ('137', '5', '179', NULL, '144', '6', '2017-03-27 04:38:31', '2017-03-27 04:38:31', 'de4f88b4-b5bf-4d46-a080-c54abd4a76b6'),
 ('138', '15', '179', NULL, '183', '1', '2017-03-27 04:38:31', '2017-03-27 04:38:31', 'f7dc2a5f-d2e3-4be0-9a40-925f2f8cc761'),
 ('139', '4', '180', NULL, '110', '1', '2017-03-27 04:38:41', '2017-03-27 04:38:41', '728206e9-75ab-4fb5-a3a9-2aa1972182d9'),
 ('140', '15', '180', NULL, '184', '1', '2017-03-27 04:38:41', '2017-03-27 04:38:41', '34016360-1363-4ca3-9cd4-2f7bff9b4f15'),
 ('141', '4', '186', NULL, '107', '1', '2017-03-27 04:39:03', '2017-03-27 04:39:03', '46f25522-9fc6-4814-ad56-0638cb90b9d0'),
 ('142', '5', '186', NULL, '147', '1', '2017-03-27 04:39:03', '2017-03-27 04:39:03', '7eaf6fd0-f77e-4397-a99b-8c4ccb98a19b'),
 ('143', '15', '186', NULL, '182', '1', '2017-03-27 04:39:03', '2017-03-27 04:39:03', 'be449b46-dd5b-4e22-ab94-b94b4f3c9285'),
 ('144', '4', '187', NULL, '109', '1', '2017-03-27 04:39:12', '2017-03-27 04:39:12', '564900ae-b35a-4011-80a3-5d774a001d25'),
 ('145', '5', '187', NULL, '149', '1', '2017-03-27 04:39:12', '2017-03-27 04:39:12', 'f86372fa-7355-45d4-b46c-ef0351a9a700'),
 ('146', '15', '187', NULL, '182', '1', '2017-03-27 04:39:12', '2017-03-27 04:39:12', '66ba6bf9-46b9-4804-8101-2af8d2ecba13'),
 ('147', '4', '188', NULL, '108', '1', '2017-03-27 04:39:19', '2017-03-27 04:39:19', '7fc1eb19-f482-4be6-bc07-e69260c58c15'),
 ('148', '5', '188', NULL, '148', '1', '2017-03-27 04:39:19', '2017-03-27 04:39:19', '8f12f09d-453a-46c8-91c3-e59d9c212bf2'),
 ('149', '15', '188', NULL, '182', '1', '2017-03-27 04:39:19', '2017-03-27 04:39:19', 'd7c60b7e-6282-46fe-b66c-27e515b19083'),
 ('150', '4', '189', NULL, '106', '1', '2017-03-27 04:39:26', '2017-03-27 04:39:26', 'ef6d0432-2115-4009-9300-9d3b17c4a934'),
 ('151', '5', '189', NULL, '135', '1', '2017-03-27 04:39:26', '2017-03-27 04:39:26', '86395103-1b62-4719-87fd-7b245a2f2f10'),
 ('152', '5', '189', NULL, '136', '2', '2017-03-27 04:39:26', '2017-03-27 04:39:26', '580ff866-1d70-4263-abe3-d22be0db12ca'),
 ('153', '5', '189', NULL, '137', '3', '2017-03-27 04:39:26', '2017-03-27 04:39:26', 'd0bbd301-a29f-405c-8e60-1cd1fa7bd88c'),
 ('154', '15', '189', NULL, '183', '1', '2017-03-27 04:39:26', '2017-03-27 04:39:26', 'b33da290-5181-4bb8-951b-b9a50435cb79'),
 ('155', '4', '190', NULL, '105', '1', '2017-03-27 04:39:40', '2017-03-27 04:39:40', 'f0ea846c-de58-44b1-bd6e-51c628a6f78a'),
 ('156', '5', '190', NULL, '134', '1', '2017-03-27 04:39:40', '2017-03-27 04:39:40', '564864d3-c01f-4901-a080-f63da0132dc8'),
 ('157', '15', '190', NULL, '183', '1', '2017-03-27 04:39:40', '2017-03-27 04:39:40', '9aafe272-bdca-469d-99f3-ad0c9d36aa30');



DROP TABLE IF EXISTS `craft_routes`;


--
-- Schema for table `craft_routes`
--
CREATE TABLE `craft_routes` (
  `id` int(11) NOT NULL AUTO_INCREMENT,
  `locale` char(12) COLLATE utf8_unicode_ci DEFAULT NULL,
  `urlParts` varchar(255) COLLATE utf8_unicode_ci NOT NULL,
  `urlPattern` varchar(255) COLLATE utf8_unicode_ci NOT NULL,
  `template` varchar(255) COLLATE utf8_unicode_ci NOT NULL,
  `sortOrder` smallint(6) unsigned DEFAULT NULL,
  `dateCreated` datetime NOT NULL,
  `dateUpdated` datetime NOT NULL,
  `uid` char(36) COLLATE utf8_unicode_ci NOT NULL DEFAULT '0',
  PRIMARY KEY (`id`),
  KEY `craft_routes_locale_idx` (`locale`),
  KEY `craft_routes_urlPattern_idx` (`urlPattern`)
) ENGINE=InnoDB DEFAULT CHARSET=utf8 COLLATE=utf8_unicode_ci;

DROP TABLE IF EXISTS `craft_searchindex`;


--
-- Schema for table `craft_searchindex`
--
CREATE TABLE `craft_searchindex` (
  `elementId` int(11) NOT NULL,
  `attribute` varchar(25) COLLATE utf8_unicode_ci NOT NULL,
  `fieldId` int(11) NOT NULL,
  `locale` char(12) COLLATE utf8_unicode_ci NOT NULL,
  `keywords` text COLLATE utf8_unicode_ci NOT NULL,
  PRIMARY KEY (`elementId`,`attribute`,`fieldId`,`locale`),
  FULLTEXT KEY `craft_searchindex_keywords_idx` (`keywords`)
) ENGINE=MyISAM DEFAULT CHARSET=utf8 COLLATE=utf8_unicode_ci;

--
-- Data for table `craft_searchindex`
--

INSERT INTO `craft_searchindex` (`elementId`, `attribute`, `fieldId`, `locale`, `keywords`) VALUES
 ('101', 'filename', '0', 'en_us', ' indie_work_1_cover_image jpg '),
 ('101', 'extension', '0', 'en_us', ' jpg '),
 ('101', 'kind', '0', 'en_us', ' image '),
 ('101', 'slug', '0', 'en_us', ' indie work 1 cover image '),
 ('101', 'title', '0', 'en_us', ' indie work 1 cover image '),
 ('103', 'filename', '0', 'en_us', ' indie_work_3_cover_image jpg '),
 ('103', 'extension', '0', 'en_us', ' jpg '),
 ('103', 'kind', '0', 'en_us', ' image '),
 ('103', 'slug', '0', 'en_us', ' indie work 3 cover image '),
 ('103', 'title', '0', 'en_us', ' indie work 3 cover image '),
 ('104', 'filename', '0', 'en_us', ' indie_work_4_cover_image jpg '),
 ('104', 'extension', '0', 'en_us', ' jpg '),
 ('104', 'kind', '0', 'en_us', ' image '),
 ('104', 'slug', '0', 'en_us', ' indie work 4 cover image '),
 ('104', 'title', '0', 'en_us', ' indie work 4 cover image '),
 ('102', 'filename', '0', 'en_us', ' indie_work_2_cover_image jpg '),
 ('102', 'extension', '0', 'en_us', ' jpg '),
 ('102', 'kind', '0', 'en_us', ' image '),
 ('102', 'slug', '0', 'en_us', ' indie work 2 cover image '),
 ('102', 'title', '0', 'en_us', ' indie work 2 cover image '),
 ('105', 'filename', '0', 'en_us', ' indie_work_5_cover_image jpg '),
 ('105', 'extension', '0', 'en_us', ' jpg '),
 ('105', 'kind', '0', 'en_us', ' image '),
 ('105', 'slug', '0', 'en_us', ' indie work 5 cover image '),
 ('105', 'title', '0', 'en_us', ' indie work 5 cover image '),
 ('106', 'filename', '0', 'en_us', ' indie_work_6_cover_image jpg '),
 ('106', 'extension', '0', 'en_us', ' jpg '),
 ('106', 'kind', '0', 'en_us', ' image '),
 ('106', 'slug', '0', 'en_us', ' indie work 6 cover image '),
 ('106', 'title', '0', 'en_us', ' indie work 6 cover image '),
 ('107', 'filename', '0', 'en_us', ' indie_work_7_cover_image jpg '),
 ('107', 'extension', '0', 'en_us', ' jpg '),
 ('107', 'kind', '0', 'en_us', ' image '),
 ('107', 'slug', '0', 'en_us', ' indie work 7 cover image '),
 ('107', 'title', '0', 'en_us', ' indie work 7 cover image '),
 ('108', 'filename', '0', 'en_us', ' indie_work_8_cover_image jpg '),
 ('108', 'extension', '0', 'en_us', ' jpg '),
 ('108', 'kind', '0', 'en_us', ' image '),
 ('108', 'slug', '0', 'en_us', ' indie work 8 cover image '),
 ('108', 'title', '0', 'en_us', ' indie work 8 cover image '),
 ('109', 'filename', '0', 'en_us', ' indie_work_9_cover_image jpg '),
 ('109', 'extension', '0', 'en_us', ' jpg '),
 ('109', 'kind', '0', 'en_us', ' image '),
 ('109', 'slug', '0', 'en_us', ' indie work 9 cover image '),
 ('109', 'title', '0', 'en_us', ' indie work 9 cover image '),
 ('110', 'filename', '0', 'en_us', ' indie collection_three oranges jpg '),
 ('110', 'extension', '0', 'en_us', ' jpg '),
 ('110', 'kind', '0', 'en_us', ' image '),
 ('110', 'slug', '0', 'en_us', ' indie collection three oranges '),
 ('110', 'title', '0', 'en_us', ' indie collection three oranges '),
 ('111', 'filename', '0', 'en_us', ' 12days_cover_image jpg '),
 ('111', 'extension', '0', 'en_us', ' jpg '),
 ('111', 'kind', '0', 'en_us', ' image '),
 ('111', 'slug', '0', 'en_us', ' 12days cover image '),
 ('111', 'title', '0', 'en_us', ' 12days cover image '),
 ('112', 'filename', '0', 'en_us', ' 12days3_cover_image jpg '),
 ('112', 'extension', '0', 'en_us', ' jpg '),
 ('112', 'kind', '0', 'en_us', ' image '),
 ('112', 'slug', '0', 'en_us', ' 12 days3 cover image '),
 ('112', 'title', '0', 'en_us', ' 12 days3 cover image '),
 ('114', 'filename', '0', 'en_us', ' bossa_cover_image jpg '),
 ('114', 'extension', '0', 'en_us', ' jpg '),
 ('114', 'kind', '0', 'en_us', ' image '),
 ('114', 'slug', '0', 'en_us', ' bossa cover image '),
 ('114', 'title', '0', 'en_us', ' bossa cover image '),
 ('113', 'filename', '0', 'en_us', ' bosch_cover_image jpg '),
 ('113', 'extension', '0', 'en_us', ' jpg '),
 ('113', 'kind', '0', 'en_us', ' image '),
 ('113', 'slug', '0', 'en_us', ' bosch cover image '),
 ('113', 'title', '0', 'en_us', ' bosch cover image '),
 ('115', 'filename', '0', 'en_us', ' cartoonnetwork_cover_image jpg '),
 ('115', 'extension', '0', 'en_us', ' jpg '),
 ('115', 'kind', '0', 'en_us', ' image '),
 ('115', 'slug', '0', 'en_us', ' cartoon network cover image '),
 ('115', 'title', '0', 'en_us', ' cartoon network cover image '),
 ('116', 'filename', '0', 'en_us', ' cgcc_cover_image jpg '),
 ('116', 'extension', '0', 'en_us', ' jpg '),
 ('116', 'kind', '0', 'en_us', ' image '),
 ('116', 'slug', '0', 'en_us', ' cgcc cover image '),
 ('116', 'title', '0', 'en_us', ' cgcc cover image '),
 ('117', 'filename', '0', 'en_us', ' countdown_cover_image jpg '),
 ('117', 'extension', '0', 'en_us', ' jpg '),
 ('117', 'kind', '0', 'en_us', ' image '),
 ('117', 'slug', '0', 'en_us', ' count down cover image '),
 ('117', 'title', '0', 'en_us', ' count down cover image '),
 ('118', 'filename', '0', 'en_us', ' cranks_and_gulps_cover_image jpg '),
 ('118', 'extension', '0', 'en_us', ' jpg '),
 ('118', 'kind', '0', 'en_us', ' image '),
 ('118', 'slug', '0', 'en_us', ' cranks and gulps cover image '),
 ('118', 'title', '0', 'en_us', ' cranks and gulps cover image '),
 ('119', 'filename', '0', 'en_us', ' dell_cover_image jpg '),
 ('119', 'extension', '0', 'en_us', ' jpg '),
 ('119', 'kind', '0', 'en_us', ' image '),
 ('119', 'slug', '0', 'en_us', ' dell cover image '),
 ('119', 'title', '0', 'en_us', ' dell cover image '),
 ('120', 'filename', '0', 'en_us', ' espn_cover_image jpg '),
 ('120', 'extension', '0', 'en_us', ' jpg '),
 ('120', 'kind', '0', 'en_us', ' image '),
 ('120', 'slug', '0', 'en_us', ' espn cover image '),
 ('120', 'title', '0', 'en_us', ' espn cover image ');
INSERT INTO `craft_searchindex` (`elementId`, `attribute`, `fieldId`, `locale`, `keywords`) VALUES
 ('121', 'filename', '0', 'en_us', ' footlocker_cover_image jpg '),
 ('121', 'extension', '0', 'en_us', ' jpg '),
 ('121', 'kind', '0', 'en_us', ' image '),
 ('121', 'slug', '0', 'en_us', ' foot locker cover image '),
 ('121', 'title', '0', 'en_us', ' foot locker cover image '),
 ('122', 'filename', '0', 'en_us', ' googteamwork_cover_image jpg '),
 ('122', 'extension', '0', 'en_us', ' jpg '),
 ('122', 'kind', '0', 'en_us', ' image '),
 ('122', 'slug', '0', 'en_us', ' goog teamwork cover image '),
 ('122', 'title', '0', 'en_us', ' goog teamwork cover image '),
 ('123', 'filename', '0', 'en_us', ' hanessocks_cover_image jpg '),
 ('123', 'extension', '0', 'en_us', ' jpg '),
 ('123', 'kind', '0', 'en_us', ' image '),
 ('123', 'slug', '0', 'en_us', ' hanes socks cover image '),
 ('123', 'title', '0', 'en_us', ' hanes socks cover image '),
 ('124', 'filename', '0', 'en_us', ' hardboil_cover_image jpg '),
 ('124', 'extension', '0', 'en_us', ' jpg '),
 ('124', 'kind', '0', 'en_us', ' image '),
 ('124', 'slug', '0', 'en_us', ' hardboil cover image '),
 ('124', 'title', '0', 'en_us', ' hardboil cover image '),
 ('125', 'filename', '0', 'en_us', ' hermesnoel_cover_image jpg '),
 ('125', 'extension', '0', 'en_us', ' jpg '),
 ('125', 'kind', '0', 'en_us', ' image '),
 ('125', 'slug', '0', 'en_us', ' hermes noel cover image '),
 ('125', 'title', '0', 'en_us', ' hermes noel cover image '),
 ('126', 'filename', '0', 'en_us', ' mcdcracker_cover_image jpg '),
 ('126', 'extension', '0', 'en_us', ' jpg '),
 ('126', 'kind', '0', 'en_us', ' image '),
 ('126', 'slug', '0', 'en_us', ' mcd cracker cover image '),
 ('126', 'title', '0', 'en_us', ' mcd cracker cover image '),
 ('127', 'filename', '0', 'en_us', ' melvinmoon_cover_image jpg '),
 ('127', 'extension', '0', 'en_us', ' jpg '),
 ('127', 'kind', '0', 'en_us', ' image '),
 ('127', 'slug', '0', 'en_us', ' melvin moon cover image '),
 ('127', 'title', '0', 'en_us', ' melvin moon cover image '),
 ('128', 'filename', '0', 'en_us', ' navyfed_cover_image jpg '),
 ('128', 'extension', '0', 'en_us', ' jpg '),
 ('128', 'kind', '0', 'en_us', ' image '),
 ('128', 'slug', '0', 'en_us', ' navy fed cover image '),
 ('128', 'title', '0', 'en_us', ' navy fed cover image '),
 ('129', 'filename', '0', 'en_us', ' philliplim_cover_image jpg '),
 ('129', 'extension', '0', 'en_us', ' jpg '),
 ('129', 'kind', '0', 'en_us', ' image '),
 ('129', 'slug', '0', 'en_us', ' phillip lim cover image '),
 ('129', 'title', '0', 'en_us', ' phillip lim cover image '),
 ('130', 'filename', '0', 'en_us', ' randyfox_cover_image jpg '),
 ('130', 'extension', '0', 'en_us', ' jpg '),
 ('130', 'kind', '0', 'en_us', ' image '),
 ('130', 'slug', '0', 'en_us', ' randy fox cover image '),
 ('130', 'title', '0', 'en_us', ' randy fox cover image '),
 ('131', 'filename', '0', 'en_us', ' rushkitchen_cover_image jpg '),
 ('131', 'extension', '0', 'en_us', ' jpg '),
 ('131', 'kind', '0', 'en_us', ' image '),
 ('131', 'slug', '0', 'en_us', ' rushkitchen cover image '),
 ('131', 'title', '0', 'en_us', ' rushkitchen cover image '),
 ('132', 'filename', '0', 'en_us', ' timhorton_cover_image jpg '),
 ('132', 'extension', '0', 'en_us', ' jpg '),
 ('132', 'kind', '0', 'en_us', ' image '),
 ('132', 'slug', '0', 'en_us', ' tim horton cover image '),
 ('132', 'title', '0', 'en_us', ' tim horton cover image '),
 ('133', 'filename', '0', 'en_us', ' toadpipe_cover_image jpg '),
 ('133', 'extension', '0', 'en_us', ' jpg '),
 ('133', 'kind', '0', 'en_us', ' image '),
 ('133', 'slug', '0', 'en_us', ' toadpipe cover image '),
 ('133', 'title', '0', 'en_us', ' toadpipe cover image '),
 ('134', 'filename', '0', 'en_us', ' bornsmall_o jpg '),
 ('134', 'extension', '0', 'en_us', ' jpg '),
 ('134', 'kind', '0', 'en_us', ' image '),
 ('134', 'slug', '0', 'en_us', ' bornsmall o '),
 ('134', 'title', '0', 'en_us', ' bornsmall o '),
 ('135', 'filename', '0', 'en_us', ' head1_s_905_2x jpg '),
 ('135', 'extension', '0', 'en_us', ' jpg '),
 ('135', 'kind', '0', 'en_us', ' image '),
 ('135', 'slug', '0', 'en_us', ' head1 s 905 2x '),
 ('135', 'title', '0', 'en_us', ' head1 s 905 2x '),
 ('136', 'filename', '0', 'en_us', ' head2_s_905_2x jpg '),
 ('136', 'extension', '0', 'en_us', ' jpg '),
 ('136', 'kind', '0', 'en_us', ' image '),
 ('136', 'slug', '0', 'en_us', ' head2 s 905 2x '),
 ('136', 'title', '0', 'en_us', ' head2 s 905 2x '),
 ('137', 'filename', '0', 'en_us', ' head3_s_905_2x jpg '),
 ('137', 'extension', '0', 'en_us', ' jpg '),
 ('137', 'kind', '0', 'en_us', ' image '),
 ('137', 'slug', '0', 'en_us', ' head3 s 905 2x '),
 ('137', 'title', '0', 'en_us', ' head3 s 905 2x '),
 ('138', 'filename', '0', 'en_us', ' heavylight_small_905 jpg '),
 ('138', 'extension', '0', 'en_us', ' jpg '),
 ('138', 'kind', '0', 'en_us', ' image '),
 ('138', 'slug', '0', 'en_us', ' heavy light small 905 '),
 ('138', 'title', '0', 'en_us', ' heavy light small 905 '),
 ('139', 'filename', '0', 'en_us', ' j2_905 jpg '),
 ('139', 'extension', '0', 'en_us', ' jpg '),
 ('139', 'kind', '0', 'en_us', ' image '),
 ('139', 'slug', '0', 'en_us', ' j2 905 '),
 ('139', 'title', '0', 'en_us', ' j2 905 '),
 ('140', 'filename', '0', 'en_us', ' j3_905 jpg '),
 ('140', 'extension', '0', 'en_us', ' jpg '),
 ('140', 'kind', '0', 'en_us', ' image '),
 ('140', 'slug', '0', 'en_us', ' j3 905 '),
 ('140', 'title', '0', 'en_us', ' j3 905 ');
INSERT INTO `craft_searchindex` (`elementId`, `attribute`, `fieldId`, `locale`, `keywords`) VALUES
 ('141', 'filename', '0', 'en_us', ' j4_905 jpg '),
 ('141', 'extension', '0', 'en_us', ' jpg '),
 ('141', 'kind', '0', 'en_us', ' image '),
 ('141', 'slug', '0', 'en_us', ' j4 905 '),
 ('141', 'title', '0', 'en_us', ' j4 905 '),
 ('142', 'filename', '0', 'en_us', ' j5_905 jpg '),
 ('142', 'extension', '0', 'en_us', ' jpg '),
 ('142', 'kind', '0', 'en_us', ' image '),
 ('142', 'slug', '0', 'en_us', ' j5 905 '),
 ('142', 'title', '0', 'en_us', ' j5 905 '),
 ('143', 'filename', '0', 'en_us', ' j6_905 jpg '),
 ('143', 'extension', '0', 'en_us', ' jpg '),
 ('143', 'kind', '0', 'en_us', ' image '),
 ('143', 'slug', '0', 'en_us', ' j6 905 '),
 ('143', 'title', '0', 'en_us', ' j6 905 '),
 ('144', 'filename', '0', 'en_us', ' j7_905 jpg '),
 ('144', 'extension', '0', 'en_us', ' jpg '),
 ('144', 'kind', '0', 'en_us', ' image '),
 ('144', 'slug', '0', 'en_us', ' j7 905 '),
 ('144', 'title', '0', 'en_us', ' j7 905 '),
 ('145', 'filename', '0', 'en_us', ' maptosva_small_905 jpg '),
 ('145', 'extension', '0', 'en_us', ' jpg '),
 ('145', 'kind', '0', 'en_us', ' image '),
 ('145', 'slug', '0', 'en_us', ' mapto sva small 905 '),
 ('145', 'title', '0', 'en_us', ' mapto sva small 905 '),
 ('146', 'filename', '0', 'en_us', ' purity_905 jpg '),
 ('146', 'extension', '0', 'en_us', ' jpg '),
 ('146', 'kind', '0', 'en_us', ' image '),
 ('146', 'slug', '0', 'en_us', ' purity 905 '),
 ('146', 'title', '0', 'en_us', ' purity 905 '),
 ('147', 'filename', '0', 'en_us', ' reds_small_905_2x jpg '),
 ('147', 'extension', '0', 'en_us', ' jpg '),
 ('147', 'kind', '0', 'en_us', ' image '),
 ('147', 'slug', '0', 'en_us', ' reds small 905 2x '),
 ('147', 'title', '0', 'en_us', ' reds small 905 2x '),
 ('149', 'filename', '0', 'en_us', ' time_905_2x jpg '),
 ('149', 'extension', '0', 'en_us', ' jpg '),
 ('149', 'kind', '0', 'en_us', ' image '),
 ('149', 'slug', '0', 'en_us', ' time 905 2x '),
 ('149', 'title', '0', 'en_us', ' time 905 2x '),
 ('148', 'filename', '0', 'en_us', ' selftreee_small_905_2x jpg '),
 ('148', 'extension', '0', 'en_us', ' jpg '),
 ('148', 'kind', '0', 'en_us', ' image '),
 ('148', 'slug', '0', 'en_us', ' self treee small 905 2x '),
 ('148', 'title', '0', 'en_us', ' self treee small 905 2x '),
 ('194', 'filename', '0', 'en_us', ' met roof_oct16 jpg '),
 ('194', 'extension', '0', 'en_us', ' jpg '),
 ('194', 'kind', '0', 'en_us', ' image '),
 ('194', 'slug', '0', 'en_us', ' met roof oct16 '),
 ('194', 'title', '0', 'en_us', ' met roof oct16 '),
 ('182', 'slug', '0', 'en_us', ' collage '),
 ('182', 'title', '0', 'en_us', ' collage '),
 ('183', 'slug', '0', 'en_us', ' drawing '),
 ('183', 'title', '0', 'en_us', ' drawing '),
 ('184', 'slug', '0', 'en_us', ' animation '),
 ('184', 'title', '0', 'en_us', ' animation '),
 ('185', 'slug', '0', 'en_us', ' other '),
 ('185', 'title', '0', 'en_us', ' other '),
 ('153', 'slug', '0', 'en_us', ' 12 days of elves season 2 '),
 ('153', 'title', '0', 'en_us', ' 12 days of elves season 2 '),
 ('153', 'field', '4', 'en_us', ' 12days cover image '),
 ('153', 'field', '7', 'en_us', ' 125355565 https vimeo com 125355565 vimeo vimeo 2015 04 18 6 193 xiaoxiao soup https vimeo com greensoup https i vimeocdn com video 515431835_1280 jpg https i vimeocdn com video 515431835_1280 jpg 12 days of elves_season 2 type 2d animation short films client hornet inc role lead compositor 1 1920 1080 '),
 ('153', 'field', '5', 'en_us', ''),
 ('153', 'field', '8', 'en_us', ' 000000 '),
 ('153', 'field', '9', 'en_us', ' 000000 '),
 ('153', 'field', '12', 'en_us', ''),
 ('153', 'field', '10', 'en_us', ''),
 ('153', 'field', '11', 'en_us', ''),
 ('153', 'field', '6', 'en_us', ''),
 ('153', 'field', '13', 'en_us', ''),
 ('154', 'slug', '0', 'en_us', ' 12 days of elves season 3 '),
 ('154', 'title', '0', 'en_us', ' 12 days of elves season 3 '),
 ('154', 'field', '4', 'en_us', ' 12 days3 cover image '),
 ('154', 'field', '7', 'en_us', ' 153983786 https vimeo com 153983786 vimeo vimeo 2016 02 02 0 248 xiaoxiao soup https vimeo com greensoup https i vimeocdn com video 554432641_1280 jpg https i vimeocdn com video 554432641_1280 jpg 12 days of elves season 3 type 2d animation short films client hornet films role lead compositor colorist 1 1920 1080 '),
 ('154', 'field', '5', 'en_us', ''),
 ('154', 'field', '8', 'en_us', ' 000000 '),
 ('154', 'field', '9', 'en_us', ' 000000 '),
 ('154', 'field', '12', 'en_us', ''),
 ('154', 'field', '10', 'en_us', ''),
 ('154', 'field', '11', 'en_us', ''),
 ('154', 'field', '6', 'en_us', ''),
 ('154', 'field', '13', 'en_us', ''),
 ('155', 'slug', '0', 'en_us', ' dell stop motion paper cut '),
 ('155', 'title', '0', 'en_us', ' dell stop motion paper cut '),
 ('155', 'field', '4', 'en_us', ' dell cover image '),
 ('155', 'field', '7', 'en_us', ' 137547607 https vimeo com 137547607 vimeo vimeo 2015 08 27 0 10 xiaoxiao soup https vimeo com greensoup https i vimeocdn com video 532507296_1280 jpg https i vimeocdn com video 532507296_1280 jpg breakdown_dell_paper_0826 1 1280 720 '),
 ('155', 'field', '5', 'en_us', ''),
 ('155', 'field', '8', 'en_us', ' 000000 '),
 ('155', 'field', '9', 'en_us', ' 000000 '),
 ('155', 'field', '12', 'en_us', ''),
 ('155', 'field', '10', 'en_us', ''),
 ('155', 'field', '11', 'en_us', ''),
 ('155', 'field', '6', 'en_us', ''),
 ('155', 'field', '13', 'en_us', ''),
 ('156', 'slug', '0', 'en_us', ' espn what are you doing new years eve '),
 ('156', 'title', '0', 'en_us', ' espn what are you doing new year s eve '),
 ('156', 'field', '4', 'en_us', ' espn cover image '),
 ('156', 'field', '7', 'en_us', ' 150941184 https vimeo com 150941184 vimeo vimeo 2016 01 06 0 60 xiaoxiao soup https vimeo com greensoup https i vimeocdn com video 550559649_1280 jpg https i vimeocdn com video 550559649_1280 jpg espn what are you doing new year s eve type fabrication live action and cg client espn agency wieden kennedy ny role compositor 1 1920 1080 '),
 ('156', 'field', '5', 'en_us', ''),
 ('156', 'field', '8', 'en_us', ' 000000 ');
INSERT INTO `craft_searchindex` (`elementId`, `attribute`, `fieldId`, `locale`, `keywords`) VALUES
 ('156', 'field', '9', 'en_us', ' 000000 '),
 ('156', 'field', '12', 'en_us', ''),
 ('156', 'field', '10', 'en_us', ''),
 ('156', 'field', '11', 'en_us', ''),
 ('156', 'field', '6', 'en_us', ''),
 ('156', 'field', '13', 'en_us', ''),
 ('157', 'slug', '0', 'en_us', ' bosch stop the roadkill '),
 ('157', 'title', '0', 'en_us', ' bosch stop the roadkill '),
 ('157', 'field', '4', 'en_us', ' bosch cover image '),
 ('157', 'field', '7', 'en_us', ' 150945400 https vimeo com 150945400 vimeo vimeo 2016 01 06 1 163 xiaoxiao soup https vimeo com greensoup https i vimeocdn com video 550562316_1280 jpg https i vimeocdn com video 550562316_1280 jpg bosch stop the roadkill type puppets live action and stop motion client bosch role compositor 1 1920 1080 '),
 ('157', 'field', '5', 'en_us', ''),
 ('157', 'field', '8', 'en_us', ' 000000 '),
 ('157', 'field', '9', 'en_us', ' 000000 '),
 ('157', 'field', '12', 'en_us', ''),
 ('157', 'field', '10', 'en_us', ''),
 ('157', 'field', '11', 'en_us', ''),
 ('157', 'field', '6', 'en_us', ''),
 ('157', 'field', '13', 'en_us', ''),
 ('158', 'slug', '0', 'en_us', ' foot locker endtag '),
 ('158', 'title', '0', 'en_us', ' foot locker endtag '),
 ('158', 'field', '4', 'en_us', ' foot locker cover image '),
 ('158', 'field', '7', 'en_us', ' 150948152 83787e1caa https vimeo com 150948152 83787e1caa vimeo vimeo 2016 01 06 4 3 xiaoxiao soup https vimeo com greensoup https i vimeocdn com video 550564403_1280 jpg https i vimeocdn com video 550564403_1280 jpg foot locker endtag type motion graphics client foot locker role motion graphics artist 1920 1080 '),
 ('158', 'field', '5', 'en_us', ''),
 ('158', 'field', '8', 'en_us', ' 000000 '),
 ('158', 'field', '9', 'en_us', ' 000000 '),
 ('158', 'field', '12', 'en_us', ''),
 ('158', 'field', '10', 'en_us', ''),
 ('158', 'field', '11', 'en_us', ''),
 ('158', 'field', '6', 'en_us', ''),
 ('158', 'field', '13', 'en_us', ''),
 ('159', 'slug', '0', 'en_us', ' navy federal credit union our members make us '),
 ('159', 'title', '0', 'en_us', ' navy federal credit union our members make us '),
 ('159', 'field', '4', 'en_us', ' navy fed cover image '),
 ('159', 'field', '7', 'en_us', ' 151098650 https vimeo com 151098650 vimeo vimeo 2016 01 07 2 67 xiaoxiao soup https vimeo com greensoup https i vimeocdn com video 550756963_1280 jpg https i vimeocdn com video 550756963_1280 jpg navy federal credit union our members make us type 2d animation client navy federal credit union agency fitzgerald $ co role compositor 1 1920 1080 '),
 ('159', 'field', '5', 'en_us', ''),
 ('159', 'field', '8', 'en_us', ' 000000 '),
 ('159', 'field', '9', 'en_us', ' 000000 '),
 ('159', 'field', '12', 'en_us', ''),
 ('159', 'field', '10', 'en_us', ''),
 ('159', 'field', '11', 'en_us', ''),
 ('159', 'field', '6', 'en_us', ''),
 ('159', 'field', '13', 'en_us', ''),
 ('160', 'slug', '0', 'en_us', ' cranks and gulps '),
 ('160', 'title', '0', 'en_us', ' cranks and gulps '),
 ('160', 'field', '4', 'en_us', ' cranks and gulps cover image '),
 ('160', 'field', '7', 'en_us', ' 125407982 https vimeo com 125407982 vimeo vimeo 2015 04 19 2 103 xiaoxiao soup https vimeo com greensoup https i vimeocdn com video 515507416_1280 jpg https i vimeocdn com video 515507416_1280 jpg cranks and gulps type 2d animation client new brunswick power role assisted in composting 1 1280 720 '),
 ('160', 'field', '5', 'en_us', ''),
 ('160', 'field', '8', 'en_us', ' 000000 '),
 ('160', 'field', '9', 'en_us', ' 000000 '),
 ('160', 'field', '12', 'en_us', ''),
 ('160', 'field', '10', 'en_us', ''),
 ('160', 'field', '11', 'en_us', ''),
 ('160', 'field', '6', 'en_us', ''),
 ('160', 'field', '13', 'en_us', ''),
 ('161', 'slug', '0', 'en_us', ' hermes noel '),
 ('161', 'title', '0', 'en_us', ' hermes noel '),
 ('161', 'field', '4', 'en_us', ' hermes noel cover image '),
 ('161', 'field', '7', 'en_us', ' 125408376 https vimeo com 125408376 vimeo vimeo 2015 04 19 2 55 xiaoxiao soup https vimeo com greensoup https i vimeocdn com video 515503513_1280 jpg https i vimeocdn com video 515503513_1280 jpg hermès noel type stop motion animation client hermes role junior compositor 1 1920 1080 '),
 ('161', 'field', '5', 'en_us', ''),
 ('161', 'field', '8', 'en_us', ' 000000 '),
 ('161', 'field', '9', 'en_us', ' 000000 '),
 ('161', 'field', '12', 'en_us', ''),
 ('161', 'field', '10', 'en_us', ''),
 ('161', 'field', '11', 'en_us', ''),
 ('161', 'field', '6', 'en_us', ''),
 ('161', 'field', '13', 'en_us', ''),
 ('162', 'slug', '0', 'en_us', ' rush in the kitchen '),
 ('162', 'title', '0', 'en_us', ' rush in the kitchen '),
 ('162', 'field', '4', 'en_us', ' rushkitchen cover image '),
 ('162', 'field', '7', 'en_us', ' 123798333 https vimeo com 123798333 vimeo vimeo 2015 03 31 0 30 xiaoxiao soup https vimeo com greensoup https i vimeocdn com video 513272351_1280 jpg https i vimeocdn com video 513272351_1280 jpg rush in the kitchen type 2d animation client uncle bens role assisted in composting 1 1920 1080 '),
 ('162', 'field', '5', 'en_us', ''),
 ('162', 'field', '8', 'en_us', ' 000000 '),
 ('162', 'field', '9', 'en_us', ' 000000 '),
 ('162', 'field', '12', 'en_us', ''),
 ('162', 'field', '10', 'en_us', ''),
 ('162', 'field', '11', 'en_us', ''),
 ('162', 'field', '6', 'en_us', ''),
 ('162', 'field', '13', 'en_us', ''),
 ('163', 'slug', '0', 'en_us', ' melvin in the moon '),
 ('163', 'title', '0', 'en_us', ' melvin in the moon '),
 ('163', 'field', '4', 'en_us', ' melvin moon cover image '),
 ('163', 'field', '7', 'en_us', ' 123800834 https vimeo com 123800834 vimeo vimeo 2015 03 31 3 54 xiaoxiao soup https vimeo com greensoup https i vimeocdn com video 513277478_1280 jpg https i vimeocdn com video 513277478_1280 jpg melvin in the moon type 2d animation pitch client disney channel role junior compositor 1 1920 1080 '),
 ('163', 'field', '5', 'en_us', ''),
 ('163', 'field', '8', 'en_us', ' 000000 '),
 ('163', 'field', '9', 'en_us', ' 000000 '),
 ('163', 'field', '12', 'en_us', ''),
 ('163', 'field', '10', 'en_us', ''),
 ('163', 'field', '11', 'en_us', ''),
 ('163', 'field', '6', 'en_us', ''),
 ('163', 'field', '13', 'en_us', ''),
 ('164', 'slug', '0', 'en_us', ' mcdonalds cracker '),
 ('164', 'title', '0', 'en_us', ' mcdonald s cracker '),
 ('164', 'field', '4', 'en_us', ' mcd cracker cover image '),
 ('164', 'field', '7', 'en_us', ' 123803279 https vimeo com 123803279 vimeo vimeo 2015 03 31 1 50 xiaoxiao soup https vimeo com greensoup https i vimeocdn com video 513279055_1280 jpg https i vimeocdn com video 513279055_1280 jpg mcdonald s cracker type motion graphics and cg animation client mcdonald s role motion graphics animator 1 752 334 '),
 ('164', 'field', '5', 'en_us', ''),
 ('164', 'field', '8', 'en_us', ' 000000 '),
 ('164', 'field', '9', 'en_us', ' 000000 '),
 ('164', 'field', '12', 'en_us', ''),
 ('164', 'field', '10', 'en_us', ''),
 ('164', 'field', '11', 'en_us', '');
INSERT INTO `craft_searchindex` (`elementId`, `attribute`, `fieldId`, `locale`, `keywords`) VALUES
 ('164', 'field', '6', 'en_us', ''),
 ('164', 'field', '13', 'en_us', ''),
 ('165', 'slug', '0', 'en_us', ' tim horton ice capp think happy '),
 ('165', 'title', '0', 'en_us', ' tim horton ice capp think happy '),
 ('165', 'field', '4', 'en_us', ' tim horton cover image '),
 ('165', 'field', '7', 'en_us', ' 138810470 https vimeo com 138810470 vimeo vimeo 2015 09 09 0 10 xiaoxiao soup https vimeo com greensoup https i vimeocdn com video 534334605_1280 jpg https i vimeocdn com video 534334605_1280 jpg breakdown_timhortons_hq_0830_ori 1 1920 1080 '),
 ('165', 'field', '5', 'en_us', ''),
 ('165', 'field', '8', 'en_us', ' 000000 '),
 ('165', 'field', '9', 'en_us', ' 000000 '),
 ('165', 'field', '12', 'en_us', ''),
 ('165', 'field', '10', 'en_us', ''),
 ('165', 'field', '11', 'en_us', ''),
 ('165', 'field', '6', 'en_us', ''),
 ('165', 'field', '13', 'en_us', ''),
 ('166', 'slug', '0', 'en_us', ' google teamwork '),
 ('166', 'title', '0', 'en_us', ' google teamwork '),
 ('166', 'field', '4', 'en_us', ' goog teamwork cover image '),
 ('166', 'field', '7', 'en_us', ' 130595491 657fc44fa3 https vimeo com 130595491 657fc44fa3 vimeo vimeo 2015 06 12 8 94 xiaoxiao soup https vimeo com greensoup https i vimeocdn com video 522518063_1280 jpg https i vimeocdn com video 522518063_1280 jpg google teamwork type motion graphics client google agency jwt role motion graphics animator refer http googleforwork blogspot com 2015 02 teamwork 2015 were not just partners were in this together html 1920 1080 '),
 ('166', 'field', '5', 'en_us', ''),
 ('166', 'field', '8', 'en_us', ' 000000 '),
 ('166', 'field', '9', 'en_us', ' 000000 '),
 ('166', 'field', '12', 'en_us', ''),
 ('166', 'field', '10', 'en_us', ''),
 ('166', 'field', '11', 'en_us', ''),
 ('166', 'field', '6', 'en_us', ''),
 ('166', 'field', '13', 'en_us', ''),
 ('167', 'slug', '0', 'en_us', ' randy and fox '),
 ('167', 'title', '0', 'en_us', ' randy and fox '),
 ('167', 'field', '4', 'en_us', ' randy fox cover image '),
 ('167', 'field', '7', 'en_us', ' 130579426 https vimeo com 130579426 vimeo vimeo 2015 06 12 3 124 xiaoxiao soup https vimeo com greensoup https i vimeocdn com video 522496032_1280 jpg https i vimeocdn com video 522496032_1280 jpg randyandfox trailer type 2d animation pitch client nickelodeon digital role compositor 1 1920 1080 '),
 ('167', 'field', '5', 'en_us', ''),
 ('167', 'field', '8', 'en_us', ' 000000 '),
 ('167', 'field', '9', 'en_us', ' 000000 '),
 ('167', 'field', '12', 'en_us', ''),
 ('167', 'field', '10', 'en_us', ''),
 ('167', 'field', '11', 'en_us', ''),
 ('167', 'field', '6', 'en_us', ''),
 ('167', 'field', '13', 'en_us', ''),
 ('168', 'slug', '0', 'en_us', ' bossa logo animation '),
 ('168', 'title', '0', 'en_us', ' bossa logo animation '),
 ('168', 'field', '4', 'en_us', ' bossa cover image '),
 ('168', 'field', '7', 'en_us', ' 131025850 8a9ed47898 https vimeo com 131025850 8a9ed47898 vimeo vimeo 2015 06 17 5 30 xiaoxiao soup https vimeo com greensoup https i vimeocdn com video 523111124_1280 jpg https i vimeocdn com video 523111124_1280 jpg bossa logo animation type motion graphics client bossa role motion design animator 1920 1080 '),
 ('168', 'field', '5', 'en_us', ''),
 ('168', 'field', '8', 'en_us', ' 000000 '),
 ('168', 'field', '9', 'en_us', ' 000000 '),
 ('168', 'field', '12', 'en_us', ''),
 ('168', 'field', '10', 'en_us', ''),
 ('168', 'field', '11', 'en_us', ''),
 ('168', 'field', '6', 'en_us', ''),
 ('168', 'field', '13', 'en_us', ''),
 ('169', 'slug', '0', 'en_us', ' follow the sock '),
 ('169', 'title', '0', 'en_us', ' follow the sock '),
 ('169', 'field', '4', 'en_us', ' hanes socks cover image '),
 ('169', 'field', '7', 'en_us', ' 131262394 https vimeo com 131262394 vimeo vimeo 2015 06 19 11 42 xiaoxiao soup https vimeo com greensoup https i vimeocdn com video 524101515_1280 jpg https i vimeocdn com video 524101515_1280 jpg disney pitch follow the sock type puppets live action and stop motion client disney hanes role lead compositor colorist 1 1920 1080 '),
 ('169', 'field', '5', 'en_us', ''),
 ('169', 'field', '8', 'en_us', ' 000000 '),
 ('169', 'field', '9', 'en_us', ' 000000 '),
 ('169', 'field', '12', 'en_us', ''),
 ('169', 'field', '10', 'en_us', ''),
 ('169', 'field', '11', 'en_us', ''),
 ('169', 'field', '6', 'en_us', ''),
 ('169', 'field', '13', 'en_us', ''),
 ('170', 'slug', '0', 'en_us', ' toadpipe short film '),
 ('170', 'title', '0', 'en_us', ' toadpipe short film '),
 ('170', 'field', '4', 'en_us', ' toadpipe cover image '),
 ('170', 'field', '7', 'en_us', ' 131049931 https vimeo com 131049931 vimeo vimeo 2015 06 17 2 58 xiaoxiao soup https vimeo com greensoup https i vimeocdn com video 523148890_1280 jpg https i vimeocdn com video 523148890_1280 jpg toadpipe collection type 2d animation short films role compositor 1 1920 1080 '),
 ('170', 'field', '5', 'en_us', ''),
 ('170', 'field', '8', 'en_us', ' 000000 '),
 ('170', 'field', '9', 'en_us', ' 000000 '),
 ('170', 'field', '12', 'en_us', ''),
 ('170', 'field', '10', 'en_us', ''),
 ('170', 'field', '11', 'en_us', ''),
 ('170', 'field', '6', 'en_us', ''),
 ('170', 'field', '13', 'en_us', ''),
 ('171', 'slug', '0', 'en_us', ' foot models '),
 ('171', 'title', '0', 'en_us', ' foot models '),
 ('171', 'field', '4', 'en_us', ' phillip lim cover image '),
 ('171', 'field', '7', 'en_us', ' 130580839 https vimeo com 130580839 vimeo vimeo 2015 06 12 2 412 xiaoxiao soup https vimeo com greensoup https i vimeocdn com video 524533716_1280 jpg https i vimeocdn com video 524533716_1280 jpg 3 1 phillip lim foot models type live action client 3 1 phillip lim role junior compositor 1 1920 1080 '),
 ('171', 'field', '5', 'en_us', ''),
 ('171', 'field', '8', 'en_us', ' 000000 '),
 ('171', 'field', '9', 'en_us', ' 000000 '),
 ('171', 'field', '12', 'en_us', ''),
 ('171', 'field', '10', 'en_us', ''),
 ('171', 'field', '11', 'en_us', ''),
 ('171', 'field', '6', 'en_us', ''),
 ('171', 'field', '13', 'en_us', ''),
 ('172', 'slug', '0', 'en_us', ' hardboil '),
 ('172', 'title', '0', 'en_us', ' hardboil '),
 ('172', 'field', '4', 'en_us', ' hardboil cover image '),
 ('172', 'field', '7', 'en_us', ' 131731162 https vimeo com 131731162 vimeo vimeo 2015 06 24 2 16 xiaoxiao soup https vimeo com greensoup https i vimeocdn com video 524101358_1280 jpg https i vimeocdn com video 524101358_1280 jpg hardboil shot060 type stop motion short film client hornet inc role compositor 1 1920 1080 '),
 ('172', 'field', '5', 'en_us', ''),
 ('172', 'field', '8', 'en_us', ' 000000 '),
 ('172', 'field', '9', 'en_us', ' 000000 '),
 ('172', 'field', '12', 'en_us', ''),
 ('172', 'field', '10', 'en_us', ''),
 ('172', 'field', '11', 'en_us', ''),
 ('172', 'field', '6', 'en_us', ''),
 ('172', 'field', '13', 'en_us', ''),
 ('173', 'slug', '0', 'en_us', ' count down for hornet '),
 ('173', 'title', '0', 'en_us', ' count down for hornet ');
INSERT INTO `craft_searchindex` (`elementId`, `attribute`, `fieldId`, `locale`, `keywords`) VALUES
 ('173', 'field', '4', 'en_us', ' count down cover image '),
 ('173', 'field', '7', 'en_us', ' 131724740 https vimeo com 131724740 vimeo vimeo 2015 06 24 0 20 xiaoxiao soup https vimeo com greensoup https i vimeocdn com video 524100559_1280 jpg https i vimeocdn com video 524100559_1280 jpg countdown hornet inc type motion graphics client hornet inc role layout design count down animation 1 1920 1080 '),
 ('173', 'field', '5', 'en_us', ''),
 ('173', 'field', '8', 'en_us', ' 000000 '),
 ('173', 'field', '9', 'en_us', ' 000000 '),
 ('173', 'field', '12', 'en_us', ''),
 ('173', 'field', '10', 'en_us', ''),
 ('173', 'field', '11', 'en_us', ''),
 ('173', 'field', '6', 'en_us', ''),
 ('173', 'field', '13', 'en_us', ''),
 ('174', 'slug', '0', 'en_us', ' cartoon network '),
 ('174', 'title', '0', 'en_us', ' cartoon network '),
 ('174', 'field', '4', 'en_us', ' cartoon network cover image '),
 ('174', 'field', '7', 'en_us', ' 151167361 https vimeo com 151167361 vimeo vimeo 2016 01 08 0 60 xiaoxiao soup https vimeo com greensoup https i vimeocdn com video 550841362_1280 jpg https i vimeocdn com video 550841362_1280 jpg cartoon network type fabrication live action motion graphics and stop motion client cartoon network role compositor 1 1920 1080 '),
 ('174', 'field', '5', 'en_us', ''),
 ('174', 'field', '8', 'en_us', ' 000000 '),
 ('174', 'field', '9', 'en_us', ' 000000 '),
 ('174', 'field', '12', 'en_us', ''),
 ('174', 'field', '10', 'en_us', ''),
 ('174', 'field', '11', 'en_us', ''),
 ('174', 'field', '6', 'en_us', ''),
 ('174', 'field', '13', 'en_us', ''),
 ('175', 'slug', '0', 'en_us', ' ogilvy mather cgcc 10th anniversary '),
 ('175', 'title', '0', 'en_us', ' ogilvy mather cgcc 10th anniversary '),
 ('175', 'field', '4', 'en_us', ' cgcc cover image '),
 ('175', 'field', '7', 'en_us', ' 161222078 c7be2d590e https vimeo com 161222078 c7be2d590e vimeo vimeo 2016 04 01 5 46 xiaoxiao soup https vimeo com greensoup https i vimeocdn com video 563631359_1280 jpg https i vimeocdn com video 563631359_1280 jpg ogilvy mather cgcc 10th anniversary type motion graphics client ogilvy mather role lead motion graphics artist refer https www youtube com watch v=ssmmtmj50t0 1920 1080 '),
 ('175', 'field', '5', 'en_us', ''),
 ('175', 'field', '8', 'en_us', ' 000000 '),
 ('175', 'field', '9', 'en_us', ' 000000 '),
 ('175', 'field', '12', 'en_us', ''),
 ('175', 'field', '10', 'en_us', ''),
 ('175', 'field', '11', 'en_us', ''),
 ('175', 'field', '6', 'en_us', ''),
 ('175', 'field', '13', 'en_us', ''),
 ('176', 'slug', '0', 'en_us', ' heavy light and i '),
 ('176', 'title', '0', 'en_us', ' heavy light and i '),
 ('176', 'field', '4', 'en_us', ' indie work 1 cover image '),
 ('176', 'field', '5', 'en_us', ' heavy light small 905 '),
 ('176', 'field', '6', 'en_us', ' lorem ipsum is simply dummy text of the printing and typesetting industry lorem ipsum has been the industry s standard dummy text ever since the 1500s when an unknown printer took a galley of type and scrambled it to make a type specimen book '),
 ('176', 'field', '8', 'en_us', ' eae6e3 '),
 ('176', 'field', '9', 'en_us', ' 393939 '),
 ('176', 'field', '15', 'en_us', ' collage '),
 ('177', 'slug', '0', 'en_us', ' map to sva '),
 ('177', 'title', '0', 'en_us', ' map to sva '),
 ('177', 'field', '4', 'en_us', ' indie work 3 cover image '),
 ('177', 'field', '5', 'en_us', ' mapto sva small 905 '),
 ('177', 'field', '6', 'en_us', ' lorem ipsum is simply dummy text of the printing and typesetting industry lorem ipsum has been the industry s standard dummy text ever since the 1500s when an unknown printer took a galley of type and scrambled it to make a type specimen book '),
 ('177', 'field', '8', 'en_us', ' 8da101 '),
 ('177', 'field', '9', 'en_us', ' 8d1804 '),
 ('177', 'field', '15', 'en_us', ' collage '),
 ('178', 'slug', '0', 'en_us', ' purity '),
 ('178', 'title', '0', 'en_us', ' purity '),
 ('178', 'field', '4', 'en_us', ' indie work 4 cover image '),
 ('178', 'field', '5', 'en_us', ' purity 905 '),
 ('178', 'field', '6', 'en_us', ' lorem ipsum is simply dummy text of the printing and typesetting industry lorem ipsum has been the industry s standard dummy text ever since the 1500s when an unknown printer took a galley of type and scrambled it to make a type specimen book '),
 ('178', 'field', '8', 'en_us', ' ac1e12 '),
 ('178', 'field', '9', 'en_us', ' d1b792 '),
 ('178', 'field', '15', 'en_us', ' collage '),
 ('179', 'slug', '0', 'en_us', ' jack and jill '),
 ('179', 'title', '0', 'en_us', ' jack and jill '),
 ('179', 'field', '4', 'en_us', ' indie work 2 cover image '),
 ('179', 'field', '5', 'en_us', ' j2 905 j3 905 j4 905 j5 905 j6 905 j7 905 '),
 ('179', 'field', '6', 'en_us', ' lorem ipsum is simply dummy text of the printing and typesetting industry lorem ipsum has been the industry s standard dummy text ever since the 1500s when an unknown printer took a galley of type and scrambled it to make a type specimen book '),
 ('179', 'field', '8', 'en_us', ' 2a2e1f '),
 ('179', 'field', '9', 'en_us', ' e1c596 '),
 ('179', 'field', '15', 'en_us', ' drawing '),
 ('180', 'slug', '0', 'en_us', ' musical oranges '),
 ('180', 'title', '0', 'en_us', ' musical oranges '),
 ('180', 'field', '4', 'en_us', ' indie collection three oranges '),
 ('180', 'field', '7', 'en_us', ' 39172872 https vimeo com 39172872 vimeo vimeo 2012 03 25 123 33 xiaoxiao soup https vimeo com greensoup https i vimeocdn com video 270042818_1280 jpg https i vimeocdn com video 270042818_1280 jpg musical oranges an assignment for music animation although my music piece is so simple 1280 720 '),
 ('180', 'field', '6', 'en_us', ' lorem ipsum is simply dummy text of the printing and typesetting industry lorem ipsum has been the industry s standard dummy text ever since the 1500s when an unknown printer took a galley of type and scrambled it to make a type specimen book '),
 ('180', 'field', '8', 'en_us', ' fcb13a '),
 ('180', 'field', '9', 'en_us', ' 15141d '),
 ('180', 'field', '15', 'en_us', ' animation '),
 ('186', 'slug', '0', 'en_us', ' red '),
 ('186', 'title', '0', 'en_us', ' red '),
 ('186', 'field', '4', 'en_us', ' indie work 7 cover image '),
 ('186', 'field', '5', 'en_us', ' reds small 905 2x '),
 ('186', 'field', '6', 'en_us', ' lorem ipsum is simply dummy text of the printing and typesetting industry lorem ipsum has been the industry s standard dummy text ever since the 1500s when an unknown printer took a galley of type and scrambled it to make a type specimen book '),
 ('186', 'field', '8', 'en_us', ' 929292 '),
 ('186', 'field', '9', 'en_us', ' 5b0e0e '),
 ('186', 'field', '15', 'en_us', ' collage '),
 ('187', 'slug', '0', 'en_us', ' time '),
 ('187', 'title', '0', 'en_us', ' time '),
 ('187', 'field', '4', 'en_us', ' indie work 9 cover image '),
 ('187', 'field', '5', 'en_us', ' time 905 2x '),
 ('187', 'field', '6', 'en_us', ' lorem ipsum is simply dummy text of the printing and typesetting industry lorem ipsum has been the industry s standard dummy text ever since the 1500s when an unknown printer took a galley of type and scrambled it to make a type specimen book '),
 ('187', 'field', '8', 'en_us', ' 070707 '),
 ('187', 'field', '9', 'en_us', ' eca400 '),
 ('187', 'field', '15', 'en_us', ' collage '),
 ('188', 'slug', '0', 'en_us', ' self tree '),
 ('188', 'title', '0', 'en_us', ' self tree '),
 ('188', 'field', '4', 'en_us', ' indie work 8 cover image '),
 ('188', 'field', '5', 'en_us', ' self treee small 905 2x '),
 ('188', 'field', '6', 'en_us', ' lorem ipsum is simply dummy text of the printing and typesetting industry lorem ipsum has been the industry s standard dummy text ever since the 1500s when an unknown printer took a galley of type and scrambled it to make a type specimen book '),
 ('188', 'field', '8', 'en_us', ' 19473d '),
 ('188', 'field', '9', 'en_us', ' 93580b '),
 ('188', 'field', '15', 'en_us', ' collage '),
 ('189', 'slug', '0', 'en_us', ' head '),
 ('189', 'title', '0', 'en_us', ' head ');
INSERT INTO `craft_searchindex` (`elementId`, `attribute`, `fieldId`, `locale`, `keywords`) VALUES
 ('189', 'field', '4', 'en_us', ' indie work 6 cover image '),
 ('189', 'field', '5', 'en_us', ' head1 s 905 2x head2 s 905 2x head3 s 905 2x '),
 ('189', 'field', '6', 'en_us', ' lorem ipsum is simply dummy text of the printing and typesetting industry lorem ipsum has been the industry s standard dummy text ever since the 1500s when an unknown printer took a galley of type and scrambled it to make a type specimen book '),
 ('189', 'field', '8', 'en_us', ' 1a100e '),
 ('189', 'field', '9', 'en_us', ' 805c33 '),
 ('189', 'field', '15', 'en_us', ' drawing '),
 ('190', 'slug', '0', 'en_us', ' birth to die '),
 ('190', 'title', '0', 'en_us', ' birth to die '),
 ('190', 'field', '4', 'en_us', ' indie work 5 cover image '),
 ('190', 'field', '5', 'en_us', ' bornsmall o '),
 ('190', 'field', '6', 'en_us', ' lorem ipsum is simply dummy text of the printing and typesetting industry lorem ipsum has been the industry s standard dummy text ever since the 1500s when an unknown printer took a galley of type and scrambled it to make a type specimen book '),
 ('190', 'field', '8', 'en_us', ' b36561 '),
 ('190', 'field', '9', 'en_us', ' d3d9d3 '),
 ('190', 'field', '15', 'en_us', ' drawing '),
 ('181', 'name', '0', 'en_us', ' collage '),
 ('181', 'slug', '0', 'en_us', ' collage '),
 ('181', 'title', '0', 'en_us', ' collage '),
 ('1', 'username', '0', 'en_us', ' soup '),
 ('1', 'firstname', '0', 'en_us', ' xiaoxiao '),
 ('1', 'lastname', '0', 'en_us', ' tang '),
 ('1', 'fullname', '0', 'en_us', ' xiaoxiao tang '),
 ('1', 'email', '0', 'en_us', ' yilu891017 me com '),
 ('1', 'slug', '0', 'en_us', ''),
 ('195', 'slug', '0', 'en_us', ' commercial works page '),
 ('195', 'title', '0', 'en_us', ' commercial works page '),
 ('196', 'slug', '0', 'en_us', ' indie works page '),
 ('196', 'title', '0', 'en_us', ' indie works page '),
 ('180', 'field', '5', 'en_us', ''),
 ('177', 'field', '7', 'en_us', ''),
 ('176', 'field', '7', 'en_us', ''),
 ('178', 'field', '7', 'en_us', ''),
 ('179', 'field', '7', 'en_us', ''),
 ('186', 'field', '7', 'en_us', ''),
 ('187', 'field', '7', 'en_us', ''),
 ('188', 'field', '7', 'en_us', ''),
 ('189', 'field', '7', 'en_us', ''),
 ('190', 'field', '7', 'en_us', '');



DROP TABLE IF EXISTS `craft_sections`;


--
-- Schema for table `craft_sections`
--
CREATE TABLE `craft_sections` (
  `id` int(11) NOT NULL AUTO_INCREMENT,
  `structureId` int(11) DEFAULT NULL,
  `name` varchar(255) COLLATE utf8_unicode_ci NOT NULL,
  `handle` varchar(255) COLLATE utf8_unicode_ci NOT NULL,
  `type` enum('single','channel','structure') COLLATE utf8_unicode_ci NOT NULL DEFAULT 'channel',
  `hasUrls` tinyint(1) unsigned NOT NULL DEFAULT '1',
  `template` varchar(500) COLLATE utf8_unicode_ci DEFAULT NULL,
  `enableVersioning` tinyint(1) unsigned NOT NULL DEFAULT '0',
  `dateCreated` datetime NOT NULL,
  `dateUpdated` datetime NOT NULL,
  `uid` char(36) COLLATE utf8_unicode_ci NOT NULL DEFAULT '0',
  PRIMARY KEY (`id`),
  UNIQUE KEY `craft_sections_name_unq_idx` (`name`),
  UNIQUE KEY `craft_sections_handle_unq_idx` (`handle`),
  KEY `craft_sections_structureId_fk` (`structureId`)
) ENGINE=InnoDB AUTO_INCREMENT=7 DEFAULT CHARSET=utf8 COLLATE=utf8_unicode_ci;

--
-- Data for table `craft_sections`
--

INSERT INTO `craft_sections` (`id`, `structureId`, `name`, `handle`, `type`, `hasUrls`, `template`, `enableVersioning`, `dateCreated`, `dateUpdated`, `uid`) VALUES
 ('3', '1', 'Commercial Works Section', 'commercialWorksSection', 'structure', '1', 'commercial_work/_entry', '1', '2016-08-22 03:09:00', '2017-03-22 03:35:50', '0f01b807-efea-4645-8cf1-a6e494e1d11b'),
 ('4', '2', 'Indie Works Section', 'indieWorksSection', 'structure', '1', 'indie_work/_entry', '1', '2016-08-22 03:12:39', '2017-03-22 03:35:27', '6c745dba-7dcc-422e-ba8c-d53141609f02'),
 ('5', NULL, 'Commercial Works Page', 'commercialWorksPage', 'single', '1', 'commercial_work/_overview', '1', '2017-03-22 03:00:06', '2017-03-22 03:01:50', '2f7edbd3-86ef-4197-b4d3-5f4b5ec455ca'),
 ('6', NULL, 'Indie Works Page', 'indieWorksPage', 'single', '1', 'indie_work/_overview', '1', '2017-03-22 03:02:25', '2017-03-22 03:06:08', '01dfda5e-465b-4244-85ed-32acdcfede79');



DROP TABLE IF EXISTS `craft_sections_i18n`;


--
-- Schema for table `craft_sections_i18n`
--
CREATE TABLE `craft_sections_i18n` (
  `id` int(11) NOT NULL AUTO_INCREMENT,
  `sectionId` int(11) NOT NULL,
  `locale` char(12) COLLATE utf8_unicode_ci NOT NULL,
  `enabledByDefault` tinyint(1) unsigned NOT NULL DEFAULT '1',
  `urlFormat` text COLLATE utf8_unicode_ci,
  `nestedUrlFormat` text COLLATE utf8_unicode_ci,
  `dateCreated` datetime NOT NULL,
  `dateUpdated` datetime NOT NULL,
  `uid` char(36) COLLATE utf8_unicode_ci NOT NULL DEFAULT '0',
  PRIMARY KEY (`id`),
  UNIQUE KEY `craft_sections_i18n_sectionId_locale_unq_idx` (`sectionId`,`locale`),
  KEY `craft_sections_i18n_locale_fk` (`locale`)
) ENGINE=InnoDB AUTO_INCREMENT=7 DEFAULT CHARSET=utf8 COLLATE=utf8_unicode_ci;

--
-- Data for table `craft_sections_i18n`
--

INSERT INTO `craft_sections_i18n` (`id`, `sectionId`, `locale`, `enabledByDefault`, `urlFormat`, `nestedUrlFormat`, `dateCreated`, `dateUpdated`, `uid`) VALUES
 ('3', '3', 'en_us', '1', 'commercial-work/{slug}', '{parent.uri}/{slug}', '2016-08-22 03:09:00', '2017-03-21 03:19:20', 'bf8d10c5-4b41-4452-ac04-cfafafe12e8a'),
 ('4', '4', 'en_us', '1', 'indie-work/{slug}', '{parent.uri}/{slug}', '2016-08-22 03:12:39', '2017-03-22 03:35:27', '371fe2a9-0bdd-4b27-a65e-001263fb5dee'),
 ('5', '5', 'en_us', '1', 'commercial-works', NULL, '2017-03-22 03:00:06', '2017-03-22 03:00:06', 'de11afbd-5cd6-485c-b079-b18a6ed65e9f'),
 ('6', '6', 'en_us', '1', 'indie-works', NULL, '2017-03-22 03:02:25', '2017-03-22 03:02:25', '42dd1bbc-3631-4fb5-aa66-5b42e0f83706');



DROP TABLE IF EXISTS `craft_sessions`;


--
-- Schema for table `craft_sessions`
--
CREATE TABLE `craft_sessions` (
  `id` int(11) NOT NULL AUTO_INCREMENT,
  `userId` int(11) NOT NULL,
  `token` char(100) COLLATE utf8_unicode_ci NOT NULL,
  `dateCreated` datetime NOT NULL,
  `dateUpdated` datetime NOT NULL,
  `uid` char(36) COLLATE utf8_unicode_ci NOT NULL DEFAULT '0',
  PRIMARY KEY (`id`),
  KEY `craft_sessions_uid_idx` (`uid`),
  KEY `craft_sessions_token_idx` (`token`),
  KEY `craft_sessions_dateUpdated_idx` (`dateUpdated`),
  KEY `craft_sessions_userId_fk` (`userId`)
) ENGINE=InnoDB AUTO_INCREMENT=35 DEFAULT CHARSET=utf8 COLLATE=utf8_unicode_ci;

DROP TABLE IF EXISTS `craft_shunnedmessages`;


--
-- Schema for table `craft_shunnedmessages`
--
CREATE TABLE `craft_shunnedmessages` (
  `id` int(11) NOT NULL AUTO_INCREMENT,
  `userId` int(11) NOT NULL,
  `message` varchar(255) COLLATE utf8_unicode_ci NOT NULL,
  `expiryDate` datetime DEFAULT NULL,
  `dateCreated` datetime NOT NULL,
  `dateUpdated` datetime NOT NULL,
  `uid` char(36) COLLATE utf8_unicode_ci NOT NULL DEFAULT '0',
  PRIMARY KEY (`id`),
  UNIQUE KEY `craft_shunnedmessages_userId_message_unq_idx` (`userId`,`message`)
) ENGINE=InnoDB DEFAULT CHARSET=utf8 COLLATE=utf8_unicode_ci;

DROP TABLE IF EXISTS `craft_structureelements`;


--
-- Schema for table `craft_structureelements`
--
CREATE TABLE `craft_structureelements` (
  `id` int(11) NOT NULL AUTO_INCREMENT,
  `structureId` int(11) NOT NULL,
  `elementId` int(11) DEFAULT NULL,
  `root` int(11) unsigned DEFAULT NULL,
  `lft` int(11) unsigned NOT NULL,
  `rgt` int(11) unsigned NOT NULL,
  `level` smallint(6) unsigned NOT NULL,
  `dateCreated` datetime NOT NULL,
  `dateUpdated` datetime NOT NULL,
  `uid` char(36) COLLATE utf8_unicode_ci NOT NULL DEFAULT '0',
  PRIMARY KEY (`id`),
  UNIQUE KEY `craft_structureelements_structureId_elementId_unq_idx` (`structureId`,`elementId`),
  KEY `craft_structureelements_root_idx` (`root`),
  KEY `craft_structureelements_lft_idx` (`lft`),
  KEY `craft_structureelements_rgt_idx` (`rgt`),
  KEY `craft_structureelements_level_idx` (`level`),
  KEY `craft_structureelements_elementId_fk` (`elementId`)
) ENGINE=InnoDB AUTO_INCREMENT=44 DEFAULT CHARSET=utf8 COLLATE=utf8_unicode_ci;

--
-- Data for table `craft_structureelements`
--

INSERT INTO `craft_structureelements` (`id`, `structureId`, `elementId`, `root`, `lft`, `rgt`, `level`, `dateCreated`, `dateUpdated`, `uid`) VALUES
 ('1', '2', NULL, '1', '1', '22', '0', '2016-08-22 03:20:27', '2016-08-22 03:20:27', '25a079f4-8cf8-41db-8baa-c2a9f45e695e'),
 ('5', '1', NULL, '5', '1', '48', '0', '2016-08-23 18:41:15', '2016-08-23 18:41:15', 'dbc91575-0860-40d6-9a5b-835e52d6a110'),
 ('6', '1', '153', '5', '2', '3', '1', '2016-08-23 18:41:15', '2016-08-23 18:41:15', '3f992ea5-5797-45ac-8dd3-bf9b2c0b0693'),
 ('7', '1', '154', '5', '4', '5', '1', '2016-08-23 19:00:00', '2016-08-23 19:00:00', 'b0d22e99-0ec3-4f09-b0e4-fc6fea42c837'),
 ('8', '1', '155', '5', '6', '7', '1', '2016-08-23 19:10:00', '2016-08-23 19:10:00', '03c63939-a47c-4703-90d6-152c86835732'),
 ('9', '1', '156', '5', '8', '9', '1', '2016-08-23 19:11:37', '2016-08-23 19:11:37', '3d65c86b-ec8d-4382-9202-4b2924c624da'),
 ('10', '1', '157', '5', '10', '11', '1', '2016-08-23 19:13:34', '2016-08-23 19:13:34', '2ad754b6-fd6a-4266-bcfe-87696d65c615'),
 ('11', '1', '158', '5', '12', '13', '1', '2016-08-23 19:18:19', '2016-08-23 19:18:19', 'b74cb950-9d9a-4430-b730-6cf708e448b2'),
 ('12', '1', '159', '5', '14', '15', '1', '2016-08-23 19:18:51', '2016-08-23 19:18:51', 'ece1c5f7-1376-43d5-999e-39934e145c3f'),
 ('13', '1', '160', '5', '16', '17', '1', '2016-08-23 19:20:31', '2016-08-23 19:20:31', 'cb51849d-bb79-4d8d-8cc7-21227de6f903'),
 ('14', '1', '161', '5', '18', '19', '1', '2016-08-23 19:22:28', '2016-08-23 19:22:28', '1c31f19b-896d-4672-bf72-e9363ba10133'),
 ('15', '1', '162', '5', '20', '21', '1', '2016-08-23 19:23:05', '2016-08-23 19:23:05', '5530efeb-b894-4e2a-80ad-8f456e6dcaa3'),
 ('16', '1', '163', '5', '22', '23', '1', '2016-08-23 19:23:54', '2016-08-23 19:23:54', '92412c0b-3a9e-4295-b819-e45ffac097a6'),
 ('17', '1', '164', '5', '24', '25', '1', '2016-08-23 19:24:27', '2016-08-23 19:24:27', '1527ba37-de82-41f6-b0f4-11b98baf71c8'),
 ('18', '1', '165', '5', '26', '27', '1', '2016-08-23 19:24:50', '2016-08-23 19:24:50', '700eadbc-f659-458f-bb71-3c3f36b40818'),
 ('19', '1', '166', '5', '28', '29', '1', '2016-08-23 19:25:14', '2016-08-23 19:25:14', '0988e06b-8bf1-42da-935a-e9901edd8e89'),
 ('20', '1', '167', '5', '30', '31', '1', '2016-08-23 19:25:42', '2016-08-23 19:25:42', '2aaaafb0-1314-4e91-a881-8624d29594e3'),
 ('21', '1', '168', '5', '32', '33', '1', '2016-08-23 19:26:09', '2016-08-23 19:26:09', 'f5520f3c-c391-4cd3-a9b3-3e91b48faca2'),
 ('22', '1', '169', '5', '34', '35', '1', '2016-08-23 19:26:39', '2016-08-23 19:26:39', '4f6eb76d-ac97-4507-844f-28279268c516'),
 ('23', '1', '170', '5', '36', '37', '1', '2016-08-23 19:27:27', '2016-08-23 19:27:27', 'dbfc3d20-4b69-4ba0-95ee-69a84969f860'),
 ('24', '1', '171', '5', '38', '39', '1', '2016-08-23 19:28:02', '2016-08-23 19:28:02', 'e8482fb2-63ad-4289-bf5a-7e31d4ce213a'),
 ('25', '1', '172', '5', '40', '41', '1', '2016-08-23 19:29:31', '2016-08-23 19:29:31', '249e680a-eb97-4776-9662-1907138008a1'),
 ('26', '1', '173', '5', '42', '43', '1', '2016-08-23 19:29:57', '2016-08-23 19:29:57', 'ccf7d903-5c86-4fb7-aedc-4c393f670cd3'),
 ('27', '1', '174', '5', '44', '45', '1', '2016-08-23 19:30:37', '2016-08-23 19:30:37', 'a86f8cbe-bbc7-4216-949e-dca925ff8b98'),
 ('28', '1', '175', '5', '46', '47', '1', '2016-08-23 19:31:14', '2016-08-23 19:31:14', 'aec3db23-6831-400f-99ce-736057768edf'),
 ('29', '2', '176', '1', '2', '3', '1', '2016-08-23 19:33:54', '2016-08-23 19:33:54', 'f0c41a03-a875-4262-96b0-f67ee12e00a2'),
 ('30', '2', '177', '1', '4', '5', '1', '2016-08-23 19:41:10', '2016-08-23 19:41:10', '9a175dcb-1586-49a8-b3ee-7bcfaa05a4a1'),
 ('31', '2', '178', '1', '6', '7', '1', '2016-08-23 19:42:09', '2016-08-23 19:42:09', 'a7240e91-1d1a-4447-9860-4d51234de748'),
 ('32', '2', '179', '1', '8', '9', '1', '2016-08-23 19:43:06', '2016-08-23 19:43:06', '30e3e887-5cae-40ca-9b07-eb7e483ee60f'),
 ('33', '2', '180', '1', '10', '11', '1', '2016-08-23 19:44:08', '2016-08-23 19:44:08', '19ff6fc7-e7e9-44c7-9b28-ba952e740fb6'),
 ('34', '4', NULL, '34', '1', '10', '0', '2016-08-23 19:52:32', '2016-08-23 19:52:32', '6b606e79-f79f-4c28-ba1e-5cfafb64a2c1'),
 ('35', '4', '182', '34', '2', '3', '1', '2016-08-23 19:52:32', '2016-08-23 19:52:32', '494fba26-5499-48fa-8678-0142e2a8a833'),
 ('36', '4', '183', '34', '4', '5', '1', '2016-08-23 19:55:33', '2016-08-23 19:55:33', '65d561e6-3ad7-4a9a-8580-041eaac66c1b'),
 ('37', '4', '184', '34', '6', '7', '1', '2016-08-23 19:55:46', '2016-08-23 19:55:46', '17575581-231f-4c52-b670-b59c61b01eec'),
 ('38', '4', '185', '34', '8', '9', '1', '2016-08-23 19:55:58', '2016-08-23 19:55:58', '151ddc14-5587-43db-8c2f-f2257a6e38ec'),
 ('39', '2', '186', '1', '12', '13', '1', '2016-08-23 19:57:49', '2016-08-23 19:57:49', '58d19af0-25d4-4446-8ee5-f3de6e7e84fa'),
 ('40', '2', '187', '1', '14', '15', '1', '2016-08-23 19:58:30', '2016-08-23 19:58:30', '6094c1b7-8b53-4976-9e2c-534875979c36'),
 ('41', '2', '188', '1', '16', '17', '1', '2016-08-23 19:59:14', '2016-08-23 19:59:14', 'fc94585e-4830-48aa-85d5-98d8429e3f5c'),
 ('42', '2', '189', '1', '18', '19', '1', '2016-08-23 19:59:56', '2016-08-23 19:59:56', '060be986-6db7-44c5-83f3-d39bb417549a'),
 ('43', '2', '190', '1', '20', '21', '1', '2016-08-23 20:01:25', '2016-08-23 20:01:25', '3ea7af7c-ef63-4478-8f98-bbcf4af316a4');



DROP TABLE IF EXISTS `craft_structures`;


--
-- Schema for table `craft_structures`
--
CREATE TABLE `craft_structures` (
  `id` int(11) NOT NULL AUTO_INCREMENT,
  `maxLevels` smallint(6) unsigned DEFAULT NULL,
  `dateCreated` datetime NOT NULL,
  `dateUpdated` datetime NOT NULL,
  `uid` char(36) COLLATE utf8_unicode_ci NOT NULL DEFAULT '0',
  PRIMARY KEY (`id`)
) ENGINE=InnoDB AUTO_INCREMENT=5 DEFAULT CHARSET=utf8 COLLATE=utf8_unicode_ci;

--
-- Data for table `craft_structures`
--

INSERT INTO `craft_structures` (`id`, `maxLevels`, `dateCreated`, `dateUpdated`, `uid`) VALUES
 ('1', NULL, '2016-08-22 03:09:00', '2017-03-22 03:35:50', '6370f024-9964-4688-8e69-2561799180a0'),
 ('2', NULL, '2016-08-22 03:12:39', '2017-03-22 03:35:27', 'c7acd75c-f41f-4cac-8bd3-e80ac3baefb9'),
 ('3', NULL, '2016-08-22 04:06:51', '2016-08-22 04:06:51', 'f13f54fa-a513-481a-9d97-282a7a46b96f'),
 ('4', NULL, '2016-08-23 19:50:26', '2016-08-23 19:50:26', '1e406342-be32-4ff3-9c4b-c7d25c126c62');



DROP TABLE IF EXISTS `craft_systemsettings`;


--
-- Schema for table `craft_systemsettings`
--
CREATE TABLE `craft_systemsettings` (
  `id` int(11) NOT NULL AUTO_INCREMENT,
  `category` varchar(15) COLLATE utf8_unicode_ci NOT NULL,
  `settings` text COLLATE utf8_unicode_ci,
  `dateCreated` datetime NOT NULL,
  `dateUpdated` datetime NOT NULL,
  `uid` char(36) COLLATE utf8_unicode_ci NOT NULL DEFAULT '0',
  PRIMARY KEY (`id`),
  UNIQUE KEY `craft_systemsettings_category_unq_idx` (`category`)
) ENGINE=InnoDB AUTO_INCREMENT=2 DEFAULT CHARSET=utf8 COLLATE=utf8_unicode_ci;

--
-- Data for table `craft_systemsettings`
--

INSERT INTO `craft_systemsettings` (`id`, `category`, `settings`, `dateCreated`, `dateUpdated`, `uid`) VALUES
 ('1', 'email', '{\"protocol\":\"php\",\"emailAddress\":\"yilu891017@me.com\",\"senderName\":\"Soup\"}', '2016-08-20 17:42:14', '2016-08-20 17:42:14', 'c03e3ada-d254-49ea-9b56-a042c8c02ed8');



DROP TABLE IF EXISTS `craft_taggroups`;


--
-- Schema for table `craft_taggroups`
--
CREATE TABLE `craft_taggroups` (
  `id` int(11) NOT NULL AUTO_INCREMENT,
  `name` varchar(255) COLLATE utf8_unicode_ci NOT NULL,
  `handle` varchar(255) COLLATE utf8_unicode_ci NOT NULL,
  `fieldLayoutId` int(10) DEFAULT NULL,
  `dateCreated` datetime NOT NULL,
  `dateUpdated` datetime NOT NULL,
  `uid` char(36) COLLATE utf8_unicode_ci NOT NULL DEFAULT '0',
  PRIMARY KEY (`id`),
  UNIQUE KEY `craft_taggroups_name_unq_idx` (`name`),
  UNIQUE KEY `craft_taggroups_handle_unq_idx` (`handle`),
  KEY `craft_taggroups_fieldLayoutId_fk` (`fieldLayoutId`)
) ENGINE=InnoDB AUTO_INCREMENT=3 DEFAULT CHARSET=utf8 COLLATE=utf8_unicode_ci;

--
-- Data for table `craft_taggroups`
--

INSERT INTO `craft_taggroups` (`id`, `name`, `handle`, `fieldLayoutId`, `dateCreated`, `dateUpdated`, `uid`) VALUES
 ('2', 'Works Tags', 'worksTags', '31', '2016-08-23 19:45:44', '2016-08-23 19:46:29', 'cd27b886-36fb-4df4-be03-e80ace7530ad');



DROP TABLE IF EXISTS `craft_tags`;


--
-- Schema for table `craft_tags`
--
CREATE TABLE `craft_tags` (
  `id` int(11) NOT NULL,
  `groupId` int(11) NOT NULL,
  `dateCreated` datetime NOT NULL,
  `dateUpdated` datetime NOT NULL,
  `uid` char(36) COLLATE utf8_unicode_ci NOT NULL DEFAULT '0',
  PRIMARY KEY (`id`),
  KEY `craft_tags_groupId_fk` (`groupId`)
) ENGINE=InnoDB DEFAULT CHARSET=utf8 COLLATE=utf8_unicode_ci;

--
-- Data for table `craft_tags`
--

INSERT INTO `craft_tags` (`id`, `groupId`, `dateCreated`, `dateUpdated`, `uid`) VALUES
 ('181', '2', '2016-08-23 19:47:20', '2016-08-23 19:47:20', '131f7bc3-9941-4c4d-b0ce-9b39dec5ca0e');



DROP TABLE IF EXISTS `craft_tasks`;


--
-- Schema for table `craft_tasks`
--
CREATE TABLE `craft_tasks` (
  `id` int(11) NOT NULL AUTO_INCREMENT,
  `root` int(11) unsigned DEFAULT NULL,
  `lft` int(11) unsigned NOT NULL,
  `rgt` int(11) unsigned NOT NULL,
  `level` smallint(6) unsigned NOT NULL,
  `currentStep` int(11) unsigned DEFAULT NULL,
  `totalSteps` int(11) unsigned DEFAULT NULL,
  `status` enum('pending','error','running') COLLATE utf8_unicode_ci DEFAULT NULL,
  `type` varchar(150) COLLATE utf8_unicode_ci NOT NULL,
  `description` varchar(255) COLLATE utf8_unicode_ci DEFAULT NULL,
  `settings` mediumtext COLLATE utf8_unicode_ci,
  `dateCreated` datetime NOT NULL,
  `dateUpdated` datetime NOT NULL,
  `uid` char(36) COLLATE utf8_unicode_ci NOT NULL DEFAULT '0',
  PRIMARY KEY (`id`),
  KEY `craft_tasks_root_idx` (`root`),
  KEY `craft_tasks_lft_idx` (`lft`),
  KEY `craft_tasks_rgt_idx` (`rgt`),
  KEY `craft_tasks_level_idx` (`level`)
) ENGINE=InnoDB AUTO_INCREMENT=202 DEFAULT CHARSET=utf8 COLLATE=utf8_unicode_ci;

DROP TABLE IF EXISTS `craft_templatecachecriteria`;


--
-- Schema for table `craft_templatecachecriteria`
--
CREATE TABLE `craft_templatecachecriteria` (
  `id` int(11) NOT NULL AUTO_INCREMENT,
  `cacheId` int(11) NOT NULL,
  `type` varchar(150) COLLATE utf8_unicode_ci NOT NULL,
  `criteria` text COLLATE utf8_unicode_ci NOT NULL,
  PRIMARY KEY (`id`),
  KEY `craft_templatecachecriteria_cacheId_fk` (`cacheId`),
  KEY `craft_templatecachecriteria_type_idx` (`type`)
) ENGINE=InnoDB DEFAULT CHARSET=utf8 COLLATE=utf8_unicode_ci;

DROP TABLE IF EXISTS `craft_templatecacheelements`;


--
-- Schema for table `craft_templatecacheelements`
--
CREATE TABLE `craft_templatecacheelements` (
  `cacheId` int(11) NOT NULL,
  `elementId` int(11) NOT NULL,
  KEY `craft_templatecacheelements_cacheId_fk` (`cacheId`),
  KEY `craft_templatecacheelements_elementId_fk` (`elementId`)
) ENGINE=InnoDB DEFAULT CHARSET=utf8 COLLATE=utf8_unicode_ci;

DROP TABLE IF EXISTS `craft_templatecaches`;


--
-- Schema for table `craft_templatecaches`
--
CREATE TABLE `craft_templatecaches` (
  `id` int(11) NOT NULL AUTO_INCREMENT,
  `cacheKey` varchar(255) COLLATE utf8_unicode_ci NOT NULL,
  `locale` char(12) COLLATE utf8_unicode_ci NOT NULL,
  `path` varchar(255) COLLATE utf8_unicode_ci DEFAULT NULL,
  `expiryDate` datetime NOT NULL,
  `body` mediumtext COLLATE utf8_unicode_ci NOT NULL,
  PRIMARY KEY (`id`),
  KEY `craft_templatecaches_locale_cacheKey_path_expiryDate_idx` (`locale`,`cacheKey`,`path`,`expiryDate`),
  KEY `craft_templatecaches_expiryDate_cacheKey_locale_idx` (`expiryDate`,`cacheKey`,`locale`)
) ENGINE=InnoDB DEFAULT CHARSET=utf8 COLLATE=utf8_unicode_ci;

DROP TABLE IF EXISTS `craft_tokens`;


--
-- Schema for table `craft_tokens`
--
CREATE TABLE `craft_tokens` (
  `id` int(11) NOT NULL AUTO_INCREMENT,
  `token` char(32) COLLATE utf8_unicode_ci NOT NULL,
  `route` text COLLATE utf8_unicode_ci,
  `usageLimit` tinyint(3) unsigned DEFAULT NULL,
  `usageCount` tinyint(3) unsigned DEFAULT NULL,
  `expiryDate` datetime NOT NULL,
  `dateCreated` datetime NOT NULL,
  `dateUpdated` datetime NOT NULL,
  `uid` char(36) COLLATE utf8_unicode_ci NOT NULL DEFAULT '0',
  PRIMARY KEY (`id`),
  UNIQUE KEY `craft_tokens_token_unq_idx` (`token`),
  KEY `craft_tokens_expiryDate_idx` (`expiryDate`)
) ENGINE=InnoDB DEFAULT CHARSET=utf8 COLLATE=utf8_unicode_ci;

DROP TABLE IF EXISTS `craft_usergroups`;


--
-- Schema for table `craft_usergroups`
--
CREATE TABLE `craft_usergroups` (
  `id` int(11) NOT NULL AUTO_INCREMENT,
  `name` varchar(255) COLLATE utf8_unicode_ci NOT NULL,
  `handle` varchar(255) COLLATE utf8_unicode_ci NOT NULL,
  `dateCreated` datetime NOT NULL,
  `dateUpdated` datetime NOT NULL,
  `uid` char(36) COLLATE utf8_unicode_ci NOT NULL DEFAULT '0',
  PRIMARY KEY (`id`),
  UNIQUE KEY `craft_usergroups_handle_unq_idx` (`handle`),
  UNIQUE KEY `craft_usergroups_name_unq_idx` (`name`)
) ENGINE=InnoDB DEFAULT CHARSET=utf8 COLLATE=utf8_unicode_ci;

DROP TABLE IF EXISTS `craft_usergroups_users`;


--
-- Schema for table `craft_usergroups_users`
--
CREATE TABLE `craft_usergroups_users` (
  `id` int(11) NOT NULL AUTO_INCREMENT,
  `groupId` int(11) NOT NULL,
  `userId` int(11) NOT NULL,
  `dateCreated` datetime NOT NULL,
  `dateUpdated` datetime NOT NULL,
  `uid` char(36) COLLATE utf8_unicode_ci NOT NULL DEFAULT '0',
  PRIMARY KEY (`id`),
  UNIQUE KEY `craft_usergroups_users_groupId_userId_unq_idx` (`groupId`,`userId`),
  KEY `craft_usergroups_users_userId_fk` (`userId`)
) ENGINE=InnoDB DEFAULT CHARSET=utf8 COLLATE=utf8_unicode_ci;

DROP TABLE IF EXISTS `craft_userpermissions`;


--
-- Schema for table `craft_userpermissions`
--
CREATE TABLE `craft_userpermissions` (
  `id` int(11) NOT NULL AUTO_INCREMENT,
  `name` varchar(255) COLLATE utf8_unicode_ci NOT NULL,
  `dateCreated` datetime NOT NULL,
  `dateUpdated` datetime NOT NULL,
  `uid` char(36) COLLATE utf8_unicode_ci NOT NULL DEFAULT '0',
  PRIMARY KEY (`id`),
  UNIQUE KEY `craft_userpermissions_name_unq_idx` (`name`)
) ENGINE=InnoDB DEFAULT CHARSET=utf8 COLLATE=utf8_unicode_ci;

DROP TABLE IF EXISTS `craft_userpermissions_usergroups`;


--
-- Schema for table `craft_userpermissions_usergroups`
--
CREATE TABLE `craft_userpermissions_usergroups` (
  `id` int(11) NOT NULL AUTO_INCREMENT,
  `permissionId` int(11) NOT NULL,
  `groupId` int(11) NOT NULL,
  `dateCreated` datetime NOT NULL,
  `dateUpdated` datetime NOT NULL,
  `uid` char(36) COLLATE utf8_unicode_ci NOT NULL DEFAULT '0',
  PRIMARY KEY (`id`),
  UNIQUE KEY `craft_userpermissions_usergroups_permissionId_groupId_unq_idx` (`permissionId`,`groupId`),
  KEY `craft_userpermissions_usergroups_groupId_fk` (`groupId`)
) ENGINE=InnoDB DEFAULT CHARSET=utf8 COLLATE=utf8_unicode_ci;

DROP TABLE IF EXISTS `craft_userpermissions_users`;


--
-- Schema for table `craft_userpermissions_users`
--
CREATE TABLE `craft_userpermissions_users` (
  `id` int(11) NOT NULL AUTO_INCREMENT,
  `permissionId` int(11) NOT NULL,
  `userId` int(11) NOT NULL,
  `dateCreated` datetime NOT NULL,
  `dateUpdated` datetime NOT NULL,
  `uid` char(36) COLLATE utf8_unicode_ci NOT NULL DEFAULT '0',
  PRIMARY KEY (`id`),
  UNIQUE KEY `craft_userpermissions_users_permissionId_userId_unq_idx` (`permissionId`,`userId`),
  KEY `craft_userpermissions_users_userId_fk` (`userId`)
) ENGINE=InnoDB DEFAULT CHARSET=utf8 COLLATE=utf8_unicode_ci;

DROP TABLE IF EXISTS `craft_users`;


--
-- Schema for table `craft_users`
--
CREATE TABLE `craft_users` (
  `id` int(11) NOT NULL,
  `username` varchar(100) COLLATE utf8_unicode_ci NOT NULL,
  `photo` varchar(100) COLLATE utf8_unicode_ci DEFAULT NULL,
  `firstName` varchar(100) COLLATE utf8_unicode_ci DEFAULT NULL,
  `lastName` varchar(100) COLLATE utf8_unicode_ci DEFAULT NULL,
  `email` varchar(255) COLLATE utf8_unicode_ci NOT NULL,
  `password` char(255) COLLATE utf8_unicode_ci DEFAULT NULL,
  `preferredLocale` char(12) COLLATE utf8_unicode_ci DEFAULT NULL,
  `weekStartDay` tinyint(1) unsigned NOT NULL DEFAULT '0',
  `admin` tinyint(1) unsigned NOT NULL DEFAULT '0',
  `client` tinyint(1) unsigned NOT NULL DEFAULT '0',
  `locked` tinyint(1) unsigned NOT NULL DEFAULT '0',
  `suspended` tinyint(1) unsigned NOT NULL DEFAULT '0',
  `pending` tinyint(1) unsigned NOT NULL DEFAULT '0',
  `archived` tinyint(1) unsigned NOT NULL DEFAULT '0',
  `lastLoginDate` datetime DEFAULT NULL,
  `lastLoginAttemptIPAddress` varchar(45) COLLATE utf8_unicode_ci DEFAULT NULL,
  `invalidLoginWindowStart` datetime DEFAULT NULL,
  `invalidLoginCount` tinyint(4) unsigned DEFAULT NULL,
  `lastInvalidLoginDate` datetime DEFAULT NULL,
  `lockoutDate` datetime DEFAULT NULL,
  `verificationCode` char(100) COLLATE utf8_unicode_ci DEFAULT NULL,
  `verificationCodeIssuedDate` datetime DEFAULT NULL,
  `unverifiedEmail` varchar(255) COLLATE utf8_unicode_ci DEFAULT NULL,
  `passwordResetRequired` tinyint(1) unsigned NOT NULL DEFAULT '0',
  `lastPasswordChangeDate` datetime DEFAULT NULL,
  `dateCreated` datetime NOT NULL,
  `dateUpdated` datetime NOT NULL,
  `uid` char(36) COLLATE utf8_unicode_ci NOT NULL DEFAULT '0',
  PRIMARY KEY (`id`),
  UNIQUE KEY `craft_users_username_unq_idx` (`username`),
  UNIQUE KEY `craft_users_email_unq_idx` (`email`),
  KEY `craft_users_verificationCode_idx` (`verificationCode`),
  KEY `craft_users_uid_idx` (`uid`),
  KEY `craft_users_preferredLocale_fk` (`preferredLocale`)
) ENGINE=InnoDB DEFAULT CHARSET=utf8 COLLATE=utf8_unicode_ci;

--
-- Data for table `craft_users`
--

INSERT INTO `craft_users` (`id`, `username`, `photo`, `firstName`, `lastName`, `email`, `password`, `preferredLocale`, `weekStartDay`, `admin`, `client`, `locked`, `suspended`, `pending`, `archived`, `lastLoginDate`, `lastLoginAttemptIPAddress`, `invalidLoginWindowStart`, `invalidLoginCount`, `lastInvalidLoginDate`, `lockoutDate`, `verificationCode`, `verificationCodeIssuedDate`, `unverifiedEmail`, `passwordResetRequired`, `lastPasswordChangeDate`, `dateCreated`, `dateUpdated`, `uid`) VALUES
 ('1', 'soup', 'IMG_0638-1.JPG', 'Xiaoxiao', 'Tang', 'yilu891017@me.com', '$2y$13$/IlrBI4vNdaTF./FNH7c9O8I7N22wTWqWk3cTDXZBoIldQ3yx.yES', NULL, '0', '1', '0', '0', '0', '0', '0', '2017-11-30 14:39:01', '96.250.224.145', NULL, NULL, '2017-03-25 02:14:26', NULL, NULL, NULL, NULL, '0', '2016-08-20 17:42:13', '2016-08-20 17:42:13', '2017-11-30 14:39:01', 'f14d3eaf-413a-4592-bf23-ce2480a73964');



DROP TABLE IF EXISTS `craft_widgets`;


--
-- Schema for table `craft_widgets`
--
CREATE TABLE `craft_widgets` (
  `id` int(11) NOT NULL AUTO_INCREMENT,
  `userId` int(11) NOT NULL,
  `type` varchar(150) COLLATE utf8_unicode_ci NOT NULL,
  `sortOrder` smallint(6) unsigned DEFAULT NULL,
  `colspan` tinyint(4) unsigned DEFAULT NULL,
  `settings` text COLLATE utf8_unicode_ci,
  `enabled` tinyint(1) unsigned NOT NULL DEFAULT '1',
  `dateCreated` datetime NOT NULL,
  `dateUpdated` datetime NOT NULL,
  `uid` char(36) COLLATE utf8_unicode_ci NOT NULL DEFAULT '0',
  PRIMARY KEY (`id`),
  KEY `craft_widgets_userId_fk` (`userId`)
) ENGINE=InnoDB AUTO_INCREMENT=12 DEFAULT CHARSET=utf8 COLLATE=utf8_unicode_ci;

--
-- Data for table `craft_widgets`
--

INSERT INTO `craft_widgets` (`id`, `userId`, `type`, `sortOrder`, `colspan`, `settings`, `enabled`, `dateCreated`, `dateUpdated`, `uid`) VALUES
 ('1', '1', 'RecentEntries', '2', '1', NULL, '0', '2016-08-20 17:42:16', '2016-08-23 20:04:07', 'b461399b-7c57-48a1-856e-ca03356c14de'),
 ('2', '1', 'GetHelp', '2', NULL, NULL, '0', '2016-08-20 17:42:16', '2016-08-20 18:06:54', '58a151e3-6863-4a78-b570-a597739f5d61'),
 ('3', '1', 'Updates', '3', NULL, NULL, '0', '2016-08-20 17:42:16', '2016-08-20 18:06:50', '4dfda093-d4e3-443c-9d48-bda090f2a813'),
 ('4', '1', 'Feed', '3', '1', '{\"url\":\"https:\\/\\/craftcms.com\\/news.rss\",\"title\":\"Craft News\"}', '0', '2016-08-20 17:42:16', '2016-08-23 20:03:59', '703bfb10-ccf0-4f74-ac9f-86f555bb410f'),
 ('5', '1', 'ClientWidgets_Channels', '1', '2', NULL, '0', '2016-08-20 18:07:00', '2016-08-23 20:03:49', '4bc3a8f7-982d-4a74-84a9-42b8b439dc5e'),
 ('6', '1', 'ClientWidgets_Structures', '2', '1', NULL, '1', '2016-08-23 20:04:13', '2016-08-23 20:06:05', '838ce073-f381-47a6-9102-62ecb091d7cd'),
 ('7', '1', 'Updates', '4', '1', NULL, '1', '2016-08-23 20:04:19', '2016-08-23 20:06:05', '03356dc4-d2e0-4f40-88fa-10d7d054c5fc'),
 ('8', '1', 'ClientWidgets_Twitter', '6', NULL, NULL, '0', '2016-08-23 20:04:24', '2016-08-23 20:04:41', '2682318f-e47b-44a4-883f-fe21dd28b38d'),
 ('9', '1', 'ClientWidgets_Structures', '7', NULL, NULL, '0', '2016-08-23 20:04:29', '2016-08-23 20:04:39', 'a8c5f802-b914-4a52-8a69-0ca16b320abd'),
 ('10', '1', 'RecentEntries', '1', '1', '{\"section\":\"*\",\"limit\":\"10\"}', '1', '2016-08-23 20:05:01', '2016-08-23 20:06:05', 'cbe8c666-d552-4671-b197-ef51cab67d44'),
 ('11', '1', 'ClientWidgets_Tools', '3', '1', NULL, '1', '2016-08-23 20:05:08', '2016-08-23 20:06:05', '7d5f47b0-0821-43b8-b60a-2bee5adbefbf');


--
-- Constraints for tables
--


--
-- Constraints for table `craft_assetfiles`
--
ALTER TABLE `craft_assetfiles`
	ADD CONSTRAINT `craft_assetfiles_folderId_fk` FOREIGN KEY (`folderId`) REFERENCES `craft_assetfolders` (`id`) ON DELETE CASCADE,
	ADD CONSTRAINT `craft_assetfiles_id_fk` FOREIGN KEY (`id`) REFERENCES `craft_elements` (`id`) ON DELETE CASCADE,
	ADD CONSTRAINT `craft_assetfiles_sourceId_fk` FOREIGN KEY (`sourceId`) REFERENCES `craft_assetsources` (`id`) ON DELETE CASCADE;

--
-- Constraints for table `craft_assetfolders`
--
ALTER TABLE `craft_assetfolders`
	ADD CONSTRAINT `craft_assetfolders_sourceId_fk` FOREIGN KEY (`sourceId`) REFERENCES `craft_assetsources` (`id`) ON DELETE CASCADE,
	ADD CONSTRAINT `craft_assetfolders_parentId_fk` FOREIGN KEY (`parentId`) REFERENCES `craft_assetfolders` (`id`) ON DELETE CASCADE;

--
-- Constraints for table `craft_assetindexdata`
--
ALTER TABLE `craft_assetindexdata`
	ADD CONSTRAINT `craft_assetindexdata_sourceId_fk` FOREIGN KEY (`sourceId`) REFERENCES `craft_assetsources` (`id`) ON DELETE CASCADE;

--
-- Constraints for table `craft_assetsources`
--
ALTER TABLE `craft_assetsources`
	ADD CONSTRAINT `craft_assetsources_fieldLayoutId_fk` FOREIGN KEY (`fieldLayoutId`) REFERENCES `craft_fieldlayouts` (`id`) ON DELETE SET NULL;

--
-- Constraints for table `craft_categories`
--
ALTER TABLE `craft_categories`
	ADD CONSTRAINT `craft_categories_groupId_fk` FOREIGN KEY (`groupId`) REFERENCES `craft_categorygroups` (`id`) ON DELETE CASCADE,
	ADD CONSTRAINT `craft_categories_id_fk` FOREIGN KEY (`id`) REFERENCES `craft_elements` (`id`) ON DELETE CASCADE;

--
-- Constraints for table `craft_categorygroups`
--
ALTER TABLE `craft_categorygroups`
	ADD CONSTRAINT `craft_categorygroups_fieldLayoutId_fk` FOREIGN KEY (`fieldLayoutId`) REFERENCES `craft_fieldlayouts` (`id`) ON DELETE SET NULL,
	ADD CONSTRAINT `craft_categorygroups_structureId_fk` FOREIGN KEY (`structureId`) REFERENCES `craft_structures` (`id`) ON DELETE CASCADE;

--
-- Constraints for table `craft_categorygroups_i18n`
--
ALTER TABLE `craft_categorygroups_i18n`
	ADD CONSTRAINT `craft_categorygroups_i18n_locale_fk` FOREIGN KEY (`locale`) REFERENCES `craft_locales` (`locale`) ON DELETE CASCADE ON UPDATE CASCADE,
	ADD CONSTRAINT `craft_categorygroups_i18n_groupId_fk` FOREIGN KEY (`groupId`) REFERENCES `craft_categorygroups` (`id`) ON DELETE CASCADE;

--
-- Constraints for table `craft_content`
--
ALTER TABLE `craft_content`
	ADD CONSTRAINT `craft_content_elementId_fk` FOREIGN KEY (`elementId`) REFERENCES `craft_elements` (`id`) ON DELETE CASCADE,
	ADD CONSTRAINT `craft_content_locale_fk` FOREIGN KEY (`locale`) REFERENCES `craft_locales` (`locale`) ON DELETE CASCADE ON UPDATE CASCADE;

--
-- Constraints for table `craft_cpnav_navs`
--
ALTER TABLE `craft_cpnav_navs`
	ADD CONSTRAINT `craft_cpnav_navs_layoutId_fk` FOREIGN KEY (`layoutId`) REFERENCES `craft_cpnav_layouts` (`id`) ON DELETE SET NULL;

--
-- Constraints for table `craft_elements_i18n`
--
ALTER TABLE `craft_elements_i18n`
	ADD CONSTRAINT `craft_elements_i18n_locale_fk` FOREIGN KEY (`locale`) REFERENCES `craft_locales` (`locale`) ON DELETE CASCADE ON UPDATE CASCADE,
	ADD CONSTRAINT `craft_elements_i18n_elementId_fk` FOREIGN KEY (`elementId`) REFERENCES `craft_elements` (`id`) ON DELETE CASCADE;

--
-- Constraints for table `craft_emailmessages`
--
ALTER TABLE `craft_emailmessages`
	ADD CONSTRAINT `craft_emailmessages_locale_fk` FOREIGN KEY (`locale`) REFERENCES `craft_locales` (`locale`) ON DELETE CASCADE ON UPDATE CASCADE;

--
-- Constraints for table `craft_entries`
--
ALTER TABLE `craft_entries`
	ADD CONSTRAINT `craft_entries_authorId_fk` FOREIGN KEY (`authorId`) REFERENCES `craft_users` (`id`) ON DELETE CASCADE,
	ADD CONSTRAINT `craft_entries_id_fk` FOREIGN KEY (`id`) REFERENCES `craft_elements` (`id`) ON DELETE CASCADE,
	ADD CONSTRAINT `craft_entries_sectionId_fk` FOREIGN KEY (`sectionId`) REFERENCES `craft_sections` (`id`) ON DELETE CASCADE,
	ADD CONSTRAINT `craft_entries_typeId_fk` FOREIGN KEY (`typeId`) REFERENCES `craft_entrytypes` (`id`) ON DELETE CASCADE;

--
-- Constraints for table `craft_entrydrafts`
--
ALTER TABLE `craft_entrydrafts`
	ADD CONSTRAINT `craft_entrydrafts_locale_fk` FOREIGN KEY (`locale`) REFERENCES `craft_locales` (`locale`) ON DELETE CASCADE ON UPDATE CASCADE,
	ADD CONSTRAINT `craft_entrydrafts_creatorId_fk` FOREIGN KEY (`creatorId`) REFERENCES `craft_users` (`id`) ON DELETE CASCADE,
	ADD CONSTRAINT `craft_entrydrafts_entryId_fk` FOREIGN KEY (`entryId`) REFERENCES `craft_entries` (`id`) ON DELETE CASCADE,
	ADD CONSTRAINT `craft_entrydrafts_sectionId_fk` FOREIGN KEY (`sectionId`) REFERENCES `craft_sections` (`id`) ON DELETE CASCADE;

--
-- Constraints for table `craft_entrytypes`
--
ALTER TABLE `craft_entrytypes`
	ADD CONSTRAINT `craft_entrytypes_fieldLayoutId_fk` FOREIGN KEY (`fieldLayoutId`) REFERENCES `craft_fieldlayouts` (`id`) ON DELETE SET NULL,
	ADD CONSTRAINT `craft_entrytypes_sectionId_fk` FOREIGN KEY (`sectionId`) REFERENCES `craft_sections` (`id`) ON DELETE CASCADE;

--
-- Constraints for table `craft_entryversions`
--
ALTER TABLE `craft_entryversions`
	ADD CONSTRAINT `craft_entryversions_locale_fk` FOREIGN KEY (`locale`) REFERENCES `craft_locales` (`locale`) ON DELETE CASCADE ON UPDATE CASCADE,
	ADD CONSTRAINT `craft_entryversions_creatorId_fk` FOREIGN KEY (`creatorId`) REFERENCES `craft_users` (`id`) ON DELETE SET NULL,
	ADD CONSTRAINT `craft_entryversions_entryId_fk` FOREIGN KEY (`entryId`) REFERENCES `craft_entries` (`id`) ON DELETE CASCADE,
	ADD CONSTRAINT `craft_entryversions_sectionId_fk` FOREIGN KEY (`sectionId`) REFERENCES `craft_sections` (`id`) ON DELETE CASCADE;

--
-- Constraints for table `craft_fieldlayoutfields`
--
ALTER TABLE `craft_fieldlayoutfields`
	ADD CONSTRAINT `craft_fieldlayoutfields_fieldId_fk` FOREIGN KEY (`fieldId`) REFERENCES `craft_fields` (`id`) ON DELETE CASCADE,
	ADD CONSTRAINT `craft_fieldlayoutfields_layoutId_fk` FOREIGN KEY (`layoutId`) REFERENCES `craft_fieldlayouts` (`id`) ON DELETE CASCADE,
	ADD CONSTRAINT `craft_fieldlayoutfields_tabId_fk` FOREIGN KEY (`tabId`) REFERENCES `craft_fieldlayouttabs` (`id`) ON DELETE CASCADE;

--
-- Constraints for table `craft_fieldlayouttabs`
--
ALTER TABLE `craft_fieldlayouttabs`
	ADD CONSTRAINT `craft_fieldlayouttabs_layoutId_fk` FOREIGN KEY (`layoutId`) REFERENCES `craft_fieldlayouts` (`id`) ON DELETE CASCADE;

--
-- Constraints for table `craft_fields`
--
ALTER TABLE `craft_fields`
	ADD CONSTRAINT `craft_fields_groupId_fk` FOREIGN KEY (`groupId`) REFERENCES `craft_fieldgroups` (`id`) ON DELETE CASCADE;

--
-- Constraints for table `craft_globalsets`
--
ALTER TABLE `craft_globalsets`
	ADD CONSTRAINT `craft_globalsets_fieldLayoutId_fk` FOREIGN KEY (`fieldLayoutId`) REFERENCES `craft_fieldlayouts` (`id`) ON DELETE SET NULL,
	ADD CONSTRAINT `craft_globalsets_id_fk` FOREIGN KEY (`id`) REFERENCES `craft_elements` (`id`) ON DELETE CASCADE;

--
-- Constraints for table `craft_matrixblocks`
--
ALTER TABLE `craft_matrixblocks`
	ADD CONSTRAINT `craft_matrixblocks_typeId_fk` FOREIGN KEY (`typeId`) REFERENCES `craft_matrixblocktypes` (`id`) ON DELETE CASCADE,
	ADD CONSTRAINT `craft_matrixblocks_fieldId_fk` FOREIGN KEY (`fieldId`) REFERENCES `craft_fields` (`id`) ON DELETE CASCADE,
	ADD CONSTRAINT `craft_matrixblocks_id_fk` FOREIGN KEY (`id`) REFERENCES `craft_elements` (`id`) ON DELETE CASCADE,
	ADD CONSTRAINT `craft_matrixblocks_ownerId_fk` FOREIGN KEY (`ownerId`) REFERENCES `craft_elements` (`id`) ON DELETE CASCADE,
	ADD CONSTRAINT `craft_matrixblocks_ownerLocale_fk` FOREIGN KEY (`ownerLocale`) REFERENCES `craft_locales` (`locale`) ON DELETE CASCADE ON UPDATE CASCADE;

--
-- Constraints for table `craft_matrixblocktypes`
--
ALTER TABLE `craft_matrixblocktypes`
	ADD CONSTRAINT `craft_matrixblocktypes_fieldLayoutId_fk` FOREIGN KEY (`fieldLayoutId`) REFERENCES `craft_fieldlayouts` (`id`) ON DELETE SET NULL,
	ADD CONSTRAINT `craft_matrixblocktypes_fieldId_fk` FOREIGN KEY (`fieldId`) REFERENCES `craft_fields` (`id`) ON DELETE CASCADE;

--
-- Constraints for table `craft_migrations`
--
ALTER TABLE `craft_migrations`
	ADD CONSTRAINT `craft_migrations_pluginId_fk` FOREIGN KEY (`pluginId`) REFERENCES `craft_plugins` (`id`) ON DELETE CASCADE;

--
-- Constraints for table `craft_navee_navigations`
--
ALTER TABLE `craft_navee_navigations`
	ADD CONSTRAINT `craft_navee_navigations_creatorId_fk` FOREIGN KEY (`creatorId`) REFERENCES `craft_users` (`id`) ON DELETE SET NULL,
	ADD CONSTRAINT `craft_navee_navigations_fieldLayoutId_fk` FOREIGN KEY (`fieldLayoutId`) REFERENCES `craft_fieldlayouts` (`id`) ON DELETE SET NULL;

--
-- Constraints for table `craft_navee_nodes`
--
ALTER TABLE `craft_navee_nodes`
	ADD CONSTRAINT `craft_navee_nodes_navigationId_fk` FOREIGN KEY (`navigationId`) REFERENCES `craft_navee_navigations` (`id`) ON DELETE CASCADE,
	ADD CONSTRAINT `craft_navee_nodes_id_fk` FOREIGN KEY (`id`) REFERENCES `craft_elements` (`id`) ON DELETE CASCADE;

--
-- Constraints for table `craft_relations`
--
ALTER TABLE `craft_relations`
	ADD CONSTRAINT `craft_relations_targetId_fk` FOREIGN KEY (`targetId`) REFERENCES `craft_elements` (`id`) ON DELETE CASCADE,
	ADD CONSTRAINT `craft_relations_fieldId_fk` FOREIGN KEY (`fieldId`) REFERENCES `craft_fields` (`id`) ON DELETE CASCADE,
	ADD CONSTRAINT `craft_relations_sourceId_fk` FOREIGN KEY (`sourceId`) REFERENCES `craft_elements` (`id`) ON DELETE CASCADE,
	ADD CONSTRAINT `craft_relations_sourceLocale_fk` FOREIGN KEY (`sourceLocale`) REFERENCES `craft_locales` (`locale`) ON DELETE CASCADE ON UPDATE CASCADE;

--
-- Constraints for table `craft_routes`
--
ALTER TABLE `craft_routes`
	ADD CONSTRAINT `craft_routes_locale_fk` FOREIGN KEY (`locale`) REFERENCES `craft_locales` (`locale`) ON DELETE CASCADE ON UPDATE CASCADE;

--
-- Constraints for table `craft_sections`
--
ALTER TABLE `craft_sections`
	ADD CONSTRAINT `craft_sections_structureId_fk` FOREIGN KEY (`structureId`) REFERENCES `craft_structures` (`id`) ON DELETE SET NULL;

--
-- Constraints for table `craft_sections_i18n`
--
ALTER TABLE `craft_sections_i18n`
	ADD CONSTRAINT `craft_sections_i18n_locale_fk` FOREIGN KEY (`locale`) REFERENCES `craft_locales` (`locale`) ON DELETE CASCADE ON UPDATE CASCADE,
	ADD CONSTRAINT `craft_sections_i18n_sectionId_fk` FOREIGN KEY (`sectionId`) REFERENCES `craft_sections` (`id`) ON DELETE CASCADE;

--
-- Constraints for table `craft_sessions`
--
ALTER TABLE `craft_sessions`
	ADD CONSTRAINT `craft_sessions_userId_fk` FOREIGN KEY (`userId`) REFERENCES `craft_users` (`id`) ON DELETE CASCADE;

--
-- Constraints for table `craft_shunnedmessages`
--
ALTER TABLE `craft_shunnedmessages`
	ADD CONSTRAINT `craft_shunnedmessages_userId_fk` FOREIGN KEY (`userId`) REFERENCES `craft_users` (`id`) ON DELETE CASCADE;

--
-- Constraints for table `craft_structureelements`
--
ALTER TABLE `craft_structureelements`
	ADD CONSTRAINT `craft_structureelements_elementId_fk` FOREIGN KEY (`elementId`) REFERENCES `craft_elements` (`id`) ON DELETE CASCADE,
	ADD CONSTRAINT `craft_structureelements_structureId_fk` FOREIGN KEY (`structureId`) REFERENCES `craft_structures` (`id`) ON DELETE CASCADE;

--
-- Constraints for table `craft_taggroups`
--
ALTER TABLE `craft_taggroups`
	ADD CONSTRAINT `craft_taggroups_fieldLayoutId_fk` FOREIGN KEY (`fieldLayoutId`) REFERENCES `craft_fieldlayouts` (`id`) ON DELETE SET NULL;

--
-- Constraints for table `craft_tags`
--
ALTER TABLE `craft_tags`
	ADD CONSTRAINT `craft_tags_groupId_fk` FOREIGN KEY (`groupId`) REFERENCES `craft_taggroups` (`id`) ON DELETE CASCADE,
	ADD CONSTRAINT `craft_tags_id_fk` FOREIGN KEY (`id`) REFERENCES `craft_elements` (`id`) ON DELETE CASCADE;

--
-- Constraints for table `craft_templatecachecriteria`
--
ALTER TABLE `craft_templatecachecriteria`
	ADD CONSTRAINT `craft_templatecachecriteria_cacheId_fk` FOREIGN KEY (`cacheId`) REFERENCES `craft_templatecaches` (`id`) ON DELETE CASCADE;

--
-- Constraints for table `craft_templatecacheelements`
--
ALTER TABLE `craft_templatecacheelements`
	ADD CONSTRAINT `craft_templatecacheelements_elementId_fk` FOREIGN KEY (`elementId`) REFERENCES `craft_elements` (`id`) ON DELETE CASCADE,
	ADD CONSTRAINT `craft_templatecacheelements_cacheId_fk` FOREIGN KEY (`cacheId`) REFERENCES `craft_templatecaches` (`id`) ON DELETE CASCADE;

--
-- Constraints for table `craft_templatecaches`
--
ALTER TABLE `craft_templatecaches`
	ADD CONSTRAINT `craft_templatecaches_locale_fk` FOREIGN KEY (`locale`) REFERENCES `craft_locales` (`locale`) ON DELETE CASCADE ON UPDATE CASCADE;

--
-- Constraints for table `craft_usergroups_users`
--
ALTER TABLE `craft_usergroups_users`
	ADD CONSTRAINT `craft_usergroups_users_userId_fk` FOREIGN KEY (`userId`) REFERENCES `craft_users` (`id`) ON DELETE CASCADE,
	ADD CONSTRAINT `craft_usergroups_users_groupId_fk` FOREIGN KEY (`groupId`) REFERENCES `craft_usergroups` (`id`) ON DELETE CASCADE;

--
-- Constraints for table `craft_userpermissions_usergroups`
--
ALTER TABLE `craft_userpermissions_usergroups`
	ADD CONSTRAINT `craft_userpermissions_usergroups_groupId_fk` FOREIGN KEY (`groupId`) REFERENCES `craft_usergroups` (`id`) ON DELETE CASCADE,
	ADD CONSTRAINT `craft_userpermissions_usergroups_permissionId_fk` FOREIGN KEY (`permissionId`) REFERENCES `craft_userpermissions` (`id`) ON DELETE CASCADE;

--
-- Constraints for table `craft_userpermissions_users`
--
ALTER TABLE `craft_userpermissions_users`
	ADD CONSTRAINT `craft_userpermissions_users_userId_fk` FOREIGN KEY (`userId`) REFERENCES `craft_users` (`id`) ON DELETE CASCADE,
	ADD CONSTRAINT `craft_userpermissions_users_permissionId_fk` FOREIGN KEY (`permissionId`) REFERENCES `craft_userpermissions` (`id`) ON DELETE CASCADE;

--
-- Constraints for table `craft_users`
--
ALTER TABLE `craft_users`
	ADD CONSTRAINT `craft_users_preferredLocale_fk` FOREIGN KEY (`preferredLocale`) REFERENCES `craft_locales` (`locale`) ON DELETE SET NULL ON UPDATE CASCADE,
	ADD CONSTRAINT `craft_users_id_fk` FOREIGN KEY (`id`) REFERENCES `craft_elements` (`id`) ON DELETE CASCADE;

--
-- Constraints for table `craft_widgets`
--
ALTER TABLE `craft_widgets`
	ADD CONSTRAINT `craft_widgets_userId_fk` FOREIGN KEY (`userId`) REFERENCES `craft_users` (`id`) ON DELETE CASCADE;

SET FOREIGN_KEY_CHECKS = 1;
