-- Generated by Craft v2.7.4 on Feb 27, 2019, 1:48:09 AM.

--
-- Disable foreign key checks and autocommit.
--

SET FOREIGN_KEY_CHECKS = 0;
SET SQL_MODE = "NO_AUTO_VALUE_ON_ZERO";
SET AUTOCOMMIT = 0;
SET NAMES utf8;


DROP TABLE IF EXISTS `craft_assetfiles`;


--
-- Schema for table `craft_assetfiles`
--
CREATE TABLE `craft_assetfiles` (
  `id` int(11) NOT NULL,
  `sourceId` int(11) DEFAULT NULL,
  `folderId` int(11) NOT NULL,
  `filename` varchar(255) COLLATE utf8_unicode_ci NOT NULL,
  `kind` varchar(50) COLLATE utf8_unicode_ci NOT NULL DEFAULT 'unknown',
  `width` int(11) unsigned DEFAULT NULL,
  `height` int(11) unsigned DEFAULT NULL,
  `size` bigint(20) unsigned DEFAULT NULL,
  `dateModified` datetime DEFAULT NULL,
  `dateCreated` datetime NOT NULL,
  `dateUpdated` datetime NOT NULL,
  `uid` char(36) COLLATE utf8_unicode_ci NOT NULL DEFAULT '0',
  PRIMARY KEY (`id`),
  UNIQUE KEY `craft_assetfiles_filename_folderId_unq_idx` (`filename`,`folderId`),
  KEY `craft_assetfiles_sourceId_fk` (`sourceId`),
  KEY `craft_assetfiles_folderId_fk` (`folderId`)
) ENGINE=InnoDB DEFAULT CHARSET=utf8 COLLATE=utf8_unicode_ci;

--
-- Data for table `craft_assetfiles`
--

INSERT INTO `craft_assetfiles` (`id`, `sourceId`, `folderId`, `filename`, `kind`, `width`, `height`, `size`, `dateModified`, `dateCreated`, `dateUpdated`, `uid`) VALUES
 ('102', '1', '5', 'indie_work_2_cover_image.jpg', 'image', '1600', '900', '222979', '2016-08-22 01:47:45', '2016-08-22 01:47:45', '2019-01-14 03:07:55', '74ea7278-978e-4018-a210-b8807c56b927'),
 ('104', '1', '5', 'indie_work_4_cover_image.jpg', 'image', '1600', '900', '156735', '2016-08-22 01:47:46', '2016-08-22 01:47:46', '2019-01-14 03:07:55', 'fa5d541b-dc4c-414b-b341-147540ee253a'),
 ('105', '1', '5', 'indie_work_5_cover_image.jpg', 'image', '1600', '900', '310873', '2016-08-22 01:47:48', '2016-08-22 01:47:48', '2019-01-14 03:07:55', '37c11417-7649-4c63-901e-a5ff9aca3c2b'),
 ('106', '1', '5', 'indie_work_6_cover_image.jpg', 'image', '1600', '900', '158974', '2016-08-22 01:47:49', '2016-08-22 01:47:49', '2019-01-14 03:07:55', '1b408143-250d-444a-9cac-005d5d104f02'),
 ('107', '1', '5', 'indie_work_7_cover_image.jpg', 'image', '1600', '900', '220963', '2016-08-22 01:47:49', '2016-08-22 01:47:49', '2019-01-14 03:07:55', 'e7f2bf9f-fcc7-4094-b44a-4086b1fe2392'),
 ('109', '1', '5', 'indie_work_9_cover_image.jpg', 'image', '1600', '900', '223006', '2016-08-22 01:47:51', '2016-08-22 01:47:51', '2019-01-14 03:07:55', 'c70f78a5-f57d-430b-a478-eb41451c5be8'),
 ('111', '1', '3', '12days_cover_image.jpg', 'image', '1600', '900', '190948', '2016-08-22 01:50:06', '2016-08-22 01:50:06', '2019-01-14 03:07:51', 'c55b55b4-38d1-42dd-a505-bef65c4597cd'),
 ('112', '1', '3', '12Days3_cover_image.jpg', 'image', '1600', '900', '116020', '2016-08-22 01:50:07', '2016-08-22 01:50:07', '2019-01-14 03:07:51', '285041a9-389d-41b2-a976-86f6342c05b6'),
 ('113', '1', '3', 'Bosch_cover_image.jpg', 'image', '1600', '900', '138794', '2016-08-22 01:50:07', '2016-08-22 01:50:08', '2019-01-14 03:07:51', '5d4446f3-d188-4fb1-a38a-00662d949888'),
 ('114', '1', '3', 'BOSSA_cover_image.jpg', 'image', '1600', '900', '24705', '2016-08-22 01:50:08', '2016-08-22 01:50:08', '2019-01-14 03:07:51', '83bf142e-60d7-4328-8c30-98c98831c352'),
 ('115', '1', '3', 'CartoonNetwork_cover_image.jpg', 'image', '1600', '900', '83122', '2016-08-22 01:50:09', '2016-08-22 01:50:09', '2019-01-14 03:07:51', 'e519a52c-2e88-449a-afff-36d5023558b1'),
 ('116', '1', '3', 'CGCC_cover_image.jpg', 'image', '1600', '900', '44552', '2016-08-22 01:50:09', '2016-08-22 01:50:09', '2019-01-14 03:07:51', 'c0453bca-7787-4fd2-94bc-eeba14f1c322'),
 ('117', '1', '3', 'CountDown_cover_image.jpg', 'image', '1600', '900', '40409', '2016-08-22 01:50:09', '2016-08-22 01:50:09', '2019-01-14 03:07:51', '9569c4c3-3f5d-4944-9fe9-4d84fa88f3b9'),
 ('118', '1', '3', 'Cranks_and_Gulps_cover_image.jpg', 'image', '1600', '900', '171208', '2016-08-22 01:50:10', '2016-08-22 01:50:10', '2019-01-14 03:07:52', '63579a9f-6a17-4f91-8c0e-dc3e7f99e603'),
 ('119', '1', '3', 'Dell_cover_image.jpg', 'image', '1600', '900', '143843', '2016-08-22 01:50:11', '2016-08-22 01:50:11', '2019-01-14 03:07:52', 'b3b190ad-5428-41ff-b7c5-845d787c0a1b'),
 ('120', '1', '3', 'ESPN_cover_image.jpg', 'image', '1600', '900', '107165', '2016-08-22 01:50:12', '2016-08-22 01:50:12', '2019-01-14 03:07:52', 'f3f4a8ac-52e0-4b93-a8b5-2a3efc315dcf'),
 ('121', '1', '3', 'FootLocker_cover_image.jpg', 'image', '1600', '900', '94331', '2016-08-22 01:50:13', '2016-08-22 01:50:13', '2019-01-14 03:07:52', 'd30bad26-8a28-4fc1-8bd4-c1a0800cfde9'),
 ('122', '1', '3', 'GoogTeamwork_cover_image.jpg', 'image', '1600', '900', '53571', '2016-08-22 01:50:13', '2016-08-22 01:50:13', '2019-01-14 03:07:52', 'addb0041-0ac8-41fd-8e3b-23a649b64177'),
 ('123', '1', '3', 'hanesSocks_cover_image.jpg', 'image', '1600', '900', '100343', '2016-08-22 01:50:14', '2016-08-22 01:50:14', '2019-01-14 03:07:53', '7ad332af-5d9b-4c0e-987d-811c2b9df7be'),
 ('124', '1', '3', 'Hardboil_cover_image.jpg', 'image', '1600', '900', '126668', '2016-08-22 01:50:15', '2016-08-22 01:50:15', '2019-01-14 03:07:52', '6fcb4ed9-c3a0-4e14-9735-a4fe9d3a66d7'),
 ('125', '1', '3', 'HermesNoel_cover_image.jpg', 'image', '1600', '900', '188475', '2016-08-22 01:50:16', '2016-08-22 01:50:16', '2019-01-14 03:07:52', '3cc9bd2a-8780-4139-a17a-9f22c54115c8'),
 ('126', '1', '3', 'McdCracker_cover_image.jpg', 'image', '1600', '900', '92766', '2016-08-22 01:50:16', '2016-08-22 01:50:16', '2019-01-14 03:07:52', '58c4047b-ec00-4bdf-96ce-42f7dfe679a1'),
 ('127', '1', '3', 'MelvinMoon_cover_image.jpg', 'image', '1600', '900', '104575', '2016-08-22 01:50:17', '2016-08-22 01:50:17', '2019-01-14 03:07:52', 'db743331-6376-49f4-ab4a-cde2bd0ffa4f'),
 ('128', '1', '3', 'NavyFed_cover_image.jpg', 'image', '1600', '900', '103219', '2016-08-22 01:50:18', '2016-08-22 01:50:18', '2019-01-14 03:07:52', 'bb90a8d0-2c9d-4ff7-8734-ab95dcada9e3'),
 ('129', '1', '3', 'PhillipLim_cover_image.jpg', 'image', '1600', '900', '42256', '2016-08-22 01:50:18', '2016-08-22 01:50:18', '2019-01-14 03:07:53', 'b4b69fe0-7439-4291-b397-825f00a9f989'),
 ('130', '1', '3', 'RandyFox_cover_image.jpg', 'image', '1600', '900', '105854', '2016-08-22 01:50:19', '2016-08-22 01:50:19', '2019-01-14 03:07:53', '9350b952-ffca-45d6-adf3-9e2c0c496faf'),
 ('131', '1', '3', 'Rushkitchen_cover_image.jpg', 'image', '1600', '900', '215110', '2016-08-22 01:50:19', '2016-08-22 01:50:19', '2019-01-14 03:07:53', '5db1af42-33b0-4757-8e4b-ecfc010f30d4'),
 ('132', '1', '3', 'TimHorton_cover_image.jpg', 'image', '1600', '900', '203809', '2016-08-22 01:50:20', '2016-08-22 01:50:20', '2019-01-14 03:07:53', '29866b12-cc97-4a1d-8900-1aa7084e54ee'),
 ('133', '1', '3', 'toadpipe_cover_image.jpg', 'image', '1600', '900', '96567', '2016-08-22 01:50:20', '2016-08-22 01:50:20', '2019-01-14 03:07:53', '355e75a7-6911-4587-aa4e-ca71abbae517'),
 ('134', '1', '6', 'bornsmall_o.jpg', 'image', '2048', '2396', '638080', '2016-08-22 01:55:14', '2016-08-22 01:55:14', '2019-01-14 03:07:58', 'b7a85943-6355-4c53-b225-7e3d20e32a18'),
 ('135', '1', '6', 'head1_s_905_2x.jpg', 'image', '1810', '1452', '143010', '2016-08-22 01:55:15', '2016-08-22 01:55:15', '2019-01-14 03:07:58', '599c5f97-eb92-4e75-b8e8-2bbc186bb538'),
 ('136', '1', '6', 'Head2_s_905_2x.jpg', 'image', '1810', '1325', '132976', '2016-08-22 01:55:16', '2016-08-22 01:55:16', '2019-01-14 03:07:55', 'f8ecf1e3-3764-403e-b3aa-8504a31977b9'),
 ('137', '1', '6', 'Head3_s_905_2x.jpg', 'image', '1810', '1333', '127564', '2016-08-22 01:55:17', '2016-08-22 01:55:17', '2019-01-14 03:07:56', '5e2b5c18-e452-4e69-a655-641002e3cf0a'),
 ('139', '1', '6', 'J2_905.jpg', 'image', '905', '905', '146139', '2016-08-22 01:55:18', '2016-08-22 01:55:18', '2019-01-14 03:07:57', 'f42792c1-b170-486e-8662-93652049326d'),
 ('140', '1', '6', 'J3_905.jpg', 'image', '905', '905', '141882', '2016-08-22 01:55:19', '2016-08-22 01:55:19', '2019-01-14 03:07:57', '88307944-107b-4ff0-be56-a902b87bf208'),
 ('141', '1', '6', 'J4_905.jpg', 'image', '905', '905', '151367', '2016-08-22 01:55:19', '2016-08-22 01:55:19', '2019-01-14 03:07:57', '84bcc391-fdb9-4dc5-a3f7-3fb32bbec9f0'),
 ('142', '1', '6', 'J5_905.jpg', 'image', '905', '905', '136845', '2016-08-22 01:55:20', '2016-08-22 01:55:20', '2019-01-14 03:07:57', '299643ff-9c57-4dfc-9623-5651f865ecaa'),
 ('143', '1', '6', 'J6_905.jpg', 'image', '905', '905', '122443', '2016-08-22 01:55:20', '2016-08-22 01:55:20', '2019-01-14 03:07:57', '3b9b9e6c-fef0-4ed2-a51c-a7197d6a5a2c'),
 ('144', '1', '6', 'J7_905.jpg', 'image', '905', '905', '120187', '2016-08-22 01:55:21', '2016-08-22 01:55:21', '2019-01-14 03:07:58', 'b6d6dc45-1c84-40a6-9100-28e11528ea9a'),
 ('146', '1', '6', 'purity_905.jpg', 'image', '905', '666', '87640', '2016-08-22 01:55:21', '2016-08-22 01:55:22', '2019-01-14 03:07:58', 'ee87584c-202f-46df-bdcb-91526d8bf5de'),
 ('147', '1', '6', 'reds_small_905_2x.jpg', 'image', '1810', '986', '151916', '2016-08-22 01:55:22', '2016-08-22 01:55:22', '2019-01-14 03:07:58', '55f8ba38-999c-49e4-99cd-ecd4098c5b58'),
 ('149', '1', '6', 'time_905_2x.jpg', 'image', '1810', '1803', '345863', '2016-08-22 01:55:24', '2016-08-22 01:55:24', '2019-01-14 03:07:58', '1baf9c64-1082-4dde-b031-00d7d2e749dc'),
 ('217', '1', '3', 'Xiaoxiaos-new-Web_Commercial_Cover_Amazon-Prime-Day-2016-TV-Spot-Everywhere.jpg', 'image', '1920', '1080', '922607', '2017-12-03 04:09:47', '2017-12-03 04:09:47', '2019-01-14 03:07:53', '4be584ab-6136-4b94-a9a0-88181266f0e8'),
 ('218', '1', '7', 'Xiaoxiaos-new-Web_Commercial_Breakdown_Amazon-Prime-Day-2016-TV-Spot-Everywhere_A001.jpg', 'image', '1920', '1080', '293038', '2017-12-03 04:15:52', '2017-12-03 04:15:52', '2019-01-14 03:07:53', 'e5620f8e-cde3-46c0-99f9-6fbd152b668c'),
 ('219', '1', '7', 'Xiaoxiaos-new-Web_Commercial_Breakdown_Amazon-Prime-Day-2016-TV-Spot-Everywhere_A002.jpg', 'image', '1920', '1080', '286721', '2017-12-03 04:15:52', '2017-12-03 04:15:52', '2019-01-14 03:07:54', 'c90cf889-518d-46f5-9d69-11b1dde63219'),
 ('220', '1', '7', 'Xiaoxiaos-new-Web_Commercial_Breakdown_Amazon-Prime-Day-2016-TV-Spot-Everywhere_B001.jpg', 'image', '1920', '1080', '298090', '2017-12-03 04:15:53', '2017-12-03 04:15:53', '2019-01-14 03:07:54', '77531bd5-723a-42ce-82db-ceca43e71c52'),
 ('221', '1', '7', 'Xiaoxiaos-new-Web_Commercial_Breakdown_Amazon-Prime-Day-2016-TV-Spot-Everywhere_B002.jpg', 'image', '1920', '1080', '263011', '2017-12-03 04:15:53', '2017-12-03 04:15:53', '2019-01-14 03:07:54', 'bb75dd2a-7dc1-4563-b858-ea247cc41091'),
 ('222', '1', '7', 'Xiaoxiaos-new-Web_Commercial_Breakdown_Amazon-Prime-Day-2016-TV-Spot-Everywhere_B003.jpg', 'image', '1920', '1080', '268262', '2017-12-03 04:15:53', '2017-12-03 04:15:53', '2019-01-14 03:07:54', '13721a43-ff7d-4716-9623-87d9e3a7525c'),
 ('229', '1', '5', 'Indie-Preview_Map-to-SVA.jpg', 'image', '1600', '900', '205306', '2018-01-26 22:14:29', '2018-01-26 21:22:12', '2019-01-14 03:07:54', 'da99a004-a424-4d56-ac03-4094a295b4d4'),
 ('231', '1', '6', 'Indie-artwork_Map-to-SVA.jpg', 'image', '3702', '3666', '1114778', '2018-01-26 21:31:13', '2018-01-26 21:31:13', '2019-01-14 03:07:56', '9fa32135-be8e-47b1-ae15-e49c6b5e5854'),
 ('232', '1', '5', 'Indie-Preview_Light-Heavy-and-I.jpg', 'image', '1600', '900', '150929', '2018-01-26 21:53:02', '2018-01-26 21:53:02', '2019-01-14 03:07:54', '70a7ed5a-4451-4789-af64-aaa27b82e19f'),
 ('234', '1', '5', 'Indie-Preview_Self-tree.jpg', 'image', '1600', '900', '296312', '2018-01-27 01:13:36', '2018-01-27 01:13:36', '2019-01-14 03:07:54', '56384e2b-a0c6-43e8-bd91-d74e5283c26d'),
 ('237', '1', '5', 'Indie-Preview_MusicalOranges.jpg', 'image', '1600', '900', '218954', '2018-01-27 01:53:45', '2018-01-27 01:53:53', '2019-01-14 03:07:54', '6e4984ae-bf85-46cb-ba9c-5e15a804a4aa'),
 ('238', '1', '6', 'Indie-artwork_Light-Heavy-and-I.jpg', 'image', '3360', '4266', '956275', '2018-01-27 02:09:20', '2018-01-27 02:09:20', '2019-01-14 03:07:56', 'efc934e8-64df-4714-b3ca-fe7da8551b74'),
 ('239', '1', '6', 'Indie-artwork_Self-tree.jpg', 'image', '3744', '4842', '1066087', '2018-01-27 02:09:53', '2018-01-27 02:09:54', '2019-01-14 03:07:57', '8dd83c6b-8b75-44d8-9ac4-dad5bb45b320'),
 ('240', '1', '5', 'Indie-Preview_Time_01.jpg', 'image', '1600', '900', '215810', '2018-01-27 02:21:08', '2018-01-27 02:21:08', '2019-01-14 03:07:55', '049da89a-f310-45f2-96bb-433152985e2e'),
 ('241', '1', '6', 'Indie-artwork_Time.jpg', 'image', '3496', '3484', '1217854', '2018-01-27 02:22:43', '2018-01-27 02:22:43', '2019-01-14 03:07:57', '6194c673-4fe4-414e-9775-8d36cd0056e8'),
 ('242', '1', '5', 'Indie-Preview_Time_02.jpg', 'image', '1600', '900', '223991', '2018-01-27 02:24:58', '2018-01-27 02:24:58', '2019-01-14 03:07:55', 'bb0cec6c-2a8f-40d6-8dca-3aa92a4c4994'),
 ('279', '1', '8', 'Design_Contact_BG_1.jpg', 'image', '4104', '2390', '1476530', '2019-01-06 00:24:36', '2019-01-06 00:24:37', '2019-01-14 03:07:50', '359f24ed-754f-4ee8-b57a-b46e11b541f7'),
 ('281', '1', '8', 'Home_collage_PaperBackground.jpg', 'image', '3360', '3715', '1896669', '2019-01-06 00:51:05', '2019-01-06 00:51:05', '2019-01-14 03:07:51', '2177781e-c0bc-4d2f-b536-70017daa318d'),
 ('282', '1', '9', 'cloud01_opposite.png', 'image', '914', '523', '386183', '2019-01-06 00:59:05', '2019-01-06 00:59:05', '2019-01-14 03:07:58', 'c610729a-434a-4b66-8586-410d384f55ff'),
 ('283', '1', '9', 'cloud01.png', 'image', '914', '523', '404796', '2019-01-06 00:59:06', '2019-01-06 00:59:06', '2019-01-14 03:07:58', '5b12db43-4599-4b61-b4a9-30f871bdd3d1'),
 ('284', '1', '9', 'cloud02_opposite.png', 'image', '580', '370', '205966', '2019-01-06 00:59:06', '2019-01-06 00:59:06', '2019-01-14 03:07:59', '8fd4a87e-def8-44aa-a843-778b89c3d43c'),
 ('285', '1', '9', 'cloud02.png', 'image', '580', '370', '216417', '2019-01-06 00:59:07', '2019-01-06 00:59:07', '2019-01-14 03:07:59', '3d62996d-7609-4edc-b3a0-64e8a2c4441a'),
 ('286', '1', '9', 'cloud03_opposite.png', 'image', '650', '419', '296665', '2019-01-06 00:59:07', '2019-01-06 00:59:08', '2019-01-14 03:07:59', '4a4dac8d-af4a-4fd0-a3a9-efb01ffddcb5'),
 ('287', '1', '9', 'cloud03.png', 'image', '650', '419', '312119', '2019-01-06 00:59:08', '2019-01-06 00:59:08', '2019-01-14 03:07:59', 'e5e93eca-0d6e-4105-82c4-b043fa819a80'),
 ('288', '1', '9', 'cloud04_opposite.png', 'image', '562', '374', '214898', '2019-01-06 00:59:09', '2019-01-06 00:59:09', '2019-01-14 03:07:59', 'b9c03513-9525-44cd-b77e-14f13ecd63e3'),
 ('289', '1', '9', 'cloud04.png', 'image', '562', '374', '223402', '2019-01-06 00:59:09', '2019-01-06 00:59:09', '2019-01-14 03:07:59', '020cd6d7-f2a6-4f7e-80d4-ae4f26c6f233'),
 ('290', '1', '9', 'cloud05_opposite.png', 'image', '502', '266', '131123', '2019-01-06 00:59:10', '2019-01-06 00:59:10', '2019-01-14 03:07:59', '8e30b828-baf3-43c6-a223-5787097cc4b8'),
 ('291', '1', '9', 'cloud05.png', 'image', '502', '266', '140893', '2019-01-06 00:59:10', '2019-01-06 00:59:10', '2019-01-14 03:07:59', '136d8a6c-38e2-4ce2-97a9-204da44e8352'),
 ('292', '1', '9', 'cloud06.png', 'image', '340', '364', '144429', '2019-01-06 00:59:11', '2019-01-06 00:59:11', '2019-01-14 03:07:59', '1e0a3cf6-3bee-46ea-aa46-a0671c0bfe7b'),
 ('293', '1', '9', 'feather-and-line.png', 'image', '597', '2048', '489591', '2019-01-06 00:59:37', '2019-01-06 00:59:37', '2019-01-14 03:08:00', '35e6ef9b-6824-41b9-a2a1-e7a478632946'),
 ('294', '1', '9', 'feather.png', 'image', '553', '802', '527858', '2019-01-06 00:59:38', '2019-01-06 00:59:38', '2019-01-14 03:08:00', 'dca6a0b3-2a7b-4fff-a362-f1b2280b8628'),
 ('295', '1', '9', 'Line.png', 'image', '420', '1359', '433800', '2019-01-06 00:59:39', '2019-01-06 00:59:39', '2019-01-14 03:07:58', '75477b8b-ae94-4f8d-b462-27b4bfa44f3c'),
 ('296', '1', '9', 'sqPaper.png', 'image', '399', '201', '82090', '2019-01-06 00:59:52', '2019-01-06 00:59:52', '2019-01-14 03:08:00', 'ce513da7-ccc1-44cb-b2af-7004d8d923fc'),
 ('297', '1', '9', 'sqPapername.png', 'image', '399', '201', '87597', '2019-01-06 00:59:52', '2019-01-06 00:59:52', '2019-01-14 03:08:00', '5acaab07-4357-43c6-a22e-6590cc938d1a'),
 ('318', '1', '8', 'Design_About_BG_Page01_190113.jpg', 'image', '7200', '2376', '2108196', '2019-01-14 03:07:31', '2019-01-14 02:51:41', '2019-01-14 03:07:49', '09b39862-d135-4ec4-9c59-867c842183c4'),
 ('320', '1', '8', 'Design_About_BG_Page02_190113.jpg', 'image', '7200', '2376', '2334772', '2019-01-14 03:07:32', '2019-01-14 03:07:49', '2019-01-14 03:07:50', '5b7caff7-7485-4d19-a519-d3e5c5c7c0d5'),
 ('321', '1', '8', 'Design_About_BG_Page03_190113.jpg', 'image', '7207', '2378', '2128495', '2019-01-14 03:07:32', '2019-01-14 03:07:50', '2019-01-14 03:07:50', 'c14cff74-303d-4061-80a1-bc72997cce14');



DROP TABLE IF EXISTS `craft_assetfolders`;


--
-- Schema for table `craft_assetfolders`
--
CREATE TABLE `craft_assetfolders` (
  `id` int(11) NOT NULL AUTO_INCREMENT,
  `parentId` int(11) DEFAULT NULL,
  `sourceId` int(11) DEFAULT NULL,
  `name` varchar(255) COLLATE utf8_unicode_ci NOT NULL,
  `path` varchar(255) COLLATE utf8_unicode_ci DEFAULT NULL,
  `dateCreated` datetime NOT NULL,
  `dateUpdated` datetime NOT NULL,
  `uid` char(36) COLLATE utf8_unicode_ci NOT NULL DEFAULT '0',
  PRIMARY KEY (`id`),
  UNIQUE KEY `craft_assetfolders_name_parentId_sourceId_unq_idx` (`name`,`parentId`,`sourceId`),
  KEY `craft_assetfolders_parentId_fk` (`parentId`),
  KEY `craft_assetfolders_sourceId_fk` (`sourceId`)
) ENGINE=InnoDB AUTO_INCREMENT=10 DEFAULT CHARSET=utf8 COLLATE=utf8_unicode_ci;

--
-- Data for table `craft_assetfolders`
--

INSERT INTO `craft_assetfolders` (`id`, `parentId`, `sourceId`, `name`, `path`, `dateCreated`, `dateUpdated`, `uid`) VALUES
 ('1', NULL, '1', 'assets', '', '2016-08-20 17:52:13', '2017-03-21 03:41:35', 'f02be676-bef3-424e-a547-0bc36f4371e0'),
 ('2', '1', '1', 'commercial_works', 'commercial_works/', '2016-08-22 01:00:35', '2016-08-22 01:15:48', '5d874c5f-89ff-4b5e-985e-f09e97ddcd5b'),
 ('3', '2', '1', 'cover_images', 'commercial_works/cover_images/', '2016-08-22 01:02:45', '2016-08-22 01:15:52', '64691f19-3b6f-4e94-8e8a-6f702808b1d3'),
 ('4', '1', '1', 'indie_works', 'indie_works/', '2016-08-22 01:15:37', '2016-08-22 01:16:14', '2e2db57c-ef33-4b5b-86df-5d7c7a7424b1'),
 ('5', '4', '1', 'cover_images', 'indie_works/cover_images/', '2016-08-22 01:16:21', '2016-08-22 01:16:21', '6a835302-13c1-48a4-90be-a732aed961f2'),
 ('6', '4', '1', 'work_images', 'indie_works/work_images/', '2016-08-22 01:51:34', '2016-08-22 01:51:34', 'e6829130-6555-4414-8412-3705a664e7ce'),
 ('7', '2', '1', 'work_images', 'commercial_works/work_images/', '2016-08-22 01:52:53', '2016-08-22 01:52:53', '38ae08ac-7cea-4b90-bede-100cfb62b1f8'),
 ('8', '1', '1', 'bkg_images', 'bkg_images/', '2019-01-06 00:13:35', '2019-01-06 00:13:47', 'ea24b0e4-2aeb-4ab1-a292-a1dec4f803d5'),
 ('9', '1', '1', 'sky', 'sky/', '2019-01-06 00:57:29', '2019-01-06 00:57:29', '611d4f80-261d-48a0-b7e2-ea6f29d93429');



DROP TABLE IF EXISTS `craft_assetindexdata`;


--
-- Schema for table `craft_assetindexdata`
--
CREATE TABLE `craft_assetindexdata` (
  `id` int(11) NOT NULL AUTO_INCREMENT,
  `sessionId` varchar(36) COLLATE utf8_unicode_ci NOT NULL DEFAULT '',
  `sourceId` int(10) NOT NULL,
  `offset` int(10) NOT NULL,
  `uri` text COLLATE utf8_unicode_ci,
  `size` varchar(255) COLLATE utf8_unicode_ci DEFAULT NULL,
  `recordId` int(10) DEFAULT NULL,
  `dateCreated` datetime NOT NULL,
  `dateUpdated` datetime NOT NULL,
  `uid` char(36) COLLATE utf8_unicode_ci NOT NULL DEFAULT '0',
  PRIMARY KEY (`id`),
  UNIQUE KEY `craft_assetindexdata_sessionId_sourceId_offset_unq_idx` (`sessionId`,`sourceId`,`offset`),
  KEY `craft_assetindexdata_sourceId_fk` (`sourceId`)
) ENGINE=InnoDB AUTO_INCREMENT=80 DEFAULT CHARSET=utf8 COLLATE=utf8_unicode_ci;

DROP TABLE IF EXISTS `craft_assetsources`;


--
-- Schema for table `craft_assetsources`
--
CREATE TABLE `craft_assetsources` (
  `id` int(11) NOT NULL AUTO_INCREMENT,
  `name` varchar(255) COLLATE utf8_unicode_ci NOT NULL,
  `handle` varchar(255) COLLATE utf8_unicode_ci NOT NULL,
  `type` varchar(150) COLLATE utf8_unicode_ci NOT NULL,
  `settings` text COLLATE utf8_unicode_ci,
  `sortOrder` smallint(6) unsigned DEFAULT NULL,
  `fieldLayoutId` int(10) DEFAULT NULL,
  `dateCreated` datetime NOT NULL,
  `dateUpdated` datetime NOT NULL,
  `uid` char(36) COLLATE utf8_unicode_ci NOT NULL DEFAULT '0',
  PRIMARY KEY (`id`),
  UNIQUE KEY `craft_assetsources_name_unq_idx` (`name`),
  UNIQUE KEY `craft_assetsources_handle_unq_idx` (`handle`),
  KEY `craft_assetsources_fieldLayoutId_fk` (`fieldLayoutId`)
) ENGINE=InnoDB AUTO_INCREMENT=2 DEFAULT CHARSET=utf8 COLLATE=utf8_unicode_ci;

--
-- Data for table `craft_assetsources`
--

INSERT INTO `craft_assetsources` (`id`, `name`, `handle`, `type`, `settings`, `sortOrder`, `fieldLayoutId`, `dateCreated`, `dateUpdated`, `uid`) VALUES
 ('1', 'assets', 'assets', 'Local', '{\"path\":\"{basePath}\\/assets\\/\",\"publicURLs\":\"1\",\"url\":\"{baseUrl}\\/assets\\/\"}', '1', '44', '2016-08-20 17:52:13', '2017-03-21 04:17:56', '6d32583a-d041-466b-a854-4531630b66a4');



DROP TABLE IF EXISTS `craft_assettransformindex`;


--
-- Schema for table `craft_assettransformindex`
--
CREATE TABLE `craft_assettransformindex` (
  `id` int(11) NOT NULL AUTO_INCREMENT,
  `fileId` int(11) NOT NULL,
  `filename` varchar(255) COLLATE utf8_unicode_ci DEFAULT NULL,
  `format` varchar(255) COLLATE utf8_unicode_ci DEFAULT NULL,
  `location` varchar(255) COLLATE utf8_unicode_ci NOT NULL,
  `sourceId` int(11) DEFAULT NULL,
  `fileExists` tinyint(1) DEFAULT NULL,
  `inProgress` tinyint(1) DEFAULT NULL,
  `dateIndexed` datetime DEFAULT NULL,
  `dateCreated` datetime NOT NULL,
  `dateUpdated` datetime NOT NULL,
  `uid` char(36) COLLATE utf8_unicode_ci NOT NULL DEFAULT '0',
  PRIMARY KEY (`id`),
  KEY `craft_assettransformindex_sourceId_fileId_location_idx` (`sourceId`,`fileId`,`location`)
) ENGINE=InnoDB AUTO_INCREMENT=38 DEFAULT CHARSET=utf8 COLLATE=utf8_unicode_ci;

DROP TABLE IF EXISTS `craft_assettransforms`;


--
-- Schema for table `craft_assettransforms`
--
CREATE TABLE `craft_assettransforms` (
  `id` int(11) NOT NULL AUTO_INCREMENT,
  `name` varchar(255) COLLATE utf8_unicode_ci NOT NULL,
  `handle` varchar(255) COLLATE utf8_unicode_ci NOT NULL,
  `mode` enum('stretch','fit','crop') COLLATE utf8_unicode_ci NOT NULL DEFAULT 'crop',
  `position` enum('top-left','top-center','top-right','center-left','center-center','center-right','bottom-left','bottom-center','bottom-right') COLLATE utf8_unicode_ci NOT NULL DEFAULT 'center-center',
  `height` int(10) DEFAULT NULL,
  `width` int(10) DEFAULT NULL,
  `format` varchar(255) COLLATE utf8_unicode_ci DEFAULT NULL,
  `quality` int(10) DEFAULT NULL,
  `dimensionChangeTime` datetime DEFAULT NULL,
  `dateCreated` datetime NOT NULL,
  `dateUpdated` datetime NOT NULL,
  `uid` char(36) COLLATE utf8_unicode_ci NOT NULL DEFAULT '0',
  PRIMARY KEY (`id`),
  UNIQUE KEY `craft_assettransforms_name_unq_idx` (`name`),
  UNIQUE KEY `craft_assettransforms_handle_unq_idx` (`handle`)
) ENGINE=InnoDB DEFAULT CHARSET=utf8 COLLATE=utf8_unicode_ci;

DROP TABLE IF EXISTS `craft_categories`;


--
-- Schema for table `craft_categories`
--
CREATE TABLE `craft_categories` (
  `id` int(11) NOT NULL,
  `groupId` int(11) NOT NULL,
  `dateCreated` datetime NOT NULL,
  `dateUpdated` datetime NOT NULL,
  `uid` char(36) COLLATE utf8_unicode_ci NOT NULL DEFAULT '0',
  PRIMARY KEY (`id`),
  KEY `craft_categories_groupId_fk` (`groupId`)
) ENGINE=InnoDB DEFAULT CHARSET=utf8 COLLATE=utf8_unicode_ci;

--
-- Data for table `craft_categories`
--

INSERT INTO `craft_categories` (`id`, `groupId`, `dateCreated`, `dateUpdated`, `uid`) VALUES
 ('182', '2', '2016-08-23 19:52:32', '2018-01-26 20:50:04', 'a6a698de-9a76-41e1-bccb-abb91afa81e9'),
 ('183', '2', '2016-08-23 19:55:33', '2016-08-23 19:55:33', '19530d30-5c06-40e1-a27d-a381156dd018'),
 ('184', '2', '2016-08-23 19:55:46', '2016-08-23 19:55:46', '34fc4fb2-84e2-476a-91cf-abaa6956def2'),
 ('185', '2', '2016-08-23 19:55:58', '2018-01-26 20:48:41', '9e6ad305-ce59-40ec-b256-fb0eb8414bbf'),
 ('225', '2', '2018-01-12 02:37:32', '2018-01-12 02:38:37', '1d0f5cc7-1776-4908-af14-ec2aa7f8fa2b'),
 ('227', '2', '2018-01-26 20:50:29', '2018-01-26 20:50:29', '188c60c2-10c5-474c-94ab-32f294870eb7');



DROP TABLE IF EXISTS `craft_categorygroups`;


--
-- Schema for table `craft_categorygroups`
--
CREATE TABLE `craft_categorygroups` (
  `id` int(11) NOT NULL AUTO_INCREMENT,
  `structureId` int(11) NOT NULL,
  `fieldLayoutId` int(11) DEFAULT NULL,
  `name` varchar(255) COLLATE utf8_unicode_ci NOT NULL,
  `handle` varchar(255) COLLATE utf8_unicode_ci NOT NULL,
  `hasUrls` tinyint(1) unsigned NOT NULL DEFAULT '1',
  `template` varchar(500) COLLATE utf8_unicode_ci DEFAULT NULL,
  `dateCreated` datetime NOT NULL,
  `dateUpdated` datetime NOT NULL,
  `uid` char(36) COLLATE utf8_unicode_ci NOT NULL DEFAULT '0',
  PRIMARY KEY (`id`),
  UNIQUE KEY `craft_categorygroups_name_unq_idx` (`name`),
  UNIQUE KEY `craft_categorygroups_handle_unq_idx` (`handle`),
  KEY `craft_categorygroups_structureId_fk` (`structureId`),
  KEY `craft_categorygroups_fieldLayoutId_fk` (`fieldLayoutId`)
) ENGINE=InnoDB AUTO_INCREMENT=3 DEFAULT CHARSET=utf8 COLLATE=utf8_unicode_ci;

--
-- Data for table `craft_categorygroups`
--

INSERT INTO `craft_categorygroups` (`id`, `structureId`, `fieldLayoutId`, `name`, `handle`, `hasUrls`, `template`, `dateCreated`, `dateUpdated`, `uid`) VALUES
 ('2', '4', '53', 'Indie Work Categories', 'indieWorkCategories', '0', NULL, '2016-08-23 19:50:26', '2017-11-30 18:10:41', 'f7dce12f-febc-4375-a1c9-3897ce828305');



DROP TABLE IF EXISTS `craft_categorygroups_i18n`;


--
-- Schema for table `craft_categorygroups_i18n`
--
CREATE TABLE `craft_categorygroups_i18n` (
  `id` int(11) NOT NULL AUTO_INCREMENT,
  `groupId` int(11) NOT NULL,
  `locale` char(12) COLLATE utf8_unicode_ci NOT NULL,
  `urlFormat` text COLLATE utf8_unicode_ci,
  `nestedUrlFormat` text COLLATE utf8_unicode_ci,
  `dateCreated` datetime NOT NULL,
  `dateUpdated` datetime NOT NULL,
  `uid` char(36) COLLATE utf8_unicode_ci NOT NULL DEFAULT '0',
  PRIMARY KEY (`id`),
  UNIQUE KEY `craft_categorygroups_i18n_groupId_locale_unq_idx` (`groupId`,`locale`),
  KEY `craft_categorygroups_i18n_locale_fk` (`locale`)
) ENGINE=InnoDB AUTO_INCREMENT=3 DEFAULT CHARSET=utf8 COLLATE=utf8_unicode_ci;

--
-- Data for table `craft_categorygroups_i18n`
--

INSERT INTO `craft_categorygroups_i18n` (`id`, `groupId`, `locale`, `urlFormat`, `nestedUrlFormat`, `dateCreated`, `dateUpdated`, `uid`) VALUES
 ('2', '2', 'en_us', NULL, NULL, '2016-08-23 19:50:26', '2016-08-23 19:50:26', 'fe705de0-9cf3-4b97-aba4-f107fe6c71ae');



DROP TABLE IF EXISTS `craft_content`;


--
-- Schema for table `craft_content`
--
CREATE TABLE `craft_content` (
  `id` int(11) NOT NULL AUTO_INCREMENT,
  `elementId` int(11) NOT NULL,
  `locale` char(12) COLLATE utf8_unicode_ci NOT NULL,
  `title` varchar(255) COLLATE utf8_unicode_ci DEFAULT NULL,
  `field_indieWorkDescription` text COLLATE utf8_unicode_ci,
  `field_indieWorkCardBkgColor` varchar(255) COLLATE utf8_unicode_ci DEFAULT NULL,
  `field_indieWorkFontCardColor` varchar(255) COLLATE utf8_unicode_ci DEFAULT NULL,
  `field_commlWorkClient` text COLLATE utf8_unicode_ci,
  `field_commlWorkProject` text COLLATE utf8_unicode_ci,
  `field_commlWorkDescription` text COLLATE utf8_unicode_ci,
  `field_commlWorkInfo` text COLLATE utf8_unicode_ci,
  `field_commlWorkHeaderColor` varchar(255) COLLATE utf8_unicode_ci DEFAULT NULL,
  `field_commlWorkListColor` varchar(255) COLLATE utf8_unicode_ci DEFAULT NULL,
  `field_commlWorkClientColor` varchar(255) COLLATE utf8_unicode_ci DEFAULT NULL,
  `field_commlWorkProjectColor` varchar(255) COLLATE utf8_unicode_ci DEFAULT NULL,
  `field_commlWorkDescriptionColor` varchar(255) COLLATE utf8_unicode_ci DEFAULT NULL,
  `field_commlWorkInfoColor` varchar(255) COLLATE utf8_unicode_ci DEFAULT NULL,
  `field_commlWorkCardBkgColor` varchar(255) COLLATE utf8_unicode_ci DEFAULT NULL,
  `field_commlWorkCardFontColor` varchar(255) COLLATE utf8_unicode_ci DEFAULT NULL,
  `field_commlWorkCardBkgOpacity` decimal(2,1) unsigned DEFAULT '0.0',
  `field_commlWorkHeroBkgColor` varchar(255) COLLATE utf8_unicode_ci DEFAULT NULL,
  `field_commlWorkTextBkgColor` varchar(255) COLLATE utf8_unicode_ci DEFAULT NULL,
  `field_commlWorkTextBkgOpacity` decimal(2,1) unsigned DEFAULT '0.0',
  `field_navbarBackgroundColor` varchar(255) COLLATE utf8_unicode_ci DEFAULT NULL,
  `field_navbarTextColor` varchar(255) COLLATE utf8_unicode_ci DEFAULT NULL,
  `field_commlWorkNavbarTextColor` varchar(255) COLLATE utf8_unicode_ci DEFAULT NULL,
  `field_aboutBioText` text COLLATE utf8_unicode_ci,
  `field_aboutBriefText` mediumtext COLLATE utf8_unicode_ci,
  `field_aboutEducation` text COLLATE utf8_unicode_ci,
  `field_aboutPoem` mediumtext COLLATE utf8_unicode_ci,
  `field_reelVideo` varchar(255) COLLATE utf8_unicode_ci DEFAULT NULL,
  `field_reelKeywords` text COLLATE utf8_unicode_ci,
  `dateCreated` datetime NOT NULL,
  `dateUpdated` datetime NOT NULL,
  `uid` char(36) COLLATE utf8_unicode_ci NOT NULL DEFAULT '0',
  PRIMARY KEY (`id`),
  UNIQUE KEY `craft_content_elementId_locale_unq_idx` (`elementId`,`locale`),
  KEY `craft_content_title_idx` (`title`),
  KEY `craft_content_locale_fk` (`locale`)
) ENGINE=InnoDB AUTO_INCREMENT=262 DEFAULT CHARSET=utf8 COLLATE=utf8_unicode_ci;

--
-- Data for table `craft_content`
--

INSERT INTO `craft_content` (`id`, `elementId`, `locale`, `title`, `field_indieWorkDescription`, `field_indieWorkCardBkgColor`, `field_indieWorkFontCardColor`, `field_commlWorkClient`, `field_commlWorkProject`, `field_commlWorkDescription`, `field_commlWorkInfo`, `field_commlWorkHeaderColor`, `field_commlWorkListColor`, `field_commlWorkClientColor`, `field_commlWorkProjectColor`, `field_commlWorkDescriptionColor`, `field_commlWorkInfoColor`, `field_commlWorkCardBkgColor`, `field_commlWorkCardFontColor`, `field_commlWorkCardBkgOpacity`, `field_commlWorkHeroBkgColor`, `field_commlWorkTextBkgColor`, `field_commlWorkTextBkgOpacity`, `field_navbarBackgroundColor`, `field_navbarTextColor`, `field_commlWorkNavbarTextColor`, `field_aboutBioText`, `field_aboutBriefText`, `field_aboutEducation`, `field_aboutPoem`, `field_reelVideo`, `field_reelKeywords`, `dateCreated`, `dateUpdated`, `uid`) VALUES
 ('1', '1', 'en_us', NULL, NULL, NULL, NULL, NULL, NULL, NULL, NULL, NULL, NULL, NULL, NULL, NULL, NULL, NULL, NULL, '0.0', NULL, NULL, '0.0', NULL, NULL, NULL, NULL, NULL, NULL, NULL, NULL, NULL, '2016-08-20 17:42:13', '2016-08-20 18:06:20', 'ba9198b6-7ff9-488e-b99f-80cea12e160f'),
 ('102', '102', 'en_us', 'Indie Work 2 Cover Image', NULL, NULL, NULL, NULL, NULL, NULL, NULL, NULL, NULL, NULL, NULL, NULL, NULL, NULL, NULL, '0.0', NULL, NULL, '0.0', NULL, NULL, NULL, NULL, NULL, NULL, NULL, NULL, NULL, '2016-08-22 01:47:45', '2019-01-14 03:07:55', '69a352bc-d93b-4333-97b6-dc43e34d075b'),
 ('104', '104', 'en_us', 'Indie Work 4 Cover Image', NULL, NULL, NULL, NULL, NULL, NULL, NULL, NULL, NULL, NULL, NULL, NULL, NULL, NULL, NULL, '0.0', NULL, NULL, '0.0', NULL, NULL, NULL, NULL, NULL, NULL, NULL, NULL, NULL, '2016-08-22 01:47:46', '2019-01-14 03:07:55', '304abfca-31fb-4137-a5aa-0cc53931e0d6'),
 ('105', '105', 'en_us', 'Indie Work 5 Cover Image', NULL, NULL, NULL, NULL, NULL, NULL, NULL, NULL, NULL, NULL, NULL, NULL, NULL, NULL, NULL, '0.0', NULL, NULL, '0.0', NULL, NULL, NULL, NULL, NULL, NULL, NULL, NULL, NULL, '2016-08-22 01:47:48', '2019-01-14 03:07:55', '8bf63ce4-0e59-44a0-b23a-acd15587e673'),
 ('106', '106', 'en_us', 'Indie Work 6 Cover Image', NULL, NULL, NULL, NULL, NULL, NULL, NULL, NULL, NULL, NULL, NULL, NULL, NULL, NULL, NULL, '0.0', NULL, NULL, '0.0', NULL, NULL, NULL, NULL, NULL, NULL, NULL, NULL, NULL, '2016-08-22 01:47:49', '2019-01-14 03:07:55', '7ab9db5b-7158-468d-85a8-354d4b8ecb59'),
 ('107', '107', 'en_us', 'Indie Work 7 Cover Image', NULL, NULL, NULL, NULL, NULL, NULL, NULL, NULL, NULL, NULL, NULL, NULL, NULL, NULL, NULL, '0.0', NULL, NULL, '0.0', NULL, NULL, NULL, NULL, NULL, NULL, NULL, NULL, NULL, '2016-08-22 01:47:49', '2019-01-14 03:07:55', '3641130f-9496-45c6-a0db-b68266d4ada2'),
 ('109', '109', 'en_us', 'Indie Work 9 Cover Image', NULL, NULL, NULL, NULL, NULL, NULL, NULL, NULL, NULL, NULL, NULL, NULL, NULL, NULL, NULL, '0.0', NULL, NULL, '0.0', NULL, NULL, NULL, NULL, NULL, NULL, NULL, NULL, NULL, '2016-08-22 01:47:51', '2019-01-14 03:07:55', 'e0080476-a749-4a5d-8c61-3b50ba006dca'),
 ('111', '111', 'en_us', '12Days Cover Image', NULL, NULL, NULL, NULL, NULL, NULL, NULL, NULL, NULL, NULL, NULL, NULL, NULL, NULL, NULL, '0.0', NULL, NULL, '0.0', NULL, NULL, NULL, NULL, NULL, NULL, NULL, NULL, NULL, '2016-08-22 01:50:06', '2019-01-14 03:07:51', 'f62cf7ce-3ab6-4e21-9e88-ce4b5a0c4487'),
 ('112', '112', 'en_us', '12 Days3 Cover Image', NULL, NULL, NULL, NULL, NULL, NULL, NULL, NULL, NULL, NULL, NULL, NULL, NULL, NULL, NULL, '0.0', NULL, NULL, '0.0', NULL, NULL, NULL, NULL, NULL, NULL, NULL, NULL, NULL, '2016-08-22 01:50:07', '2019-01-14 03:07:51', '2b4dc3dc-7717-4f8f-a545-87f81049e81b'),
 ('113', '113', 'en_us', 'Bosch Cover Image', NULL, NULL, NULL, NULL, NULL, NULL, NULL, NULL, NULL, NULL, NULL, NULL, NULL, NULL, NULL, '0.0', NULL, NULL, '0.0', NULL, NULL, NULL, NULL, NULL, NULL, NULL, NULL, NULL, '2016-08-22 01:50:08', '2019-01-14 03:07:51', '5c199453-97be-4d6b-81ea-c1befd707472'),
 ('114', '114', 'en_us', 'Bossa Cover Image', NULL, NULL, NULL, NULL, NULL, NULL, NULL, NULL, NULL, NULL, NULL, NULL, NULL, NULL, NULL, '0.0', NULL, NULL, '0.0', NULL, NULL, NULL, NULL, NULL, NULL, NULL, NULL, NULL, '2016-08-22 01:50:08', '2019-01-14 03:07:51', '994c4302-871d-4fd7-83e5-26d7ab01e09d'),
 ('115', '115', 'en_us', 'Cartoon Network Cover Image', NULL, NULL, NULL, NULL, NULL, NULL, NULL, NULL, NULL, NULL, NULL, NULL, NULL, NULL, NULL, '0.0', NULL, NULL, '0.0', NULL, NULL, NULL, NULL, NULL, NULL, NULL, NULL, NULL, '2016-08-22 01:50:09', '2019-01-14 03:07:51', '73862cae-795a-4dc4-80b2-1aadcb2ec7fe'),
 ('116', '116', 'en_us', 'Cgcc Cover Image', NULL, NULL, NULL, NULL, NULL, NULL, NULL, NULL, NULL, NULL, NULL, NULL, NULL, NULL, NULL, '0.0', NULL, NULL, '0.0', NULL, NULL, NULL, NULL, NULL, NULL, NULL, NULL, NULL, '2016-08-22 01:50:09', '2019-01-14 03:07:51', 'a5a71e39-f5d0-4240-a131-d3a6203b0f1b'),
 ('117', '117', 'en_us', 'Count Down Cover Image', NULL, NULL, NULL, NULL, NULL, NULL, NULL, NULL, NULL, NULL, NULL, NULL, NULL, NULL, NULL, '0.0', NULL, NULL, '0.0', NULL, NULL, NULL, NULL, NULL, NULL, NULL, NULL, NULL, '2016-08-22 01:50:09', '2019-01-14 03:07:51', '196d5c6c-d74e-4ee4-89a2-df1f3b760677'),
 ('118', '118', 'en_us', 'Cranks And Gulps Cover Image', NULL, NULL, NULL, NULL, NULL, NULL, NULL, NULL, NULL, NULL, NULL, NULL, NULL, NULL, NULL, '0.0', NULL, NULL, '0.0', NULL, NULL, NULL, NULL, NULL, NULL, NULL, NULL, NULL, '2016-08-22 01:50:10', '2019-01-14 03:07:52', 'a47e90ad-3a60-46fb-a5bb-cdce6a374c8d'),
 ('119', '119', 'en_us', 'Dell Cover Image', NULL, NULL, NULL, NULL, NULL, NULL, NULL, NULL, NULL, NULL, NULL, NULL, NULL, NULL, NULL, '0.0', NULL, NULL, '0.0', NULL, NULL, NULL, NULL, NULL, NULL, NULL, NULL, NULL, '2016-08-22 01:50:11', '2019-01-14 03:07:52', 'b0cae986-13df-4a77-9d24-d475d2ce05fe'),
 ('120', '120', 'en_us', 'Espn Cover Image', NULL, NULL, NULL, NULL, NULL, NULL, NULL, NULL, NULL, NULL, NULL, NULL, NULL, NULL, NULL, '0.0', NULL, NULL, '0.0', NULL, NULL, NULL, NULL, NULL, NULL, NULL, NULL, NULL, '2016-08-22 01:50:12', '2019-01-14 03:07:52', 'e0145e80-2c8c-4450-b267-9616facfab91'),
 ('121', '121', 'en_us', 'Foot Locker Cover Image', NULL, NULL, NULL, NULL, NULL, NULL, NULL, NULL, NULL, NULL, NULL, NULL, NULL, NULL, NULL, '0.0', NULL, NULL, '0.0', NULL, NULL, NULL, NULL, NULL, NULL, NULL, NULL, NULL, '2016-08-22 01:50:13', '2019-01-14 03:07:52', 'c9b4042e-13b3-432d-92ac-599d8c03e680'),
 ('122', '122', 'en_us', 'Goog Teamwork Cover Image', NULL, NULL, NULL, NULL, NULL, NULL, NULL, NULL, NULL, NULL, NULL, NULL, NULL, NULL, NULL, '0.0', NULL, NULL, '0.0', NULL, NULL, NULL, NULL, NULL, NULL, NULL, NULL, NULL, '2016-08-22 01:50:13', '2019-01-14 03:07:52', '1b29bf98-9815-4ec9-991a-4a01ca2c7868'),
 ('123', '123', 'en_us', 'Hanes Socks Cover Image', NULL, NULL, NULL, NULL, NULL, NULL, NULL, NULL, NULL, NULL, NULL, NULL, NULL, NULL, NULL, '0.0', NULL, NULL, '0.0', NULL, NULL, NULL, NULL, NULL, NULL, NULL, NULL, NULL, '2016-08-22 01:50:14', '2019-01-14 03:07:53', '650301b1-dcba-4639-b854-c0d01f2dd85d'),
 ('124', '124', 'en_us', 'Hardboil Cover Image', NULL, NULL, NULL, NULL, NULL, NULL, NULL, NULL, NULL, NULL, NULL, NULL, NULL, NULL, NULL, '0.0', NULL, NULL, '0.0', NULL, NULL, NULL, NULL, NULL, NULL, NULL, NULL, NULL, '2016-08-22 01:50:15', '2019-01-14 03:07:52', '2837fafa-a14c-496e-bfd4-b52cb12bb66f'),
 ('125', '125', 'en_us', 'Hermes Noel Cover Image', NULL, NULL, NULL, NULL, NULL, NULL, NULL, NULL, NULL, NULL, NULL, NULL, NULL, NULL, NULL, '0.0', NULL, NULL, '0.0', NULL, NULL, NULL, NULL, NULL, NULL, NULL, NULL, NULL, '2016-08-22 01:50:16', '2019-01-14 03:07:52', 'c96bcdfd-27cf-4675-8397-b15d98d4891f'),
 ('126', '126', 'en_us', 'Mcd Cracker Cover Image', NULL, NULL, NULL, NULL, NULL, NULL, NULL, NULL, NULL, NULL, NULL, NULL, NULL, NULL, NULL, '0.0', NULL, NULL, '0.0', NULL, NULL, NULL, NULL, NULL, NULL, NULL, NULL, NULL, '2016-08-22 01:50:16', '2019-01-14 03:07:52', 'af752b2e-5931-41b6-bb6b-85dd9d176270'),
 ('127', '127', 'en_us', 'Melvin Moon Cover Image', NULL, NULL, NULL, NULL, NULL, NULL, NULL, NULL, NULL, NULL, NULL, NULL, NULL, NULL, NULL, '0.0', NULL, NULL, '0.0', NULL, NULL, NULL, NULL, NULL, NULL, NULL, NULL, NULL, '2016-08-22 01:50:17', '2019-01-14 03:07:52', '66e750d6-3a5e-420a-8005-341e1387d937'),
 ('128', '128', 'en_us', 'Navy Fed Cover Image', NULL, NULL, NULL, NULL, NULL, NULL, NULL, NULL, NULL, NULL, NULL, NULL, NULL, NULL, NULL, '0.0', NULL, NULL, '0.0', NULL, NULL, NULL, NULL, NULL, NULL, NULL, NULL, NULL, '2016-08-22 01:50:18', '2019-01-14 03:07:52', 'ccc9e259-4cd1-4541-915b-ee5fa8cccd68'),
 ('129', '129', 'en_us', 'Phillip Lim Cover Image', NULL, NULL, NULL, NULL, NULL, NULL, NULL, NULL, NULL, NULL, NULL, NULL, NULL, NULL, NULL, '0.0', NULL, NULL, '0.0', NULL, NULL, NULL, NULL, NULL, NULL, NULL, NULL, NULL, '2016-08-22 01:50:18', '2019-01-14 03:07:53', 'e0dbc7ec-62a2-4ce0-866e-6c0090fa565f'),
 ('130', '130', 'en_us', 'Randy Fox Cover Image', NULL, NULL, NULL, NULL, NULL, NULL, NULL, NULL, NULL, NULL, NULL, NULL, NULL, NULL, NULL, '0.0', NULL, NULL, '0.0', NULL, NULL, NULL, NULL, NULL, NULL, NULL, NULL, NULL, '2016-08-22 01:50:19', '2019-01-14 03:07:53', '51ac8a78-3f1e-4765-af1f-0306db3fe1d6'),
 ('131', '131', 'en_us', 'Rushkitchen Cover Image', NULL, NULL, NULL, NULL, NULL, NULL, NULL, NULL, NULL, NULL, NULL, NULL, NULL, NULL, NULL, '0.0', NULL, NULL, '0.0', NULL, NULL, NULL, NULL, NULL, NULL, NULL, NULL, NULL, '2016-08-22 01:50:19', '2019-01-14 03:07:53', '40fbfdd5-3190-4170-a165-2f735426cb37'),
 ('132', '132', 'en_us', 'Tim Horton Cover Image', NULL, NULL, NULL, NULL, NULL, NULL, NULL, NULL, NULL, NULL, NULL, NULL, NULL, NULL, NULL, '0.0', NULL, NULL, '0.0', NULL, NULL, NULL, NULL, NULL, NULL, NULL, NULL, NULL, '2016-08-22 01:50:20', '2019-01-14 03:07:53', '01c06c9f-9e16-40b1-9382-1fc974009a6c'),
 ('133', '133', 'en_us', 'Toadpipe Cover Image', NULL, NULL, NULL, NULL, NULL, NULL, NULL, NULL, NULL, NULL, NULL, NULL, NULL, NULL, NULL, '0.0', NULL, NULL, '0.0', NULL, NULL, NULL, NULL, NULL, NULL, NULL, NULL, NULL, '2016-08-22 01:50:20', '2019-01-14 03:07:53', 'd2c6d720-3cb0-4a6a-9c7f-693f6714f921'),
 ('134', '134', 'en_us', 'Bornsmall O', NULL, NULL, NULL, NULL, NULL, NULL, NULL, NULL, NULL, NULL, NULL, NULL, NULL, NULL, NULL, '0.0', NULL, NULL, '0.0', NULL, NULL, NULL, NULL, NULL, NULL, NULL, NULL, NULL, '2016-08-22 01:55:14', '2019-01-14 03:07:58', '37e83d87-a86f-4782-92c1-1550ecec1305'),
 ('135', '135', 'en_us', 'Head1 S 905 2X', NULL, NULL, NULL, NULL, NULL, NULL, NULL, NULL, NULL, NULL, NULL, NULL, NULL, NULL, NULL, '0.0', NULL, NULL, '0.0', NULL, NULL, NULL, NULL, NULL, NULL, NULL, NULL, NULL, '2016-08-22 01:55:15', '2019-01-14 03:07:58', '8411c831-bc2c-4be9-869d-fb32c12f80b1'),
 ('136', '136', 'en_us', 'Head2 S 905 2X', NULL, NULL, NULL, NULL, NULL, NULL, NULL, NULL, NULL, NULL, NULL, NULL, NULL, NULL, NULL, '0.0', NULL, NULL, '0.0', NULL, NULL, NULL, NULL, NULL, NULL, NULL, NULL, NULL, '2016-08-22 01:55:16', '2019-01-14 03:07:55', '915621b9-e5a5-444c-aa53-8f5d16fc6965'),
 ('137', '137', 'en_us', 'Head3 S 905 2X', NULL, NULL, NULL, NULL, NULL, NULL, NULL, NULL, NULL, NULL, NULL, NULL, NULL, NULL, NULL, '0.0', NULL, NULL, '0.0', NULL, NULL, NULL, NULL, NULL, NULL, NULL, NULL, NULL, '2016-08-22 01:55:17', '2019-01-14 03:07:56', '933d5f4a-fd4c-46b1-b62f-245050e1b7b4'),
 ('139', '139', 'en_us', 'J2 905', NULL, NULL, NULL, NULL, NULL, NULL, NULL, NULL, NULL, NULL, NULL, NULL, NULL, NULL, NULL, '0.0', NULL, NULL, '0.0', NULL, NULL, NULL, NULL, NULL, NULL, NULL, NULL, NULL, '2016-08-22 01:55:18', '2019-01-14 03:07:57', '2f97a03e-eacf-4b62-a0e6-6ba9a72d340a'),
 ('140', '140', 'en_us', 'J3 905', NULL, NULL, NULL, NULL, NULL, NULL, NULL, NULL, NULL, NULL, NULL, NULL, NULL, NULL, NULL, '0.0', NULL, NULL, '0.0', NULL, NULL, NULL, NULL, NULL, NULL, NULL, NULL, NULL, '2016-08-22 01:55:19', '2019-01-14 03:07:57', 'b751dace-9d76-4dda-b725-db5c09266173'),
 ('141', '141', 'en_us', 'J4 905', NULL, NULL, NULL, NULL, NULL, NULL, NULL, NULL, NULL, NULL, NULL, NULL, NULL, NULL, NULL, '0.0', NULL, NULL, '0.0', NULL, NULL, NULL, NULL, NULL, NULL, NULL, NULL, NULL, '2016-08-22 01:55:19', '2019-01-14 03:07:57', '20023df5-efeb-461e-827f-d03a221339bb'),
 ('142', '142', 'en_us', 'J5 905', NULL, NULL, NULL, NULL, NULL, NULL, NULL, NULL, NULL, NULL, NULL, NULL, NULL, NULL, NULL, '0.0', NULL, NULL, '0.0', NULL, NULL, NULL, NULL, NULL, NULL, NULL, NULL, NULL, '2016-08-22 01:55:20', '2019-01-14 03:07:57', 'c6993f74-19a1-49a2-8159-1fe36fa2b1f6'),
 ('143', '143', 'en_us', 'J6 905', NULL, NULL, NULL, NULL, NULL, NULL, NULL, NULL, NULL, NULL, NULL, NULL, NULL, NULL, NULL, '0.0', NULL, NULL, '0.0', NULL, NULL, NULL, NULL, NULL, NULL, NULL, NULL, NULL, '2016-08-22 01:55:20', '2019-01-14 03:07:57', 'e183865d-a6e9-4fe8-a3cd-40f4880ee28a'),
 ('144', '144', 'en_us', 'J7 905', NULL, NULL, NULL, NULL, NULL, NULL, NULL, NULL, NULL, NULL, NULL, NULL, NULL, NULL, NULL, '0.0', NULL, NULL, '0.0', NULL, NULL, NULL, NULL, NULL, NULL, NULL, NULL, NULL, '2016-08-22 01:55:21', '2019-01-14 03:07:57', '70b1ca6a-3981-43e9-bfa2-837ea43a41dc'),
 ('146', '146', 'en_us', 'Purity 905', NULL, NULL, NULL, NULL, NULL, NULL, NULL, NULL, NULL, NULL, NULL, NULL, NULL, NULL, NULL, '0.0', NULL, NULL, '0.0', NULL, NULL, NULL, NULL, NULL, NULL, NULL, NULL, NULL, '2016-08-22 01:55:21', '2019-01-14 03:07:58', '695460d7-d4b3-47be-a5f5-b7d0cbce76a9'),
 ('147', '147', 'en_us', 'Reds Small 905 2X', NULL, NULL, NULL, NULL, NULL, NULL, NULL, NULL, NULL, NULL, NULL, NULL, NULL, NULL, NULL, '0.0', NULL, NULL, '0.0', NULL, NULL, NULL, NULL, NULL, NULL, NULL, NULL, NULL, '2016-08-22 01:55:22', '2019-01-14 03:07:58', '4adbdba7-1d1a-4274-9efc-61335086ef3f'),
 ('149', '149', 'en_us', 'Time 905 2X', NULL, NULL, NULL, NULL, NULL, NULL, NULL, NULL, NULL, NULL, NULL, NULL, NULL, NULL, NULL, '0.0', NULL, NULL, '0.0', NULL, NULL, NULL, NULL, NULL, NULL, NULL, NULL, NULL, '2016-08-22 01:55:24', '2019-01-14 03:07:58', '2c1d0fbd-f076-4819-b510-62b7ab25c763'),
 ('153', '153', 'en_us', '12 Days of Elves Season 2', '', '#000000', '#000000', 'Hornet Films', '12 Days of Elves Season 2', '<p>July 12th marks Amazon’s 2nd Annual Prime Day, a global, mid-year shopping holiday for its Prime customers to receive online deals. The truly integrated campaign combines broadcast and print advertising along with digital, social media and a site takeover for markets all over the world including the following: Japan, Spain, France, the United Kingdom, Germany, Austria, the United States of America, and Canada.</p>', '<p><strong>Tag:</strong> Stop-motion/3D elements/Mixed Media/2016</p>\n<p><strong>Production Studio:</strong> Hornet inc.</p>\n<p><strong>Agency:</strong> Leo Burnett</p>\n<p><strong>Director:</strong> Peter Sluszka</p>\n<p><strong>Learn More:</strong> <a href=\"http://hornetinc.com\">hornetinc.com</a></p>', '#ffffff', '#f31c1c', '#ffffff', '#f31c1c', '#ffffff', '#ffffff', '#25be57', '#f31c1c', '0.8', '#258746', '#25be57', '0.9', NULL, NULL, '#fff', NULL, NULL, NULL, NULL, NULL, NULL, '2016-08-23 18:41:15', '2018-12-28 21:44:52', '0f9bc51c-9a2d-464e-9bcf-57ca46a7cf54'),
 ('154', '154', 'en_us', '12 Days of Elves Season 3', '', '#000000', '#000000', 'Hornet Films', '12 Days of Elves Season 3', '', '', '#000000', '#000000', '#000000', '#000000', '#000000', '#000000', '#6bfff3', '#ff2e2a', '0.4', NULL, NULL, '0.0', NULL, NULL, '#fff', NULL, NULL, NULL, NULL, NULL, NULL, '2016-08-23 19:00:00', '2018-12-28 21:44:52', 'f4a49bc0-a2da-4b58-b2ec-febf679a0b0b'),
 ('155', '155', 'en_us', 'DELL Stop Motion Paper Cut', '', '#000000', '#000000', 'Hornet Films', 'DELL Stop Motion Paper Cut', '', '', '#000000', '#000000', '#000000', '#000000', '#000000', '#000000', '#ffffff', '#ffffff', '0.0', NULL, NULL, '0.0', NULL, NULL, NULL, NULL, NULL, NULL, NULL, NULL, NULL, '2016-08-23 19:10:00', '2018-12-28 21:44:53', '36259980-f83c-4e79-8e0c-86a8e69bc895'),
 ('156', '156', 'en_us', 'Espn What Are You Doing New Year’s Eve', '', '#000000', '#000000', 'Hornet Films', 'Espn What Are You Doing New Year’s Eve', '', '', NULL, NULL, NULL, NULL, NULL, NULL, NULL, NULL, '0.0', NULL, NULL, '0.0', NULL, NULL, NULL, NULL, NULL, NULL, NULL, NULL, NULL, '2016-08-23 19:11:37', '2018-12-28 21:44:53', 'a65589be-d016-4003-8084-614031b5f3eb'),
 ('157', '157', 'en_us', 'BOSCH Stop The Roadkill', '', '#000000', '#000000', '', NULL, NULL, NULL, NULL, NULL, NULL, NULL, NULL, NULL, NULL, NULL, '0.0', NULL, NULL, '0.0', NULL, NULL, NULL, NULL, NULL, NULL, NULL, NULL, NULL, '2016-08-23 19:13:34', '2018-12-28 21:44:53', '4fab1a74-802a-4461-90d0-06ad4dc54177'),
 ('158', '158', 'en_us', 'Foot Locker Endtag', '', '#000000', '#000000', '', NULL, NULL, NULL, NULL, NULL, NULL, NULL, NULL, NULL, NULL, NULL, '0.0', NULL, NULL, '0.0', NULL, NULL, NULL, NULL, NULL, NULL, NULL, NULL, NULL, '2016-08-23 19:18:19', '2018-12-28 21:44:53', 'a3f84de9-e4da-4dd5-b8cf-eb7417257aec'),
 ('159', '159', 'en_us', 'Navy Federal Credit Union Our Members Make Us', '', '#000000', '#000000', '', NULL, NULL, NULL, NULL, NULL, NULL, NULL, NULL, NULL, NULL, NULL, '0.0', NULL, NULL, '0.0', NULL, NULL, NULL, NULL, NULL, NULL, NULL, NULL, NULL, '2016-08-23 19:18:50', '2018-12-28 21:44:53', 'd17aeb61-8434-4519-a919-89b423baf938'),
 ('160', '160', 'en_us', 'Cranks and Gulps', '', '#000000', '#000000', '', NULL, NULL, NULL, NULL, NULL, NULL, NULL, NULL, NULL, NULL, NULL, '0.0', NULL, NULL, '0.0', NULL, NULL, NULL, NULL, NULL, NULL, NULL, NULL, NULL, '2016-08-23 19:20:31', '2018-12-28 21:44:53', '8a3ab8f3-32fe-431d-8934-0500d58bc422'),
 ('161', '161', 'en_us', 'Hermès Noel', '', '#000000', '#000000', '', NULL, NULL, NULL, NULL, NULL, NULL, NULL, NULL, NULL, NULL, NULL, '0.0', NULL, NULL, '0.0', NULL, NULL, NULL, NULL, NULL, NULL, NULL, NULL, NULL, '2016-08-23 19:22:28', '2018-12-28 21:44:53', 'a40dd2f1-6934-409c-9962-a6f95d22ccdb'),
 ('162', '162', 'en_us', 'Rush In The Kitchen', '', '#000000', '#000000', '', NULL, NULL, NULL, NULL, NULL, NULL, NULL, NULL, NULL, NULL, NULL, '0.0', NULL, NULL, '0.0', NULL, NULL, NULL, NULL, NULL, NULL, NULL, NULL, NULL, '2016-08-23 19:23:05', '2018-12-28 21:44:53', '67ea28dd-feba-48cd-b02b-39e28f195871'),
 ('163', '163', 'en_us', 'Melvin In The Moon', '', '#000000', '#000000', '', NULL, NULL, NULL, NULL, NULL, NULL, NULL, NULL, NULL, NULL, NULL, '0.0', NULL, NULL, '0.0', NULL, NULL, NULL, NULL, NULL, NULL, NULL, NULL, NULL, '2016-08-23 19:23:54', '2018-12-28 21:44:53', 'e2cb8652-5aae-4f53-a206-4bd543ec23b3'),
 ('164', '164', 'en_us', 'McDonald\'s Cracker', '', '#000000', '#000000', '', NULL, NULL, NULL, NULL, NULL, NULL, NULL, NULL, NULL, NULL, NULL, '0.0', NULL, NULL, '0.0', NULL, NULL, NULL, NULL, NULL, NULL, NULL, NULL, NULL, '2016-08-23 19:24:27', '2018-12-28 21:44:54', '08fae882-7bc2-481d-8f3f-4c4d69aaf5f5'),
 ('165', '165', 'en_us', 'Tim Horton Ice Capp Think Happy', '', '#000000', '#000000', '', NULL, NULL, NULL, NULL, NULL, NULL, NULL, NULL, NULL, NULL, NULL, '0.0', NULL, NULL, '0.0', NULL, NULL, NULL, NULL, NULL, NULL, NULL, NULL, NULL, '2016-08-23 19:24:50', '2018-12-28 21:44:54', '3c57022d-06bf-451d-a56c-51a8d4d67134'),
 ('166', '166', 'en_us', 'Google Teamwork', '', '#000000', '#000000', '', NULL, NULL, NULL, NULL, NULL, NULL, NULL, NULL, NULL, NULL, NULL, '0.0', NULL, NULL, '0.0', NULL, NULL, NULL, NULL, NULL, NULL, NULL, NULL, NULL, '2016-08-23 19:25:13', '2018-12-28 21:44:54', 'ef91cc22-b9a2-4dd5-868c-e370453a6c14'),
 ('167', '167', 'en_us', 'Randy and Fox', '', '#000000', '#000000', '', NULL, NULL, NULL, NULL, NULL, NULL, NULL, NULL, NULL, NULL, NULL, '0.0', NULL, NULL, '0.0', NULL, NULL, NULL, NULL, NULL, NULL, NULL, NULL, NULL, '2016-08-23 19:25:42', '2018-12-28 21:44:54', '092736bd-b287-4abc-86de-06759f66700b'),
 ('168', '168', 'en_us', 'BOSSA Logo Animation', '', '#000000', '#000000', '', NULL, NULL, NULL, NULL, NULL, NULL, NULL, NULL, NULL, NULL, NULL, '0.0', NULL, NULL, '0.0', NULL, NULL, NULL, NULL, NULL, NULL, NULL, NULL, NULL, '2016-08-23 19:26:09', '2018-12-28 21:44:54', 'a8b56d23-c662-47b9-8c4e-9af80f1c7659'),
 ('169', '169', 'en_us', 'Follow The Sock', '', '#000000', '#000000', '', NULL, NULL, NULL, NULL, NULL, NULL, NULL, NULL, NULL, NULL, NULL, '0.0', NULL, NULL, '0.0', NULL, NULL, NULL, NULL, NULL, NULL, NULL, NULL, NULL, '2016-08-23 19:26:39', '2018-12-28 21:44:54', '384ce2f2-3b1f-47a1-9440-1a35d3235b35'),
 ('170', '170', 'en_us', 'Toadpipe Short Film', '', '#000000', '#000000', '', NULL, NULL, NULL, NULL, NULL, NULL, NULL, NULL, NULL, NULL, NULL, '0.0', NULL, NULL, '0.0', NULL, NULL, NULL, NULL, NULL, NULL, NULL, NULL, NULL, '2016-08-23 19:27:27', '2018-12-28 21:44:54', 'aceaa889-20e2-4c98-b554-9469306c6191'),
 ('171', '171', 'en_us', 'Foot Models', '', '#000000', '#000000', '', NULL, NULL, NULL, NULL, NULL, NULL, NULL, NULL, NULL, NULL, NULL, '0.0', NULL, NULL, '0.0', NULL, NULL, NULL, NULL, NULL, NULL, NULL, NULL, NULL, '2016-08-23 19:28:02', '2018-12-28 21:44:54', '64682601-70bf-4baa-b59c-33f147ae6c3c'),
 ('172', '172', 'en_us', 'Hardboil', '', '#000000', '#000000', '', NULL, NULL, NULL, NULL, NULL, NULL, NULL, NULL, NULL, NULL, NULL, '0.0', NULL, NULL, '0.0', NULL, NULL, NULL, NULL, NULL, NULL, NULL, NULL, NULL, '2016-08-23 19:29:31', '2018-12-28 21:44:54', '020f7b28-a7c3-4e75-afea-aeeb3b944be0'),
 ('173', '173', 'en_us', 'Count Down for Hornet', '', '#000000', '#000000', '', NULL, NULL, NULL, NULL, NULL, NULL, NULL, NULL, NULL, NULL, NULL, '0.0', NULL, NULL, '0.0', NULL, NULL, NULL, NULL, NULL, NULL, NULL, NULL, NULL, '2016-08-23 19:29:57', '2018-12-28 21:44:54', '8345eda3-63c8-49bf-87a3-8db17a21e076'),
 ('174', '174', 'en_us', 'Cartoon Network', '', '#000000', '#000000', '', NULL, NULL, NULL, NULL, NULL, NULL, NULL, NULL, NULL, NULL, NULL, '0.0', NULL, NULL, '0.0', NULL, NULL, NULL, NULL, NULL, NULL, NULL, NULL, NULL, '2016-08-23 19:30:37', '2018-12-28 21:44:54', 'b86674ae-0cb4-46e2-8881-00d8f5b0eea8'),
 ('175', '175', 'en_us', 'Ogilvy & Mather CGCC 10th Anniversary', '', '#000000', '#000000', '', NULL, NULL, NULL, NULL, NULL, NULL, NULL, NULL, NULL, NULL, NULL, '0.0', NULL, NULL, '0.0', NULL, NULL, NULL, NULL, NULL, NULL, NULL, NULL, NULL, '2016-08-23 19:31:14', '2018-12-28 21:44:54', '3808f510-ba33-43ab-b323-0b025271a565'),
 ('176', '176', 'en_us', 'Light, Heavy and I', '<p>Paper, feather, cotton thread, stone, text.</p>\n<p>2013</p>', '#eae6e3', '#393939', NULL, NULL, NULL, NULL, NULL, NULL, NULL, NULL, NULL, NULL, NULL, NULL, '0.0', NULL, NULL, '0.0', NULL, NULL, NULL, NULL, NULL, NULL, NULL, NULL, NULL, '2016-08-23 19:33:54', '2018-12-28 21:45:03', 'daa0b0ed-ca21-4a02-b7e5-ec9e08a3af23'),
 ('177', '177', 'en_us', 'Map to SVA', '<p>Collage</p>\n<p>Paper cut, airplane ticket stub, cotton thread, pencil drawing dotted line.</p>\n<p>2013</p>', '#8da101', '#162630', NULL, NULL, NULL, NULL, NULL, NULL, NULL, NULL, NULL, NULL, NULL, NULL, '0.0', NULL, NULL, '0.0', NULL, NULL, NULL, NULL, NULL, NULL, NULL, NULL, NULL, '2016-08-23 19:41:10', '2018-12-28 21:45:03', '53d03d4e-e1b5-455a-94a0-951a85b7da02'),
 ('178', '178', 'en_us', 'Purity', '<p>Lorem Ipsum is simply dummy text of the printing and typesetting industry. Lorem Ipsum has been the industry\'s standard dummy text ever since the 1500s, when an unknown printer took a galley of type and scrambled it to make a type specimen book.</p>', '#ac1e12', '#d1b792', NULL, NULL, NULL, NULL, NULL, NULL, NULL, NULL, NULL, NULL, NULL, NULL, '0.0', NULL, NULL, '0.0', NULL, NULL, NULL, NULL, NULL, NULL, NULL, NULL, NULL, '2016-08-23 19:42:09', '2018-12-28 21:45:03', '52f4cf76-fb4f-42dc-bb22-4e121142d9d5'),
 ('179', '179', 'en_us', 'xJack and Jill', '<p>Lorem Ipsum is simply dummy text of the printing and typesetting industry. Lorem Ipsum has been the industry\'s standard dummy text ever since the 1500s, when an unknown printer took a galley of type and scrambled it to make a type specimen book.</p>', '#2a2e1f', '#e1c596', NULL, NULL, NULL, NULL, NULL, NULL, NULL, NULL, NULL, NULL, NULL, NULL, '0.0', NULL, NULL, '0.0', NULL, NULL, NULL, NULL, NULL, NULL, NULL, NULL, NULL, '2016-08-23 19:43:05', '2018-12-28 21:45:03', '5068b776-e429-4bd8-8e30-182fc505666e'),
 ('180', '180', 'en_us', 'Musical Oranges', '<p>Stop motion.</p>\n<p>A class assignment of music animation.</p>\n<p>2012</p>', '#fcb13a', '#15141d', NULL, NULL, NULL, NULL, NULL, NULL, NULL, NULL, NULL, NULL, NULL, NULL, '0.0', NULL, NULL, '0.0', NULL, NULL, NULL, NULL, NULL, NULL, NULL, NULL, NULL, '2016-08-23 19:44:08', '2018-12-28 21:45:04', 'aa46ce70-0d24-4a52-9b97-1195d244ba92'),
 ('181', '181', 'en_us', 'collage', NULL, NULL, NULL, NULL, NULL, NULL, NULL, NULL, NULL, NULL, NULL, NULL, NULL, NULL, NULL, '0.0', NULL, NULL, '0.0', NULL, NULL, NULL, NULL, NULL, NULL, NULL, NULL, NULL, '2016-08-23 19:47:20', '2016-08-23 19:47:20', '36bbc9a3-2410-425f-a19e-4ff80f1f133f'),
 ('182', '182', 'en_us', 'Mixed Media Art', NULL, NULL, NULL, NULL, NULL, NULL, NULL, NULL, NULL, NULL, NULL, NULL, NULL, NULL, NULL, '0.0', NULL, NULL, '0.0', NULL, NULL, NULL, NULL, NULL, NULL, NULL, NULL, NULL, '2016-08-23 19:52:32', '2018-01-26 20:50:04', 'c5eccb9d-79ea-4fc8-b121-57d262d8604a'),
 ('183', '183', 'en_us', 'Drawing', NULL, NULL, NULL, NULL, NULL, NULL, NULL, NULL, NULL, NULL, NULL, NULL, NULL, NULL, NULL, '0.0', NULL, NULL, '0.0', NULL, NULL, NULL, NULL, NULL, NULL, NULL, NULL, NULL, '2016-08-23 19:55:33', '2016-08-23 19:55:33', '811816de-a1d9-4a93-a4ea-61b879a27db8'),
 ('184', '184', 'en_us', 'Animation', NULL, NULL, NULL, NULL, NULL, NULL, NULL, NULL, NULL, NULL, NULL, NULL, NULL, NULL, NULL, '0.0', NULL, NULL, '0.0', NULL, NULL, NULL, NULL, NULL, NULL, NULL, NULL, NULL, '2016-08-23 19:55:46', '2016-08-23 19:55:46', '79069440-76a0-45ac-97eb-bc61ad95273d'),
 ('185', '185', 'en_us', 'Film', NULL, NULL, NULL, NULL, NULL, NULL, NULL, NULL, NULL, NULL, NULL, NULL, NULL, NULL, NULL, '0.0', NULL, NULL, '0.0', NULL, NULL, NULL, NULL, NULL, NULL, NULL, NULL, NULL, '2016-08-23 19:55:58', '2018-01-26 20:48:41', 'a658383b-3a40-4564-b4ee-dc9908704cfb'),
 ('186', '186', 'en_us', 'Red', '<p>Lorem Ipsum is simply dummy text of the printing and typesetting industry. Lorem Ipsum has been the industry\'s standard dummy text ever since the 1500s, when an unknown printer took a galley of type and scrambled it to make a type specimen book.</p>', '#929292', '#5b0e0e', NULL, NULL, NULL, NULL, NULL, NULL, NULL, NULL, NULL, NULL, NULL, NULL, '0.0', NULL, NULL, '0.0', NULL, NULL, NULL, NULL, NULL, NULL, NULL, NULL, NULL, '2016-08-23 19:57:49', '2018-12-28 21:45:04', '3ad8ab92-89c0-4615-9b3a-2eb8bc7bb1a7'),
 ('187', '187', 'en_us', 'Time', '<p>Painting, tape measure, sewing.</p>\n<p>2013</p>', '#070707', '#eca400', NULL, NULL, NULL, NULL, NULL, NULL, NULL, NULL, NULL, NULL, NULL, NULL, '0.0', NULL, NULL, '0.0', NULL, NULL, NULL, NULL, NULL, NULL, NULL, NULL, NULL, '2016-08-23 19:58:30', '2018-12-28 21:45:04', '52783d60-ac41-4e44-9675-5a863e244911'),
 ('188', '188', 'en_us', 'Self Tree', '<p>Paper, painting, clay, fabric, metal ring.</p>\n<p>2013</p>', '#239978', '#031913', NULL, NULL, NULL, NULL, NULL, NULL, NULL, NULL, NULL, NULL, NULL, NULL, '0.0', NULL, NULL, '0.0', NULL, NULL, NULL, NULL, NULL, NULL, NULL, NULL, NULL, '2016-08-23 19:59:14', '2018-12-28 21:45:04', 'd9dc8c2f-afc4-46dc-9e67-ea9dd94e3f55'),
 ('189', '189', 'en_us', 'Head', '<p>Lorem Ipsum is simply dummy text of the printing and typesetting industry. Lorem Ipsum has been the industry\'s standard dummy text ever since the 1500s, when an unknown printer took a galley of type and scrambled it to make a type specimen book.</p>', '#1a100e', '#805c33', NULL, NULL, NULL, NULL, NULL, NULL, NULL, NULL, NULL, NULL, NULL, NULL, '0.0', NULL, NULL, '0.0', NULL, NULL, NULL, NULL, NULL, NULL, NULL, NULL, NULL, '2016-08-23 19:59:56', '2018-12-28 21:45:04', '859cbcab-35b0-48ac-96bc-8399a5b474a4'),
 ('190', '190', 'en_us', 'Birth To Die', '<p>Lorem Ipsum is simply dummy text of the printing and typesetting industry. Lorem Ipsum has been the industry\'s standard dummy text ever since the 1500s, when an unknown printer took a galley of type and scrambled it to make a type specimen book.</p>', '#b36561', '#d3d9d3', NULL, NULL, NULL, NULL, NULL, NULL, NULL, NULL, NULL, NULL, NULL, NULL, '0.0', NULL, NULL, '0.0', NULL, NULL, NULL, NULL, NULL, NULL, NULL, NULL, NULL, '2016-08-23 20:01:25', '2018-12-28 21:45:04', '97bf7fc8-7ece-4138-a8e7-d8f9a982b230'),
 ('195', '195', 'en_us', 'Commercial Works Overview Page', NULL, NULL, NULL, NULL, NULL, NULL, NULL, NULL, NULL, NULL, NULL, NULL, NULL, NULL, NULL, '0.0', NULL, NULL, '0.0', '#000000', '#ffffff', NULL, NULL, NULL, NULL, NULL, NULL, NULL, '2017-03-22 03:00:06', '2018-12-28 21:44:47', '53515a3e-d029-4ff7-9cf8-7c52da6dc18e'),
 ('196', '196', 'en_us', 'Indie Works Overview Page', NULL, NULL, NULL, NULL, NULL, NULL, NULL, NULL, NULL, NULL, NULL, NULL, NULL, NULL, NULL, '0.0', NULL, NULL, '0.0', '#000000', '#ffffff', NULL, NULL, NULL, NULL, NULL, NULL, NULL, '2017-03-22 03:02:25', '2018-12-28 21:44:58', '2e2a8343-16a0-4740-a892-7e9c5d536ec8'),
 ('197', '210', 'en_us', 'Prime Day 2016', NULL, NULL, NULL, 'Amazon', 'Prime Day 2016 TV Spot: Everywhere', '<p>July 12th marks Amazon’s 2nd Annual Prime Day, a global, mid-year shopping holiday for its Prime customers to receive online deals. The truly integrated campaign combines broadcast and print advertising along with digital, social media and a site takeover for markets all over the world including the following: Japan, Spain, France, the United Kingdom, Germany, Austria, the United States of America, and Canada.</p>', '<p><strong>Type:</strong> Stop-motion/3D elements/Mixed Media</p>\n<p><strong>Production Studio:</strong> Hornet Inc.</p>\n<p><strong>Agency:</strong> Leo Burnett</p>\n<p><strong>Director:</strong> Peter Sluszka</p>\n<p><strong>Lean more Visit site:</strong> <a href=\"http://www.hornetinc.com/amazon-primeday\">www.hornetinc.com/amazon-prime</a></p>', '#18334e', '#c89a74', '#ffffff', '#c89a74', '#18334e', '#18334e', '#13b8fb', '#18334e', '0.8', '#0788bc', '#13b8fb', '0.8', NULL, NULL, '#000', NULL, NULL, NULL, NULL, NULL, NULL, '2017-12-03 03:58:22', '2018-12-28 21:44:54', 'e4771858-0b44-4a5b-a0bf-2d701dd89155'),
 ('198', '217', 'en_us', 'Xiaoxiaos New Web Commercial Cover Amazon Prime Day 2016 Tv Spot Everywhere', NULL, NULL, NULL, NULL, NULL, NULL, NULL, NULL, NULL, NULL, NULL, NULL, NULL, NULL, NULL, '0.0', NULL, NULL, '0.0', NULL, NULL, NULL, NULL, NULL, NULL, NULL, NULL, NULL, '2017-12-03 04:09:47', '2019-01-14 03:07:53', '75a30984-ec70-4073-aed3-29c3b0f66cd3'),
 ('199', '218', 'en_us', 'Xiaoxiaos New Web Commercial Breakdown Amazon Prime Day 2016 Tv Spot Everywhere A001', NULL, NULL, NULL, NULL, NULL, NULL, NULL, NULL, NULL, NULL, NULL, NULL, NULL, NULL, NULL, '0.0', NULL, NULL, '0.0', NULL, NULL, NULL, NULL, NULL, NULL, NULL, NULL, NULL, '2017-12-03 04:15:52', '2019-01-14 03:07:53', '4122fbbc-d264-47b0-b9ba-f8d046f1bde3'),
 ('200', '219', 'en_us', 'Xiaoxiaos New Web Commercial Breakdown Amazon Prime Day 2016 Tv Spot Everywhere A002', NULL, NULL, NULL, NULL, NULL, NULL, NULL, NULL, NULL, NULL, NULL, NULL, NULL, NULL, NULL, '0.0', NULL, NULL, '0.0', NULL, NULL, NULL, NULL, NULL, NULL, NULL, NULL, NULL, '2017-12-03 04:15:52', '2019-01-14 03:07:54', 'fe440c37-e41c-4296-b29c-f079e1a632ef'),
 ('201', '220', 'en_us', 'Xiaoxiaos New Web Commercial Breakdown Amazon Prime Day 2016 Tv Spot Everywhere B001', NULL, NULL, NULL, NULL, NULL, NULL, NULL, NULL, NULL, NULL, NULL, NULL, NULL, NULL, NULL, '0.0', NULL, NULL, '0.0', NULL, NULL, NULL, NULL, NULL, NULL, NULL, NULL, NULL, '2017-12-03 04:15:53', '2019-01-14 03:07:54', '3e46bcc4-a3bd-406e-abb0-c9786d09fb2b'),
 ('202', '221', 'en_us', 'Xiaoxiaos New Web Commercial Breakdown Amazon Prime Day 2016 Tv Spot Everywhere B002', NULL, NULL, NULL, NULL, NULL, NULL, NULL, NULL, NULL, NULL, NULL, NULL, NULL, NULL, NULL, '0.0', NULL, NULL, '0.0', NULL, NULL, NULL, NULL, NULL, NULL, NULL, NULL, NULL, '2017-12-03 04:15:53', '2019-01-14 03:07:54', '4d3b477d-32e7-46a5-9ab2-145b0dead9ad'),
 ('203', '222', 'en_us', 'Xiaoxiaos New Web Commercial Breakdown Amazon Prime Day 2016 Tv Spot Everywhere B003', NULL, NULL, NULL, NULL, NULL, NULL, NULL, NULL, NULL, NULL, NULL, NULL, NULL, NULL, NULL, '0.0', NULL, NULL, '0.0', NULL, NULL, NULL, NULL, NULL, NULL, NULL, NULL, NULL, '2017-12-03 04:15:53', '2019-01-14 03:07:54', 'a7698c3c-ceea-40d9-ab1b-d13692558d12'),
 ('204', '225', 'en_us', 'Motion Graphic', NULL, NULL, NULL, NULL, NULL, NULL, NULL, NULL, NULL, NULL, NULL, NULL, NULL, NULL, NULL, '0.0', NULL, NULL, '0.0', NULL, NULL, NULL, NULL, NULL, NULL, NULL, NULL, NULL, '2018-01-12 02:37:32', '2018-01-12 02:38:37', '37f0ef4e-88de-4da0-bfe9-8d1ab17590dd'),
 ('206', '227', 'en_us', 'Digital Collage', NULL, NULL, NULL, NULL, NULL, NULL, NULL, NULL, NULL, NULL, NULL, NULL, NULL, NULL, NULL, '0.0', NULL, NULL, '0.0', NULL, NULL, NULL, NULL, NULL, NULL, NULL, NULL, NULL, '2018-01-26 20:50:29', '2018-01-26 20:50:29', '0d013a8a-8cfb-4d6f-babe-bba57c8f0a32'),
 ('208', '229', 'en_us', 'Indie Preview Map To Sva', NULL, NULL, NULL, NULL, NULL, NULL, NULL, NULL, NULL, NULL, NULL, NULL, NULL, NULL, NULL, '0.0', NULL, NULL, '0.0', NULL, NULL, NULL, NULL, NULL, NULL, NULL, NULL, NULL, '2018-01-26 21:22:12', '2019-01-14 03:07:54', '471c4116-e8ed-41b9-9f2f-49ff71eae32b'),
 ('210', '231', 'en_us', 'Indie Artwork Map To Sva', NULL, NULL, NULL, NULL, NULL, NULL, NULL, NULL, NULL, NULL, NULL, NULL, NULL, NULL, NULL, '0.0', NULL, NULL, '0.0', NULL, NULL, NULL, NULL, NULL, NULL, NULL, NULL, NULL, '2018-01-26 21:31:13', '2019-01-14 03:07:56', '95dc4100-ced0-4d67-804d-ff8386575646'),
 ('211', '232', 'en_us', 'Indie Preview Light Heavy And I', NULL, NULL, NULL, NULL, NULL, NULL, NULL, NULL, NULL, NULL, NULL, NULL, NULL, NULL, NULL, '0.0', NULL, NULL, '0.0', NULL, NULL, NULL, NULL, NULL, NULL, NULL, NULL, NULL, '2018-01-26 21:53:02', '2019-01-14 03:07:54', '15418f6b-92be-4127-b5d0-a0e3b865b597'),
 ('213', '234', 'en_us', 'Indie Preview Self Tree', NULL, NULL, NULL, NULL, NULL, NULL, NULL, NULL, NULL, NULL, NULL, NULL, NULL, NULL, NULL, '0.0', NULL, NULL, '0.0', NULL, NULL, NULL, NULL, NULL, NULL, NULL, NULL, NULL, '2018-01-27 01:13:36', '2019-01-14 03:07:54', '28a01474-6267-4189-9d41-3f3b3d24ae55'),
 ('216', '237', 'en_us', 'Indie  Preview  Musical Oranges', NULL, NULL, NULL, NULL, NULL, NULL, NULL, NULL, NULL, NULL, NULL, NULL, NULL, NULL, NULL, '0.0', NULL, NULL, '0.0', NULL, NULL, NULL, NULL, NULL, NULL, NULL, NULL, NULL, '2018-01-27 01:53:53', '2019-01-14 03:07:54', '57ba11a1-d08c-4964-ade1-180fd67e467b'),
 ('217', '238', 'en_us', 'Indie Artwork Light Heavy And I', NULL, NULL, NULL, NULL, NULL, NULL, NULL, NULL, NULL, NULL, NULL, NULL, NULL, NULL, NULL, '0.0', NULL, NULL, '0.0', NULL, NULL, NULL, NULL, NULL, NULL, NULL, NULL, NULL, '2018-01-27 02:09:20', '2019-01-14 03:07:56', 'bdfe95ef-17d8-4ff1-9313-9269c47c72d4'),
 ('218', '239', 'en_us', 'Indie Artwork Self Tree', NULL, NULL, NULL, NULL, NULL, NULL, NULL, NULL, NULL, NULL, NULL, NULL, NULL, NULL, NULL, '0.0', NULL, NULL, '0.0', NULL, NULL, NULL, NULL, NULL, NULL, NULL, NULL, NULL, '2018-01-27 02:09:53', '2019-01-14 03:07:57', '0471902c-7946-4d5f-aefb-8e15322f5667'),
 ('219', '240', 'en_us', 'Indie Preview Time 01', NULL, NULL, NULL, NULL, NULL, NULL, NULL, NULL, NULL, NULL, NULL, NULL, NULL, NULL, NULL, '0.0', NULL, NULL, '0.0', NULL, NULL, NULL, NULL, NULL, NULL, NULL, NULL, NULL, '2018-01-27 02:21:08', '2019-01-14 03:07:55', '60bbb371-6de8-490f-9610-58d5e03a0683');
INSERT INTO `craft_content` (`id`, `elementId`, `locale`, `title`, `field_indieWorkDescription`, `field_indieWorkCardBkgColor`, `field_indieWorkFontCardColor`, `field_commlWorkClient`, `field_commlWorkProject`, `field_commlWorkDescription`, `field_commlWorkInfo`, `field_commlWorkHeaderColor`, `field_commlWorkListColor`, `field_commlWorkClientColor`, `field_commlWorkProjectColor`, `field_commlWorkDescriptionColor`, `field_commlWorkInfoColor`, `field_commlWorkCardBkgColor`, `field_commlWorkCardFontColor`, `field_commlWorkCardBkgOpacity`, `field_commlWorkHeroBkgColor`, `field_commlWorkTextBkgColor`, `field_commlWorkTextBkgOpacity`, `field_navbarBackgroundColor`, `field_navbarTextColor`, `field_commlWorkNavbarTextColor`, `field_aboutBioText`, `field_aboutBriefText`, `field_aboutEducation`, `field_aboutPoem`, `field_reelVideo`, `field_reelKeywords`, `dateCreated`, `dateUpdated`, `uid`) VALUES
 ('220', '241', 'en_us', 'Indie Artwork Time', NULL, NULL, NULL, NULL, NULL, NULL, NULL, NULL, NULL, NULL, NULL, NULL, NULL, NULL, NULL, '0.0', NULL, NULL, '0.0', NULL, NULL, NULL, NULL, NULL, NULL, NULL, NULL, NULL, '2018-01-27 02:22:43', '2019-01-14 03:07:57', 'd6cd8088-d406-4db3-a63a-76ca6cfbdfb6'),
 ('221', '242', 'en_us', 'Indie Preview Time 02', NULL, NULL, NULL, NULL, NULL, NULL, NULL, NULL, NULL, NULL, NULL, NULL, NULL, NULL, NULL, '0.0', NULL, NULL, '0.0', NULL, NULL, NULL, NULL, NULL, NULL, NULL, NULL, NULL, '2018-01-27 02:24:58', '2019-01-14 03:07:55', 'd93f060f-bdd3-42ab-a42a-ce15bb6723b5'),
 ('222', '260', 'en_us', 'About', NULL, NULL, NULL, NULL, NULL, NULL, NULL, NULL, NULL, NULL, NULL, NULL, NULL, NULL, NULL, '0.0', NULL, NULL, '0.0', NULL, NULL, NULL, NULL, NULL, NULL, NULL, NULL, NULL, '2018-12-26 18:18:31', '2018-12-26 18:26:19', '81955b41-c2c4-4c76-9155-ece9830e04c8'),
 ('223', '261', 'en_us', 'Commercial', NULL, NULL, NULL, NULL, NULL, NULL, NULL, NULL, NULL, NULL, NULL, NULL, NULL, NULL, NULL, '0.0', NULL, NULL, '0.0', NULL, NULL, NULL, NULL, NULL, NULL, NULL, NULL, NULL, '2018-12-26 18:18:51', '2018-12-27 20:32:45', '129a1f0d-44ef-42d4-9cbf-bf9220b4d33f'),
 ('224', '262', 'en_us', 'Indie', NULL, NULL, NULL, NULL, NULL, NULL, NULL, NULL, NULL, NULL, NULL, NULL, NULL, NULL, NULL, '0.0', NULL, NULL, '0.0', NULL, NULL, NULL, NULL, NULL, NULL, NULL, NULL, NULL, '2018-12-26 18:21:08', '2018-12-26 18:21:08', 'e57be06e-aed4-4110-8e33-fb24b153b3b6'),
 ('225', '263', 'en_us', 'Contact', NULL, NULL, NULL, NULL, NULL, NULL, NULL, NULL, NULL, NULL, NULL, NULL, NULL, NULL, NULL, '0.0', NULL, NULL, '0.0', NULL, NULL, NULL, NULL, NULL, NULL, NULL, NULL, NULL, '2018-12-26 18:21:16', '2018-12-26 18:26:28', '783796cc-f9d7-4703-ac74-8a7bc5aadb9e'),
 ('226', '264', 'en_us', 'About Page', NULL, NULL, NULL, NULL, NULL, NULL, NULL, NULL, NULL, NULL, NULL, NULL, NULL, NULL, NULL, '0.0', NULL, NULL, '0.0', '#000000', '#ffffff', NULL, 'Raised in Beijing China, Xiaoxiao now works based in New York, as a freelance compositor and motion graphics artist with brand list including Google, Amazon, Apple, Dell, Samsung, Bosch, Ford, McDonald’s, ESPN, Nickelodeon, Cartoon Network, Sesame Studios, VH1 TV, Hanes, Footlocker, CVS, Navy Federal Credit Union, etc. Her animated film \"Rock is not an Attitude\" has been official selected and screened in numerous international festivals, including ANIMAYO International Film Festival, Athens International Film Festival, CutOut Fest, 56th Zlín Film Festival, Brooklyn Film Festival, Adobe Design Achievement Awards to name a few. When creating as an independent artist, Xiaoxiao loves stop-motion animation and is particularly interested in its ability to allow a deeper expression based on its direct physical foundation.', '<div class=\"about-brief-text-row-1\">Hi, My name is <div class=\"about-brief-name\">Xiaoxiao Tang</div>, a Multimedia Artist</div>\r\n<div class=\"about-brief-text-row-2\">specializing in<div class=\"about-brief-industry\"><div>Animation,</div><div>Compositing,</div><div>Motion Graphics</div><div>...</div></div></div>', '2014, MFA Computer Art\r\nSchool of Visual Arts, New York', '<p><br></p>\r\n<p><br></p>\r\n<p>Animation allows me to live out my fantasy.</p>\r\n<p><br></p>\r\n<p><br></p>\r\n<p><br></p>\r\n<p><br></p>\r\n<p>真实的自我，和世界拥抱。<br></p>\r\n<p>I believe that we are all different and unique, but there is no distance between us.&nbsp;</p>\r\n<p>我们不一样 但没有分别。</p>', NULL, NULL, '2018-12-26 18:24:47', '2019-01-14 03:32:32', 'f2a0141d-5fcc-4f14-834d-432e38bf54a4'),
 ('227', '265', 'en_us', 'Contact Page', NULL, NULL, NULL, NULL, NULL, NULL, NULL, NULL, NULL, NULL, NULL, NULL, NULL, NULL, NULL, '0.0', NULL, NULL, '0.0', NULL, NULL, NULL, NULL, NULL, NULL, NULL, NULL, NULL, '2018-12-26 18:25:03', '2019-01-06 00:35:09', 'f1a3d0d5-d7aa-438d-b6c5-a0f599b9a71d'),
 ('228', '275', 'en_us', 'Home Page', NULL, NULL, NULL, NULL, NULL, NULL, NULL, NULL, NULL, NULL, NULL, NULL, NULL, NULL, NULL, '0.0', NULL, NULL, '0.0', NULL, NULL, NULL, NULL, NULL, NULL, NULL, NULL, NULL, '2019-01-05 23:56:04', '2019-01-22 04:00:10', 'f7cd44d4-6f93-4659-93e9-de6fe3aa09e4'),
 ('232', '279', 'en_us', 'Design Contact Bg 1', NULL, NULL, NULL, NULL, NULL, NULL, NULL, NULL, NULL, NULL, NULL, NULL, NULL, NULL, NULL, '0.0', NULL, NULL, '0.0', NULL, NULL, NULL, NULL, NULL, NULL, NULL, NULL, NULL, '2019-01-06 00:24:37', '2019-01-14 03:07:50', 'e7185bfd-df64-46e2-aac2-8da77a6689ed'),
 ('233', '281', 'en_us', 'Home Collage Paper Background', NULL, NULL, NULL, NULL, NULL, NULL, NULL, NULL, NULL, NULL, NULL, NULL, NULL, NULL, NULL, '0.0', NULL, NULL, '0.0', NULL, NULL, NULL, NULL, NULL, NULL, NULL, NULL, NULL, '2019-01-06 00:51:05', '2019-01-14 03:07:51', '79af2377-2d7a-4974-b45c-2cc88ba4967a'),
 ('234', '282', 'en_us', 'Cloud01 Opposite', NULL, NULL, NULL, NULL, NULL, NULL, NULL, NULL, NULL, NULL, NULL, NULL, NULL, NULL, NULL, '0.0', NULL, NULL, '0.0', NULL, NULL, NULL, NULL, NULL, NULL, NULL, NULL, NULL, '2019-01-06 00:59:05', '2019-01-14 03:07:58', '89a68028-a468-4efc-a499-16138955e9bb'),
 ('235', '283', 'en_us', 'Cloud01', NULL, NULL, NULL, NULL, NULL, NULL, NULL, NULL, NULL, NULL, NULL, NULL, NULL, NULL, NULL, '0.0', NULL, NULL, '0.0', NULL, NULL, NULL, NULL, NULL, NULL, NULL, NULL, NULL, '2019-01-06 00:59:06', '2019-01-14 03:07:58', '85f96260-5a57-41af-956a-e41105b214e8'),
 ('236', '284', 'en_us', 'Cloud02 Opposite', NULL, NULL, NULL, NULL, NULL, NULL, NULL, NULL, NULL, NULL, NULL, NULL, NULL, NULL, NULL, '0.0', NULL, NULL, '0.0', NULL, NULL, NULL, NULL, NULL, NULL, NULL, NULL, NULL, '2019-01-06 00:59:06', '2019-01-14 03:07:59', '9a074615-dde1-4771-9a4c-8c270ad38c02'),
 ('237', '285', 'en_us', 'Cloud02', NULL, NULL, NULL, NULL, NULL, NULL, NULL, NULL, NULL, NULL, NULL, NULL, NULL, NULL, NULL, '0.0', NULL, NULL, '0.0', NULL, NULL, NULL, NULL, NULL, NULL, NULL, NULL, NULL, '2019-01-06 00:59:07', '2019-01-14 03:07:59', '6e3ee828-2e27-483f-8546-9ff6899dc088'),
 ('238', '286', 'en_us', 'Cloud03 Opposite', NULL, NULL, NULL, NULL, NULL, NULL, NULL, NULL, NULL, NULL, NULL, NULL, NULL, NULL, NULL, '0.0', NULL, NULL, '0.0', NULL, NULL, NULL, NULL, NULL, NULL, NULL, NULL, NULL, '2019-01-06 00:59:08', '2019-01-14 03:07:59', '98c4eb94-9bf5-4fcb-a31f-525da67b7183'),
 ('239', '287', 'en_us', 'Cloud03', NULL, NULL, NULL, NULL, NULL, NULL, NULL, NULL, NULL, NULL, NULL, NULL, NULL, NULL, NULL, '0.0', NULL, NULL, '0.0', NULL, NULL, NULL, NULL, NULL, NULL, NULL, NULL, NULL, '2019-01-06 00:59:08', '2019-01-14 03:07:59', '49890ad7-e78c-4960-8e44-f566249db9bf'),
 ('240', '288', 'en_us', 'Cloud04 Opposite', NULL, NULL, NULL, NULL, NULL, NULL, NULL, NULL, NULL, NULL, NULL, NULL, NULL, NULL, NULL, '0.0', NULL, NULL, '0.0', NULL, NULL, NULL, NULL, NULL, NULL, NULL, NULL, NULL, '2019-01-06 00:59:09', '2019-01-14 03:07:59', '631d5951-5337-4e35-82de-ea163e9853c5'),
 ('241', '289', 'en_us', 'Cloud04', NULL, NULL, NULL, NULL, NULL, NULL, NULL, NULL, NULL, NULL, NULL, NULL, NULL, NULL, NULL, '0.0', NULL, NULL, '0.0', NULL, NULL, NULL, NULL, NULL, NULL, NULL, NULL, NULL, '2019-01-06 00:59:09', '2019-01-14 03:07:59', '02f2684b-7784-444a-b965-0ece96a93e42'),
 ('242', '290', 'en_us', 'Cloud05 Opposite', NULL, NULL, NULL, NULL, NULL, NULL, NULL, NULL, NULL, NULL, NULL, NULL, NULL, NULL, NULL, '0.0', NULL, NULL, '0.0', NULL, NULL, NULL, NULL, NULL, NULL, NULL, NULL, NULL, '2019-01-06 00:59:10', '2019-01-14 03:07:59', 'f08d6d06-39b2-4517-84fe-77c1eba06a11'),
 ('243', '291', 'en_us', 'Cloud05', NULL, NULL, NULL, NULL, NULL, NULL, NULL, NULL, NULL, NULL, NULL, NULL, NULL, NULL, NULL, '0.0', NULL, NULL, '0.0', NULL, NULL, NULL, NULL, NULL, NULL, NULL, NULL, NULL, '2019-01-06 00:59:10', '2019-01-14 03:07:59', '266658f4-23b2-4c5d-8996-a5c61180d1c6'),
 ('244', '292', 'en_us', 'Cloud06', NULL, NULL, NULL, NULL, NULL, NULL, NULL, NULL, NULL, NULL, NULL, NULL, NULL, NULL, NULL, '0.0', NULL, NULL, '0.0', NULL, NULL, NULL, NULL, NULL, NULL, NULL, NULL, NULL, '2019-01-06 00:59:11', '2019-01-14 03:07:59', '229dc13f-c572-4194-94ef-3b77557f15b0'),
 ('245', '293', 'en_us', 'Feather And Line', NULL, NULL, NULL, NULL, NULL, NULL, NULL, NULL, NULL, NULL, NULL, NULL, NULL, NULL, NULL, '0.0', NULL, NULL, '0.0', NULL, NULL, NULL, NULL, NULL, NULL, NULL, NULL, NULL, '2019-01-06 00:59:37', '2019-01-14 03:08:00', 'b83f6016-28b5-4a79-b6b5-3466ec5b6193'),
 ('246', '294', 'en_us', 'Feather', NULL, NULL, NULL, NULL, NULL, NULL, NULL, NULL, NULL, NULL, NULL, NULL, NULL, NULL, NULL, '0.0', NULL, NULL, '0.0', NULL, NULL, NULL, NULL, NULL, NULL, NULL, NULL, NULL, '2019-01-06 00:59:38', '2019-01-14 03:08:00', '26788d91-2213-4989-adf1-716f45caaf4e'),
 ('247', '295', 'en_us', 'Line', NULL, NULL, NULL, NULL, NULL, NULL, NULL, NULL, NULL, NULL, NULL, NULL, NULL, NULL, NULL, '0.0', NULL, NULL, '0.0', NULL, NULL, NULL, NULL, NULL, NULL, NULL, NULL, NULL, '2019-01-06 00:59:39', '2019-01-14 03:07:58', 'b049fbac-a693-4e2f-91f4-521cf58a24ef'),
 ('248', '296', 'en_us', 'Sq Paper', NULL, NULL, NULL, NULL, NULL, NULL, NULL, NULL, NULL, NULL, NULL, NULL, NULL, NULL, NULL, '0.0', NULL, NULL, '0.0', NULL, NULL, NULL, NULL, NULL, NULL, NULL, NULL, NULL, '2019-01-06 00:59:52', '2019-01-14 03:08:00', 'a2bad05b-7f44-4971-aaa2-ff966b133dcd'),
 ('249', '297', 'en_us', 'Sq Papername', NULL, NULL, NULL, NULL, NULL, NULL, NULL, NULL, NULL, NULL, NULL, NULL, NULL, NULL, NULL, '0.0', NULL, NULL, '0.0', NULL, NULL, NULL, NULL, NULL, NULL, NULL, NULL, NULL, '2019-01-06 00:59:52', '2019-01-14 03:08:00', '08cd6ac2-2d71-4d5c-8f3f-1c568523ca51'),
 ('257', '318', 'en_us', 'Design About Bg Page01 190113', NULL, NULL, NULL, NULL, NULL, NULL, NULL, NULL, NULL, NULL, NULL, NULL, NULL, NULL, NULL, '0.0', NULL, NULL, '0.0', NULL, NULL, NULL, NULL, NULL, NULL, NULL, NULL, NULL, '2019-01-14 02:51:41', '2019-01-14 03:07:49', '53499b11-3def-4c4a-80b9-a74b112e2d7f'),
 ('259', '320', 'en_us', 'Design  About  Bg  Page02 190113', NULL, NULL, NULL, NULL, NULL, NULL, NULL, NULL, NULL, NULL, NULL, NULL, NULL, NULL, NULL, '0.0', NULL, NULL, '0.0', NULL, NULL, NULL, NULL, NULL, NULL, NULL, NULL, NULL, '2019-01-14 03:07:49', '2019-01-14 03:07:50', '5541ac0a-d125-43fa-971c-613638fcfa91'),
 ('260', '321', 'en_us', 'Design  About  Bg  Page03 190113', NULL, NULL, NULL, NULL, NULL, NULL, NULL, NULL, NULL, NULL, NULL, NULL, NULL, NULL, NULL, '0.0', NULL, NULL, '0.0', NULL, NULL, NULL, NULL, NULL, NULL, NULL, NULL, NULL, '2019-01-14 03:07:50', '2019-01-14 03:07:50', 'd5de11e1-06c5-42fa-87f5-5f48be38de89'),
 ('261', '323', 'en_us', 'Commercial Reel', NULL, NULL, NULL, NULL, NULL, NULL, NULL, NULL, NULL, NULL, NULL, NULL, NULL, NULL, NULL, '0.0', NULL, NULL, '0.0', NULL, NULL, NULL, NULL, NULL, NULL, NULL, 'https://vimeo.com/180208039', 'AE Animation | Compositing | Motion Graphics', '2019-01-22 17:26:52', '2019-01-22 17:34:10', 'f16e228c-2fef-4ac2-8894-819d9d9d822b');



DROP TABLE IF EXISTS `craft_cpnav_layouts`;


--
-- Schema for table `craft_cpnav_layouts`
--
CREATE TABLE `craft_cpnav_layouts` (
  `id` int(11) NOT NULL AUTO_INCREMENT,
  `name` varchar(255) COLLATE utf8_unicode_ci DEFAULT NULL,
  `isDefault` tinyint(1) unsigned NOT NULL DEFAULT '0',
  `permissions` text COLLATE utf8_unicode_ci,
  `dateCreated` datetime NOT NULL,
  `dateUpdated` datetime NOT NULL,
  `uid` char(36) COLLATE utf8_unicode_ci NOT NULL DEFAULT '0',
  PRIMARY KEY (`id`)
) ENGINE=InnoDB AUTO_INCREMENT=2 DEFAULT CHARSET=utf8 COLLATE=utf8_unicode_ci;

--
-- Data for table `craft_cpnav_layouts`
--

INSERT INTO `craft_cpnav_layouts` (`id`, `name`, `isDefault`, `permissions`, `dateCreated`, `dateUpdated`, `uid`) VALUES
 ('1', 'Default', '1', NULL, '2016-08-23 20:18:12', '2016-08-23 20:18:12', '35c4ed13-5abb-4874-aaf2-c421433af7de');



DROP TABLE IF EXISTS `craft_cpnav_navs`;


--
-- Schema for table `craft_cpnav_navs`
--
CREATE TABLE `craft_cpnav_navs` (
  `id` int(11) NOT NULL AUTO_INCREMENT,
  `layoutId` int(11) DEFAULT NULL,
  `handle` varchar(255) COLLATE utf8_unicode_ci DEFAULT NULL,
  `prevLabel` varchar(255) COLLATE utf8_unicode_ci DEFAULT NULL,
  `currLabel` varchar(255) COLLATE utf8_unicode_ci DEFAULT NULL,
  `enabled` tinyint(1) unsigned NOT NULL DEFAULT '1',
  `order` int(10) DEFAULT '0',
  `prevUrl` varchar(255) COLLATE utf8_unicode_ci DEFAULT NULL,
  `url` varchar(255) COLLATE utf8_unicode_ci DEFAULT NULL,
  `icon` varchar(255) COLLATE utf8_unicode_ci DEFAULT NULL,
  `customIcon` varchar(255) COLLATE utf8_unicode_ci DEFAULT NULL,
  `manualNav` tinyint(1) unsigned NOT NULL DEFAULT '0',
  `newWindow` tinyint(1) unsigned NOT NULL DEFAULT '0',
  `dateCreated` datetime NOT NULL,
  `dateUpdated` datetime NOT NULL,
  `uid` char(36) COLLATE utf8_unicode_ci NOT NULL DEFAULT '0',
  PRIMARY KEY (`id`),
  KEY `craft_cpnav_navs_layoutId_fk` (`layoutId`)
) ENGINE=InnoDB AUTO_INCREMENT=14 DEFAULT CHARSET=utf8 COLLATE=utf8_unicode_ci;

--
-- Data for table `craft_cpnav_navs`
--

INSERT INTO `craft_cpnav_navs` (`id`, `layoutId`, `handle`, `prevLabel`, `currLabel`, `enabled`, `order`, `prevUrl`, `url`, `icon`, `customIcon`, `manualNav`, `newWindow`, `dateCreated`, `dateUpdated`, `uid`) VALUES
 ('1', '1', 'dashboard', 'Dashboard', 'Dashboard', '1', '1', 'dashboard', 'dashboard', 'gauge', NULL, '0', '0', '2016-08-23 20:18:12', '2018-12-26 18:27:42', '6bbfbe1e-af1f-41fa-b7db-293fbc83db1f'),
 ('2', '1', 'entries', 'Entries', 'Entries', '1', '3', 'entries', 'entries', 'section', NULL, '0', '0', '2016-08-23 20:18:12', '2018-12-26 18:27:42', '517c5938-28b1-4f33-a542-9e9435fd04f1'),
 ('3', '1', 'categories', 'Categories', 'Categories', '1', '6', 'categories', 'categories', 'categories', NULL, '0', '0', '2016-08-23 20:18:12', '2018-12-26 18:27:42', '63b8048c-036e-4a7d-bcdc-904bb8cc39e0'),
 ('4', '1', 'assets', 'Assets', 'Assets', '1', '8', 'assets', 'assets', 'assets', NULL, '0', '0', '2016-08-23 20:18:12', '2018-12-26 18:27:42', '69126bee-03ff-4a02-89a9-6603cd4605be'),
 ('5', '1', 'oauth', 'OAuth', 'OAuth', '0', '9', 'oauth', 'oauth', 'iconSvg-oauth', NULL, '0', '0', '2016-08-23 20:18:12', '2018-12-26 18:27:42', 'e732b1c7-f2ce-4b65-9df7-0073a568e118'),
 ('6', '1', 'settings', 'Settings', 'Settings', '1', '11', 'settings', 'settings', 'settings', NULL, '0', '0', '2016-08-23 20:18:12', '2018-12-26 18:27:42', '9a2b8970-284f-45cc-a0c8-b3868b910efd'),
 ('7', '1', 'assetuse', 'Asset Use', 'Asset Use', '1', '10', 'assetuse', 'assetuse', 'iconSvg-assetuse', NULL, '0', '0', '2016-12-21 22:17:45', '2018-12-26 18:27:42', 'b9129e0f-ae80-4e5d-b36a-c93766099199'),
 ('10', '1', 'tagmanager', 'Tag Manager', 'Tag Manager', '1', '7', 'tagmanager', 'tagmanager', 'iconSvg-tagmanager', NULL, '0', '0', '2017-11-27 16:55:15', '2018-12-26 18:27:42', 'd2ce2400-1a5f-4dd4-90e2-6fcd90a069d0'),
 ('11', '1', 'fieldmanager', 'Field Manager', 'Field Manager', '1', '5', 'fieldmanager', 'fieldmanager', 'iconSvg-fieldmanager', NULL, '0', '0', '2018-12-25 21:02:53', '2018-12-26 18:27:42', '7737c8c7-187a-473c-b779-06ba6156c09e'),
 ('12', '1', 'section', 'Section', 'Section', '1', '4', '/settings', 'settings/sections', NULL, '', '1', '0', '2018-12-25 21:15:54', '2018-12-26 18:27:42', '0a303b21-103d-48e8-a7a9-de4ef4bc2a1a'),
 ('13', '1', 'navee', 'Navee', 'Navigation', '1', '2', 'navee', 'navee', 'iconSvg-navee', '', '0', '0', '2018-12-26 18:16:39', '2018-12-26 18:27:42', '0f89402e-622b-4c55-bf3e-8ce0671482e5');



DROP TABLE IF EXISTS `craft_deprecationerrors`;


--
-- Schema for table `craft_deprecationerrors`
--
CREATE TABLE `craft_deprecationerrors` (
  `id` int(11) NOT NULL AUTO_INCREMENT,
  `key` varchar(255) COLLATE utf8_unicode_ci NOT NULL,
  `fingerprint` varchar(255) COLLATE utf8_unicode_ci NOT NULL,
  `lastOccurrence` datetime NOT NULL,
  `file` varchar(255) COLLATE utf8_unicode_ci NOT NULL,
  `line` smallint(6) unsigned NOT NULL,
  `class` varchar(255) COLLATE utf8_unicode_ci DEFAULT NULL,
  `method` varchar(255) COLLATE utf8_unicode_ci DEFAULT NULL,
  `template` varchar(255) COLLATE utf8_unicode_ci DEFAULT NULL,
  `templateLine` smallint(6) unsigned DEFAULT NULL,
  `message` varchar(255) COLLATE utf8_unicode_ci DEFAULT NULL,
  `traces` text COLLATE utf8_unicode_ci,
  `dateCreated` datetime NOT NULL,
  `dateUpdated` datetime NOT NULL,
  `uid` char(36) COLLATE utf8_unicode_ci NOT NULL DEFAULT '0',
  PRIMARY KEY (`id`),
  UNIQUE KEY `craft_deprecationerrors_key_fingerprint_unq_idx` (`key`,`fingerprint`)
) ENGINE=InnoDB DEFAULT CHARSET=utf8 COLLATE=utf8_unicode_ci;

DROP TABLE IF EXISTS `craft_elementindexsettings`;


--
-- Schema for table `craft_elementindexsettings`
--
CREATE TABLE `craft_elementindexsettings` (
  `id` int(11) NOT NULL AUTO_INCREMENT,
  `type` varchar(150) COLLATE utf8_unicode_ci NOT NULL,
  `settings` text COLLATE utf8_unicode_ci,
  `dateCreated` datetime NOT NULL,
  `dateUpdated` datetime NOT NULL,
  `uid` char(36) COLLATE utf8_unicode_ci NOT NULL DEFAULT '0',
  PRIMARY KEY (`id`),
  UNIQUE KEY `craft_elementindexsettings_type_unq_idx` (`type`)
) ENGINE=InnoDB AUTO_INCREMENT=14 DEFAULT CHARSET=utf8 COLLATE=utf8_unicode_ci;

--
-- Data for table `craft_elementindexsettings`
--

INSERT INTO `craft_elementindexsettings` (`id`, `type`, `settings`, `dateCreated`, `dateUpdated`, `uid`) VALUES
 ('1', 'Asset', '{\"sources\":{\"folder:1\":{\"tableAttributes\":{\"1\":\"imageSize\",\"2\":\"size\",\"3\":\"dateModified\",\"4\":\"usage\"}}}}', '2016-08-22 01:58:23', '2017-01-20 16:25:23', '4b33eb0c-d6fc-48ca-8e36-403846d13332'),
 ('3', 'Entry', '{\"sources\":{\"section:3\":{\"tableAttributes\":{\"1\":\"field:4\"}},\"section:4\":{\"tableAttributes\":{\"1\":\"field:4\",\"2\":\"field:15\"}}}}', '2016-08-23 19:36:20', '2018-12-26 18:23:07', 'da92747f-06af-4114-8c3a-77f5513f7094'),
 ('10', 'Category', '{\"sources\":{\"group:2\":{\"tableAttributes\":{\"1\":\"link\"}}}}', '2016-08-23 20:06:24', '2016-08-23 20:06:24', 'f6d47186-f5fb-4ae7-ad2c-c5cb48c053be');



DROP TABLE IF EXISTS `craft_elements`;


--
-- Schema for table `craft_elements`
--
CREATE TABLE `craft_elements` (
  `id` int(11) NOT NULL AUTO_INCREMENT,
  `type` varchar(150) COLLATE utf8_unicode_ci NOT NULL,
  `enabled` tinyint(1) unsigned NOT NULL DEFAULT '1',
  `archived` tinyint(1) unsigned NOT NULL DEFAULT '0',
  `dateCreated` datetime NOT NULL,
  `dateUpdated` datetime NOT NULL,
  `uid` char(36) COLLATE utf8_unicode_ci NOT NULL DEFAULT '0',
  PRIMARY KEY (`id`),
  KEY `craft_elements_type_idx` (`type`),
  KEY `craft_elements_enabled_idx` (`enabled`),
  KEY `craft_elements_archived_dateCreated_idx` (`archived`,`dateCreated`)
) ENGINE=InnoDB AUTO_INCREMENT=325 DEFAULT CHARSET=utf8 COLLATE=utf8_unicode_ci;

--
-- Data for table `craft_elements`
--

INSERT INTO `craft_elements` (`id`, `type`, `enabled`, `archived`, `dateCreated`, `dateUpdated`, `uid`) VALUES
 ('1', 'User', '1', '0', '2016-08-20 17:42:13', '2016-08-20 18:06:20', '2b60462f-e207-4e06-9282-24ad4e6a0363'),
 ('102', 'Asset', '1', '0', '2016-08-22 01:47:45', '2019-01-14 03:07:55', 'cad9cf01-3836-49d4-87df-4c653169a539'),
 ('104', 'Asset', '1', '0', '2016-08-22 01:47:46', '2019-01-14 03:07:55', 'fbc556cb-984f-418b-8e03-efce30f7cc9a'),
 ('105', 'Asset', '1', '0', '2016-08-22 01:47:48', '2019-01-14 03:07:55', 'a11139a9-b233-41e0-a934-9d52cbb7a110'),
 ('106', 'Asset', '1', '0', '2016-08-22 01:47:49', '2019-01-14 03:07:55', 'd2f982fd-04a4-4b9b-bbab-ff37f43980d5'),
 ('107', 'Asset', '1', '0', '2016-08-22 01:47:49', '2019-01-14 03:07:55', '945d8ccc-1488-4d98-990e-d126b189d2c2'),
 ('109', 'Asset', '1', '0', '2016-08-22 01:47:51', '2019-01-14 03:07:55', '11990b21-8abe-4ca3-a8d9-929fce2056ab'),
 ('111', 'Asset', '1', '0', '2016-08-22 01:50:06', '2019-01-14 03:07:51', 'afce3618-37d8-411c-90ba-497a10ccd98d'),
 ('112', 'Asset', '1', '0', '2016-08-22 01:50:07', '2019-01-14 03:07:51', 'd6a9f5bb-8bf9-4648-8fb3-5b88bca61820'),
 ('113', 'Asset', '1', '0', '2016-08-22 01:50:08', '2019-01-14 03:07:51', '1ede5349-743d-4cd0-90a7-e7ee66f05a8b'),
 ('114', 'Asset', '1', '0', '2016-08-22 01:50:08', '2019-01-14 03:07:51', '827b5d6e-ef17-4070-ad7b-a939f44e74bf'),
 ('115', 'Asset', '1', '0', '2016-08-22 01:50:09', '2019-01-14 03:07:51', '4970a500-f728-45e2-aa1f-aefaa8ba781a'),
 ('116', 'Asset', '1', '0', '2016-08-22 01:50:09', '2019-01-14 03:07:51', '06d44d77-d855-48f1-b56f-d7ced9ca5d39'),
 ('117', 'Asset', '1', '0', '2016-08-22 01:50:09', '2019-01-14 03:07:51', 'e20e6fd6-c030-4faf-ab83-75e445e2cd38'),
 ('118', 'Asset', '1', '0', '2016-08-22 01:50:10', '2019-01-14 03:07:52', '76a9bafd-4f87-4784-ab3c-46d94e5a9b22'),
 ('119', 'Asset', '1', '0', '2016-08-22 01:50:11', '2019-01-14 03:07:52', 'c1b6c673-617f-4700-9ff1-a0b2bb3c70ff'),
 ('120', 'Asset', '1', '0', '2016-08-22 01:50:12', '2019-01-14 03:07:52', 'caec550f-6d67-4282-90ca-b778ac2e3da3'),
 ('121', 'Asset', '1', '0', '2016-08-22 01:50:13', '2019-01-14 03:07:52', '428dbc0a-0c31-43a5-9dc8-7a4e02a8f39f'),
 ('122', 'Asset', '1', '0', '2016-08-22 01:50:13', '2019-01-14 03:07:52', '9f7ab2b5-7691-4d58-8912-b10035bafa63'),
 ('123', 'Asset', '1', '0', '2016-08-22 01:50:14', '2019-01-14 03:07:53', '91d03cef-8495-4475-9b95-8cdf13e68697'),
 ('124', 'Asset', '1', '0', '2016-08-22 01:50:15', '2019-01-14 03:07:52', 'e2c507b0-9ffb-4359-b57e-b5cf3d48cbaa'),
 ('125', 'Asset', '1', '0', '2016-08-22 01:50:16', '2019-01-14 03:07:52', '4e6d1ffa-f61d-4db4-8c1f-69e42ce7730c'),
 ('126', 'Asset', '1', '0', '2016-08-22 01:50:16', '2019-01-14 03:07:52', 'eb3761db-0d44-484c-926c-9a7843bc9bc1'),
 ('127', 'Asset', '1', '0', '2016-08-22 01:50:17', '2019-01-14 03:07:52', '1180f024-7518-4709-ac61-cac6ab58e87e'),
 ('128', 'Asset', '1', '0', '2016-08-22 01:50:18', '2019-01-14 03:07:52', 'fd12958b-05a1-4da9-bcd2-0caecafa2d42'),
 ('129', 'Asset', '1', '0', '2016-08-22 01:50:18', '2019-01-14 03:07:53', '7153e470-538f-476a-b9b7-b5e192eb95c8'),
 ('130', 'Asset', '1', '0', '2016-08-22 01:50:19', '2019-01-14 03:07:53', 'da81d5ec-80aa-4e3d-8fed-378d19a8e792'),
 ('131', 'Asset', '1', '0', '2016-08-22 01:50:19', '2019-01-14 03:07:53', '0a5aed69-7585-4527-b8b8-b97a84d93e72'),
 ('132', 'Asset', '1', '0', '2016-08-22 01:50:20', '2019-01-14 03:07:53', '20e4deb9-52af-4ccc-8d56-709d22c3f6de'),
 ('133', 'Asset', '1', '0', '2016-08-22 01:50:20', '2019-01-14 03:07:53', '04ce6c1b-25f4-40e5-8094-0b6f1e2eda79'),
 ('134', 'Asset', '1', '0', '2016-08-22 01:55:14', '2019-01-14 03:07:58', 'e51b64ef-a810-4e04-aa59-dff0177ba3f5'),
 ('135', 'Asset', '1', '0', '2016-08-22 01:55:15', '2019-01-14 03:07:58', '162ae1ac-6060-4bed-9db4-646e41f1b533'),
 ('136', 'Asset', '1', '0', '2016-08-22 01:55:16', '2019-01-14 03:07:55', '89c801e5-5cd3-462f-905f-78fcca98ae12'),
 ('137', 'Asset', '1', '0', '2016-08-22 01:55:17', '2019-01-14 03:07:56', '10b5998d-84ad-44dd-9dd5-a24c012a773d'),
 ('139', 'Asset', '1', '0', '2016-08-22 01:55:18', '2019-01-14 03:07:57', '3446e674-ac32-49c8-944f-e14fa7c6553a'),
 ('140', 'Asset', '1', '0', '2016-08-22 01:55:19', '2019-01-14 03:07:57', 'fa4ce23a-abc4-45a3-8e24-a81dc293afbc'),
 ('141', 'Asset', '1', '0', '2016-08-22 01:55:19', '2019-01-14 03:07:57', '167a878b-4509-41b8-a211-976c7b5c01d8'),
 ('142', 'Asset', '1', '0', '2016-08-22 01:55:20', '2019-01-14 03:07:57', '64628c22-6695-4503-84f6-1caf237bfaaa'),
 ('143', 'Asset', '1', '0', '2016-08-22 01:55:20', '2019-01-14 03:07:57', '39baf068-748b-417d-9ab0-901bb17fe8b3'),
 ('144', 'Asset', '1', '0', '2016-08-22 01:55:21', '2019-01-14 03:07:57', 'ea16fbe7-670d-4cf9-8c0e-631b12e9cee8'),
 ('146', 'Asset', '1', '0', '2016-08-22 01:55:21', '2019-01-14 03:07:58', 'ab0ec71c-ade9-4240-84bb-57e044869c04'),
 ('147', 'Asset', '1', '0', '2016-08-22 01:55:22', '2019-01-14 03:07:58', '558c54e1-b04f-4b20-b4ed-2396d65abc98'),
 ('149', 'Asset', '1', '0', '2016-08-22 01:55:24', '2019-01-14 03:07:58', '1f77adcc-6197-42fd-8384-a0619cece0e6'),
 ('153', 'Entry', '1', '0', '2016-08-23 18:41:15', '2018-12-28 21:44:52', '5a8433d3-2c96-4c5c-bcf1-5b6d22f53885'),
 ('154', 'Entry', '1', '0', '2016-08-23 19:00:00', '2018-12-28 21:44:52', 'bb410509-ff40-448e-a5c1-45528b491d76'),
 ('155', 'Entry', '1', '0', '2016-08-23 19:10:00', '2018-12-28 21:44:53', 'ab320e9f-ab28-4615-bb0b-45ad6b278822'),
 ('156', 'Entry', '1', '0', '2016-08-23 19:11:37', '2018-12-28 21:44:53', '2bd0fa79-ba42-4f95-9518-bee5a04426e8'),
 ('157', 'Entry', '1', '0', '2016-08-23 19:13:34', '2018-12-28 21:44:53', 'fe5ce58d-6202-4545-b39a-d309ca0c0819'),
 ('158', 'Entry', '1', '0', '2016-08-23 19:18:19', '2018-12-28 21:44:53', 'f511052a-eedb-4116-aa67-5b5a3f84cdc6'),
 ('159', 'Entry', '1', '0', '2016-08-23 19:18:50', '2018-12-28 21:44:53', '5dd61f34-1f39-4c9b-847d-4906e0416fdb'),
 ('160', 'Entry', '1', '0', '2016-08-23 19:20:31', '2018-12-28 21:44:53', '2b4ae9da-2d83-4635-be5f-8ce97ee9b447'),
 ('161', 'Entry', '1', '0', '2016-08-23 19:22:28', '2018-12-28 21:44:53', '632e3719-7da4-4814-b0b6-00c86e438aaf'),
 ('162', 'Entry', '1', '0', '2016-08-23 19:23:05', '2018-12-28 21:44:53', 'd867ef30-7c6c-4443-bf51-3bd7b3cec5f3'),
 ('163', 'Entry', '1', '0', '2016-08-23 19:23:54', '2018-12-28 21:44:53', '1ae7ad58-c79e-4a7f-8c87-0f37918349b1'),
 ('164', 'Entry', '1', '0', '2016-08-23 19:24:27', '2018-12-28 21:44:54', '3765858f-5661-40a4-9499-3f87a2f65dbb'),
 ('165', 'Entry', '1', '0', '2016-08-23 19:24:50', '2018-12-28 21:44:54', '0605a81b-1af1-4838-b3a1-3c7203a7511c'),
 ('166', 'Entry', '1', '0', '2016-08-23 19:25:13', '2018-12-28 21:44:54', '44dd44b0-576a-4cb0-b400-82fafaf02432'),
 ('167', 'Entry', '1', '0', '2016-08-23 19:25:42', '2018-12-28 21:44:54', '3603d2ab-026f-4c3d-b502-fcfbc958a98c'),
 ('168', 'Entry', '1', '0', '2016-08-23 19:26:09', '2018-12-28 21:44:54', '9a20a24f-0ede-434a-b88b-8ee8fb3bd03c'),
 ('169', 'Entry', '1', '0', '2016-08-23 19:26:39', '2018-12-28 21:44:54', 'cff98dac-8c79-42f2-97f6-9bd279984f35'),
 ('170', 'Entry', '1', '0', '2016-08-23 19:27:27', '2018-12-28 21:44:54', '2c6db6dd-6058-4f32-b9b3-4ec6b9051d1a'),
 ('171', 'Entry', '1', '0', '2016-08-23 19:28:02', '2018-12-28 21:44:54', '9c668f27-e689-45ed-988c-6e8a0db50603'),
 ('172', 'Entry', '1', '0', '2016-08-23 19:29:31', '2018-12-28 21:44:54', '6c46240a-9d15-472c-9444-b0f8316f9b59'),
 ('173', 'Entry', '1', '0', '2016-08-23 19:29:57', '2018-12-28 21:44:54', '59d2524c-c9ac-4aab-b929-56d4a145c233'),
 ('174', 'Entry', '1', '0', '2016-08-23 19:30:37', '2018-12-28 21:44:54', '308e58a8-f438-4096-802f-9686ce7df119'),
 ('175', 'Entry', '1', '0', '2016-08-23 19:31:14', '2018-12-28 21:44:54', '27aa8b21-b788-400b-a287-75ee87a00ff8'),
 ('176', 'Entry', '1', '0', '2016-08-23 19:33:54', '2018-12-28 21:45:03', '97da13db-b97c-4b2c-b59a-280fe6c370d1'),
 ('177', 'Entry', '1', '0', '2016-08-23 19:41:10', '2018-12-28 21:45:03', '1a67a41d-a2df-4288-968f-889ec95b8bf1'),
 ('178', 'Entry', '1', '0', '2016-08-23 19:42:09', '2018-12-28 21:45:03', 'd7a389a0-ce9e-4161-bbfc-bac5b4457ff4'),
 ('179', 'Entry', '1', '0', '2016-08-23 19:43:05', '2018-12-28 21:45:03', 'f90dbb63-1e4a-411d-99d4-fed337f07374'),
 ('180', 'Entry', '1', '0', '2016-08-23 19:44:08', '2018-12-28 21:45:04', '6984b573-4d50-4861-ac61-63e3ef7e57a2'),
 ('181', 'Tag', '1', '0', '2016-08-23 19:47:20', '2016-08-23 19:47:20', '106bc657-ee75-494c-92f7-6a1e2098a594'),
 ('182', 'Category', '1', '0', '2016-08-23 19:52:32', '2018-01-26 20:50:04', 'a210856b-d1a6-40f7-857a-121492c4ba93'),
 ('183', 'Category', '1', '0', '2016-08-23 19:55:33', '2016-08-23 19:55:33', 'cb862351-78c5-4796-a730-5895a6b6c11d'),
 ('184', 'Category', '1', '0', '2016-08-23 19:55:46', '2016-08-23 19:55:46', '7650ae25-5d61-42c8-b340-008707309384'),
 ('185', 'Category', '1', '0', '2016-08-23 19:55:58', '2018-01-26 20:48:41', '7207e56a-e425-46c9-9070-6a45e42fe1f8'),
 ('186', 'Entry', '1', '0', '2016-08-23 19:57:49', '2018-12-28 21:45:04', 'cd1e7d99-a366-48cb-b165-2cc465fe5dcb'),
 ('187', 'Entry', '1', '0', '2016-08-23 19:58:30', '2018-12-28 21:45:04', '301205ce-ae05-4977-8a6c-efd446f8bfc5'),
 ('188', 'Entry', '1', '0', '2016-08-23 19:59:14', '2018-12-28 21:45:04', '72e18ba2-381e-4763-b8f1-9e10c41a6cd1'),
 ('189', 'Entry', '1', '0', '2016-08-23 19:59:56', '2018-12-28 21:45:04', 'fc17e6d9-bd8e-45bf-b7fd-f809e9d6f10a'),
 ('190', 'Entry', '1', '0', '2016-08-23 20:01:25', '2018-12-28 21:45:04', 'e7f7cf52-0d2d-4bab-9668-3301d8838a22'),
 ('195', 'Entry', '1', '0', '2017-03-22 03:00:06', '2018-12-28 21:44:47', '6d5efaf3-a41a-42e2-9d74-bc96e9d372a4'),
 ('196', 'Entry', '1', '0', '2017-03-22 03:02:25', '2018-12-28 21:44:58', 'a3da6bb1-be08-4e1f-a95a-ee464491f085'),
 ('206', 'MatrixBlock', '1', '0', '2017-12-02 03:26:38', '2018-12-27 20:12:52', '71836250-594b-4637-affb-bc07fff660fd'),
 ('207', 'MatrixBlock', '1', '0', '2017-12-02 03:26:38', '2018-12-27 20:12:52', '55c60b3d-c079-45ee-a8c4-125e13813c13'),
 ('208', 'MatrixBlock', '1', '0', '2017-12-02 03:28:07', '2018-12-27 20:12:52', '3a7d1fa1-0ec5-4dc3-ad6f-b67ec69732eb'),
 ('209', 'MatrixBlock', '1', '0', '2017-12-02 03:28:07', '2018-12-27 20:12:52', 'aeb42f6a-172f-48ae-8fe0-3a4f796f6dc2'),
 ('210', 'Entry', '1', '0', '2017-12-03 03:58:22', '2018-12-28 21:44:54', '54e9d84a-eff7-4f6e-bb26-eccc5c5df19c'),
 ('211', 'MatrixBlock', '1', '0', '2017-12-03 04:00:36', '2018-12-27 20:12:46', 'e3937286-7964-463a-a1ff-8936439c977a'),
 ('212', 'MatrixBlock', '1', '0', '2017-12-03 04:00:36', '2018-12-27 20:12:46', 'c3f9dd03-ecb6-4c22-8f74-4d99c101c4fc'),
 ('213', 'MatrixBlock', '1', '0', '2017-12-03 04:00:36', '2018-12-27 20:12:46', 'afac304f-6eea-414d-8f76-7c68dd9c1e6f'),
 ('214', 'MatrixBlock', '1', '0', '2017-12-03 04:00:36', '2018-12-27 20:12:46', '8de90176-db1b-45e6-b94f-20649136110d'),
 ('215', 'MatrixBlock', '1', '0', '2017-12-03 04:00:36', '2018-12-27 20:12:46', '4867a38f-da77-4880-8a35-e2f03f31a3c3'),
 ('216', 'MatrixBlock', '1', '0', '2017-12-03 04:00:36', '2018-12-27 20:12:46', '671e2864-7231-4e6d-bb71-15f71bca2022'),
 ('217', 'Asset', '1', '0', '2017-12-03 04:09:47', '2019-01-14 03:07:53', 'bddcef10-7850-4cec-9801-0122cbdf247c'),
 ('218', 'Asset', '1', '0', '2017-12-03 04:15:52', '2019-01-14 03:07:53', 'e736357d-9aa9-4cc1-bcae-413727cada33'),
 ('219', 'Asset', '1', '0', '2017-12-03 04:15:52', '2019-01-14 03:07:54', 'fa5d7254-16da-428b-9832-2f4cab912d3d'),
 ('220', 'Asset', '1', '0', '2017-12-03 04:15:53', '2019-01-14 03:07:54', 'a18a8ccd-247b-4811-b32b-d8f3a568c3d0'),
 ('221', 'Asset', '1', '0', '2017-12-03 04:15:53', '2019-01-14 03:07:54', '4f7ded3b-b701-4df0-8d27-e99d6d705e4a'),
 ('222', 'Asset', '1', '0', '2017-12-03 04:15:53', '2019-01-14 03:07:54', '2b70727e-4289-4556-b929-627939425ae2');
INSERT INTO `craft_elements` (`id`, `type`, `enabled`, `archived`, `dateCreated`, `dateUpdated`, `uid`) VALUES
 ('225', 'Category', '1', '0', '2018-01-12 02:37:32', '2018-01-12 02:38:37', '28365207-d42d-44b5-a05c-4951afdd7dd3'),
 ('227', 'Category', '1', '0', '2018-01-26 20:50:29', '2018-01-26 20:50:29', '066d46dd-8620-4676-921f-91868c933192'),
 ('229', 'Asset', '1', '0', '2018-01-26 21:22:12', '2019-01-14 03:07:54', '66711d13-e8a1-41e6-8cd5-5d9914b8a96b'),
 ('231', 'Asset', '1', '0', '2018-01-26 21:31:13', '2019-01-14 03:07:56', '53e64f27-57e1-4b1f-a6f3-9faee698cd28'),
 ('232', 'Asset', '1', '0', '2018-01-26 21:53:02', '2019-01-14 03:07:54', '4e264dcc-134c-4678-bea1-246b27a2f6da'),
 ('234', 'Asset', '1', '0', '2018-01-27 01:13:36', '2019-01-14 03:07:54', 'f7e5c5e4-d825-487d-9291-2e37184a1e95'),
 ('237', 'Asset', '1', '0', '2018-01-27 01:53:53', '2019-01-14 03:07:54', 'bedf1866-7536-4742-8818-f8083cbfd408'),
 ('238', 'Asset', '1', '0', '2018-01-27 02:09:20', '2019-01-14 03:07:56', '16ea848c-9ab9-4d44-99f6-36611428a6e1'),
 ('239', 'Asset', '1', '0', '2018-01-27 02:09:53', '2019-01-14 03:07:57', 'ce558ed7-6beb-404e-bbe3-0d583ce760b4'),
 ('240', 'Asset', '1', '0', '2018-01-27 02:21:08', '2019-01-14 03:07:55', '32064517-80fc-4e65-9753-b699ad3e384d'),
 ('241', 'Asset', '1', '0', '2018-01-27 02:22:43', '2019-01-14 03:07:57', 'ca5e10e1-1eb8-4a3d-a3f6-18e5c463bdef'),
 ('242', 'Asset', '1', '0', '2018-01-27 02:24:58', '2019-01-14 03:07:55', '7ed1cec4-5bb3-4881-a722-878a143a4bda'),
 ('243', 'MatrixBlock', '1', '0', '2018-12-25 21:30:46', '2018-12-27 20:12:45', '85944dcf-2aed-4a69-927b-2ba42d7c7270'),
 ('244', 'MatrixBlock', '1', '0', '2018-12-25 21:30:46', '2018-12-27 20:12:46', 'd8dd120b-21ab-412d-98f8-31e41337ef9f'),
 ('245', 'MatrixBlock', '1', '0', '2018-12-25 21:30:46', '2018-12-27 20:12:46', '6e108a5d-7b8f-4a40-9e5e-bcefc42a717d'),
 ('246', 'MatrixBlock', '1', '0', '2018-12-25 21:33:15', '2018-12-27 20:12:52', 'fd8e735f-ee77-4623-b64e-ed684f860c83'),
 ('247', 'MatrixBlock', '1', '0', '2018-12-25 21:33:15', '2018-12-27 20:12:52', 'da94ddbe-6742-4b92-b812-9adea89e535b'),
 ('248', 'MatrixBlock', '1', '0', '2018-12-25 21:33:15', '2018-12-27 20:12:52', '93f04db5-749f-40af-8e7a-8dfb6b55c382'),
 ('249', 'MatrixBlock', '1', '0', '2018-12-25 23:13:03', '2018-12-25 23:13:03', '72b6b200-7b4c-40c8-b049-ff17eaa67660'),
 ('250', 'MatrixBlock', '1', '0', '2018-12-25 23:13:23', '2018-12-25 23:13:23', 'ab6ce735-7b5a-4e36-8d08-3c5ae62675e6'),
 ('251', 'MatrixBlock', '1', '0', '2018-12-25 23:13:51', '2018-12-25 23:13:51', 'aa91403b-35ea-4e4a-886e-640b7ce6044d'),
 ('252', 'MatrixBlock', '1', '0', '2018-12-26 01:45:19', '2018-12-26 03:50:05', '49a99c51-44d0-435c-98ed-b0d2c54f9bec'),
 ('253', 'MatrixBlock', '1', '0', '2018-12-26 03:09:11', '2018-12-26 03:09:11', '03cd7fe8-c601-4b25-a6df-5d6d79225579'),
 ('254', 'MatrixBlock', '1', '0', '2018-12-26 03:50:05', '2018-12-26 03:50:05', 'fa513f7b-dc9a-444f-b720-c72233468f32'),
 ('255', 'MatrixBlock', '1', '0', '2018-12-26 17:05:03', '2018-12-26 17:05:03', '99464289-cea9-48a9-8308-01cb066ac976'),
 ('256', 'MatrixBlock', '1', '0', '2018-12-26 17:05:42', '2018-12-26 17:05:42', '7a7f4ac3-3031-47ba-b48c-4c4b08eeffe2'),
 ('257', 'MatrixBlock', '1', '0', '2018-12-26 17:06:06', '2018-12-26 17:06:06', '6dc210ae-6b99-4ccc-86de-2dcca984acd8'),
 ('258', 'MatrixBlock', '1', '0', '2018-12-26 17:06:25', '2018-12-26 17:06:28', 'e786a082-d0d1-4e9d-8c41-b76f845b3e0b'),
 ('259', 'MatrixBlock', '1', '0', '2018-12-26 17:06:44', '2018-12-26 17:06:44', '4f24ea73-a9e0-4b71-ac60-9656a54d2f88'),
 ('260', 'Navee_Node', '1', '0', '2018-12-26 18:18:31', '2018-12-26 18:26:19', 'dcf59e16-2879-42bc-b664-24cfc51c5f8b'),
 ('261', 'Navee_Node', '1', '0', '2018-12-26 18:18:51', '2018-12-27 20:32:45', '2bc58cca-62cf-4d71-8441-0b1488c94613'),
 ('262', 'Navee_Node', '1', '0', '2018-12-26 18:21:08', '2018-12-26 18:21:08', 'e4e9ce5c-f6e6-4da1-8139-1a501bafdef5'),
 ('263', 'Navee_Node', '1', '0', '2018-12-26 18:21:16', '2018-12-26 18:26:28', '1c89aca1-b7da-4bf0-a9dd-6ef499d7177c'),
 ('264', 'Entry', '1', '0', '2018-12-26 18:24:47', '2019-01-14 03:32:32', '9df15882-9959-4e73-b7dd-13a3ec207d13'),
 ('265', 'Entry', '1', '0', '2018-12-26 18:25:03', '2019-01-06 00:35:09', 'c08c6560-98d0-49fc-a862-86fe4efc4525'),
 ('266', 'MatrixBlock', '1', '0', '2018-12-27 20:14:19', '2018-12-27 20:28:53', 'ef3d5271-d719-4423-a39f-7df0ebc5557b'),
 ('267', 'MatrixBlock', '1', '0', '2018-12-27 20:14:19', '2018-12-27 20:28:53', 'c42e8ff2-134c-4c5b-9a02-9a95acd810b2'),
 ('268', 'MatrixBlock', '1', '0', '2018-12-29 04:06:09', '2019-01-14 03:32:32', '657a0bde-da68-43e4-84da-cfa0aef475a8'),
 ('269', 'MatrixBlock', '1', '0', '2018-12-29 04:06:09', '2019-01-14 03:32:32', '29c9774b-d38e-4d25-95ad-e14a61a8d14f'),
 ('270', 'MatrixBlock', '1', '0', '2018-12-29 04:06:09', '2019-01-14 03:32:32', 'e0211954-45d5-4756-9009-c7f6033f4e2d'),
 ('271', 'MatrixBlock', '1', '0', '2018-12-29 04:11:50', '2019-01-14 03:32:32', 'e9408d21-2292-4bc4-aee1-1ffcc520edf8'),
 ('272', 'MatrixBlock', '1', '0', '2018-12-29 04:11:50', '2019-01-14 03:32:32', 'e090c867-976e-4a79-a424-37dd2a1cd66e'),
 ('273', 'MatrixBlock', '1', '0', '2018-12-29 04:11:50', '2019-01-14 03:32:32', '78c3d0fe-8500-4559-92c2-6ed80f18bdc6'),
 ('274', 'MatrixBlock', '1', '0', '2018-12-29 04:11:50', '2019-01-14 03:32:32', '225bea0d-bac7-4146-bb96-65cacd084be6'),
 ('275', 'Entry', '1', '0', '2019-01-05 23:56:04', '2019-01-22 04:00:10', '0f023e0a-599e-4224-a403-d20938bd6707'),
 ('279', 'Asset', '1', '0', '2019-01-06 00:24:37', '2019-01-14 03:07:50', '2773b1cf-6e99-4a3d-860f-74df233aa12a'),
 ('281', 'Asset', '1', '0', '2019-01-06 00:51:05', '2019-01-14 03:07:51', 'c9efd4e0-defc-4dad-a615-f38833bee8e5'),
 ('282', 'Asset', '1', '0', '2019-01-06 00:59:05', '2019-01-14 03:07:58', '7b04f112-033f-49d8-8872-0c30bc6970a0'),
 ('283', 'Asset', '1', '0', '2019-01-06 00:59:06', '2019-01-14 03:07:58', 'da664967-c13c-4bbb-aff4-fe7aacd84f0d'),
 ('284', 'Asset', '1', '0', '2019-01-06 00:59:06', '2019-01-14 03:07:59', 'bc8dc8a1-f565-4246-85a8-9a2f3343bf7a'),
 ('285', 'Asset', '1', '0', '2019-01-06 00:59:07', '2019-01-14 03:07:59', '4b75fb24-b7d6-4ed0-b2b2-07d60b821921'),
 ('286', 'Asset', '1', '0', '2019-01-06 00:59:08', '2019-01-14 03:07:59', '103533c9-fd3f-453f-b134-98b6370857ea'),
 ('287', 'Asset', '1', '0', '2019-01-06 00:59:08', '2019-01-14 03:07:59', '9940af6f-0dbf-441a-a116-c65698a39b7b'),
 ('288', 'Asset', '1', '0', '2019-01-06 00:59:09', '2019-01-14 03:07:59', 'd423eced-81be-437d-a38d-876eb2aaee55'),
 ('289', 'Asset', '1', '0', '2019-01-06 00:59:09', '2019-01-14 03:07:59', 'e2ffc00d-8d97-4c87-8e33-5aecc82f8f78'),
 ('290', 'Asset', '1', '0', '2019-01-06 00:59:10', '2019-01-14 03:07:59', '7363617f-caa5-4582-a617-bcf12e4434d5'),
 ('291', 'Asset', '1', '0', '2019-01-06 00:59:10', '2019-01-14 03:07:59', 'cd8932f0-648d-427b-b864-eb586554741f'),
 ('292', 'Asset', '1', '0', '2019-01-06 00:59:11', '2019-01-14 03:07:59', 'f33108c3-dd39-4583-b633-3a82ed7b720d'),
 ('293', 'Asset', '1', '0', '2019-01-06 00:59:37', '2019-01-14 03:08:00', 'fdfbfc78-dcc0-480d-8404-047f723e344d'),
 ('294', 'Asset', '1', '0', '2019-01-06 00:59:38', '2019-01-14 03:08:00', 'a86efdfc-cd7a-4e25-83bb-0ec2f8974fc7'),
 ('295', 'Asset', '1', '0', '2019-01-06 00:59:39', '2019-01-14 03:07:58', 'b82f2c50-0c87-4a52-b112-cbacde0b18ef'),
 ('296', 'Asset', '1', '0', '2019-01-06 00:59:52', '2019-01-14 03:08:00', '4c949afb-0b0f-43f8-8a2d-de35094d291f'),
 ('297', 'Asset', '1', '0', '2019-01-06 00:59:52', '2019-01-14 03:08:00', '6f2ca728-a1a3-4def-a571-c4b109e7da12'),
 ('298', 'MatrixBlock', '1', '0', '2019-01-06 01:02:52', '2019-01-22 04:00:10', '23baf560-d773-44be-81cb-06eb8185e327'),
 ('299', 'MatrixBlock', '1', '0', '2019-01-06 01:02:52', '2019-01-22 04:00:10', '753bda14-2f3f-4b83-98ff-cb18573ad5a4'),
 ('300', 'MatrixBlock', '1', '0', '2019-01-06 01:06:06', '2019-01-22 04:00:10', '658e02f5-606d-4be1-81a5-60b46c4f17db'),
 ('301', 'MatrixBlock', '1', '0', '2019-01-06 01:06:06', '2019-01-22 04:00:10', 'ffd44a53-7ddb-4582-8499-87b41fba7091'),
 ('302', 'MatrixBlock', '1', '0', '2019-01-06 01:06:06', '2019-01-22 04:00:10', '6d36349b-d200-4479-9d58-7603da665787'),
 ('303', 'MatrixBlock', '1', '0', '2019-01-06 01:07:12', '2019-01-22 04:00:10', 'e7641ef0-3e2f-45ad-a637-365aa9e5c6e3'),
 ('304', 'MatrixBlock', '1', '0', '2019-01-06 01:11:48', '2019-01-22 04:00:10', 'afc0430a-0888-4116-9326-d59ad07986f5'),
 ('305', 'MatrixBlock', '1', '0', '2019-01-06 01:11:49', '2019-01-22 04:00:10', 'b6eaccb5-a0b8-4925-98f0-409a7f141baf'),
 ('306', 'MatrixBlock', '1', '0', '2019-01-06 01:11:49', '2019-01-22 04:00:10', 'cdbede31-405d-4d52-bc6e-58d0c446d571'),
 ('307', 'MatrixBlock', '1', '0', '2019-01-06 01:11:49', '2019-01-22 04:00:10', 'e5c0b19f-f914-4507-a439-32003b0284c8'),
 ('308', 'MatrixBlock', '1', '0', '2019-01-06 01:11:49', '2019-01-22 04:00:10', '5918d233-067c-42ef-ad54-5d2dce0792a9'),
 ('309', 'MatrixBlock', '1', '0', '2019-01-06 01:12:33', '2019-01-22 04:00:10', 'aa5b5389-9e57-4688-a684-ca9a8cd29e86'),
 ('310', 'MatrixBlock', '1', '0', '2019-01-06 01:13:15', '2019-01-22 04:00:10', '07070e11-773b-42a3-8ccc-2fe34a0be342'),
 ('318', 'Asset', '1', '0', '2019-01-14 02:51:41', '2019-01-14 03:07:49', '561974e8-d884-41c7-865a-46c5a13c9327'),
 ('320', 'Asset', '1', '0', '2019-01-14 03:07:49', '2019-01-14 03:07:50', '743b2893-a018-4d45-bbed-90723c647a15'),
 ('321', 'Asset', '1', '0', '2019-01-14 03:07:50', '2019-01-14 03:07:50', '86c39b36-4f3f-4eff-8459-05f33dead07f'),
 ('322', 'MatrixBlock', '1', '0', '2019-01-15 02:39:08', '2019-01-22 04:00:10', '5605f7d3-b14c-4e95-991e-92ce1c5e439e'),
 ('323', 'Entry', '1', '0', '2019-01-22 17:26:52', '2019-01-22 17:34:10', '0a4afc89-534a-4893-9965-0489cd996425'),
 ('324', 'MatrixBlock', '1', '0', '2019-01-22 17:33:23', '2019-01-22 17:34:10', 'f51aed9e-1b42-421e-b310-8d80da1b89f3');



DROP TABLE IF EXISTS `craft_elements_i18n`;


--
-- Schema for table `craft_elements_i18n`
--
CREATE TABLE `craft_elements_i18n` (
  `id` int(11) NOT NULL AUTO_INCREMENT,
  `elementId` int(11) NOT NULL,
  `locale` char(12) COLLATE utf8_unicode_ci NOT NULL,
  `slug` varchar(255) COLLATE utf8_unicode_ci DEFAULT NULL,
  `uri` varchar(255) COLLATE utf8_unicode_ci DEFAULT NULL,
  `enabled` tinyint(1) unsigned NOT NULL DEFAULT '1',
  `dateCreated` datetime NOT NULL,
  `dateUpdated` datetime NOT NULL,
  `uid` char(36) COLLATE utf8_unicode_ci NOT NULL DEFAULT '0',
  PRIMARY KEY (`id`),
  UNIQUE KEY `craft_elements_i18n_elementId_locale_unq_idx` (`elementId`,`locale`),
  UNIQUE KEY `craft_elements_i18n_uri_locale_unq_idx` (`uri`,`locale`),
  KEY `craft_elements_i18n_slug_locale_idx` (`slug`,`locale`),
  KEY `craft_elements_i18n_enabled_idx` (`enabled`),
  KEY `craft_elements_i18n_locale_fk` (`locale`)
) ENGINE=InnoDB AUTO_INCREMENT=325 DEFAULT CHARSET=utf8 COLLATE=utf8_unicode_ci;

--
-- Data for table `craft_elements_i18n`
--

INSERT INTO `craft_elements_i18n` (`id`, `elementId`, `locale`, `slug`, `uri`, `enabled`, `dateCreated`, `dateUpdated`, `uid`) VALUES
 ('1', '1', 'en_us', '', NULL, '1', '2016-08-20 17:42:13', '2016-08-20 18:06:20', '4c675394-0a69-48fe-b50b-7df159f1d43f'),
 ('102', '102', 'en_us', 'indie-work-2-cover-image', NULL, '1', '2016-08-22 01:47:45', '2019-01-14 03:07:55', '1ea04bb0-84af-4768-b61c-17225e884b43'),
 ('104', '104', 'en_us', 'indie-work-4-cover-image', NULL, '1', '2016-08-22 01:47:46', '2019-01-14 03:07:55', '026e2eee-44cd-42ea-b1f5-3371c9f92dd1'),
 ('105', '105', 'en_us', 'indie-work-5-cover-image', NULL, '1', '2016-08-22 01:47:48', '2019-01-14 03:07:55', 'aae02a60-1c8c-455b-beec-a79cc747a99b'),
 ('106', '106', 'en_us', 'indie-work-6-cover-image', NULL, '1', '2016-08-22 01:47:49', '2019-01-14 03:07:55', 'f3829ee5-61e5-46b7-b12a-43dcbac2c5df'),
 ('107', '107', 'en_us', 'indie-work-7-cover-image', NULL, '1', '2016-08-22 01:47:49', '2019-01-14 03:07:55', '7e555842-1cad-43c1-afc2-f5a026e9e148'),
 ('109', '109', 'en_us', 'indie-work-9-cover-image', NULL, '1', '2016-08-22 01:47:51', '2019-01-14 03:07:55', '31df8e93-737d-4b20-bb0f-26bb22b8dcc2'),
 ('111', '111', 'en_us', '12days-cover-image', NULL, '1', '2016-08-22 01:50:06', '2019-01-14 03:07:51', 'fbbb0f84-e407-4ae8-a0a0-190534caa030'),
 ('112', '112', 'en_us', '12-days3-cover-image', NULL, '1', '2016-08-22 01:50:07', '2019-01-14 03:07:51', '0cdde343-4092-4618-bb23-79a14452a34f'),
 ('113', '113', 'en_us', 'bosch-cover-image', NULL, '1', '2016-08-22 01:50:08', '2019-01-14 03:07:51', 'c97bc50f-d9b4-4fcd-b75a-beed7aa6f455'),
 ('114', '114', 'en_us', 'bossa-cover-image', NULL, '1', '2016-08-22 01:50:08', '2019-01-14 03:07:51', 'cc6f5962-1729-4938-9da1-970f17518363'),
 ('115', '115', 'en_us', 'cartoon-network-cover-image', NULL, '1', '2016-08-22 01:50:09', '2019-01-14 03:07:51', '0fb312dd-6265-4ee2-be14-9143c184d88f'),
 ('116', '116', 'en_us', 'cgcc-cover-image', NULL, '1', '2016-08-22 01:50:09', '2019-01-14 03:07:51', '88b50462-5e10-4260-94ee-3f34fb276cb5'),
 ('117', '117', 'en_us', 'count-down-cover-image', NULL, '1', '2016-08-22 01:50:09', '2019-01-14 03:07:51', '521b174c-656d-4127-b657-e4e3b60dc108'),
 ('118', '118', 'en_us', 'cranks-and-gulps-cover-image', NULL, '1', '2016-08-22 01:50:10', '2019-01-14 03:07:52', '6cb4760a-fc9f-413f-a882-e6b6ae1d5d8f'),
 ('119', '119', 'en_us', 'dell-cover-image', NULL, '1', '2016-08-22 01:50:11', '2019-01-14 03:07:52', '4c37d7a1-7216-492f-b94a-48435989e0d0'),
 ('120', '120', 'en_us', 'espn-cover-image', NULL, '1', '2016-08-22 01:50:12', '2019-01-14 03:07:52', 'a3cd2fff-ce34-4d6b-8e3a-c064d41414ca'),
 ('121', '121', 'en_us', 'foot-locker-cover-image', NULL, '1', '2016-08-22 01:50:13', '2019-01-14 03:07:52', 'fa8a17d7-15cd-463e-b75d-c96c2affd8e3'),
 ('122', '122', 'en_us', 'goog-teamwork-cover-image', NULL, '1', '2016-08-22 01:50:13', '2019-01-14 03:07:52', '4ba131d7-90b3-4fd4-9798-f49d0fa02205'),
 ('123', '123', 'en_us', 'hanes-socks-cover-image', NULL, '1', '2016-08-22 01:50:14', '2019-01-14 03:07:53', 'de499184-8a6d-4911-b07f-c253474a820d'),
 ('124', '124', 'en_us', 'hardboil-cover-image', NULL, '1', '2016-08-22 01:50:15', '2019-01-14 03:07:52', 'ca6bcb1a-3560-432e-8733-a91ff95fb105'),
 ('125', '125', 'en_us', 'hermes-noel-cover-image', NULL, '1', '2016-08-22 01:50:16', '2019-01-14 03:07:52', 'c3ef8168-ddd3-4513-b135-e1931310670d'),
 ('126', '126', 'en_us', 'mcd-cracker-cover-image', NULL, '1', '2016-08-22 01:50:16', '2019-01-14 03:07:52', '5b4fa6c8-42ab-4af4-a8ff-c8d4a5a7ed62'),
 ('127', '127', 'en_us', 'melvin-moon-cover-image', NULL, '1', '2016-08-22 01:50:17', '2019-01-14 03:07:52', '71e89cb2-6e82-4906-b8c9-3d475d27377b'),
 ('128', '128', 'en_us', 'navy-fed-cover-image', NULL, '1', '2016-08-22 01:50:18', '2019-01-14 03:07:52', '039e81d8-caa3-4dde-a42d-2c436d68de56'),
 ('129', '129', 'en_us', 'phillip-lim-cover-image', NULL, '1', '2016-08-22 01:50:18', '2019-01-14 03:07:53', '3f465c2d-130d-4d65-aecc-725e69b14559'),
 ('130', '130', 'en_us', 'randy-fox-cover-image', NULL, '1', '2016-08-22 01:50:19', '2019-01-14 03:07:53', '26ca842c-225e-427a-9385-bcd53956e680'),
 ('131', '131', 'en_us', 'rushkitchen-cover-image', NULL, '1', '2016-08-22 01:50:19', '2019-01-14 03:07:53', '5761fc4b-d652-4253-b36a-54191ae2885b'),
 ('132', '132', 'en_us', 'tim-horton-cover-image', NULL, '1', '2016-08-22 01:50:20', '2019-01-14 03:07:53', 'b872a555-ca48-4dea-a929-0d32ec62e15c'),
 ('133', '133', 'en_us', 'toadpipe-cover-image', NULL, '1', '2016-08-22 01:50:20', '2019-01-14 03:07:53', '03b46e5c-fd68-46d0-b177-8019c1aade7f'),
 ('134', '134', 'en_us', 'bornsmall-o', NULL, '1', '2016-08-22 01:55:14', '2019-01-14 03:07:58', 'bb3f1440-4e9e-4348-a67d-c54e3919750b'),
 ('135', '135', 'en_us', 'head1-s-905-2x', NULL, '1', '2016-08-22 01:55:15', '2019-01-14 03:07:58', '386a6a3b-ac19-4489-bcb2-49c655fc8269'),
 ('136', '136', 'en_us', 'head2-s-905-2x', NULL, '1', '2016-08-22 01:55:16', '2019-01-14 03:07:55', '76c03780-2ea2-4693-a496-7a06c9a48b38'),
 ('137', '137', 'en_us', 'head3-s-905-2x', NULL, '1', '2016-08-22 01:55:17', '2019-01-14 03:07:56', 'dca080bd-a021-4fe3-b00a-d9cc085f595d'),
 ('139', '139', 'en_us', 'j2-905', NULL, '1', '2016-08-22 01:55:18', '2019-01-14 03:07:57', 'c99d7ec6-3f26-4708-84ef-92fb0979f422'),
 ('140', '140', 'en_us', 'j3-905', NULL, '1', '2016-08-22 01:55:19', '2019-01-14 03:07:57', '85665382-2a7e-4618-b458-a3bf64242bb3'),
 ('141', '141', 'en_us', 'j4-905', NULL, '1', '2016-08-22 01:55:19', '2019-01-14 03:07:57', 'd6fd2a9b-5aaf-45ed-a0d9-70cdf1a13f2c'),
 ('142', '142', 'en_us', 'j5-905', NULL, '1', '2016-08-22 01:55:20', '2019-01-14 03:07:57', '25d9ee0b-862a-46cc-8eb0-8281901a034e'),
 ('143', '143', 'en_us', 'j6-905', NULL, '1', '2016-08-22 01:55:20', '2019-01-14 03:07:57', 'acfd982d-cdc5-43d3-b526-d505b5c0d2ad'),
 ('144', '144', 'en_us', 'j7-905', NULL, '1', '2016-08-22 01:55:21', '2019-01-14 03:07:58', 'ed61f1a9-2e05-421e-93a5-89eb3c80c2e6'),
 ('146', '146', 'en_us', 'purity-905', NULL, '1', '2016-08-22 01:55:22', '2019-01-14 03:07:58', 'ac6467d1-21ce-4258-aaf9-6d5720c8f25f'),
 ('147', '147', 'en_us', 'reds-small-905-2x', NULL, '1', '2016-08-22 01:55:22', '2019-01-14 03:07:58', 'c3568558-76a6-46b7-adfb-60f1e5dce925'),
 ('149', '149', 'en_us', 'time-905-2x', NULL, '1', '2016-08-22 01:55:24', '2019-01-14 03:07:58', 'eb733f6e-6d39-4b59-93a4-4cacc82310b7'),
 ('153', '153', 'en_us', '12-days-of-elves-season-2', 'commercial-work/12-days-of-elves-season-2', '1', '2016-08-23 18:41:15', '2018-12-28 21:44:52', '563732c0-b4ef-4f2f-822f-99a057a46714'),
 ('154', '154', 'en_us', '12-days-of-elves-season-3', 'commercial-work/12-days-of-elves-season-3', '1', '2016-08-23 19:00:00', '2018-12-28 21:44:53', '1ba2f4a8-a6aa-4582-8cc1-3754c47d2afc'),
 ('155', '155', 'en_us', 'dell-stop-motion-paper-cut', 'commercial-work/dell-stop-motion-paper-cut', '1', '2016-08-23 19:10:00', '2018-12-28 21:44:53', 'db2fc339-2878-4d6f-9c02-c2a7ea4bfc0b'),
 ('156', '156', 'en_us', 'espn-what-are-you-doing-new-years-eve', 'commercial-work/espn-what-are-you-doing-new-years-eve', '1', '2016-08-23 19:11:37', '2018-12-28 21:44:53', 'a54f04d0-04c1-46b9-a4cd-4e7b0e86cf78'),
 ('157', '157', 'en_us', 'bosch-stop-the-roadkill', 'commercial-work/bosch-stop-the-roadkill', '1', '2016-08-23 19:13:34', '2018-12-28 21:44:53', 'f89f0d19-ec90-4e75-908a-f076d6d76c53'),
 ('158', '158', 'en_us', 'foot-locker-endtag', 'commercial-work/foot-locker-endtag', '1', '2016-08-23 19:18:19', '2018-12-28 21:44:53', '73d8adde-2921-429d-aa8d-7b9ee51ecbab'),
 ('159', '159', 'en_us', 'navy-federal-credit-union-our-members-make-us', 'commercial-work/navy-federal-credit-union-our-members-make-us', '1', '2016-08-23 19:18:51', '2018-12-28 21:44:53', 'e50eeea7-1e01-4638-85e4-bbb6708b03a8'),
 ('160', '160', 'en_us', 'cranks-and-gulps', 'commercial-work/cranks-and-gulps', '1', '2016-08-23 19:20:31', '2018-12-28 21:44:53', '80ff2468-d5db-48c6-9ed1-b37c6725418e'),
 ('161', '161', 'en_us', 'hermès-noel', 'commercial-work/hermès-noel', '1', '2016-08-23 19:22:28', '2018-12-28 21:44:53', 'b83577d1-539a-4310-aa9e-d61211e2c327'),
 ('162', '162', 'en_us', 'rush-in-the-kitchen', 'commercial-work/rush-in-the-kitchen', '1', '2016-08-23 19:23:05', '2018-12-28 21:44:53', 'd15cb084-a50a-43c2-a3b6-df422672213f'),
 ('163', '163', 'en_us', 'melvin-in-the-moon', 'commercial-work/melvin-in-the-moon', '1', '2016-08-23 19:23:54', '2018-12-28 21:44:53', '538fc1c1-f089-4083-891f-c1167bf0b033'),
 ('164', '164', 'en_us', 'mcdonalds-cracker', 'commercial-work/mcdonalds-cracker', '1', '2016-08-23 19:24:27', '2018-12-28 21:44:54', 'be67fb84-0312-45a5-80d0-39599c5b2c3d'),
 ('165', '165', 'en_us', 'tim-horton-ice-capp-think-happy', 'commercial-work/tim-horton-ice-capp-think-happy', '1', '2016-08-23 19:24:50', '2018-12-28 21:44:54', '199d17de-e651-414e-85a1-22dc9ad3e3c6'),
 ('166', '166', 'en_us', 'google-teamwork', 'commercial-work/google-teamwork', '1', '2016-08-23 19:25:13', '2018-12-28 21:44:54', '02138e38-695f-4844-90f2-b2616eefa2e7'),
 ('167', '167', 'en_us', 'randy-and-fox', 'commercial-work/randy-and-fox', '1', '2016-08-23 19:25:42', '2018-12-28 21:44:54', 'd44b7d36-438f-4539-adb1-e67a646c04e4'),
 ('168', '168', 'en_us', 'bossa-logo-animation', 'commercial-work/bossa-logo-animation', '1', '2016-08-23 19:26:09', '2018-12-28 21:44:54', '26896b57-e51f-4f38-bf41-2bfa353152cb'),
 ('169', '169', 'en_us', 'follow-the-sock', 'commercial-work/follow-the-sock', '1', '2016-08-23 19:26:39', '2018-12-28 21:44:54', '305f1e61-d9de-4050-99c8-d3b40a90c294'),
 ('170', '170', 'en_us', 'toadpipe-short-film', 'commercial-work/toadpipe-short-film', '1', '2016-08-23 19:27:27', '2018-12-28 21:44:54', 'eb137958-36ff-45eb-97b3-d13d51a29423'),
 ('171', '171', 'en_us', 'foot-models', 'commercial-work/foot-models', '1', '2016-08-23 19:28:02', '2018-12-28 21:44:54', 'f5d6d685-c276-4894-9cb4-c12eee8e6bb6'),
 ('172', '172', 'en_us', 'hardboil', 'commercial-work/hardboil', '1', '2016-08-23 19:29:31', '2018-12-28 21:44:54', '22e77b40-c06f-4b9a-af95-aad28b314ad5'),
 ('173', '173', 'en_us', 'count-down-for-hornet', 'commercial-work/count-down-for-hornet', '1', '2016-08-23 19:29:57', '2018-12-28 21:44:54', 'e7a025eb-4719-4ce2-b42c-6a11313dd7aa'),
 ('174', '174', 'en_us', 'cartoon-network', 'commercial-work/cartoon-network', '1', '2016-08-23 19:30:37', '2018-12-28 21:44:54', '372de77f-e749-4aa7-a7c6-3af389d7bbd4'),
 ('175', '175', 'en_us', 'ogilvy-mather-cgcc-10th-anniversary', 'commercial-work/ogilvy-mather-cgcc-10th-anniversary', '1', '2016-08-23 19:31:14', '2018-12-28 21:44:54', 'ceffc1ea-b612-44b9-bf82-3ba7cb483e52'),
 ('176', '176', 'en_us', 'heavy-light-and-i', 'indie-work/heavy-light-and-i', '1', '2016-08-23 19:33:54', '2018-12-28 21:45:03', '55bd1715-f4fd-417c-a3fa-604b07538008'),
 ('177', '177', 'en_us', 'map-to-sva', 'indie-work/map-to-sva', '1', '2016-08-23 19:41:10', '2018-12-28 21:45:03', '97c05a31-5729-42d3-b1e4-ef412c259c19'),
 ('178', '178', 'en_us', 'purity', 'indie-work/purity', '1', '2016-08-23 19:42:09', '2018-12-28 21:45:03', '476b3607-ac7e-4a28-a42d-560b0380d5da'),
 ('179', '179', 'en_us', 'jack-and-jill', 'indie-work/jack-and-jill', '1', '2016-08-23 19:43:06', '2018-12-28 21:45:04', '3024dc57-8046-4d65-b02a-909925f8e10b'),
 ('180', '180', 'en_us', 'musical-oranges', 'indie-work/musical-oranges', '1', '2016-08-23 19:44:08', '2018-12-28 21:45:04', '4f6ff815-bbba-4780-a54a-9c7edadc3982'),
 ('181', '181', 'en_us', 'collage', NULL, '1', '2016-08-23 19:47:20', '2016-08-23 19:47:20', '68f5eb61-12ee-40e1-9147-f48ed1225b1c'),
 ('182', '182', 'en_us', 'mixed-media-art', NULL, '1', '2016-08-23 19:52:32', '2018-01-26 20:50:04', '557b83ec-00b9-4432-9d79-71ca484f583b'),
 ('183', '183', 'en_us', 'drawing', NULL, '1', '2016-08-23 19:55:33', '2016-08-23 19:56:12', 'e5651a02-6b97-4447-9835-d28590dad290'),
 ('184', '184', 'en_us', 'animation', NULL, '1', '2016-08-23 19:55:46', '2016-08-23 19:56:12', '493da36d-f9fd-4d75-97c5-4af678214d5d'),
 ('185', '185', 'en_us', 'film', NULL, '1', '2016-08-23 19:55:58', '2018-01-26 20:50:39', '31edfbfc-f7be-4cd7-ad3d-9500ed8dab0a'),
 ('186', '186', 'en_us', 'red', 'indie-work/red', '1', '2016-08-23 19:57:49', '2018-12-28 21:45:04', '3a36e6bd-f071-418c-83d9-10128f1ca914'),
 ('187', '187', 'en_us', 'time', 'indie-work/time', '1', '2016-08-23 19:58:30', '2018-12-28 21:45:04', 'a3e40d47-fc3c-4301-b7a9-ca1e13fe70d4'),
 ('188', '188', 'en_us', 'self-tree', 'indie-work/self-tree', '1', '2016-08-23 19:59:14', '2018-12-28 21:45:04', 'f99946d7-c58f-4a27-aa80-bc4049087e87'),
 ('189', '189', 'en_us', 'head', 'indie-work/head', '1', '2016-08-23 19:59:56', '2018-12-28 21:45:04', '513697bd-5164-42d9-8624-c82290d324ec'),
 ('190', '190', 'en_us', 'birth-to-die', 'indie-work/birth-to-die', '1', '2016-08-23 20:01:25', '2018-12-28 21:45:04', '00eb2ff6-7bf9-49ba-b3ae-02365167462b'),
 ('195', '195', 'en_us', 'commercial-works-page', 'commercial-work', '1', '2017-03-22 03:00:06', '2018-12-28 21:44:47', '9270cf77-92a4-4e15-ba1c-5d7c339a1cd1'),
 ('196', '196', 'en_us', 'indie-works-page', 'indie-work', '1', '2017-03-22 03:02:25', '2018-12-28 21:44:58', 'cd04fdac-4d36-4cac-a8b5-24a54a9d603c'),
 ('206', '206', 'en_us', '', NULL, '1', '2017-12-02 03:26:38', '2018-12-27 20:12:52', '1c717250-5995-434e-8bfa-f8dcf7fd8727'),
 ('207', '207', 'en_us', '', NULL, '1', '2017-12-02 03:26:38', '2018-12-27 20:12:52', '50c58035-6f6a-46c7-88e5-cf35232f8150'),
 ('208', '208', 'en_us', '', NULL, '1', '2017-12-02 03:28:07', '2018-12-27 20:12:52', '7ee39973-2549-4f36-88e8-67f478a4988c'),
 ('209', '209', 'en_us', '', NULL, '1', '2017-12-02 03:28:07', '2018-12-27 20:12:52', '79014212-3bb2-40f5-847e-fd4711dc3bf9'),
 ('210', '210', 'en_us', 'prime-day-2016', 'commercial-work/prime-day-2016', '1', '2017-12-03 03:58:22', '2018-12-28 21:44:54', '8a0108cf-4934-44e4-9274-5f4ce5025659'),
 ('211', '211', 'en_us', '', NULL, '1', '2017-12-03 04:00:36', '2018-12-27 20:12:46', 'b6ed5ced-b2ed-43bc-90ba-596fc6aeada4'),
 ('212', '212', 'en_us', '', NULL, '1', '2017-12-03 04:00:36', '2018-12-27 20:12:46', '4d8d059d-75f1-4dac-b610-99c1cdfee1ec'),
 ('213', '213', 'en_us', '', NULL, '1', '2017-12-03 04:00:36', '2018-12-27 20:12:46', '6b1b709e-fd92-4728-b12d-415ed82d8398'),
 ('214', '214', 'en_us', '', NULL, '1', '2017-12-03 04:00:36', '2018-12-27 20:12:46', 'a78ed160-3a22-4679-808d-7d97c92f5cd3'),
 ('215', '215', 'en_us', '', NULL, '1', '2017-12-03 04:00:36', '2018-12-27 20:12:46', 'eed280cc-ae82-404c-a2b2-f6c9f0bfa4ec'),
 ('216', '216', 'en_us', '', NULL, '1', '2017-12-03 04:00:36', '2018-12-27 20:12:46', '6d52bd7e-7a2d-47f8-983a-ffb9ff041b9b'),
 ('217', '217', 'en_us', 'xiaoxiaos-new-web-commercial-cover-amazon-prime-day-2016-tv-spot-everywhere', NULL, '1', '2017-12-03 04:09:47', '2019-01-14 03:07:53', 'd0c99ee5-77a6-47e6-9a3c-e0b4d6651e11'),
 ('218', '218', 'en_us', 'xiaoxiaos-new-web-commercial-breakdown-amazon-prime-day-2016-tv-spot-everywhere-a001', NULL, '1', '2017-12-03 04:15:52', '2019-01-14 03:07:53', '09e0cd1a-90eb-4e0b-9606-77e36769d751'),
 ('219', '219', 'en_us', 'xiaoxiaos-new-web-commercial-breakdown-amazon-prime-day-2016-tv-spot-everywhere-a002', NULL, '1', '2017-12-03 04:15:52', '2019-01-14 03:07:54', '71e57e2e-6a96-4764-aa48-498f92d96a0a'),
 ('220', '220', 'en_us', 'xiaoxiaos-new-web-commercial-breakdown-amazon-prime-day-2016-tv-spot-everywhere-b001', NULL, '1', '2017-12-03 04:15:53', '2019-01-14 03:07:54', '52ce0e46-aa23-41be-9fe3-b28a479cc1d3'),
 ('221', '221', 'en_us', 'xiaoxiaos-new-web-commercial-breakdown-amazon-prime-day-2016-tv-spot-everywhere-b002', NULL, '1', '2017-12-03 04:15:53', '2019-01-14 03:07:54', '8ed0a551-ce0f-498f-9ad8-b887664aebe4'),
 ('222', '222', 'en_us', 'xiaoxiaos-new-web-commercial-breakdown-amazon-prime-day-2016-tv-spot-everywhere-b003', NULL, '1', '2017-12-03 04:15:53', '2019-01-14 03:07:54', 'a1690668-3367-4238-b83e-9530d6138203');
INSERT INTO `craft_elements_i18n` (`id`, `elementId`, `locale`, `slug`, `uri`, `enabled`, `dateCreated`, `dateUpdated`, `uid`) VALUES
 ('225', '225', 'en_us', 'motion-graphic', NULL, '1', '2018-01-12 02:37:32', '2018-01-12 02:38:48', 'b151e39f-b79e-4c5b-9438-c3488289f70a'),
 ('227', '227', 'en_us', 'digital-collage', NULL, '1', '2018-01-26 20:50:29', '2018-01-26 20:50:35', 'd902031f-7336-4b7c-85b2-fc941d628678'),
 ('229', '229', 'en_us', 'indie-preview-map-to-sva', NULL, '1', '2018-01-26 21:22:12', '2019-01-14 03:07:54', 'f645f494-f139-45d4-8c07-db91d3e85726'),
 ('231', '231', 'en_us', 'indie-artwork-map-to-sva', NULL, '1', '2018-01-26 21:31:13', '2019-01-14 03:07:56', 'fadf4015-9ec7-4539-98c6-724d98b840e0'),
 ('232', '232', 'en_us', 'indie-preview-light-heavy-and-i', NULL, '1', '2018-01-26 21:53:02', '2019-01-14 03:07:54', '6ebfafd4-0582-4895-8d10-fa99c731c1d6'),
 ('234', '234', 'en_us', 'indie-preview-self-tree', NULL, '1', '2018-01-27 01:13:36', '2019-01-14 03:07:54', 'bf150546-3f2d-4e5a-a60d-c762801284fa'),
 ('237', '237', 'en_us', 'indie-preview-musical-oranges', NULL, '1', '2018-01-27 01:53:53', '2019-01-14 03:07:54', '4550d0df-1895-4399-90fb-b4fbdc73d128'),
 ('238', '238', 'en_us', 'indie-artwork-light-heavy-and-i', NULL, '1', '2018-01-27 02:09:20', '2019-01-14 03:07:56', '5006fdcd-3f48-4047-a44c-457edd1d75cc'),
 ('239', '239', 'en_us', 'indie-artwork-self-tree', NULL, '1', '2018-01-27 02:09:54', '2019-01-14 03:07:57', '8ef86785-1c89-442a-bd9c-5a9705a4a4b5'),
 ('240', '240', 'en_us', 'indie-preview-time-01', NULL, '1', '2018-01-27 02:21:08', '2019-01-14 03:07:55', 'dbc2abf6-4fe0-4d4a-b85d-2bcc11c085b0'),
 ('241', '241', 'en_us', 'indie-artwork-time', NULL, '1', '2018-01-27 02:22:43', '2019-01-14 03:07:57', '6bcb7007-3878-4d08-92e3-67fd8d1c8f34'),
 ('242', '242', 'en_us', 'indie-preview-time-02', NULL, '1', '2018-01-27 02:24:58', '2019-01-14 03:07:55', 'c15128cc-c2a6-40e9-b4d2-c7be3f543793'),
 ('243', '243', 'en_us', '', NULL, '1', '2018-12-25 21:30:46', '2018-12-27 20:12:46', '72f93a19-db90-4ff1-aae9-921a10b3b612'),
 ('244', '244', 'en_us', '', NULL, '1', '2018-12-25 21:30:46', '2018-12-27 20:12:46', 'ebcacb6e-acea-43b5-b37d-d950e0167427'),
 ('245', '245', 'en_us', '', NULL, '1', '2018-12-25 21:30:46', '2018-12-27 20:12:46', '6677aaf3-6697-4b9f-a065-dbedb8370bea'),
 ('246', '246', 'en_us', '', NULL, '1', '2018-12-25 21:33:15', '2018-12-27 20:12:52', 'f22e9dfa-b774-4819-8786-f916665d20ad'),
 ('247', '247', 'en_us', '', NULL, '1', '2018-12-25 21:33:15', '2018-12-27 20:12:52', 'e0d0e19c-5f26-4126-aa60-e88c0c8e4317'),
 ('248', '248', 'en_us', '', NULL, '1', '2018-12-25 21:33:15', '2018-12-27 20:12:52', '18670eac-fcab-4662-a19e-a75325977acd'),
 ('249', '249', 'en_us', '', NULL, '1', '2018-12-25 23:13:03', '2018-12-25 23:13:03', '04e9ab1f-f0ea-459e-a9f4-5b182cb1145a'),
 ('250', '250', 'en_us', '', NULL, '1', '2018-12-25 23:13:23', '2018-12-25 23:13:23', '5aa74905-e7ed-4664-9b06-f1e681e45389'),
 ('251', '251', 'en_us', '', NULL, '1', '2018-12-25 23:13:51', '2018-12-25 23:13:51', 'db5f115e-7fe2-49c4-9fdf-483320762989'),
 ('252', '252', 'en_us', '', NULL, '1', '2018-12-26 01:45:19', '2018-12-26 03:50:05', '594899d4-4677-40ac-b4f5-6e38f870355e'),
 ('253', '253', 'en_us', '', NULL, '1', '2018-12-26 03:09:11', '2018-12-26 03:09:11', 'e95ece7d-1e1c-44cc-82b0-4d02dcf059e6'),
 ('254', '254', 'en_us', '', NULL, '1', '2018-12-26 03:50:05', '2018-12-26 03:50:05', '9f1f8a2a-eaaa-474d-b71e-3597c8f8df9d'),
 ('255', '255', 'en_us', '', NULL, '1', '2018-12-26 17:05:03', '2018-12-26 17:05:03', '9c5602df-80c1-4934-80fe-0efb7e52c18a'),
 ('256', '256', 'en_us', '', NULL, '1', '2018-12-26 17:05:42', '2018-12-26 17:05:42', 'f120d80c-6957-45df-8fd3-ffebe9169db8'),
 ('257', '257', 'en_us', '', NULL, '1', '2018-12-26 17:06:06', '2018-12-26 17:06:06', 'ee5df0b6-14f7-4a7c-b73b-cb07e6ba0cef'),
 ('258', '258', 'en_us', '', NULL, '1', '2018-12-26 17:06:25', '2018-12-26 17:06:28', 'd371ddfd-6926-48aa-a762-62ccdd62905c'),
 ('259', '259', 'en_us', '', NULL, '1', '2018-12-26 17:06:44', '2018-12-26 17:06:44', '6e98a361-d4b1-4f47-867b-43255260157a'),
 ('260', '260', 'en_us', 'about', NULL, '1', '2018-12-26 18:18:31', '2018-12-26 18:26:19', 'efd97971-972e-40ca-b579-85acbe967de2'),
 ('261', '261', 'en_us', 'commercial', NULL, '1', '2018-12-26 18:18:51', '2018-12-27 20:32:45', '28669ca6-b542-4af3-8dc3-84ddc10e1656'),
 ('262', '262', 'en_us', 'indie', NULL, '1', '2018-12-26 18:21:08', '2018-12-26 18:21:08', 'eec7343b-0923-4c72-af30-0efb77a89c95'),
 ('263', '263', 'en_us', 'contact', NULL, '1', '2018-12-26 18:21:16', '2018-12-26 18:26:28', '275e21f6-8532-464c-be03-55fe49110a50'),
 ('264', '264', 'en_us', 'about-page', 'about', '1', '2018-12-26 18:24:47', '2019-01-14 03:32:32', 'f5ff761c-bed1-437b-b44f-12ff0ff2b45a'),
 ('265', '265', 'en_us', 'contact-page', 'contact', '1', '2018-12-26 18:25:03', '2019-01-06 00:35:09', '218a8d54-d168-44c2-8965-7b7be2f11665'),
 ('266', '266', 'en_us', '', NULL, '1', '2018-12-27 20:14:19', '2018-12-27 20:28:53', 'd2e11c5d-c588-44aa-8343-737ba9b42d6e'),
 ('267', '267', 'en_us', '', NULL, '1', '2018-12-27 20:14:19', '2018-12-27 20:28:53', '3fcfe3a4-d81d-4aa0-a1cc-22144bf880cb'),
 ('268', '268', 'en_us', '', NULL, '1', '2018-12-29 04:06:09', '2019-01-14 03:32:32', 'fada1c86-1eb0-499a-8292-1472f9937b30'),
 ('269', '269', 'en_us', '', NULL, '1', '2018-12-29 04:06:09', '2019-01-14 03:32:32', '190e4895-aabe-4ac5-8e3d-42aeadc82f6f'),
 ('270', '270', 'en_us', '', NULL, '1', '2018-12-29 04:06:09', '2019-01-14 03:32:32', '0792aad1-60ab-4993-9738-bacc32bf332c'),
 ('271', '271', 'en_us', '', NULL, '1', '2018-12-29 04:11:50', '2019-01-14 03:32:32', '3dff10c0-a2c3-424e-ae45-27b0032cbc88'),
 ('272', '272', 'en_us', '', NULL, '1', '2018-12-29 04:11:50', '2019-01-14 03:32:32', '50c8d840-e45d-461e-a54a-e286919f9ee2'),
 ('273', '273', 'en_us', '', NULL, '1', '2018-12-29 04:11:50', '2019-01-14 03:32:32', '4ac00c9b-2019-4dc5-88ba-2a7e3a8a0cb0'),
 ('274', '274', 'en_us', '', NULL, '1', '2018-12-29 04:11:50', '2019-01-14 03:32:32', '91dc6b62-769c-4c82-9327-60dfde6f8ba1'),
 ('275', '275', 'en_us', 'home-page', '__home__', '1', '2019-01-05 23:56:04', '2019-01-22 04:00:10', '1797f7d9-0bcf-4264-8eb3-8fd662a792b9'),
 ('279', '279', 'en_us', 'design-contact-bg-1', NULL, '1', '2019-01-06 00:24:37', '2019-01-14 03:07:50', '2f45edbc-a209-4076-bccb-24033bbaac3d'),
 ('281', '281', 'en_us', 'home-collage-paper-background', NULL, '1', '2019-01-06 00:51:05', '2019-01-14 03:07:51', 'fad565bc-60cb-4e77-aa26-6e24b6b6e463'),
 ('282', '282', 'en_us', 'home-collage-output-cloud01-opposite', NULL, '1', '2019-01-06 00:59:05', '2019-01-14 03:07:58', '7bdeb898-e990-4318-85a0-68646ea44bb6'),
 ('283', '283', 'en_us', 'home-collage-output-cloud01', NULL, '1', '2019-01-06 00:59:06', '2019-01-14 03:07:58', 'ca655ff1-412d-4bd4-b0d2-47cdd9275a07'),
 ('284', '284', 'en_us', 'home-collage-output-cloud02-opposite', NULL, '1', '2019-01-06 00:59:06', '2019-01-14 03:07:59', '3eea934c-ebb4-4b44-9a39-e30aad0ffb30'),
 ('285', '285', 'en_us', 'home-collage-output-cloud02', NULL, '1', '2019-01-06 00:59:07', '2019-01-14 03:07:59', '0612ac03-792e-447f-b2ca-8bd772ae3958'),
 ('286', '286', 'en_us', 'home-collage-output-cloud03-opposite', NULL, '1', '2019-01-06 00:59:08', '2019-01-14 03:07:59', 'ca72c616-3944-45af-a16d-772f6e77a73a'),
 ('287', '287', 'en_us', 'home-collage-output-cloud03', NULL, '1', '2019-01-06 00:59:08', '2019-01-14 03:07:59', '017da030-6be0-4851-910e-97ee54f62279'),
 ('288', '288', 'en_us', 'home-collage-output-cloud04-opposite', NULL, '1', '2019-01-06 00:59:09', '2019-01-14 03:07:59', 'f96ebf42-1e48-444a-b2a6-0f16f5847caa'),
 ('289', '289', 'en_us', 'home-collage-output-cloud04', NULL, '1', '2019-01-06 00:59:09', '2019-01-14 03:07:59', '919b096b-cbfc-44be-852b-3c1299c902d1'),
 ('290', '290', 'en_us', 'home-collage-output-cloud05-opposite', NULL, '1', '2019-01-06 00:59:10', '2019-01-14 03:07:59', 'f795e4c9-f364-4e02-96fa-6bdaba919ffe'),
 ('291', '291', 'en_us', 'home-collage-output-cloud05', NULL, '1', '2019-01-06 00:59:10', '2019-01-14 03:07:59', 'a5ef5c33-f027-4daf-97a7-5d2aad730ff9'),
 ('292', '292', 'en_us', 'home-collage-output-cloud06', NULL, '1', '2019-01-06 00:59:11', '2019-01-14 03:07:59', '6be83555-811b-4136-b481-f295434914dc'),
 ('293', '293', 'en_us', 'home-collage-output-feather-and-line', NULL, '1', '2019-01-06 00:59:37', '2019-01-14 03:08:00', '8ecab9f8-3a9d-4913-b631-e7524d2cc1dd'),
 ('294', '294', 'en_us', 'home-collage-output-feather', NULL, '1', '2019-01-06 00:59:38', '2019-01-14 03:08:00', '603861e1-94da-4351-bc32-faccee2cd561'),
 ('295', '295', 'en_us', 'home-collage-output-line', NULL, '1', '2019-01-06 00:59:39', '2019-01-14 03:07:58', '9937d25d-9633-48c2-bb04-5ae2c2047e7c'),
 ('296', '296', 'en_us', 'home-collage-output-sq-paper', NULL, '1', '2019-01-06 00:59:52', '2019-01-14 03:08:00', '96679bce-78b3-456b-befc-d8900b355f4d'),
 ('297', '297', 'en_us', 'home-collage-output-sq-papername', NULL, '1', '2019-01-06 00:59:52', '2019-01-14 03:08:00', 'e8eb56b9-1516-4d7e-94bb-b1a70bfdf2ba'),
 ('298', '298', 'en_us', '', NULL, '1', '2019-01-06 01:02:52', '2019-01-22 04:00:10', '7ae20e53-a152-44f0-9639-7bb4bed33aa3'),
 ('299', '299', 'en_us', '', NULL, '1', '2019-01-06 01:02:52', '2019-01-22 04:00:10', 'd689ec47-087e-495f-803c-1c03ff8fe38d'),
 ('300', '300', 'en_us', '', NULL, '1', '2019-01-06 01:06:06', '2019-01-22 04:00:10', '3d571605-8d38-428f-8482-bfce6abae420'),
 ('301', '301', 'en_us', '', NULL, '1', '2019-01-06 01:06:06', '2019-01-22 04:00:10', 'a9df6ca9-77bc-47cc-bbb5-64fe8f3e3204'),
 ('302', '302', 'en_us', '', NULL, '1', '2019-01-06 01:06:06', '2019-01-22 04:00:10', '522388a8-151c-4b31-969f-6b4ad72eda8a'),
 ('303', '303', 'en_us', '', NULL, '1', '2019-01-06 01:07:12', '2019-01-22 04:00:10', '8f22a39f-1670-4da4-9e28-500b69b88259'),
 ('304', '304', 'en_us', '', NULL, '1', '2019-01-06 01:11:48', '2019-01-22 04:00:10', '23dec96f-2ce4-4645-8c05-e6c270045e12'),
 ('305', '305', 'en_us', '', NULL, '1', '2019-01-06 01:11:49', '2019-01-22 04:00:10', 'f823a2d3-af7b-4a82-a48b-e734985ec6bd'),
 ('306', '306', 'en_us', '', NULL, '1', '2019-01-06 01:11:49', '2019-01-22 04:00:10', 'b31b907e-ed6d-47e3-810b-f9af17c66791'),
 ('307', '307', 'en_us', '', NULL, '1', '2019-01-06 01:11:49', '2019-01-22 04:00:10', '879ccf0d-3378-47c4-86f0-ed17d1ca3f29'),
 ('308', '308', 'en_us', '', NULL, '1', '2019-01-06 01:11:49', '2019-01-22 04:00:10', 'cae579a6-2a1c-4478-9b0f-726f0e7d13ed'),
 ('309', '309', 'en_us', '', NULL, '1', '2019-01-06 01:12:33', '2019-01-22 04:00:10', 'c7fb7267-2de5-414f-b4e4-af792d4be4e0'),
 ('310', '310', 'en_us', '', NULL, '1', '2019-01-06 01:13:15', '2019-01-22 04:00:10', '1f668c91-fc1f-497d-b712-29d316063fd8'),
 ('318', '318', 'en_us', 'design-about-bg-page01-190113', NULL, '1', '2019-01-14 02:51:41', '2019-01-14 03:07:49', '5600a8a6-6c2d-450c-8fd2-150a7707ea04'),
 ('320', '320', 'en_us', 'design-about-bg-page02-190113', NULL, '1', '2019-01-14 03:07:49', '2019-01-14 03:07:50', '56e81f72-cb3c-45ee-a4a8-6afd24b9796a'),
 ('321', '321', 'en_us', 'design-about-bg-page03-190113', NULL, '1', '2019-01-14 03:07:50', '2019-01-14 03:07:50', '34358958-9b16-4b1c-8390-edc4aac88255'),
 ('322', '322', 'en_us', '', NULL, '1', '2019-01-15 02:39:08', '2019-01-22 04:00:10', '4b42c504-048b-4e2a-893e-8e2d3c7f7255'),
 ('323', '323', 'en_us', 'commercial-reel', NULL, '1', '2019-01-22 17:26:52', '2019-01-22 17:34:10', 'f72735b9-cefa-496e-aac9-d6ecca21dcb3'),
 ('324', '324', 'en_us', '', NULL, '1', '2019-01-22 17:33:23', '2019-01-22 17:34:10', '1c10e56b-d9b9-4319-baec-d4d040038404');



DROP TABLE IF EXISTS `craft_emailmessages`;


--
-- Schema for table `craft_emailmessages`
--
CREATE TABLE `craft_emailmessages` (
  `id` int(11) NOT NULL AUTO_INCREMENT,
  `key` char(150) COLLATE utf8_unicode_ci NOT NULL,
  `locale` char(12) COLLATE utf8_unicode_ci NOT NULL,
  `subject` varchar(1000) COLLATE utf8_unicode_ci NOT NULL,
  `body` text COLLATE utf8_unicode_ci NOT NULL,
  `dateCreated` datetime NOT NULL,
  `dateUpdated` datetime NOT NULL,
  `uid` char(36) COLLATE utf8_unicode_ci NOT NULL DEFAULT '0',
  PRIMARY KEY (`id`),
  UNIQUE KEY `craft_emailmessages_key_locale_unq_idx` (`key`,`locale`),
  KEY `craft_emailmessages_locale_fk` (`locale`)
) ENGINE=InnoDB DEFAULT CHARSET=utf8 COLLATE=utf8_unicode_ci;

DROP TABLE IF EXISTS `craft_entries`;


--
-- Schema for table `craft_entries`
--
CREATE TABLE `craft_entries` (
  `id` int(11) NOT NULL,
  `sectionId` int(11) NOT NULL,
  `typeId` int(11) DEFAULT NULL,
  `authorId` int(11) DEFAULT NULL,
  `postDate` datetime DEFAULT NULL,
  `expiryDate` datetime DEFAULT NULL,
  `dateCreated` datetime NOT NULL,
  `dateUpdated` datetime NOT NULL,
  `uid` char(36) COLLATE utf8_unicode_ci NOT NULL DEFAULT '0',
  PRIMARY KEY (`id`),
  KEY `craft_entries_sectionId_idx` (`sectionId`),
  KEY `craft_entries_typeId_idx` (`typeId`),
  KEY `craft_entries_postDate_idx` (`postDate`),
  KEY `craft_entries_expiryDate_idx` (`expiryDate`),
  KEY `craft_entries_authorId_fk` (`authorId`)
) ENGINE=InnoDB DEFAULT CHARSET=utf8 COLLATE=utf8_unicode_ci;

--
-- Data for table `craft_entries`
--

INSERT INTO `craft_entries` (`id`, `sectionId`, `typeId`, `authorId`, `postDate`, `expiryDate`, `dateCreated`, `dateUpdated`, `uid`) VALUES
 ('153', '3', '3', '1', '2016-08-23 18:41:00', NULL, '2016-08-23 18:41:15', '2018-12-27 20:12:52', '33560e07-4463-4779-ab6c-fdd8725df5be'),
 ('154', '3', '3', '1', '2016-08-23 19:00:00', NULL, '2016-08-23 19:00:00', '2018-12-27 20:28:53', '7b624770-0c0d-4609-834f-2341ec574d20'),
 ('155', '3', '3', '1', '2016-08-23 19:10:00', NULL, '2016-08-23 19:10:00', '2018-12-26 20:49:57', 'c2c2ad20-2f6b-4c00-9d15-68498225566b'),
 ('156', '3', '3', '1', '2016-08-23 19:11:00', NULL, '2016-08-23 19:11:37', '2018-12-26 20:50:06', '08ed4590-7eca-4787-9d89-b4a945934117'),
 ('157', '3', '3', '1', '2016-08-23 19:13:34', NULL, '2016-08-23 19:13:34', '2016-08-23 19:13:34', '525bfae5-113e-4a9a-a578-79abfaaff75c'),
 ('158', '3', '3', '1', '2016-08-23 19:18:19', NULL, '2016-08-23 19:18:19', '2016-08-23 19:18:19', 'f65536b5-08d7-4d43-ba54-17498a29ba96'),
 ('159', '3', '3', '1', '2016-08-23 19:18:50', NULL, '2016-08-23 19:18:51', '2016-08-23 19:18:51', '10666cfe-5ae7-480d-a9ce-8850ce00437a'),
 ('160', '3', '3', '1', '2016-08-23 19:20:31', NULL, '2016-08-23 19:20:31', '2016-08-23 19:20:31', '68da9779-3f46-4c1c-b79e-f009960880d5'),
 ('161', '3', '3', '1', '2016-08-23 19:22:28', NULL, '2016-08-23 19:22:28', '2016-08-23 19:22:28', '33cb5415-884b-409b-b408-be1cc13d4aa5'),
 ('162', '3', '3', '1', '2016-08-23 19:23:00', NULL, '2016-08-23 19:23:05', '2016-08-23 19:23:19', 'a50da176-58e9-4086-b0cc-27ada5f57124'),
 ('163', '3', '3', '1', '2016-08-23 19:23:54', NULL, '2016-08-23 19:23:54', '2016-08-23 19:23:54', '06590c48-c22b-4b47-b8bd-fd6b0ba411f5'),
 ('164', '3', '3', '1', '2016-08-23 19:24:27', NULL, '2016-08-23 19:24:27', '2016-08-23 19:24:27', '41db078e-f7c7-43d0-9a59-3b15d315d187'),
 ('165', '3', '3', '1', '2016-08-23 19:24:50', NULL, '2016-08-23 19:24:50', '2016-08-23 19:24:50', '7c4dc992-77ed-4d34-9027-7f3356d623a5'),
 ('166', '3', '3', '1', '2016-08-23 19:25:13', NULL, '2016-08-23 19:25:13', '2016-08-23 19:25:13', 'b8c300a4-541a-4de7-a474-7692ce34227d'),
 ('167', '3', '3', '1', '2016-08-23 19:25:42', NULL, '2016-08-23 19:25:42', '2016-08-23 19:25:42', '53bac0b9-d2a2-43f0-98b9-2ac6bd2636ff'),
 ('168', '3', '3', '1', '2016-08-23 19:26:09', NULL, '2016-08-23 19:26:09', '2016-08-23 19:26:09', '61ba38fd-eb40-402c-8479-6a2abf9427f2'),
 ('169', '3', '3', '1', '2016-08-23 19:26:39', NULL, '2016-08-23 19:26:39', '2016-08-23 19:26:39', '16414313-5da5-4879-96fc-8fbdea200f18'),
 ('170', '3', '3', '1', '2016-08-23 19:27:27', NULL, '2016-08-23 19:27:27', '2016-08-23 19:27:27', '2a0fb0f9-63da-466c-84d0-0fb0f57cb28b'),
 ('171', '3', '3', '1', '2016-08-23 19:28:02', NULL, '2016-08-23 19:28:02', '2016-08-23 19:28:02', '5e96f2e2-6a88-4a61-a012-b36125ec4bdf'),
 ('172', '3', '3', '1', '2016-08-23 19:29:31', NULL, '2016-08-23 19:29:31', '2016-08-23 19:29:31', 'd5df1374-df74-45c4-bc22-0c57d634912d'),
 ('173', '3', '3', '1', '2016-08-23 19:29:57', NULL, '2016-08-23 19:29:57', '2016-08-23 19:29:57', '30de5ec6-8d84-461f-a826-47597eeacab3'),
 ('174', '3', '3', '1', '2016-08-23 19:30:37', NULL, '2016-08-23 19:30:37', '2016-08-23 19:30:37', 'eaab2b49-0f33-489c-abed-3d9a6d15cef5'),
 ('175', '3', '3', '1', '2016-08-23 19:31:14', NULL, '2016-08-23 19:31:14', '2016-08-23 19:31:14', 'f7325aed-6fcd-412d-ba19-1cc6352f321a'),
 ('176', '4', '10', '1', '2016-08-23 19:33:00', NULL, '2016-08-23 19:33:54', '2018-12-25 23:13:23', '18e59b6f-7e91-4900-9c59-2da5bd1469e9'),
 ('177', '4', '10', '1', '2016-08-23 19:41:00', NULL, '2016-08-23 19:41:10', '2018-12-25 23:13:03', '11e2bc71-53a3-4c5f-a495-ac1651ca1b67'),
 ('178', '4', '10', '1', '2016-08-23 19:42:00', NULL, '2016-08-23 19:42:09', '2018-12-26 17:05:42', 'c64cf63f-8bb7-4487-950f-3583447cf5d4'),
 ('179', '4', '10', '1', '2016-08-23 19:43:00', NULL, '2016-08-23 19:43:06', '2018-12-26 03:50:05', '67cb1fb9-3a79-45a4-9e2c-e28094462af2'),
 ('180', '4', '10', '1', '2016-08-23 19:44:00', NULL, '2016-08-23 19:44:08', '2018-12-26 03:09:11', '5a504847-cd24-465a-9192-7f28b325fe61'),
 ('186', '4', '10', '1', '2016-08-23 19:57:00', NULL, '2016-08-23 19:57:49', '2018-12-26 17:06:06', '92bdfc7e-7d03-44b1-b079-c77a3d537c76'),
 ('187', '4', '10', '1', '2016-08-23 19:58:00', NULL, '2016-08-23 19:58:30', '2018-12-25 23:13:51', '9e31dd5a-f6d1-4af9-81db-0dcda2d37506'),
 ('188', '4', '10', '1', '2016-08-23 19:59:00', NULL, '2016-08-23 19:59:14', '2018-12-26 17:05:03', '2cf7d118-7bb2-4671-9330-2415fa0a7c1b'),
 ('189', '4', '10', '1', '2016-08-23 19:59:00', NULL, '2016-08-23 19:59:56', '2018-12-26 17:06:28', '8c26d3a4-a9a7-4194-81c1-665ce635b032'),
 ('190', '4', '10', '1', '2016-08-23 20:01:00', NULL, '2016-08-23 20:01:25', '2018-12-26 17:06:44', '46ae1c2b-7d14-4d91-8ced-f8f68fcbb95f'),
 ('195', '5', '7', NULL, '2018-12-28 21:44:46', NULL, '2017-03-22 03:00:06', '2018-12-28 21:44:46', '1c9533f2-e131-4316-960b-fcca700d86f7'),
 ('196', '6', '8', NULL, '2018-12-28 21:44:58', NULL, '2017-03-22 03:02:25', '2018-12-28 21:44:58', '2e9cd90b-709b-4850-bd21-92f38bcc0dd5'),
 ('210', '3', '3', '1', '2017-12-03 03:58:00', NULL, '2017-12-03 03:58:22', '2018-12-27 20:12:46', '6ebb1682-c7f3-4fbd-9250-0b57bf8d38a2'),
 ('264', '7', NULL, NULL, '2018-12-26 18:24:47', NULL, '2018-12-26 18:24:47', '2019-01-14 03:32:32', '9ff034f0-fa08-4993-b0fc-50d97a34f314'),
 ('265', '8', NULL, NULL, '2018-12-26 18:25:03', NULL, '2018-12-26 18:25:03', '2019-01-06 00:35:09', '92ab2f88-e348-49d8-9893-08021700b6fe'),
 ('275', '9', NULL, NULL, '2019-01-05 23:56:04', NULL, '2019-01-05 23:56:04', '2019-01-22 04:00:10', '77b0d1e9-5dd9-49ad-8b98-a7d4e3582eb5'),
 ('323', '10', '15', '1', '2019-01-22 17:26:00', NULL, '2019-01-22 17:26:52', '2019-01-22 17:34:10', 'a33fabe6-86f5-48bd-9c69-9190f742bce5');



DROP TABLE IF EXISTS `craft_entrydrafts`;


--
-- Schema for table `craft_entrydrafts`
--
CREATE TABLE `craft_entrydrafts` (
  `id` int(11) NOT NULL AUTO_INCREMENT,
  `entryId` int(11) NOT NULL,
  `sectionId` int(11) NOT NULL,
  `creatorId` int(11) NOT NULL,
  `locale` char(12) COLLATE utf8_unicode_ci NOT NULL,
  `name` varchar(255) COLLATE utf8_unicode_ci NOT NULL,
  `notes` tinytext COLLATE utf8_unicode_ci,
  `data` mediumtext COLLATE utf8_unicode_ci NOT NULL,
  `dateCreated` datetime NOT NULL,
  `dateUpdated` datetime NOT NULL,
  `uid` char(36) COLLATE utf8_unicode_ci NOT NULL DEFAULT '0',
  PRIMARY KEY (`id`),
  KEY `craft_entrydrafts_entryId_locale_idx` (`entryId`,`locale`),
  KEY `craft_entrydrafts_sectionId_fk` (`sectionId`),
  KEY `craft_entrydrafts_creatorId_fk` (`creatorId`),
  KEY `craft_entrydrafts_locale_fk` (`locale`)
) ENGINE=InnoDB DEFAULT CHARSET=utf8 COLLATE=utf8_unicode_ci;

DROP TABLE IF EXISTS `craft_entrytypes`;


--
-- Schema for table `craft_entrytypes`
--
CREATE TABLE `craft_entrytypes` (
  `id` int(11) NOT NULL AUTO_INCREMENT,
  `sectionId` int(11) NOT NULL,
  `fieldLayoutId` int(11) DEFAULT NULL,
  `name` varchar(255) COLLATE utf8_unicode_ci NOT NULL,
  `handle` varchar(255) COLLATE utf8_unicode_ci NOT NULL,
  `hasTitleField` tinyint(1) unsigned NOT NULL DEFAULT '1',
  `titleLabel` varchar(255) COLLATE utf8_unicode_ci DEFAULT 'Title',
  `titleFormat` varchar(255) COLLATE utf8_unicode_ci DEFAULT NULL,
  `sortOrder` smallint(6) unsigned DEFAULT NULL,
  `dateCreated` datetime NOT NULL,
  `dateUpdated` datetime NOT NULL,
  `uid` char(36) COLLATE utf8_unicode_ci NOT NULL DEFAULT '0',
  PRIMARY KEY (`id`),
  UNIQUE KEY `craft_entrytypes_name_sectionId_unq_idx` (`name`,`sectionId`),
  UNIQUE KEY `craft_entrytypes_handle_sectionId_unq_idx` (`handle`,`sectionId`),
  KEY `craft_entrytypes_sectionId_fk` (`sectionId`),
  KEY `craft_entrytypes_fieldLayoutId_fk` (`fieldLayoutId`)
) ENGINE=InnoDB AUTO_INCREMENT=16 DEFAULT CHARSET=utf8 COLLATE=utf8_unicode_ci;

--
-- Data for table `craft_entrytypes`
--

INSERT INTO `craft_entrytypes` (`id`, `sectionId`, `fieldLayoutId`, `name`, `handle`, `hasTitleField`, `titleLabel`, `titleFormat`, `sortOrder`, `dateCreated`, `dateUpdated`, `uid`) VALUES
 ('3', '3', '101', 'Commercial Work', 'commercialWork', '1', 'Work Title', NULL, NULL, '2016-08-22 03:09:00', '2018-12-27 20:12:19', '8c0cc03d-de40-4ddc-b232-afae38b11f68'),
 ('7', '5', '119', 'Commercial Works Overview Page', 'commercialWorksPage', '0', NULL, '{section.name|raw}', '1', '2017-03-22 03:00:06', '2019-01-06 00:08:03', '70acdb72-343f-43b7-9e9f-5bf8fce0e816'),
 ('8', '6', '120', 'Indie Works Overview Page', 'indieWorksPage', '0', NULL, '{section.name|raw}', '1', '2017-03-22 03:02:25', '2019-01-06 00:08:12', '6ea7e9df-c69d-41ff-aac5-016874cb426b'),
 ('10', '4', '102', 'Indie Work', 'indieWork', '1', 'Work Title', NULL, '2', '2018-01-20 04:38:59', '2018-12-27 20:12:30', '87b9446f-f4c7-4fa2-a759-ea122714aaee'),
 ('12', '7', '125', 'About Page', 'aboutPage', '0', NULL, '{section.name|raw}', '1', '2018-12-26 18:24:47', '2019-01-06 00:21:22', '6cf8c8ce-b16c-4fe8-99c2-fe95b4c96472'),
 ('13', '8', '126', 'Contact Page', 'contactPage', '0', NULL, '{section.name|raw}', '1', '2018-12-26 18:25:03', '2019-01-06 00:34:58', 'fd7b8eb7-c539-492d-9da2-02a7c3dd0a9e'),
 ('14', '9', '132', 'Home Page', 'homePage', '0', NULL, '{section.name|raw}', '1', '2019-01-05 23:56:04', '2019-01-06 00:49:41', '13048b94-79f9-4ee0-acd6-2f07cac47782'),
 ('15', '10', '145', 'Commercial Reel', 'commercialReel', '1', 'Title', NULL, '1', '2019-01-22 17:23:27', '2019-01-22 17:25:47', '7552fea9-5ce8-4df2-a7bb-f5c8fc527379');



DROP TABLE IF EXISTS `craft_entryversions`;


--
-- Schema for table `craft_entryversions`
--
CREATE TABLE `craft_entryversions` (
  `id` int(11) NOT NULL AUTO_INCREMENT,
  `entryId` int(11) NOT NULL,
  `sectionId` int(11) NOT NULL,
  `creatorId` int(11) DEFAULT NULL,
  `locale` char(12) COLLATE utf8_unicode_ci NOT NULL,
  `num` smallint(6) unsigned NOT NULL,
  `notes` tinytext COLLATE utf8_unicode_ci,
  `data` mediumtext COLLATE utf8_unicode_ci NOT NULL,
  `dateCreated` datetime NOT NULL,
  `dateUpdated` datetime NOT NULL,
  `uid` char(36) COLLATE utf8_unicode_ci NOT NULL DEFAULT '0',
  PRIMARY KEY (`id`),
  KEY `craft_entryversions_entryId_locale_idx` (`entryId`,`locale`),
  KEY `craft_entryversions_sectionId_fk` (`sectionId`),
  KEY `craft_entryversions_creatorId_fk` (`creatorId`),
  KEY `craft_entryversions_locale_fk` (`locale`)
) ENGINE=InnoDB AUTO_INCREMENT=356 DEFAULT CHARSET=utf8 COLLATE=utf8_unicode_ci;

--
-- Data for table `craft_entryversions`
--

INSERT INTO `craft_entryversions` (`id`, `entryId`, `sectionId`, `creatorId`, `locale`, `num`, `notes`, `data`, `dateCreated`, `dateUpdated`, `uid`) VALUES
 ('11', '153', '3', '1', 'en_us', '1', '', '{\"typeId\":null,\"authorId\":\"1\",\"title\":\"12 Days of Elves Season 2\",\"slug\":\"12-days-of-elves-season-2\",\"postDate\":1471977675,\"expiryDate\":null,\"enabled\":1,\"parentId\":\"\",\"fields\":{\"8\":\"#000000\",\"12\":\"\",\"4\":[\"111\"],\"6\":\"\",\"9\":\"#000000\",\"5\":\"\",\"13\":\"\",\"10\":\"\",\"11\":\"\",\"7\":\"https:\\/\\/vimeo.com\\/153983786\"}}', '2016-08-23 18:41:15', '2016-08-23 18:41:15', '41146c28-19e6-4fd5-9b8c-1dca14820e1f'),
 ('12', '153', '3', '1', 'en_us', '2', '', '{\"typeId\":\"3\",\"authorId\":\"1\",\"title\":\"12 Days of Elves Season 2\",\"slug\":\"12-days-of-elves-season-2\",\"postDate\":1471977660,\"expiryDate\":null,\"enabled\":1,\"parentId\":\"\",\"fields\":{\"8\":\"#000000\",\"12\":\"\",\"4\":[\"111\"],\"6\":\"\",\"9\":\"#000000\",\"5\":\"\",\"13\":\"\",\"10\":\"\",\"11\":\"\",\"7\":\"https:\\/\\/vimeo.com\\/125355565\"}}', '2016-08-23 18:54:41', '2016-08-23 18:54:41', '5ecf31f0-23e1-467c-ad93-adc6c05332ea'),
 ('13', '153', '3', '1', 'en_us', '3', '', '{\"typeId\":\"3\",\"authorId\":\"1\",\"title\":\"12 Days of Elves Season 2\",\"slug\":\"12-days-of-elves-season-2\",\"postDate\":1471977660,\"expiryDate\":null,\"enabled\":1,\"parentId\":\"\",\"fields\":{\"8\":\"#000000\",\"12\":\"\",\"4\":[\"111\"],\"6\":\"\",\"9\":\"#000000\",\"5\":\"\",\"13\":\"\",\"10\":\"\",\"11\":\"\",\"7\":\"https:\\/\\/vimeo.com\\/125355565\"}}', '2016-08-23 18:56:45', '2016-08-23 18:56:45', '2bf87a41-9a7e-431b-807b-b36b6a77a040'),
 ('14', '153', '3', '1', 'en_us', '4', '', '{\"typeId\":\"3\",\"authorId\":\"1\",\"title\":\"12 Days of Elves Season 2\",\"slug\":\"12-days-of-elves-season-2\",\"postDate\":1471977660,\"expiryDate\":null,\"enabled\":1,\"parentId\":\"\",\"fields\":{\"8\":\"#000000\",\"12\":\"\",\"4\":[\"111\"],\"6\":\"\",\"9\":\"#000000\",\"5\":\"\",\"13\":\"\",\"10\":\"\",\"11\":\"\",\"7\":\"https:\\/\\/vimeo.com\\/125355565\"}}', '2016-08-23 18:58:57', '2016-08-23 18:58:57', '8babb7d4-ccc3-42ec-ac4b-797b5316f6df'),
 ('15', '154', '3', '1', 'en_us', '1', '', '{\"typeId\":null,\"authorId\":\"1\",\"title\":\"12 Days of Elves Season 3\",\"slug\":\"12-days-of-elves-season-3\",\"postDate\":1471978800,\"expiryDate\":null,\"enabled\":1,\"parentId\":\"\",\"fields\":{\"8\":\"#000000\",\"12\":\"\",\"4\":[\"112\"],\"6\":\"\",\"9\":\"#000000\",\"5\":\"\",\"13\":\"\",\"10\":\"\",\"11\":\"\",\"7\":\"https:\\/\\/vimeo.com\\/153983786\"}}', '2016-08-23 19:00:00', '2016-08-23 19:00:00', 'fe397964-a1f8-4c1a-ac35-8becf2d2d7a2'),
 ('16', '155', '3', '1', 'en_us', '1', '', '{\"typeId\":null,\"authorId\":\"1\",\"title\":\"DELL Stop-motion Paper Cut\",\"slug\":\"dell-stop-motion-paper-cut\",\"postDate\":1471979400,\"expiryDate\":null,\"enabled\":1,\"parentId\":\"\",\"fields\":{\"8\":\"#000000\",\"12\":\"\",\"4\":[\"119\"],\"6\":\"\",\"9\":\"#000000\",\"5\":\"\",\"13\":\"\",\"10\":\"\",\"11\":\"\",\"7\":\"https:\\/\\/vimeo.com\\/137547607\"}}', '2016-08-23 19:10:00', '2016-08-23 19:10:00', 'ece0cb84-8373-49a0-bb5a-cd751f18e882'),
 ('17', '155', '3', '1', 'en_us', '2', '', '{\"typeId\":\"3\",\"authorId\":\"1\",\"title\":\"DELL Stop Motion Paper Cut\",\"slug\":\"dell-stop-motion-paper-cut\",\"postDate\":1471979400,\"expiryDate\":null,\"enabled\":1,\"parentId\":\"\",\"fields\":{\"8\":\"#000000\",\"12\":\"\",\"4\":[\"119\"],\"6\":\"\",\"9\":\"#000000\",\"5\":\"\",\"13\":\"\",\"10\":\"\",\"11\":\"\",\"7\":\"https:\\/\\/vimeo.com\\/137547607\"}}', '2016-08-23 19:10:38', '2016-08-23 19:10:38', 'a6f72706-bfdd-4fc3-a2b8-daa9b8247bc5'),
 ('18', '156', '3', '1', 'en_us', '1', '', '{\"typeId\":null,\"authorId\":\"1\",\"title\":\"Espn What Are You Doing New Year\\u2019s Eve\",\"slug\":\"espn-what-are-you-doing-new-years-eve\",\"postDate\":1471979497,\"expiryDate\":null,\"enabled\":1,\"parentId\":\"\",\"fields\":{\"8\":\"#000000\",\"12\":\"\",\"4\":[\"120\"],\"6\":\"\",\"9\":\"#000000\",\"5\":\"\",\"13\":\"\",\"10\":\"\",\"11\":\"\",\"7\":\"https:\\/\\/vimeo.com\\/150941184\"}}', '2016-08-23 19:11:37', '2016-08-23 19:11:37', 'bcc4126b-96ec-4421-b22b-496a6dd480ed'),
 ('19', '157', '3', '1', 'en_us', '1', '', '{\"typeId\":null,\"authorId\":\"1\",\"title\":\"BOSCH Stop The Roadkill\",\"slug\":\"bosch-stop-the-roadkill\",\"postDate\":1471979614,\"expiryDate\":null,\"enabled\":1,\"parentId\":\"\",\"fields\":{\"8\":\"#000000\",\"12\":\"\",\"4\":[\"113\"],\"6\":\"\",\"9\":\"#000000\",\"5\":\"\",\"13\":\"\",\"10\":\"\",\"11\":\"\",\"7\":\"https:\\/\\/vimeo.com\\/150945400\"}}', '2016-08-23 19:13:34', '2016-08-23 19:13:34', 'b60e4f98-69e1-4ea5-a77f-5212c100b2c6'),
 ('20', '158', '3', '1', 'en_us', '1', '', '{\"typeId\":null,\"authorId\":\"1\",\"title\":\"Foot Locker Endtag\",\"slug\":\"foot-locker-endtag\",\"postDate\":1471979899,\"expiryDate\":null,\"enabled\":1,\"parentId\":\"\",\"fields\":{\"8\":\"#000000\",\"12\":\"\",\"4\":[\"121\"],\"6\":\"\",\"9\":\"#000000\",\"5\":\"\",\"13\":\"\",\"10\":\"\",\"11\":\"\",\"7\":\"https:\\/\\/vimeo.com\\/150948152\"}}', '2016-08-23 19:18:20', '2016-08-23 19:18:20', 'eac5fa36-1a60-4f4f-abdb-2ac07c879d65'),
 ('21', '159', '3', '1', 'en_us', '1', '', '{\"typeId\":null,\"authorId\":\"1\",\"title\":\"Navy Federal Credit Union Our Members Make Us\",\"slug\":\"navy-federal-credit-union-our-members-make-us\",\"postDate\":1471979930,\"expiryDate\":null,\"enabled\":1,\"parentId\":\"\",\"fields\":{\"8\":\"#000000\",\"12\":\"\",\"4\":[\"128\"],\"6\":\"\",\"9\":\"#000000\",\"5\":\"\",\"13\":\"\",\"10\":\"\",\"11\":\"\",\"7\":\"https:\\/\\/vimeo.com\\/151098650\"}}', '2016-08-23 19:18:51', '2016-08-23 19:18:51', 'a1610713-f531-4edc-9653-d08ec5fb751b'),
 ('22', '160', '3', '1', 'en_us', '1', '', '{\"typeId\":null,\"authorId\":\"1\",\"title\":\"Cranks and Gulps\",\"slug\":\"cranks-and-gulps\",\"postDate\":1471980031,\"expiryDate\":null,\"enabled\":1,\"parentId\":\"\",\"fields\":{\"8\":\"#000000\",\"12\":\"\",\"4\":[\"118\"],\"6\":\"\",\"9\":\"#000000\",\"5\":\"\",\"13\":\"\",\"10\":\"\",\"11\":\"\",\"7\":\"https:\\/\\/vimeo.com\\/125407982\"}}', '2016-08-23 19:20:31', '2016-08-23 19:20:31', '6ad5ba8f-7dcd-45c5-8a27-5cb33e485094'),
 ('23', '161', '3', '1', 'en_us', '1', '', '{\"typeId\":null,\"authorId\":\"1\",\"title\":\"Herm\\u00e8s Noel\",\"slug\":\"herm\\u00e8s-noel\",\"postDate\":1471980148,\"expiryDate\":null,\"enabled\":1,\"parentId\":\"\",\"fields\":{\"8\":\"#000000\",\"12\":\"\",\"4\":[\"125\"],\"6\":\"\",\"9\":\"#000000\",\"5\":\"\",\"13\":\"\",\"10\":\"\",\"11\":\"\",\"7\":\"https:\\/\\/vimeo.com\\/125408376\"}}', '2016-08-23 19:22:28', '2016-08-23 19:22:28', 'dde45f91-49b7-4fa4-91ff-f9fb622dfef6'),
 ('24', '162', '3', '1', 'en_us', '1', '', '{\"typeId\":null,\"authorId\":\"1\",\"title\":\"Rush in the Kitchen\",\"slug\":\"rush-in-the-kitchen\",\"postDate\":1471980185,\"expiryDate\":null,\"enabled\":1,\"parentId\":\"\",\"fields\":{\"8\":\"#000000\",\"12\":\"\",\"4\":[\"131\"],\"6\":\"\",\"9\":\"#000000\",\"5\":\"\",\"13\":\"\",\"10\":\"\",\"11\":\"\",\"7\":\"https:\\/\\/vimeo.com\\/123798333\"}}', '2016-08-23 19:23:05', '2016-08-23 19:23:05', 'c07b996b-f080-419e-8022-a641d574f77a'),
 ('25', '162', '3', '1', 'en_us', '2', '', '{\"typeId\":\"3\",\"authorId\":\"1\",\"title\":\"Rush In The Kitchen\",\"slug\":\"rush-in-the-kitchen\",\"postDate\":1471980180,\"expiryDate\":null,\"enabled\":1,\"parentId\":\"\",\"fields\":{\"8\":\"#000000\",\"12\":\"\",\"4\":[\"131\"],\"6\":\"\",\"9\":\"#000000\",\"5\":\"\",\"13\":\"\",\"10\":\"\",\"11\":\"\",\"7\":\"https:\\/\\/vimeo.com\\/123798333\"}}', '2016-08-23 19:23:19', '2016-08-23 19:23:19', '15d08323-7585-4791-9f6c-f431d914f749'),
 ('26', '163', '3', '1', 'en_us', '1', '', '{\"typeId\":null,\"authorId\":\"1\",\"title\":\"Melvin In The Moon\",\"slug\":\"melvin-in-the-moon\",\"postDate\":1471980234,\"expiryDate\":null,\"enabled\":1,\"parentId\":\"\",\"fields\":{\"8\":\"#000000\",\"12\":\"\",\"4\":[\"127\"],\"6\":\"\",\"9\":\"#000000\",\"5\":\"\",\"13\":\"\",\"10\":\"\",\"11\":\"\",\"7\":\"https:\\/\\/vimeo.com\\/123800834\"}}', '2016-08-23 19:23:54', '2016-08-23 19:23:54', 'cd0e8604-87cf-452d-8abb-c10bc020f1cc'),
 ('27', '164', '3', '1', 'en_us', '1', '', '{\"typeId\":null,\"authorId\":\"1\",\"title\":\"McDonald\'s Cracker\",\"slug\":\"mcdonalds-cracker\",\"postDate\":1471980267,\"expiryDate\":null,\"enabled\":1,\"parentId\":\"\",\"fields\":{\"8\":\"#000000\",\"12\":\"\",\"4\":[\"126\"],\"6\":\"\",\"9\":\"#000000\",\"5\":\"\",\"13\":\"\",\"10\":\"\",\"11\":\"\",\"7\":\"https:\\/\\/vimeo.com\\/123803279\"}}', '2016-08-23 19:24:27', '2016-08-23 19:24:27', 'b11d22f6-9580-45be-a21c-ca5d16ade359'),
 ('28', '165', '3', '1', 'en_us', '1', '', '{\"typeId\":null,\"authorId\":\"1\",\"title\":\"Tim Horton Ice Capp Think Happy\",\"slug\":\"tim-horton-ice-capp-think-happy\",\"postDate\":1471980290,\"expiryDate\":null,\"enabled\":1,\"parentId\":\"\",\"fields\":{\"8\":\"#000000\",\"12\":\"\",\"4\":[\"132\"],\"6\":\"\",\"9\":\"#000000\",\"5\":\"\",\"13\":\"\",\"10\":\"\",\"11\":\"\",\"7\":\"https:\\/\\/vimeo.com\\/138810470\"}}', '2016-08-23 19:24:50', '2016-08-23 19:24:50', '02e79150-f068-475a-8f87-cd89ba9bbff9'),
 ('29', '166', '3', '1', 'en_us', '1', '', '{\"typeId\":null,\"authorId\":\"1\",\"title\":\"Google Teamwork\",\"slug\":\"google-teamwork\",\"postDate\":1471980313,\"expiryDate\":null,\"enabled\":1,\"parentId\":\"\",\"fields\":{\"8\":\"#000000\",\"12\":\"\",\"4\":[\"122\"],\"6\":\"\",\"9\":\"#000000\",\"5\":\"\",\"13\":\"\",\"10\":\"\",\"11\":\"\",\"7\":\"https:\\/\\/vimeo.com\\/130595491\"}}', '2016-08-23 19:25:14', '2016-08-23 19:25:14', '7c33924b-f442-4e1d-b049-61b5d514b180'),
 ('30', '167', '3', '1', 'en_us', '1', '', '{\"typeId\":null,\"authorId\":\"1\",\"title\":\"Randy and Fox\",\"slug\":\"randy-and-fox\",\"postDate\":1471980342,\"expiryDate\":null,\"enabled\":1,\"parentId\":\"\",\"fields\":{\"8\":\"#000000\",\"12\":\"\",\"4\":[\"130\"],\"6\":\"\",\"9\":\"#000000\",\"5\":\"\",\"13\":\"\",\"10\":\"\",\"11\":\"\",\"7\":\"https:\\/\\/vimeo.com\\/130579426\"}}', '2016-08-23 19:25:42', '2016-08-23 19:25:42', '748dcae6-355a-42bc-a8d9-b864ffeda4cd'),
 ('31', '168', '3', '1', 'en_us', '1', '', '{\"typeId\":null,\"authorId\":\"1\",\"title\":\"BOSSA Logo Animation\",\"slug\":\"bossa-logo-animation\",\"postDate\":1471980369,\"expiryDate\":null,\"enabled\":1,\"parentId\":\"\",\"fields\":{\"8\":\"#000000\",\"12\":\"\",\"4\":[\"114\"],\"6\":\"\",\"9\":\"#000000\",\"5\":\"\",\"13\":\"\",\"10\":\"\",\"11\":\"\",\"7\":\"https:\\/\\/vimeo.com\\/131025850\"}}', '2016-08-23 19:26:09', '2016-08-23 19:26:09', '6ba298e7-7fc8-44e9-be5d-2b2a12b47ad6'),
 ('32', '169', '3', '1', 'en_us', '1', '', '{\"typeId\":null,\"authorId\":\"1\",\"title\":\"Follow The Sock\",\"slug\":\"follow-the-sock\",\"postDate\":1471980399,\"expiryDate\":null,\"enabled\":1,\"parentId\":\"\",\"fields\":{\"8\":\"#000000\",\"12\":\"\",\"4\":[\"123\"],\"6\":\"\",\"9\":\"#000000\",\"5\":\"\",\"13\":\"\",\"10\":\"\",\"11\":\"\",\"7\":\"https:\\/\\/vimeo.com\\/131262394\"}}', '2016-08-23 19:26:39', '2016-08-23 19:26:39', 'cb896a24-7c43-48f7-82f0-ca0d2b1c077c'),
 ('33', '170', '3', '1', 'en_us', '1', '', '{\"typeId\":null,\"authorId\":\"1\",\"title\":\"Toadpipe Short Film\",\"slug\":\"toadpipe-short-film\",\"postDate\":1471980447,\"expiryDate\":null,\"enabled\":1,\"parentId\":\"\",\"fields\":{\"8\":\"#000000\",\"12\":\"\",\"4\":[\"133\"],\"6\":\"\",\"9\":\"#000000\",\"5\":\"\",\"13\":\"\",\"10\":\"\",\"11\":\"\",\"7\":\"https:\\/\\/vimeo.com\\/131049931\"}}', '2016-08-23 19:27:27', '2016-08-23 19:27:27', '1c2853d5-4c3d-488e-ae87-c51aae0f75ec'),
 ('34', '171', '3', '1', 'en_us', '1', '', '{\"typeId\":null,\"authorId\":\"1\",\"title\":\"Foot Models\",\"slug\":\"foot-models\",\"postDate\":1471980482,\"expiryDate\":null,\"enabled\":1,\"parentId\":\"\",\"fields\":{\"8\":\"#000000\",\"12\":\"\",\"4\":[\"129\"],\"6\":\"\",\"9\":\"#000000\",\"5\":\"\",\"13\":\"\",\"10\":\"\",\"11\":\"\",\"7\":\"https:\\/\\/vimeo.com\\/130580839\"}}', '2016-08-23 19:28:02', '2016-08-23 19:28:02', '23244063-3d5e-4319-96d7-f2929e471808'),
 ('35', '172', '3', '1', 'en_us', '1', '', '{\"typeId\":null,\"authorId\":\"1\",\"title\":\"Hardboil\",\"slug\":\"hardboil\",\"postDate\":1471980571,\"expiryDate\":null,\"enabled\":1,\"parentId\":\"\",\"fields\":{\"8\":\"#000000\",\"12\":\"\",\"4\":[\"124\"],\"6\":\"\",\"9\":\"#000000\",\"5\":\"\",\"13\":\"\",\"10\":\"\",\"11\":\"\",\"7\":\"https:\\/\\/vimeo.com\\/131731162\"}}', '2016-08-23 19:29:31', '2016-08-23 19:29:31', 'b303d2fb-d735-4a4e-9fbc-9c46f992ffef'),
 ('36', '173', '3', '1', 'en_us', '1', '', '{\"typeId\":null,\"authorId\":\"1\",\"title\":\"Count Down for Hornet\",\"slug\":\"count-down-for-hornet\",\"postDate\":1471980597,\"expiryDate\":null,\"enabled\":1,\"parentId\":\"\",\"fields\":{\"8\":\"#000000\",\"12\":\"\",\"4\":[\"117\"],\"6\":\"\",\"9\":\"#000000\",\"5\":\"\",\"13\":\"\",\"10\":\"\",\"11\":\"\",\"7\":\"https:\\/\\/vimeo.com\\/131724740\"}}', '2016-08-23 19:29:57', '2016-08-23 19:29:57', '3687ded3-707e-43d4-b1e5-a8c2e7ea5d00'),
 ('37', '174', '3', '1', 'en_us', '1', '', '{\"typeId\":null,\"authorId\":\"1\",\"title\":\"Cartoon Network\",\"slug\":\"cartoon-network\",\"postDate\":1471980637,\"expiryDate\":null,\"enabled\":1,\"parentId\":\"\",\"fields\":{\"8\":\"#000000\",\"12\":\"\",\"4\":[\"115\"],\"6\":\"\",\"9\":\"#000000\",\"5\":\"\",\"13\":\"\",\"10\":\"\",\"11\":\"\",\"7\":\"https:\\/\\/vimeo.com\\/151167361\"}}', '2016-08-23 19:30:37', '2016-08-23 19:30:37', '2e02444e-b9f5-4566-a1e2-751b8f64efc9'),
 ('38', '175', '3', '1', 'en_us', '1', '', '{\"typeId\":null,\"authorId\":\"1\",\"title\":\"Ogilvy & Mather CGCC 10th Anniversary\",\"slug\":\"ogilvy-mather-cgcc-10th-anniversary\",\"postDate\":1471980674,\"expiryDate\":null,\"enabled\":1,\"parentId\":\"\",\"fields\":{\"8\":\"#000000\",\"12\":\"\",\"4\":[\"116\"],\"6\":\"\",\"9\":\"#000000\",\"5\":\"\",\"13\":\"\",\"10\":\"\",\"11\":\"\",\"7\":\"https:\\/\\/vimeo.com\\/161222078\"}}', '2016-08-23 19:31:14', '2016-08-23 19:31:14', 'a4217234-ec5b-4596-9f21-14a2100b130d'),
 ('39', '176', '4', '1', 'en_us', '1', '', '{\"typeId\":\"6\",\"authorId\":\"1\",\"title\":\"Heavy, Light, and I\",\"slug\":\"heavy-light-and-i\",\"postDate\":1471980834,\"expiryDate\":null,\"enabled\":1,\"parentId\":\"\",\"fields\":{\"8\":\"#000000\",\"4\":\"\",\"6\":\"\",\"9\":\"#000000\",\"5\":\"\"}}', '2016-08-23 19:33:54', '2016-08-23 19:33:54', '1b79d9ca-81e8-40f4-8be5-1a56eb15ef8d'),
 ('40', '176', '4', '1', 'en_us', '2', '', '{\"typeId\":\"6\",\"authorId\":\"1\",\"title\":\"Heavy, Light, and I\",\"slug\":\"heavy-light-and-i\",\"postDate\":1471980780,\"expiryDate\":null,\"enabled\":1,\"parentId\":\"\",\"fields\":{\"8\":\"#eae6e3\",\"4\":[\"101\"],\"6\":\"\",\"9\":\"#393939\",\"5\":[\"138\"]}}', '2016-08-23 19:40:25', '2016-08-23 19:40:25', '1f847e77-8c31-4fc9-84cb-6057618900b1'),
 ('41', '176', '4', '1', 'en_us', '3', '', '{\"typeId\":\"6\",\"authorId\":\"1\",\"title\":\"Heavy, Light, and I\",\"slug\":\"heavy-light-and-i\",\"postDate\":1471980780,\"expiryDate\":null,\"enabled\":1,\"parentId\":\"\",\"fields\":{\"8\":\"#eae6e3\",\"4\":[\"101\"],\"6\":\"\",\"9\":\"#393939\",\"5\":[\"138\"]}}', '2016-08-23 19:40:28', '2016-08-23 19:40:28', '06096ebc-27f0-4d3e-9130-e653b51be11b'),
 ('42', '177', '4', '1', 'en_us', '1', '', '{\"typeId\":\"6\",\"authorId\":\"1\",\"title\":\"Map to SVA\",\"slug\":\"map-to-sva\",\"postDate\":1471981270,\"expiryDate\":null,\"enabled\":1,\"parentId\":\"\",\"fields\":{\"8\":\"#8da101\",\"4\":[\"103\"],\"6\":\"\",\"9\":\"#8d1804\",\"5\":[\"145\"]}}', '2016-08-23 19:41:10', '2016-08-23 19:41:10', 'a7d04519-01b9-4c92-8076-3121bfc56863'),
 ('43', '178', '4', '1', 'en_us', '1', '', '{\"typeId\":\"6\",\"authorId\":\"1\",\"title\":\"Purity\",\"slug\":\"purity\",\"postDate\":1471981329,\"expiryDate\":null,\"enabled\":1,\"parentId\":\"\",\"fields\":{\"8\":\"#ac1e12\",\"4\":[\"104\"],\"6\":\"\",\"9\":\"#d1b792\",\"5\":[\"146\"]}}', '2016-08-23 19:42:09', '2016-08-23 19:42:09', 'ef68afd6-7a1b-4a15-b0df-2debb84a663a'),
 ('44', '179', '4', '1', 'en_us', '1', '', '{\"typeId\":\"6\",\"authorId\":\"1\",\"title\":\"Jack and Jill\",\"slug\":\"jack-and-jill\",\"postDate\":1471981385,\"expiryDate\":null,\"enabled\":1,\"parentId\":\"\",\"fields\":{\"8\":\"#2a2e1f\",\"4\":[\"102\"],\"6\":\"\",\"9\":\"#e1c596\",\"5\":[\"139\",\"140\",\"141\",\"142\",\"143\",\"144\"]}}', '2016-08-23 19:43:06', '2016-08-23 19:43:06', 'f983219d-6e8b-46fa-a7a8-d0950334dd42'),
 ('45', '180', '4', '1', 'en_us', '1', '', '{\"typeId\":\"4\",\"authorId\":\"1\",\"title\":\"Musical Oranges\",\"slug\":\"musical-oranges\",\"postDate\":1471981448,\"expiryDate\":null,\"enabled\":1,\"parentId\":\"\",\"fields\":{\"8\":\"#fcb13a\",\"4\":[\"110\"],\"6\":\"\",\"9\":\"#15141d\",\"7\":\"https:\\/\\/vimeo.com\\/39172872\"}}', '2016-08-23 19:44:08', '2016-08-23 19:44:08', 'd69802d5-cd5a-443e-9c50-dec8a6f5512b'),
 ('46', '176', '4', '1', 'en_us', '4', '', '{\"typeId\":\"6\",\"authorId\":\"1\",\"title\":\"Heavy, Light, and I\",\"slug\":\"heavy-light-and-i\",\"postDate\":1471980780,\"expiryDate\":null,\"enabled\":1,\"parentId\":\"\",\"fields\":{\"8\":\"#eae6e3\",\"4\":[\"101\"],\"6\":\"\",\"9\":\"#393939\",\"5\":[\"138\"],\"14\":[\"181\"]}}', '2016-08-23 19:48:13', '2016-08-23 19:48:13', 'edb13341-7211-4238-b2a8-03ce1f9beb62'),
 ('47', '176', '4', '1', 'en_us', '5', '', '{\"typeId\":\"6\",\"authorId\":\"1\",\"title\":\"Heavy, Light, and I\",\"slug\":\"heavy-light-and-i\",\"postDate\":1471980780,\"expiryDate\":null,\"enabled\":1,\"parentId\":\"\",\"fields\":{\"8\":\"#eae6e3\",\"4\":[\"101\"],\"6\":\"\",\"9\":\"#393939\",\"5\":[\"138\"],\"14\":[\"181\"]}}', '2016-08-23 19:48:17', '2016-08-23 19:48:17', 'f3a266d2-4a21-4afb-b121-00328f1e280f'),
 ('48', '177', '4', '1', 'en_us', '2', '', '{\"typeId\":\"6\",\"authorId\":\"1\",\"title\":\"Map to SVA\",\"slug\":\"map-to-sva\",\"postDate\":1471981260,\"expiryDate\":null,\"enabled\":1,\"parentId\":\"\",\"fields\":{\"8\":\"#8da101\",\"4\":[\"103\"],\"6\":\"\",\"9\":\"#8d1804\",\"5\":[\"145\"],\"14\":[\"181\"]}}', '2016-08-23 19:48:25', '2016-08-23 19:48:25', '4ba08c3c-fa8a-453b-9090-965efa4d78c3'),
 ('49', '178', '4', '1', 'en_us', '2', '', '{\"typeId\":\"6\",\"authorId\":\"1\",\"title\":\"Purity\",\"slug\":\"purity\",\"postDate\":1471981320,\"expiryDate\":null,\"enabled\":1,\"parentId\":\"\",\"fields\":{\"8\":\"#ac1e12\",\"4\":[\"104\"],\"6\":\"\",\"9\":\"#d1b792\",\"5\":[\"146\"],\"14\":[\"181\"]}}', '2016-08-23 19:48:54', '2016-08-23 19:48:54', '43fd081f-1b9c-4920-ad96-be4ff63153f2'),
 ('50', '176', '4', '1', 'en_us', '6', '', '{\"typeId\":\"6\",\"authorId\":\"1\",\"title\":\"Heavy, Light, and I\",\"slug\":\"heavy-light-and-i\",\"postDate\":1471980780,\"expiryDate\":null,\"enabled\":1,\"parentId\":\"\",\"fields\":{\"8\":\"#eae6e3\",\"15\":[\"182\"],\"4\":[\"101\"],\"6\":\"\",\"9\":\"#393939\",\"5\":[\"138\"],\"14\":\"\"}}', '2016-08-23 19:52:45', '2016-08-23 19:52:45', '72be628f-6b25-4d98-b814-e151be0d1983'),
 ('51', '177', '4', '1', 'en_us', '3', '', '{\"typeId\":\"6\",\"authorId\":\"1\",\"title\":\"Map to SVA\",\"slug\":\"map-to-sva\",\"postDate\":1471981260,\"expiryDate\":null,\"enabled\":1,\"parentId\":\"\",\"fields\":{\"8\":\"#8da101\",\"15\":[\"182\"],\"4\":[\"103\"],\"6\":\"\",\"9\":\"#8d1804\",\"5\":[\"145\"]}}', '2016-08-23 19:53:36', '2016-08-23 19:53:36', '11908871-cec9-426f-8329-848fca096d58'),
 ('52', '178', '4', '1', 'en_us', '3', '', '{\"typeId\":\"6\",\"authorId\":\"1\",\"title\":\"Purity\",\"slug\":\"purity\",\"postDate\":1471981320,\"expiryDate\":null,\"enabled\":1,\"parentId\":\"\",\"fields\":{\"8\":\"#ac1e12\",\"15\":[\"182\"],\"4\":[\"104\"],\"6\":\"\",\"9\":\"#d1b792\",\"5\":[\"146\"]}}', '2016-08-23 19:53:44', '2016-08-23 19:53:44', '64b9ce06-53cd-4353-8e99-ce05f0dab457'),
 ('53', '179', '4', '1', 'en_us', '2', '', '{\"typeId\":\"6\",\"authorId\":\"1\",\"title\":\"Jack and Jill\",\"slug\":\"jack-and-jill\",\"postDate\":1471981380,\"expiryDate\":null,\"enabled\":1,\"parentId\":\"\",\"fields\":{\"8\":\"#2a2e1f\",\"15\":[\"183\",\"185\"],\"4\":[\"102\"],\"6\":\"\",\"9\":\"#e1c596\",\"5\":[\"139\",\"140\",\"141\",\"142\",\"143\",\"144\"]}}', '2016-08-23 19:56:12', '2016-08-23 19:56:12', 'ac6a17f1-be2e-4fb5-bc98-6146cdf085aa'),
 ('54', '180', '4', '1', 'en_us', '2', '', '{\"typeId\":\"4\",\"authorId\":\"1\",\"title\":\"Musical Oranges\",\"slug\":\"musical-oranges\",\"postDate\":1471981440,\"expiryDate\":null,\"enabled\":1,\"parentId\":\"\",\"fields\":{\"8\":\"#fcb13a\",\"15\":[\"184\"],\"4\":[\"110\"],\"6\":\"\",\"9\":\"#15141d\",\"7\":\"https:\\/\\/vimeo.com\\/39172872\"}}', '2016-08-23 19:56:22', '2016-08-23 19:56:22', 'cf35b6a0-9a47-43f8-abed-3350fb7b6cdb'),
 ('55', '186', '4', '1', 'en_us', '1', '', '{\"typeId\":\"6\",\"authorId\":\"1\",\"title\":\"Red\",\"slug\":\"red\",\"postDate\":1471982269,\"expiryDate\":null,\"enabled\":1,\"parentId\":\"\",\"fields\":{\"8\":\"#929292\",\"15\":[\"182\"],\"4\":[\"107\"],\"6\":\"\",\"9\":\"#5b0e0e\",\"5\":[\"147\"]}}', '2016-08-23 19:57:49', '2016-08-23 19:57:49', 'a32e6499-04d0-468c-8fc9-5bc19e7928fc'),
 ('56', '186', '4', '1', 'en_us', '2', '', '{\"typeId\":\"6\",\"authorId\":\"1\",\"title\":\"Red\",\"slug\":\"red\",\"postDate\":1471982220,\"expiryDate\":null,\"enabled\":1,\"parentId\":\"\",\"fields\":{\"8\":\"#929292\",\"15\":[\"182\"],\"4\":[\"107\"],\"6\":\"\",\"9\":\"#5b0e0e\",\"5\":[\"147\"]}}', '2016-08-23 19:57:51', '2016-08-23 19:57:51', '990eab85-2a34-41c0-8408-165d6d7928fc'),
 ('57', '187', '4', '1', 'en_us', '1', '', '{\"typeId\":\"6\",\"authorId\":\"1\",\"title\":\"Time\",\"slug\":\"time\",\"postDate\":1471982310,\"expiryDate\":null,\"enabled\":1,\"parentId\":\"\",\"fields\":{\"8\":\"#070707\",\"15\":[\"182\"],\"4\":[\"109\"],\"6\":\"\",\"9\":\"#eca400\",\"5\":[\"149\"]}}', '2016-08-23 19:58:30', '2016-08-23 19:58:30', '2c0bc864-b6a6-4af3-b2f2-f5efcb3a5ae1'),
 ('58', '188', '4', '1', 'en_us', '1', '', '{\"typeId\":\"6\",\"authorId\":\"1\",\"title\":\"Self Tree\",\"slug\":\"self-tree\",\"postDate\":1471982354,\"expiryDate\":null,\"enabled\":1,\"parentId\":\"\",\"fields\":{\"8\":\"#19473d\",\"15\":[\"182\"],\"4\":[\"108\"],\"6\":\"\",\"9\":\"#93580b\",\"5\":[\"148\"]}}', '2016-08-23 19:59:14', '2016-08-23 19:59:14', '80be600a-57c2-4eeb-9502-4a434f34c429'),
 ('59', '189', '4', '1', 'en_us', '1', '', '{\"typeId\":\"6\",\"authorId\":\"1\",\"title\":\"Head\",\"slug\":\"head\",\"postDate\":1471982396,\"expiryDate\":null,\"enabled\":1,\"parentId\":\"\",\"fields\":{\"8\":\"#1a100e\",\"15\":[\"183\"],\"4\":[\"106\"],\"6\":\"\",\"9\":\"#805c33\",\"5\":[\"135\",\"136\",\"137\"]}}', '2016-08-23 19:59:56', '2016-08-23 19:59:56', 'faefb90d-2469-4187-a8a4-2b349cd041d6'),
 ('60', '190', '4', '1', 'en_us', '1', '', '{\"typeId\":\"6\",\"authorId\":\"1\",\"title\":\"Birth To Die\",\"slug\":\"birth-to-die\",\"postDate\":1471982485,\"expiryDate\":null,\"enabled\":1,\"parentId\":\"\",\"fields\":{\"8\":\"#b36561\",\"15\":[\"183\"],\"4\":[\"105\"],\"6\":\"\",\"9\":\"#d3d9d3\",\"5\":[\"134\"]}}', '2016-08-23 20:01:25', '2016-08-23 20:01:25', '12c5416d-5425-4917-88f4-579034306ee6'),
 ('61', '179', '4', '1', 'en_us', '3', '', '{\"typeId\":\"6\",\"authorId\":\"1\",\"title\":\"Jack and Jill\",\"slug\":\"jack-and-jill\",\"postDate\":1471981380,\"expiryDate\":null,\"enabled\":1,\"parentId\":\"\",\"fields\":{\"8\":\"#2a2e1f\",\"15\":[\"183\"],\"4\":[\"102\"],\"6\":\"\",\"9\":\"#e1c596\",\"5\":[\"139\",\"140\",\"141\",\"142\",\"143\",\"144\"]}}', '2016-08-23 20:02:03', '2016-08-23 20:02:03', 'a3b25793-c2fc-4462-bc23-e55aca0c3aa6'),
 ('62', '195', '5', '1', 'en_us', '1', NULL, '{\"typeId\":\"7\",\"authorId\":null,\"title\":\"Commercial Works Page\",\"slug\":\"commercial-works-page\",\"postDate\":1490151606,\"expiryDate\":null,\"enabled\":1,\"parentId\":null,\"fields\":[]}', '2017-03-22 03:00:06', '2017-03-22 03:00:06', '1cc80dba-ad21-4488-8469-939f8f08da6f'),
 ('63', '196', '6', '1', 'en_us', '1', NULL, '{\"typeId\":\"8\",\"authorId\":null,\"title\":\"Indie Works Page\",\"slug\":\"indie-works-page\",\"postDate\":1490151745,\"expiryDate\":null,\"enabled\":1,\"parentId\":null,\"fields\":[]}', '2017-03-22 03:02:25', '2017-03-22 03:02:25', '68586d52-b265-49bc-ba4c-21ee320996c7'),
 ('64', '180', '4', '1', 'en_us', '3', '', '{\"typeId\":\"6\",\"authorId\":\"1\",\"title\":\"Musical Oranges\",\"slug\":\"musical-oranges\",\"postDate\":1471981440,\"expiryDate\":null,\"enabled\":1,\"parentId\":\"\",\"fields\":{\"8\":\"#fcb13a\",\"15\":[\"184\"],\"4\":[\"110\"],\"6\":\"\",\"9\":\"#15141d\",\"5\":\"\",\"7\":\"https:\\/\\/vimeo.com\\/39172872\"}}', '2017-03-23 00:55:39', '2017-03-23 00:55:39', 'aa4589c8-7f63-477f-9a50-e4633deb08d0'),
 ('65', '177', '4', '1', 'en_us', '4', '', '{\"typeId\":\"6\",\"authorId\":\"1\",\"title\":\"Map to SVA\",\"slug\":\"map-to-sva\",\"postDate\":1471981260,\"expiryDate\":null,\"enabled\":1,\"parentId\":\"\",\"fields\":{\"8\":\"#8da101\",\"15\":[\"182\"],\"4\":[\"103\"],\"6\":\"\",\"9\":\"#8d1804\",\"5\":[\"145\"],\"7\":\"\"}}', '2017-03-23 01:02:50', '2017-03-23 01:02:50', '82e2840c-0bb9-4765-bc69-0b4bb1553478'),
 ('66', '176', '4', '1', 'en_us', '7', '', '{\"typeId\":\"6\",\"authorId\":\"1\",\"title\":\"Heavy, Light, and I\",\"slug\":\"heavy-light-and-i\",\"postDate\":1471980780,\"expiryDate\":null,\"enabled\":1,\"parentId\":\"\",\"fields\":{\"8\":\"#eae6e3\",\"15\":[\"182\"],\"4\":[\"101\"],\"6\":\"<p>Lorem Ipsum is simply dummy text of the printing and typesetting industry. Lorem Ipsum has been the industry\'s standard dummy text ever since the 1500s, when an unknown printer took a galley of type and scrambled it to make a type specimen book.<\\/p>\",\"9\":\"#393939\",\"5\":[\"138\"],\"7\":\"\"}}', '2017-03-27 04:37:56', '2017-03-27 04:37:56', '38276b9b-046f-489b-8fb1-3984ac9ed4b9'),
 ('67', '177', '4', '1', 'en_us', '5', '', '{\"typeId\":\"6\",\"authorId\":\"1\",\"title\":\"Map to SVA\",\"slug\":\"map-to-sva\",\"postDate\":1471981260,\"expiryDate\":null,\"enabled\":1,\"parentId\":\"\",\"fields\":{\"8\":\"#8da101\",\"15\":[\"182\"],\"4\":[\"103\"],\"6\":\"<p>Lorem Ipsum is simply dummy text of the printing and typesetting industry. Lorem Ipsum has been the industry\'s standard dummy text ever since the 1500s, when an unknown printer took a galley of type and scrambled it to make a type specimen book.<\\/p>\",\"9\":\"#8d1804\",\"5\":[\"145\"],\"7\":\"\"}}', '2017-03-27 04:38:06', '2017-03-27 04:38:06', 'b66afd1c-9de1-49cd-95ee-5a878a66e50d'),
 ('68', '178', '4', '1', 'en_us', '4', '', '{\"typeId\":\"6\",\"authorId\":\"1\",\"title\":\"Purity\",\"slug\":\"purity\",\"postDate\":1471981320,\"expiryDate\":null,\"enabled\":1,\"parentId\":\"\",\"fields\":{\"8\":\"#ac1e12\",\"15\":[\"182\"],\"4\":[\"104\"],\"6\":\"<p>Lorem Ipsum is simply dummy text of the printing and typesetting industry. Lorem Ipsum has been the industry\'s standard dummy text ever since the 1500s, when an unknown printer took a galley of type and scrambled it to make a type specimen book.<\\/p>\",\"9\":\"#d1b792\",\"5\":[\"146\"],\"7\":\"\"}}', '2017-03-27 04:38:24', '2017-03-27 04:38:24', '66126056-3a7e-499a-9ce8-b5cea44ae373'),
 ('69', '179', '4', '1', 'en_us', '4', '', '{\"typeId\":\"6\",\"authorId\":\"1\",\"title\":\"Jack and Jill\",\"slug\":\"jack-and-jill\",\"postDate\":1471981380,\"expiryDate\":null,\"enabled\":1,\"parentId\":\"\",\"fields\":{\"8\":\"#2a2e1f\",\"15\":[\"183\"],\"4\":[\"102\"],\"6\":\"<p>Lorem Ipsum is simply dummy text of the printing and typesetting industry. Lorem Ipsum has been the industry\'s standard dummy text ever since the 1500s, when an unknown printer took a galley of type and scrambled it to make a type specimen book.<\\/p>\",\"9\":\"#e1c596\",\"5\":[\"139\",\"140\",\"141\",\"142\",\"143\",\"144\"],\"7\":\"\"}}', '2017-03-27 04:38:31', '2017-03-27 04:38:31', 'c339fefe-d6a7-4f8b-9f73-d48ae2bb39fa'),
 ('70', '180', '4', '1', 'en_us', '4', '', '{\"typeId\":\"6\",\"authorId\":\"1\",\"title\":\"Musical Oranges\",\"slug\":\"musical-oranges\",\"postDate\":1471981440,\"expiryDate\":null,\"enabled\":1,\"parentId\":\"\",\"fields\":{\"8\":\"#fcb13a\",\"15\":[\"184\"],\"4\":[\"110\"],\"6\":\"<p>Lorem Ipsum is simply dummy text of the printing and typesetting industry. Lorem Ipsum has been the industry\'s standard dummy text ever since the 1500s, when an unknown printer took a galley of type and scrambled it to make a type specimen book.<\\/p>\",\"9\":\"#15141d\",\"5\":\"\",\"7\":\"https:\\/\\/vimeo.com\\/39172872\"}}', '2017-03-27 04:38:41', '2017-03-27 04:38:41', '863250eb-9e91-40a7-a0f8-35bdfbe7c2db'),
 ('71', '186', '4', '1', 'en_us', '3', '', '{\"typeId\":\"6\",\"authorId\":\"1\",\"title\":\"Red\",\"slug\":\"red\",\"postDate\":1471982220,\"expiryDate\":null,\"enabled\":1,\"parentId\":\"\",\"fields\":{\"8\":\"#929292\",\"15\":[\"182\"],\"4\":[\"107\"],\"6\":\"<p>Lorem Ipsum is simply dummy text of the printing and typesetting industry. Lorem Ipsum has been the industry\'s standard dummy text ever since the 1500s, when an unknown printer took a galley of type and scrambled it to make a type specimen book.<\\/p>\",\"9\":\"#5b0e0e\",\"5\":[\"147\"],\"7\":\"\"}}', '2017-03-27 04:39:03', '2017-03-27 04:39:03', '5c099c25-f03a-44a2-a701-83b364679126'),
 ('72', '187', '4', '1', 'en_us', '2', '', '{\"typeId\":\"6\",\"authorId\":\"1\",\"title\":\"Time\",\"slug\":\"time\",\"postDate\":1471982280,\"expiryDate\":null,\"enabled\":1,\"parentId\":\"\",\"fields\":{\"8\":\"#070707\",\"15\":[\"182\"],\"4\":[\"109\"],\"6\":\"<p>Lorem Ipsum is simply dummy text of the printing and typesetting industry. Lorem Ipsum has been the industry\'s standard dummy text ever since the 1500s, when an unknown printer took a galley of type and scrambled it to make a type specimen book.<\\/p>\",\"9\":\"#eca400\",\"5\":[\"149\"],\"7\":\"\"}}', '2017-03-27 04:39:12', '2017-03-27 04:39:12', 'ea4984c5-25fa-48ad-968b-c32dad5cbb4b'),
 ('73', '188', '4', '1', 'en_us', '2', '', '{\"typeId\":\"6\",\"authorId\":\"1\",\"title\":\"Self Tree\",\"slug\":\"self-tree\",\"postDate\":1471982340,\"expiryDate\":null,\"enabled\":1,\"parentId\":\"\",\"fields\":{\"8\":\"#19473d\",\"15\":[\"182\"],\"4\":[\"108\"],\"6\":\"<p>Lorem Ipsum is simply dummy text of the printing and typesetting industry. Lorem Ipsum has been the industry\'s standard dummy text ever since the 1500s, when an unknown printer took a galley of type and scrambled it to make a type specimen book.<\\/p>\",\"9\":\"#93580b\",\"5\":[\"148\"],\"7\":\"\"}}', '2017-03-27 04:39:19', '2017-03-27 04:39:19', 'dec70e53-504d-4940-aacb-a66558547dae'),
 ('74', '189', '4', '1', 'en_us', '2', '', '{\"typeId\":\"6\",\"authorId\":\"1\",\"title\":\"Head\",\"slug\":\"head\",\"postDate\":1471982340,\"expiryDate\":null,\"enabled\":1,\"parentId\":\"\",\"fields\":{\"8\":\"#1a100e\",\"15\":[\"183\"],\"4\":[\"106\"],\"6\":\"<p>Lorem Ipsum is simply dummy text of the printing and typesetting industry. Lorem Ipsum has been the industry\'s standard dummy text ever since the 1500s, when an unknown printer took a galley of type and scrambled it to make a type specimen book.<\\/p>\",\"9\":\"#805c33\",\"5\":[\"135\",\"136\",\"137\"],\"7\":\"\"}}', '2017-03-27 04:39:26', '2017-03-27 04:39:26', 'd2b1233f-43c8-4799-8eb1-5b0dfd006319'),
 ('75', '190', '4', '1', 'en_us', '2', '', '{\"typeId\":\"6\",\"authorId\":\"1\",\"title\":\"Birth To Die\",\"slug\":\"birth-to-die\",\"postDate\":1471982460,\"expiryDate\":null,\"enabled\":1,\"parentId\":\"\",\"fields\":{\"8\":\"#b36561\",\"15\":[\"183\"],\"4\":[\"105\"],\"6\":\"<p>Lorem Ipsum is simply dummy text of the printing and typesetting industry. Lorem Ipsum has been the industry\'s standard dummy text ever since the 1500s, when an unknown printer took a galley of type and scrambled it to make a type specimen book.<\\/p>\",\"9\":\"#d3d9d3\",\"5\":[\"134\"],\"7\":\"\"}}', '2017-03-27 04:39:40', '2017-03-27 04:39:40', '745793a9-6c04-41ac-8635-0f8d55017002'),
 ('76', '153', '3', '1', 'en_us', '5', '', '{\"typeId\":\"3\",\"authorId\":\"1\",\"title\":\"12 Days of Elves Season 2\",\"slug\":\"12-days-of-elves-season-2\",\"postDate\":1471977660,\"expiryDate\":null,\"enabled\":1,\"parentId\":\"\",\"fields\":{\"29\":\"#000000\",\"30\":\"#000000\",\"12\":\"\",\"25\":\"#000000\",\"21\":\"\",\"27\":\"#000000\",\"23\":\"#000000\",\"31\":[\"111\"],\"22\":\"\",\"28\":\"#000000\",\"24\":\"#000000\",\"20\":\"\",\"26\":\"#000000\",\"10\":\"\",\"11\":\"\",\"16\":{\"new1\":{\"type\":\"row\",\"enabled\":\"1\",\"fields\":{\"gallery\":[\"111\",\"113\"]},\"collapsed\":\"\"},\"new2\":{\"type\":\"row\",\"enabled\":\"1\",\"fields\":{\"gallery\":[\"112\",\"111\",\"113\"]}}},\"4\":[\"111\"],\"7\":\"https:\\/\\/vimeo.com\\/125355565\"}}', '2017-12-01 02:25:21', '2017-12-01 02:25:21', '0f98b1bd-ede6-4ea4-9e2e-c630be29fc5e'),
 ('77', '153', '3', '1', 'en_us', '6', '', '{\"typeId\":\"3\",\"authorId\":\"1\",\"title\":\"12 Days of Elves Season 2\",\"slug\":\"12-days-of-elves-season-2\",\"postDate\":1471977660,\"expiryDate\":null,\"enabled\":1,\"parentId\":\"\",\"fields\":{\"29\":\"#000000\",\"30\":\"#000000\",\"12\":\"Hornet Films\",\"25\":\"#000000\",\"21\":\"<p>Lorem Ipsum is simply dummy text of the printing and typesetting industry. Lorem Ipsum has been the industry\'s standard dummy text ever since the 1500s, when an unknown printer took a galley of type and scrambled it to make a type specimen book.<\\/p>\",\"27\":\"#000000\",\"23\":\"#000000\",\"31\":[\"111\"],\"22\":\"\",\"28\":\"#000000\",\"24\":\"#000000\",\"20\":\"12 Days of Elves Season 2\",\"26\":\"#000000\",\"10\":{\"new2\":{\"type\":\"role\",\"enabled\":\"1\",\"fields\":{\"role\":\"Lead Compositor\"}},\"new1\":{\"type\":\"role\",\"enabled\":\"1\",\"fields\":{\"role\":\"Colorist\"}}},\"11\":{\"new1\":{\"type\":\"skill\",\"enabled\":\"1\",\"fields\":{\"skill\":\"AE Compositing\"}},\"new2\":{\"type\":\"skill\",\"enabled\":\"1\",\"fields\":{\"skill\":\"Tracking\"}},\"new3\":{\"type\":\"skill\",\"enabled\":\"1\",\"fields\":{\"skill\":\"Green Screen\"}},\"new4\":{\"type\":\"skill\",\"enabled\":\"1\",\"fields\":{\"skill\":\"Clean Up\"}},\"new5\":{\"type\":\"skill\",\"enabled\":\"1\",\"fields\":{\"skill\":\"VFX\"}}},\"16\":{\"197\":{\"type\":\"row\",\"enabled\":\"1\",\"fields\":{\"gallery\":[\"111\",\"113\"]}},\"198\":{\"type\":\"row\",\"enabled\":\"1\",\"fields\":{\"gallery\":[\"112\",\"111\",\"113\"]}}},\"4\":[\"111\"],\"7\":\"https:\\/\\/vimeo.com\\/125355565\"}}', '2017-12-01 02:29:39', '2017-12-01 02:29:39', 'ee685e21-f25d-4ece-9587-d20c42c54ab1'),
 ('78', '153', '3', '1', 'en_us', '7', '', '{\"typeId\":\"3\",\"authorId\":\"1\",\"title\":\"12 Days of Elves Season 2\",\"slug\":\"12-days-of-elves-season-2\",\"postDate\":1471977660,\"expiryDate\":null,\"enabled\":1,\"parentId\":\"\",\"fields\":{\"29\":\"#000000\",\"30\":\"#000000\",\"12\":\"Hornet Films\",\"25\":\"#000000\",\"21\":\"<p>Lorem Ipsum is simply dummy text of the printing and typesetting industry. Lorem Ipsum has been the industry\'s standard dummy text ever since the 1500s, when an unknown printer took a galley of type and scrambled it to make a type specimen book.<\\/p>\",\"27\":\"#000000\",\"23\":\"#000000\",\"31\":[\"111\"],\"22\":\"<p>Tag: Stop-motion\\/3D elements\\/Mixed Media\\/2016<\\/p><p>Production Studio: Hornet inc.<\\/p><p>Agency: Leo Burnett<\\/p><p>Director: Peter Sluszka<\\/p><p>Learn More: hornetinc.com<\\/p>\",\"28\":\"#000000\",\"24\":\"#000000\",\"20\":\"12 Days of Elves Season 2\",\"26\":\"#000000\",\"10\":{\"199\":{\"type\":\"role\",\"enabled\":\"1\",\"fields\":{\"role\":\"Lead Compositor\"}},\"200\":{\"type\":\"role\",\"enabled\":\"1\",\"fields\":{\"role\":\"Colorist\"}}},\"11\":{\"201\":{\"type\":\"skill\",\"enabled\":\"1\",\"fields\":{\"skill\":\"AE Compositing\"}},\"202\":{\"type\":\"skill\",\"enabled\":\"1\",\"fields\":{\"skill\":\"Tracking\"}},\"203\":{\"type\":\"skill\",\"enabled\":\"1\",\"fields\":{\"skill\":\"Green Screen\"}},\"204\":{\"type\":\"skill\",\"enabled\":\"1\",\"fields\":{\"skill\":\"Clean Up\"}},\"205\":{\"type\":\"skill\",\"enabled\":\"1\",\"fields\":{\"skill\":\"VFX\"}}},\"16\":{\"197\":{\"type\":\"row\",\"enabled\":\"1\",\"fields\":{\"gallery\":[\"111\",\"113\"]}},\"198\":{\"type\":\"row\",\"enabled\":\"1\",\"fields\":{\"gallery\":[\"112\",\"111\",\"113\"]}}},\"4\":[\"111\"],\"7\":\"https:\\/\\/vimeo.com\\/125355565\"}}', '2017-12-01 02:37:58', '2017-12-01 02:37:58', 'a37b8d88-fb94-4fbb-96fb-7d4ef783c67a'),
 ('79', '153', '3', '1', 'en_us', '8', '', '{\"typeId\":\"3\",\"authorId\":\"1\",\"title\":\"12 Days of Elves Season 2\",\"slug\":\"12-days-of-elves-season-2\",\"postDate\":1471977660,\"expiryDate\":null,\"enabled\":1,\"parentId\":\"\",\"fields\":{\"29\":\"#000000\",\"30\":\"#000000\",\"12\":\"Hornet Films\",\"25\":\"#000000\",\"21\":\"<p>Lorem Ipsum is simply dummy text of the printing and typesetting industry. Lorem Ipsum has been the industry\'s standard dummy text ever since the 1500s, when an unknown printer took a galley of type and scrambled it to make a type specimen book.<\\/p>\",\"27\":\"#000000\",\"23\":\"#000000\",\"31\":[\"111\"],\"22\":\"<p>Tag: Stop-motion\\/3D elements\\/Mixed Media\\/2016<\\/p>\\r\\n<p>Production Studio: Hornet inc.<\\/p>\\r\\n<p>Agency: Leo Burnett<\\/p>\\r\\n<p>Director: Peter Sluszka<\\/p>\\r\\n<p>Learn More: <a href=\\\"http:\\/\\/hornetinc.com\\\">hornetinc.com<\\/a><\\/p>\",\"28\":\"#000000\",\"24\":\"#000000\",\"20\":\"12 Days of Elves Season 2\",\"26\":\"#000000\",\"10\":{\"199\":{\"type\":\"role\",\"enabled\":\"1\",\"fields\":{\"role\":\"Lead Compositor\"}},\"200\":{\"type\":\"role\",\"enabled\":\"1\",\"fields\":{\"role\":\"Colorist\"}}},\"11\":{\"201\":{\"type\":\"skill\",\"enabled\":\"1\",\"fields\":{\"skill\":\"AE Compositing\"}},\"202\":{\"type\":\"skill\",\"enabled\":\"1\",\"fields\":{\"skill\":\"Tracking\"}},\"203\":{\"type\":\"skill\",\"enabled\":\"1\",\"fields\":{\"skill\":\"Green Screen\"}},\"204\":{\"type\":\"skill\",\"enabled\":\"1\",\"fields\":{\"skill\":\"Clean Up\"}},\"205\":{\"type\":\"skill\",\"enabled\":\"1\",\"fields\":{\"skill\":\"VFX\"}}},\"16\":{\"197\":{\"type\":\"row\",\"enabled\":\"1\",\"fields\":{\"gallery\":[\"111\",\"113\"]}},\"198\":{\"type\":\"row\",\"enabled\":\"1\",\"fields\":{\"gallery\":[\"112\",\"111\",\"113\"]}}},\"4\":[\"111\"],\"7\":\"https:\\/\\/vimeo.com\\/125355565\"}}', '2017-12-01 02:38:44', '2017-12-01 02:38:44', '84e2363b-3b67-4d8a-9108-29f2bedbe3f2'),
 ('80', '153', '3', '1', 'en_us', '9', '', '{\"typeId\":\"3\",\"authorId\":\"1\",\"title\":\"12 Days of Elves Season 2\",\"slug\":\"12-days-of-elves-season-2\",\"postDate\":1471977660,\"expiryDate\":null,\"enabled\":1,\"parentId\":\"\",\"fields\":{\"29\":\"#000000\",\"30\":\"#000000\",\"12\":\"Hornet Films\",\"25\":\"#000000\",\"21\":\"<p>Lorem Ipsum is simply dummy text of the printing and typesetting industry. Lorem Ipsum has been the industry\'s standard dummy text ever since the 1500s, when an unknown printer took a galley of type and scrambled it to make a type specimen book.<\\/p>\",\"27\":\"#000000\",\"23\":\"#000000\",\"31\":[\"111\"],\"22\":\"<p>Tag: Stop-motion\\/3D elements\\/Mixed Media\\/2016<\\/p>\\r\\n<p>Production Studio: Hornet inc.<\\/p>\\r\\n<p>Agency: Leo Burnett<\\/p>\\r\\n<p>Director: Peter Sluszka<\\/p>\\r\\n<p>Learn More: <a href=\\\"http:\\/\\/hornetinc.com\\\">hornetinc.com<\\/a><\\/p>\",\"28\":\"#000000\",\"24\":\"#000000\",\"20\":\"12 Days of Elves Season 2\",\"26\":\"#000000\",\"10\":\"<p>Compositor<\\/p><p>Colorist<\\/p>\",\"11\":\"<p>2D Animation<\\/p><p>Short Films<\\/p>\",\"16\":{\"197\":{\"type\":\"row\",\"enabled\":\"1\",\"fields\":{\"gallery\":[\"111\",\"113\"]}},\"198\":{\"type\":\"row\",\"enabled\":\"1\",\"fields\":{\"gallery\":[\"112\",\"111\",\"113\"]}}},\"4\":[\"111\"],\"7\":\"https:\\/\\/vimeo.com\\/125355565\"}}', '2017-12-01 02:41:41', '2017-12-01 02:41:41', '4099775b-ccc5-4e66-9664-66f4155e0b77'),
 ('81', '153', '3', '1', 'en_us', '10', '', '{\"typeId\":\"3\",\"authorId\":\"1\",\"title\":\"12 Days of Elves Season 2\",\"slug\":\"12-days-of-elves-season-2\",\"postDate\":1471977660,\"expiryDate\":null,\"enabled\":1,\"parentId\":\"\",\"fields\":{\"29\":\"#00fa92\",\"30\":\"#f2ff79\",\"12\":\"Hornet Films\",\"25\":\"#8b5aff\",\"21\":\"<p>Lorem Ipsum is simply dummy text of the printing and typesetting industry. Lorem Ipsum has been the industry\'s standard dummy text ever since the 1500s, when an unknown printer took a galley of type and scrambled it to make a type specimen book.<\\/p>\",\"27\":\"#cccccc\",\"23\":\"#000000\",\"31\":[\"111\"],\"22\":\"<p>Tag: Stop-motion\\/3D elements\\/Mixed Media\\/2016<\\/p>\\r\\n<p>Production Studio: Hornet inc.<\\/p>\\r\\n<p>Agency: Leo Burnett<\\/p>\\r\\n<p>Director: Peter Sluszka<\\/p>\\r\\n<p>Learn More: <a href=\\\"http:\\/\\/hornetinc.com\\\">hornetinc.com<\\/a><\\/p>\",\"28\":\"#000000\",\"24\":\"#000000\",\"20\":\"12 Days of Elves Season 2\",\"26\":\"#ffa78f\",\"10\":\"<p>Compositor<\\/p>\\r\\n<p>Colorist<\\/p>\",\"11\":\"<p>2D Animation<\\/p>\\r\\n<p>Short Films<\\/p>\",\"16\":{\"197\":{\"type\":\"row\",\"enabled\":\"1\",\"fields\":{\"gallery\":[\"111\",\"113\"]}},\"198\":{\"type\":\"row\",\"enabled\":\"1\",\"fields\":{\"gallery\":[\"112\",\"111\",\"113\"]}}},\"4\":[\"111\"],\"7\":\"https:\\/\\/vimeo.com\\/125355565\"}}', '2017-12-01 02:50:27', '2017-12-01 02:50:27', '11896e64-db8a-45a8-9bc2-ec45497b0228'),
 ('82', '153', '3', '1', 'en_us', '11', '', '{\"typeId\":\"3\",\"authorId\":\"1\",\"title\":\"12 Days of Elves Season 2\",\"slug\":\"12-days-of-elves-season-2\",\"postDate\":1471977660,\"expiryDate\":null,\"enabled\":1,\"parentId\":\"\",\"fields\":{\"29\":\"#00fa92\",\"30\":\"#f2ff79\",\"12\":\"Hornet Films\",\"25\":\"#8b5aff\",\"21\":\"<p>Lorem Ipsum is simply dummy text of the printing and typesetting industry. Lorem Ipsum has been the industry\'s standard dummy text ever since the 1500s, when an unknown printer took a galley of type and scrambled it to make a type specimen book.<\\/p>\",\"27\":\"#cccccc\",\"23\":\"#1741a8\",\"31\":[\"111\"],\"22\":\"<p>Tag: Stop-motion\\/3D elements\\/Mixed Media\\/2016<\\/p>\\r\\n<p>Production Studio: Hornet inc.<\\/p>\\r\\n<p>Agency: Leo Burnett<\\/p>\\r\\n<p>Director: Peter Sluszka<\\/p>\\r\\n<p>Learn More: <a href=\\\"http:\\/\\/hornetinc.com\\\">hornetinc.com<\\/a><\\/p>\",\"28\":\"#908b15\",\"24\":\"#701461\",\"20\":\"12 Days of Elves Season 2\",\"26\":\"#ffa78f\",\"10\":\"<p>Compositor<\\/p>\\r\\n<p>Colorist<\\/p>\",\"11\":\"<p>2D Animation<\\/p>\\r\\n<p>Short Films<\\/p>\",\"16\":{\"197\":{\"type\":\"row\",\"enabled\":\"1\",\"fields\":{\"gallery\":[\"111\",\"113\"]}},\"198\":{\"type\":\"row\",\"enabled\":\"1\",\"fields\":{\"gallery\":[\"112\",\"111\",\"113\"]}}},\"4\":[\"111\"],\"7\":\"https:\\/\\/vimeo.com\\/125355565\"}}', '2017-12-01 02:51:16', '2017-12-01 02:51:16', '79bfdde7-b4b3-4850-81d8-aff6bed595a6'),
 ('83', '153', '3', '1', 'en_us', '12', '', '{\"typeId\":\"3\",\"authorId\":\"1\",\"title\":\"12 Days of Elves Season 2\",\"slug\":\"12-days-of-elves-season-2\",\"postDate\":1471977660,\"expiryDate\":null,\"enabled\":1,\"parentId\":\"\",\"fields\":{\"29\":\"#00fa92\",\"32\":\"0.5\",\"30\":\"#f2ff79\",\"12\":\"Hornet Films\",\"25\":\"#8b5aff\",\"21\":\"<p>Lorem Ipsum is simply dummy text of the printing and typesetting industry. Lorem Ipsum has been the industry\'s standard dummy text ever since the 1500s, when an unknown printer took a galley of type and scrambled it to make a type specimen book.<\\/p>\",\"27\":\"#cccccc\",\"23\":\"#1741a8\",\"31\":[\"111\"],\"22\":\"<p>Tag: Stop-motion\\/3D elements\\/Mixed Media\\/2016<\\/p>\\r\\n<p>Production Studio: Hornet inc.<\\/p>\\r\\n<p>Agency: Leo Burnett<\\/p>\\r\\n<p>Director: Peter Sluszka<\\/p>\\r\\n<p>Learn More: <a href=\\\"http:\\/\\/hornetinc.com\\\">hornetinc.com<\\/a><\\/p>\",\"28\":\"#908b15\",\"24\":\"#701461\",\"20\":\"12 Days of Elves Season 2\",\"26\":\"#ffa78f\",\"10\":\"<p>Compositor<\\/p>\\r\\n<p>Colorist<\\/p>\",\"11\":\"<p>2D Animation<\\/p>\\r\\n<p>Short Films<\\/p>\",\"16\":{\"197\":{\"type\":\"row\",\"enabled\":\"1\",\"fields\":{\"gallery\":[\"111\",\"113\"]}},\"198\":{\"type\":\"row\",\"enabled\":\"1\",\"fields\":{\"gallery\":[\"112\",\"111\",\"113\"]}}},\"4\":[\"111\"],\"7\":\"https:\\/\\/vimeo.com\\/125355565\"}}', '2017-12-01 03:48:28', '2017-12-01 03:48:28', '06d0c2e2-581d-4225-adce-1c748e8bc746'),
 ('84', '153', '3', '1', 'en_us', '13', '', '{\"typeId\":\"3\",\"authorId\":\"1\",\"title\":\"12 Days of Elves Season 2\",\"slug\":\"12-days-of-elves-season-2\",\"postDate\":1471977660,\"expiryDate\":null,\"enabled\":1,\"parentId\":\"\",\"fields\":{\"29\":\"#99d1cf\",\"32\":\"0.5\",\"30\":\"#f2ff79\",\"12\":\"Hornet Films\",\"25\":\"#8b5aff\",\"21\":\"<p>Lorem Ipsum is simply dummy text of the printing and typesetting industry. Lorem Ipsum has been the industry\'s standard dummy text ever since the 1500s, when an unknown printer took a galley of type and scrambled it to make a type specimen book.<\\/p>\",\"27\":\"#cccccc\",\"23\":\"#1741a8\",\"31\":[\"111\"],\"22\":\"<p>Tag: Stop-motion\\/3D elements\\/Mixed Media\\/2016<\\/p>\\r\\n<p>Production Studio: Hornet inc.<\\/p>\\r\\n<p>Agency: Leo Burnett<\\/p>\\r\\n<p>Director: Peter Sluszka<\\/p>\\r\\n<p>Learn More: <a href=\\\"http:\\/\\/hornetinc.com\\\">hornetinc.com<\\/a><\\/p>\",\"28\":\"#908b15\",\"24\":\"#701461\",\"20\":\"12 Days of Elves Season 2\",\"26\":\"#ffa78f\",\"10\":\"<p>Compositor<\\/p>\\r\\n<p>Colorist<\\/p>\",\"11\":\"<p>2D Animation<\\/p>\\r\\n<p>Short Films<\\/p>\",\"16\":{\"197\":{\"type\":\"row\",\"enabled\":\"1\",\"fields\":{\"gallery\":[\"111\",\"113\"]}},\"198\":{\"type\":\"row\",\"enabled\":\"1\",\"fields\":{\"gallery\":[\"112\",\"111\",\"113\"]}}},\"4\":[\"111\"],\"7\":\"https:\\/\\/vimeo.com\\/125355565\"}}', '2017-12-01 03:50:31', '2017-12-01 03:50:31', 'd632578a-c0ab-4774-a001-3341b573022b'),
 ('85', '154', '3', '1', 'en_us', '2', '', '{\"typeId\":\"3\",\"authorId\":\"1\",\"title\":\"12 Days of Elves Season 3\",\"slug\":\"12-days-of-elves-season-3\",\"postDate\":1471978800,\"expiryDate\":null,\"enabled\":1,\"parentId\":\"\",\"fields\":{\"29\":\"#ffffff\",\"32\":\"0\",\"30\":\"#ffffff\",\"12\":\"\",\"25\":\"#000000\",\"21\":\"\",\"27\":\"#000000\",\"23\":\"#000000\",\"31\":\"\",\"22\":\"\",\"28\":\"#000000\",\"24\":\"#000000\",\"20\":\"\",\"26\":\"#000000\",\"10\":\"\",\"11\":\"\",\"16\":\"\",\"4\":[\"112\"],\"7\":\"https:\\/\\/vimeo.com\\/153983786\"}}', '2017-12-01 03:55:01', '2017-12-01 03:55:01', '7cc46c2c-e52b-44dd-810a-3bd16cab324e'),
 ('86', '154', '3', '1', 'en_us', '3', '', '{\"typeId\":\"3\",\"authorId\":\"1\",\"title\":\"12 Days of Elves Season 3\",\"slug\":\"12-days-of-elves-season-3\",\"postDate\":1471978800,\"expiryDate\":null,\"enabled\":1,\"parentId\":\"\",\"fields\":{\"29\":\"#ffffff\",\"32\":\"1\",\"30\":\"#ffffff\",\"12\":\"\",\"25\":\"#000000\",\"21\":\"\",\"27\":\"#000000\",\"23\":\"#000000\",\"31\":\"\",\"22\":\"\",\"28\":\"#000000\",\"24\":\"#000000\",\"20\":\"\",\"26\":\"#000000\",\"10\":\"\",\"11\":\"\",\"16\":\"\",\"4\":[\"112\"],\"7\":\"https:\\/\\/vimeo.com\\/153983786\"}}', '2017-12-01 03:55:32', '2017-12-01 03:55:32', 'd2fcf35d-e8d8-42e6-8f0f-1ca77adda29e'),
 ('87', '155', '3', '1', 'en_us', '3', '', '{\"typeId\":\"3\",\"authorId\":\"1\",\"title\":\"DELL Stop Motion Paper Cut\",\"slug\":\"dell-stop-motion-paper-cut\",\"postDate\":1471979400,\"expiryDate\":null,\"enabled\":1,\"parentId\":\"\",\"fields\":{\"29\":\"#ffffff\",\"32\":\"0\",\"30\":\"#ffffff\",\"12\":\"\",\"25\":\"#000000\",\"21\":\"\",\"27\":\"#000000\",\"23\":\"#000000\",\"31\":\"\",\"22\":\"\",\"28\":\"#000000\",\"24\":\"#000000\",\"20\":\"\",\"26\":\"#000000\",\"10\":\"\",\"11\":\"\",\"16\":\"\",\"4\":[\"119\"],\"7\":\"https:\\/\\/vimeo.com\\/137547607\"}}', '2017-12-01 03:56:34', '2017-12-01 03:56:34', '84d0af24-cf57-466b-b706-21d0d477b325'),
 ('88', '154', '3', '1', 'en_us', '4', '', '{\"typeId\":\"3\",\"authorId\":\"1\",\"title\":\"12 Days of Elves Season 3\",\"slug\":\"12-days-of-elves-season-3\",\"postDate\":1471978800,\"expiryDate\":null,\"enabled\":1,\"parentId\":\"\",\"fields\":{\"29\":\"#6bfff3\",\"32\":\"1\",\"30\":\"#ffffff\",\"12\":\"\",\"25\":\"#000000\",\"21\":\"\",\"27\":\"#000000\",\"23\":\"#000000\",\"31\":\"\",\"22\":\"\",\"28\":\"#000000\",\"24\":\"#000000\",\"20\":\"\",\"26\":\"#000000\",\"10\":\"\",\"11\":\"\",\"16\":\"\",\"4\":[\"112\"],\"7\":\"https:\\/\\/vimeo.com\\/153983786\"}}', '2017-12-01 04:02:49', '2017-12-01 04:02:49', '1d2f15c1-c66b-49d3-91b7-1c3eb49e8124'),
 ('89', '154', '3', '1', 'en_us', '5', '', '{\"typeId\":\"3\",\"authorId\":\"1\",\"title\":\"12 Days of Elves Season 3\",\"slug\":\"12-days-of-elves-season-3\",\"postDate\":1471978800,\"expiryDate\":null,\"enabled\":1,\"parentId\":\"\",\"fields\":{\"29\":\"#6bfff3\",\"32\":\"1\",\"30\":\"#ff2e2a\",\"12\":\"\",\"25\":\"#000000\",\"21\":\"\",\"27\":\"#000000\",\"23\":\"#000000\",\"31\":\"\",\"22\":\"\",\"28\":\"#000000\",\"24\":\"#000000\",\"20\":\"\",\"26\":\"#000000\",\"10\":\"\",\"11\":\"\",\"16\":\"\",\"4\":[\"112\"],\"7\":\"https:\\/\\/vimeo.com\\/153983786\"}}', '2017-12-01 04:02:56', '2017-12-01 04:02:56', 'a39e8437-df87-4dc0-87ae-6c92455a1bb7'),
 ('90', '154', '3', '1', 'en_us', '6', '', '{\"typeId\":\"3\",\"authorId\":\"1\",\"title\":\"12 Days of Elves Season 3\",\"slug\":\"12-days-of-elves-season-3\",\"postDate\":1471978800,\"expiryDate\":null,\"enabled\":1,\"parentId\":\"\",\"fields\":{\"29\":\"#6bfff3\",\"32\":\"0.4\",\"30\":\"#ff2e2a\",\"12\":\"\",\"25\":\"#000000\",\"21\":\"\",\"27\":\"#000000\",\"23\":\"#000000\",\"31\":\"\",\"22\":\"\",\"28\":\"#000000\",\"24\":\"#000000\",\"20\":\"\",\"26\":\"#000000\",\"10\":\"\",\"11\":\"\",\"16\":\"\",\"4\":[\"112\"],\"7\":\"https:\\/\\/vimeo.com\\/153983786\"}}', '2017-12-01 04:03:07', '2017-12-01 04:03:07', '6bdf2a96-d655-4b08-9dd0-3106c7bc60c3'),
 ('91', '153', '3', '1', 'en_us', '14', '', '{\"typeId\":\"3\",\"authorId\":\"1\",\"title\":\"12 Days of Elves Season 2\",\"slug\":\"12-days-of-elves-season-2\",\"postDate\":1471977660,\"expiryDate\":null,\"enabled\":1,\"parentId\":\"\",\"fields\":{\"29\":\"#ff2b09\",\"32\":\"0.5\",\"30\":\"#51ffe3\",\"12\":\"Hornet Films\",\"25\":\"#8b5aff\",\"21\":\"<p>Lorem Ipsum is simply dummy text of the printing and typesetting industry. Lorem Ipsum has been the industry\'s standard dummy text ever since the 1500s, when an unknown printer took a galley of type and scrambled it to make a type specimen book.<\\/p>\",\"27\":\"#cccccc\",\"23\":\"#1741a8\",\"31\":[\"111\"],\"22\":\"<p>Tag: Stop-motion\\/3D elements\\/Mixed Media\\/2016<\\/p>\\r\\n<p>Production Studio: Hornet inc.<\\/p>\\r\\n<p>Agency: Leo Burnett<\\/p>\\r\\n<p>Director: Peter Sluszka<\\/p>\\r\\n<p>Learn More: <a href=\\\"http:\\/\\/hornetinc.com\\\">hornetinc.com<\\/a><\\/p>\",\"28\":\"#908b15\",\"24\":\"#701461\",\"20\":\"12 Days of Elves Season 2\",\"26\":\"#ffa78f\",\"10\":\"<p>Compositor<\\/p>\\r\\n<p>Colorist<\\/p>\",\"11\":\"<p>2D Animation<\\/p>\\r\\n<p>Short Films<\\/p>\",\"16\":{\"197\":{\"type\":\"row\",\"enabled\":\"1\",\"fields\":{\"gallery\":[\"111\",\"113\"]}},\"198\":{\"type\":\"row\",\"enabled\":\"1\",\"fields\":{\"gallery\":[\"112\",\"111\",\"113\"]}}},\"4\":[\"111\"],\"7\":\"https:\\/\\/vimeo.com\\/125355565\"}}', '2017-12-01 04:13:25', '2017-12-01 04:13:25', '4a329fc6-ed0e-4e92-bac7-6303d66a4942'),
 ('92', '153', '3', '1', 'en_us', '15', '', '{\"typeId\":\"3\",\"authorId\":\"1\",\"title\":\"12 Days of Elves Season 2\",\"slug\":\"12-days-of-elves-season-2\",\"postDate\":1471977660,\"expiryDate\":null,\"enabled\":1,\"parentId\":\"\",\"fields\":{\"29\":\"#ff2b09\",\"32\":\"0.8\",\"30\":\"#51ffe3\",\"12\":\"Hornet Films\",\"25\":\"#8b5aff\",\"21\":\"<p>Lorem Ipsum is simply dummy text of the printing and typesetting industry. Lorem Ipsum has been the industry\'s standard dummy text ever since the 1500s, when an unknown printer took a galley of type and scrambled it to make a type specimen book.<\\/p>\",\"27\":\"#cccccc\",\"23\":\"#1741a8\",\"31\":[\"111\"],\"22\":\"<p>Tag: Stop-motion\\/3D elements\\/Mixed Media\\/2016<\\/p>\\r\\n<p>Production Studio: Hornet inc.<\\/p>\\r\\n<p>Agency: Leo Burnett<\\/p>\\r\\n<p>Director: Peter Sluszka<\\/p>\\r\\n<p>Learn More: <a href=\\\"http:\\/\\/hornetinc.com\\\">hornetinc.com<\\/a><\\/p>\",\"28\":\"#908b15\",\"24\":\"#701461\",\"20\":\"12 Days of Elves Season 2\",\"26\":\"#ffa78f\",\"10\":\"<p>Compositor<\\/p>\\r\\n<p>Colorist<\\/p>\",\"11\":\"<p>2D Animation<\\/p>\\r\\n<p>Short Films<\\/p>\",\"16\":{\"197\":{\"type\":\"row\",\"enabled\":\"1\",\"fields\":{\"gallery\":[\"111\",\"113\"]}},\"198\":{\"type\":\"row\",\"enabled\":\"1\",\"fields\":{\"gallery\":[\"112\",\"111\",\"113\"]}}},\"4\":[\"111\"],\"7\":\"https:\\/\\/vimeo.com\\/125355565\"}}', '2017-12-01 04:15:52', '2017-12-01 04:15:52', '388565c9-4f8a-4348-ba3d-98867e9040c2'),
 ('93', '153', '3', '1', 'en_us', '16', '', '{\"typeId\":\"3\",\"authorId\":\"1\",\"title\":\"12 Days of Elves Season 2\",\"slug\":\"12-days-of-elves-season-2\",\"postDate\":1471977660,\"expiryDate\":null,\"enabled\":1,\"parentId\":\"\",\"fields\":{\"29\":\"#de2609\",\"32\":\"0.8\",\"30\":\"#51ffe3\",\"12\":\"Hornet Films\",\"25\":\"#8b5aff\",\"21\":\"<p>Lorem Ipsum is simply dummy text of the printing and typesetting industry. Lorem Ipsum has been the industry\'s standard dummy text ever since the 1500s, when an unknown printer took a galley of type and scrambled it to make a type specimen book.<\\/p>\",\"27\":\"#cccccc\",\"23\":\"#1741a8\",\"31\":[\"111\"],\"22\":\"<p>Tag: Stop-motion\\/3D elements\\/Mixed Media\\/2016<\\/p>\\r\\n<p>Production Studio: Hornet inc.<\\/p>\\r\\n<p>Agency: Leo Burnett<\\/p>\\r\\n<p>Director: Peter Sluszka<\\/p>\\r\\n<p>Learn More: <a href=\\\"http:\\/\\/hornetinc.com\\\">hornetinc.com<\\/a><\\/p>\",\"28\":\"#908b15\",\"24\":\"#701461\",\"20\":\"12 Days of Elves Season 2\",\"26\":\"#ffa78f\",\"10\":\"<p>Compositor<\\/p>\\r\\n<p>Colorist<\\/p>\",\"11\":\"<p>2D Animation<\\/p>\\r\\n<p>Short Films<\\/p>\",\"16\":{\"197\":{\"type\":\"row\",\"enabled\":\"1\",\"fields\":{\"gallery\":[\"111\",\"113\"]}},\"198\":{\"type\":\"row\",\"enabled\":\"1\",\"fields\":{\"gallery\":[\"112\",\"111\",\"113\"]}}},\"4\":[\"111\"],\"7\":\"https:\\/\\/vimeo.com\\/125355565\"}}', '2017-12-01 04:16:08', '2017-12-01 04:16:08', '850d748c-2211-4b61-bb1d-2a85e498d63d'),
 ('94', '153', '3', '1', 'en_us', '17', '', '{\"typeId\":\"3\",\"authorId\":\"1\",\"title\":\"12 Days of Elves Season 2\",\"slug\":\"12-days-of-elves-season-2\",\"postDate\":1471977660,\"expiryDate\":null,\"enabled\":1,\"parentId\":\"\",\"fields\":{\"29\":\"#b42516\",\"32\":\"0.8\",\"30\":\"#51ffe3\",\"12\":\"Hornet Films\",\"25\":\"#8b5aff\",\"21\":\"<p>Lorem Ipsum is simply dummy text of the printing and typesetting industry. Lorem Ipsum has been the industry\'s standard dummy text ever since the 1500s, when an unknown printer took a galley of type and scrambled it to make a type specimen book.<\\/p>\",\"27\":\"#cccccc\",\"23\":\"#1741a8\",\"31\":[\"111\"],\"22\":\"<p>Tag: Stop-motion\\/3D elements\\/Mixed Media\\/2016<\\/p>\\r\\n<p>Production Studio: Hornet inc.<\\/p>\\r\\n<p>Agency: Leo Burnett<\\/p>\\r\\n<p>Director: Peter Sluszka<\\/p>\\r\\n<p>Learn More: <a href=\\\"http:\\/\\/hornetinc.com\\\">hornetinc.com<\\/a><\\/p>\",\"28\":\"#908b15\",\"24\":\"#701461\",\"20\":\"12 Days of Elves Season 2\",\"26\":\"#ffa78f\",\"10\":\"<p>Compositor<\\/p>\\r\\n<p>Colorist<\\/p>\",\"11\":\"<p>2D Animation<\\/p>\\r\\n<p>Short Films<\\/p>\",\"16\":{\"197\":{\"type\":\"row\",\"enabled\":\"1\",\"fields\":{\"gallery\":[\"111\",\"113\"]}},\"198\":{\"type\":\"row\",\"enabled\":\"1\",\"fields\":{\"gallery\":[\"112\",\"111\",\"113\"]}}},\"4\":[\"111\"],\"7\":\"https:\\/\\/vimeo.com\\/125355565\"}}', '2017-12-01 04:17:20', '2017-12-01 04:17:20', '0fd4c4d6-67f5-4f17-9c30-f7273c808bd9'),
 ('95', '153', '3', '1', 'en_us', '18', '', '{\"typeId\":\"3\",\"authorId\":\"1\",\"title\":\"12 Days of Elves Season 2\",\"slug\":\"12-days-of-elves-season-2\",\"postDate\":1471977660,\"expiryDate\":null,\"enabled\":1,\"parentId\":\"\",\"fields\":{\"29\":\"#ac1e12\",\"32\":\"0.8\",\"30\":\"#51ffe3\",\"12\":\"Hornet Films\",\"25\":\"#8b5aff\",\"21\":\"<p>Lorem Ipsum is simply dummy text of the printing and typesetting industry. Lorem Ipsum has been the industry\'s standard dummy text ever since the 1500s, when an unknown printer took a galley of type and scrambled it to make a type specimen book.<\\/p>\",\"27\":\"#cccccc\",\"23\":\"#1741a8\",\"31\":[\"111\"],\"22\":\"<p>Tag: Stop-motion\\/3D elements\\/Mixed Media\\/2016<\\/p>\\r\\n<p>Production Studio: Hornet inc.<\\/p>\\r\\n<p>Agency: Leo Burnett<\\/p>\\r\\n<p>Director: Peter Sluszka<\\/p>\\r\\n<p>Learn More: <a href=\\\"http:\\/\\/hornetinc.com\\\">hornetinc.com<\\/a><\\/p>\",\"28\":\"#908b15\",\"24\":\"#701461\",\"20\":\"12 Days of Elves Season 2\",\"26\":\"#ffa78f\",\"10\":\"<p>Compositor<\\/p>\\r\\n<p>Colorist<\\/p>\",\"11\":\"<p>2D Animation<\\/p>\\r\\n<p>Short Films<\\/p>\",\"16\":{\"197\":{\"type\":\"row\",\"enabled\":\"1\",\"fields\":{\"gallery\":[\"111\",\"113\"]}},\"198\":{\"type\":\"row\",\"enabled\":\"1\",\"fields\":{\"gallery\":[\"112\",\"111\",\"113\"]}}},\"4\":[\"111\"],\"7\":\"https:\\/\\/vimeo.com\\/125355565\"}}', '2017-12-01 04:18:32', '2017-12-01 04:18:32', '05412adc-acb7-4fe9-a072-1d2676c3000b'),
 ('96', '153', '3', '1', 'en_us', '19', '', '{\"typeId\":\"3\",\"authorId\":\"1\",\"title\":\"12 Days of Elves Season 2\",\"slug\":\"12-days-of-elves-season-2\",\"postDate\":1471977660,\"expiryDate\":null,\"enabled\":1,\"parentId\":\"\",\"fields\":{\"29\":\"#ac1e12\",\"32\":\"0.8\",\"30\":\"#ffe96a\",\"12\":\"Hornet Films\",\"25\":\"#8b5aff\",\"21\":\"<p>Lorem Ipsum is simply dummy text of the printing and typesetting industry. Lorem Ipsum has been the industry\'s standard dummy text ever since the 1500s, when an unknown printer took a galley of type and scrambled it to make a type specimen book.<\\/p>\",\"27\":\"#cccccc\",\"23\":\"#1741a8\",\"31\":[\"111\"],\"22\":\"<p>Tag: Stop-motion\\/3D elements\\/Mixed Media\\/2016<\\/p>\\r\\n<p>Production Studio: Hornet inc.<\\/p>\\r\\n<p>Agency: Leo Burnett<\\/p>\\r\\n<p>Director: Peter Sluszka<\\/p>\\r\\n<p>Learn More: <a href=\\\"http:\\/\\/hornetinc.com\\\">hornetinc.com<\\/a><\\/p>\",\"28\":\"#908b15\",\"24\":\"#701461\",\"20\":\"12 Days of Elves Season 2\",\"26\":\"#ffa78f\",\"10\":\"<p>Compositor<\\/p>\\r\\n<p>Colorist<\\/p>\",\"11\":\"<p>2D Animation<\\/p>\\r\\n<p>Short Films<\\/p>\",\"16\":{\"197\":{\"type\":\"row\",\"enabled\":\"1\",\"fields\":{\"gallery\":[\"111\",\"113\"]}},\"198\":{\"type\":\"row\",\"enabled\":\"1\",\"fields\":{\"gallery\":[\"112\",\"111\",\"113\"]}}},\"4\":[\"111\"],\"7\":\"https:\\/\\/vimeo.com\\/125355565\"}}', '2017-12-01 04:18:48', '2017-12-01 04:18:48', '0b2b74e8-0088-4dda-9a0f-cf2bf6b572de'),
 ('97', '153', '3', '1', 'en_us', '20', '', '{\"typeId\":\"3\",\"authorId\":\"1\",\"title\":\"12 Days of Elves Season 2\",\"slug\":\"12-days-of-elves-season-2\",\"postDate\":1471977660,\"expiryDate\":null,\"enabled\":1,\"parentId\":\"\",\"fields\":{\"29\":\"#ac1e12\",\"32\":\"0.8\",\"30\":\"#ffe96a\",\"12\":\"Hornet Films\",\"25\":\"#8b5aff\",\"21\":\"<p>Lorem Ipsum is simply dummy text of the printing and typesetting industry. Lorem Ipsum has been the industry\'s standard dummy text ever since the 1500s, when an unknown printer took a galley of type and scrambled it to make a type specimen book.<\\/p>\",\"27\":\"#cccccc\",\"23\":\"#1741a8\",\"33\":\"#8d2818\",\"31\":[\"111\"],\"22\":\"<p>Tag: Stop-motion\\/3D elements\\/Mixed Media\\/2016<\\/p>\\r\\n<p>Production Studio: Hornet inc.<\\/p>\\r\\n<p>Agency: Leo Burnett<\\/p>\\r\\n<p>Director: Peter Sluszka<\\/p>\\r\\n<p>Learn More: <a href=\\\"http:\\/\\/hornetinc.com\\\">hornetinc.com<\\/a><\\/p>\",\"28\":\"#908b15\",\"24\":\"#701461\",\"20\":\"12 Days of Elves Season 2\",\"26\":\"#ffa78f\",\"10\":\"<p>Compositor<\\/p>\\r\\n<p>Colorist<\\/p>\",\"11\":\"<p>2D Animation<\\/p>\\r\\n<p>Short Films<\\/p>\",\"16\":{\"197\":{\"type\":\"row\",\"enabled\":\"1\",\"fields\":{\"gallery\":[\"111\",\"113\"]}},\"198\":{\"type\":\"row\",\"enabled\":\"1\",\"fields\":{\"gallery\":[\"112\",\"111\",\"113\"]}}},\"34\":\"#ac1e12\",\"35\":\"0.8\",\"4\":[\"111\"],\"7\":\"https:\\/\\/vimeo.com\\/125355565\"}}', '2017-12-01 05:13:52', '2017-12-01 05:13:52', 'b73f960a-ee6b-49f4-92fc-0c6cbbb1c135'),
 ('98', '153', '3', '1', 'en_us', '21', '', '{\"typeId\":\"3\",\"authorId\":\"1\",\"title\":\"12 Days of Elves Season 2\",\"slug\":\"12-days-of-elves-season-2\",\"postDate\":1471977660,\"expiryDate\":null,\"enabled\":1,\"parentId\":\"\",\"fields\":{\"29\":\"#ac1e12\",\"32\":\"0.8\",\"30\":\"#ffe96a\",\"12\":\"Hornet Films\",\"25\":\"#8b5aff\",\"21\":\"<p>Lorem Ipsum is simply dummy text of the printing and typesetting industry. Lorem Ipsum has been the industry\'s standard dummy text ever since the 1500s, when an unknown printer took a galley of type and scrambled it to make a type specimen book.<\\/p>\",\"27\":\"#cccccc\",\"23\":\"#1741a8\",\"33\":\"#8d2818\",\"31\":[\"111\"],\"22\":\"<p>Tag: Stop-motion\\/3D elements\\/Mixed Media\\/2016<\\/p>\\r\\n<p>Production Studio: Hornet inc.<\\/p>\\r\\n<p>Agency: Leo Burnett<\\/p>\\r\\n<p>Director: Peter Sluszka<\\/p>\\r\\n<p>Learn More: <a href=\\\"http:\\/\\/hornetinc.com\\\">hornetinc.com<\\/a><\\/p>\",\"28\":\"#908b15\",\"24\":\"#701461\",\"20\":\"12 Days of Elves Season 2\",\"26\":\"#ffa78f\",\"10\":\"<p>Compositor<\\/p>\\r\\n<p>Colorist<\\/p>\",\"11\":\"<p>2D Animation<\\/p>\\r\\n<p>Short Films<\\/p>\",\"16\":{\"197\":{\"type\":\"row\",\"enabled\":\"1\",\"fields\":{\"gallery\":[\"111\",\"113\"]}},\"198\":{\"type\":\"row\",\"enabled\":\"1\",\"fields\":{\"gallery\":[\"112\",\"111\",\"113\"]}}},\"34\":\"#ac1e12\",\"35\":\"0.8\",\"4\":[\"111\"],\"7\":\"https:\\/\\/vimeo.com\\/39172872\"}}', '2017-12-01 05:25:15', '2017-12-01 05:25:15', 'af7db4fd-2ff4-47bd-8c4b-95055e09352a'),
 ('99', '153', '3', '1', 'en_us', '22', '', '{\"typeId\":\"3\",\"authorId\":\"1\",\"title\":\"12 Days of Elves Season 2\",\"slug\":\"12-days-of-elves-season-2\",\"postDate\":1471977660,\"expiryDate\":null,\"enabled\":1,\"parentId\":\"\",\"fields\":{\"29\":\"#ac1e12\",\"32\":\"0.8\",\"30\":\"#ffe96a\",\"12\":\"Hornet Films\",\"25\":\"#8b5aff\",\"21\":\"<p>Lorem Ipsum is simply dummy text of the printing and typesetting industry. Lorem Ipsum has been the industry\'s standard dummy text ever since the 1500s, when an unknown printer took a galley of type and scrambled it to make a type specimen book.<\\/p>\",\"27\":\"#cccccc\",\"23\":\"#1741a8\",\"33\":\"#8d2818\",\"31\":[\"111\"],\"22\":\"<p>Tag: Stop-motion\\/3D elements\\/Mixed Media\\/2016<\\/p>\\r\\n<p>Production Studio: Hornet inc.<\\/p>\\r\\n<p>Agency: Leo Burnett<\\/p>\\r\\n<p>Director: Peter Sluszka<\\/p>\\r\\n<p>Learn More: <a href=\\\"http:\\/\\/hornetinc.com\\\">hornetinc.com<\\/a><\\/p>\",\"28\":\"#908b15\",\"24\":\"#701461\",\"20\":\"12 Days of Elves Season 2\",\"26\":\"#ffa78f\",\"10\":\"<p>Compositor<\\/p>\\r\\n<p>Colorist<\\/p>\",\"11\":\"<p>2D Animation<\\/p>\\r\\n<p>Short Films<\\/p>\",\"16\":{\"197\":{\"type\":\"row\",\"enabled\":\"1\",\"fields\":{\"gallery\":[\"111\",\"113\"]}},\"198\":{\"type\":\"row\",\"enabled\":\"1\",\"fields\":{\"gallery\":[\"112\",\"111\",\"113\"]}}},\"34\":\"#ac1e12\",\"35\":\"0.8\",\"4\":[\"111\"],\"7\":\"https:\\/\\/vimeo.com\\/180208039\"}}', '2017-12-01 05:28:40', '2017-12-01 05:28:40', '17fa01b3-994d-4f27-8f0f-8a4de84358e0'),
 ('100', '153', '3', '1', 'en_us', '23', '', '{\"typeId\":\"3\",\"authorId\":\"1\",\"title\":\"12 Days of Elves Season 2\",\"slug\":\"12-days-of-elves-season-2\",\"postDate\":1471977660,\"expiryDate\":null,\"enabled\":1,\"parentId\":\"\",\"fields\":{\"29\":\"#ac1e12\",\"32\":\"0.8\",\"30\":\"#ffe96a\",\"12\":\"Hornet Films\",\"25\":\"#8b5aff\",\"21\":\"<p>Lorem Ipsum is simply dummy text of the printing and typesetting industry. Lorem Ipsum has been the industry\'s standard dummy text ever since the 1500s, when an unknown printer took a galley of type and scrambled it to make a type specimen book.<\\/p>\",\"27\":\"#cccccc\",\"23\":\"#1741a8\",\"33\":\"#8d2818\",\"31\":[\"111\"],\"22\":\"<p>Tag: Stop-motion\\/3D elements\\/Mixed Media\\/2016<\\/p>\\r\\n<p>Production Studio: Hornet inc.<\\/p>\\r\\n<p>Agency: Leo Burnett<\\/p>\\r\\n<p>Director: Peter Sluszka<\\/p>\\r\\n<p>Learn More: <a href=\\\"http:\\/\\/hornetinc.com\\\">hornetinc.com<\\/a><\\/p>\",\"28\":\"#908b15\",\"24\":\"#701461\",\"20\":\"12 Days of Elves Season 2\",\"26\":\"#ffa78f\",\"10\":\"<p>Compositor<\\/p>\\r\\n<p>Colorist<\\/p>\",\"11\":\"<p>2D Animation<\\/p>\\r\\n<p>Short Films<\\/p>\",\"16\":{\"197\":{\"type\":\"row\",\"enabled\":\"1\",\"fields\":{\"gallery\":[\"111\",\"113\"]}},\"198\":{\"type\":\"row\",\"enabled\":\"1\",\"fields\":{\"gallery\":[\"112\",\"111\",\"113\"]}}},\"34\":\"#ac1e12\",\"35\":\"0.8\",\"4\":[\"111\"],\"7\":\"https:\\/\\/vimeo.com\\/130595491\"}}', '2017-12-01 05:29:14', '2017-12-01 05:29:14', '7079e8e4-a1d1-46fb-b88d-217ea7ffc740'),
 ('101', '153', '3', '1', 'en_us', '24', '', '{\"typeId\":\"3\",\"authorId\":\"1\",\"title\":\"12 Days of Elves Season 2\",\"slug\":\"12-days-of-elves-season-2\",\"postDate\":1471977660,\"expiryDate\":null,\"enabled\":1,\"parentId\":\"\",\"fields\":{\"29\":\"#ac1e12\",\"32\":\"0.8\",\"30\":\"#ffe96a\",\"12\":\"Hornet Films\",\"25\":\"#8b5aff\",\"21\":\"<p>Lorem Ipsum is simply dummy text of the printing and typesetting industry. Lorem Ipsum has been the industry\'s standard dummy text ever since the 1500s, when an unknown printer took a galley of type and scrambled it to make a type specimen book.<\\/p>\",\"27\":\"#cccccc\",\"23\":\"#1741a8\",\"33\":\"#8d2818\",\"31\":[\"111\"],\"22\":\"<p>Tag: Stop-motion\\/3D elements\\/Mixed Media\\/2016<\\/p>\\r\\n<p>Production Studio: Hornet inc.<\\/p>\\r\\n<p>Agency: Leo Burnett<\\/p>\\r\\n<p>Director: Peter Sluszka<\\/p>\\r\\n<p>Learn More: <a href=\\\"http:\\/\\/hornetinc.com\\\">hornetinc.com<\\/a><\\/p>\",\"28\":\"#908b15\",\"24\":\"#701461\",\"20\":\"12 Days of Elves Season 2\",\"26\":\"#ffa78f\",\"10\":\"<p>Compositor<\\/p>\\r\\n<p>Colorist<\\/p>\",\"11\":\"<p>2D Animation<\\/p>\\r\\n<p>Short Films<\\/p>\",\"16\":{\"197\":{\"type\":\"row\",\"enabled\":\"1\",\"fields\":{\"gallery\":[\"111\",\"113\"]}},\"198\":{\"type\":\"row\",\"enabled\":\"1\",\"fields\":{\"gallery\":[\"112\",\"111\",\"113\"]}}},\"34\":\"#ac1e12\",\"35\":\"0.8\",\"4\":[\"111\"],\"7\":\"https:\\/\\/vimeo.com\\/45515295\"}}', '2017-12-01 05:29:40', '2017-12-01 05:29:40', 'c115d3fe-7991-4c3c-883f-c2b0fcdf1f12'),
 ('102', '153', '3', '1', 'en_us', '25', '', '{\"typeId\":\"3\",\"authorId\":\"1\",\"title\":\"12 Days of Elves Season 2\",\"slug\":\"12-days-of-elves-season-2\",\"postDate\":1471977660,\"expiryDate\":null,\"enabled\":1,\"parentId\":\"\",\"fields\":{\"29\":\"#ac1e12\",\"32\":\"0.8\",\"30\":\"#ffe96a\",\"12\":\"Hornet Films\",\"25\":\"#8b5aff\",\"21\":\"<p>Lorem Ipsum is simply dummy text of the printing and typesetting industry. Lorem Ipsum has been the industry\'s standard dummy text ever since the 1500s, when an unknown printer took a galley of type and scrambled it to make a type specimen book.<\\/p>\",\"27\":\"#cccccc\",\"23\":\"#1741a8\",\"33\":\"#8d2818\",\"31\":[\"111\"],\"22\":\"<p>Tag: Stop-motion\\/3D elements\\/Mixed Media\\/2016<\\/p>\\r\\n<p>Production Studio: Hornet inc.<\\/p>\\r\\n<p>Agency: Leo Burnett<\\/p>\\r\\n<p>Director: Peter Sluszka<\\/p>\\r\\n<p>Learn More: <a href=\\\"http:\\/\\/hornetinc.com\\\">hornetinc.com<\\/a><\\/p>\",\"28\":\"#908b15\",\"24\":\"#701461\",\"20\":\"12 Days of Elves Season 2\",\"26\":\"#ffa78f\",\"10\":{\"new2\":{\"type\":\"role\",\"enabled\":\"1\",\"fields\":{\"role\":\"Compositor\"}},\"new1\":{\"type\":\"role\",\"enabled\":\"1\",\"fields\":{\"role\":\"Colorist\"}}},\"11\":\"<p>2D Animation<\\/p>\\r\\n<p>Short Films<\\/p>\",\"16\":{\"197\":{\"type\":\"row\",\"enabled\":\"1\",\"fields\":{\"gallery\":[\"111\",\"113\"]}},\"198\":{\"type\":\"row\",\"enabled\":\"1\",\"fields\":{\"gallery\":[\"112\",\"111\",\"113\"]}}},\"34\":\"#ac1e12\",\"35\":\"0.8\",\"4\":[\"111\"],\"7\":\"https:\\/\\/vimeo.com\\/45515295\"}}', '2017-12-02 03:26:38', '2017-12-02 03:26:38', '463c0635-3ae2-42f9-9bea-430006c2e571'),
 ('103', '153', '3', '1', 'en_us', '26', '', '{\"typeId\":\"3\",\"authorId\":\"1\",\"title\":\"12 Days of Elves Season 2\",\"slug\":\"12-days-of-elves-season-2\",\"postDate\":1471977660,\"expiryDate\":null,\"enabled\":1,\"parentId\":\"\",\"fields\":{\"29\":\"#ac1e12\",\"32\":\"0.8\",\"30\":\"#ffe96a\",\"12\":\"Hornet Films\",\"25\":\"#8b5aff\",\"21\":\"<p>Lorem Ipsum is simply dummy text of the printing and typesetting industry. Lorem Ipsum has been the industry\'s standard dummy text ever since the 1500s, when an unknown printer took a galley of type and scrambled it to make a type specimen book.<\\/p>\",\"27\":\"#cccccc\",\"23\":\"#1741a8\",\"33\":\"#8d2818\",\"31\":[\"111\"],\"22\":\"<p>Tag: Stop-motion\\/3D elements\\/Mixed Media\\/2016<\\/p>\\r\\n<p>Production Studio: Hornet inc.<\\/p>\\r\\n<p>Agency: Leo Burnett<\\/p>\\r\\n<p>Director: Peter Sluszka<\\/p>\\r\\n<p>Learn More: <a href=\\\"http:\\/\\/hornetinc.com\\\">hornetinc.com<\\/a><\\/p>\",\"28\":\"#908b15\",\"24\":\"#701461\",\"20\":\"12 Days of Elves Season 2\",\"26\":\"#ffa78f\",\"10\":{\"206\":{\"type\":\"role\",\"enabled\":\"1\",\"fields\":{\"role\":\"Compositor\"}},\"207\":{\"type\":\"role\",\"enabled\":\"1\",\"fields\":{\"role\":\"Colorist\"}}},\"11\":{\"new1\":{\"type\":\"skill\",\"enabled\":\"1\",\"fields\":{\"skill\":\"2D Animation\"}},\"new2\":{\"type\":\"skill\",\"enabled\":\"1\",\"fields\":{\"skill\":\"Short Films\"}}},\"16\":{\"197\":{\"type\":\"row\",\"enabled\":\"1\",\"fields\":{\"gallery\":[\"111\",\"113\"]}},\"198\":{\"type\":\"row\",\"enabled\":\"1\",\"fields\":{\"gallery\":[\"112\",\"111\",\"113\"]}}},\"34\":\"#ac1e12\",\"35\":\"0.8\",\"4\":[\"111\"],\"7\":\"https:\\/\\/vimeo.com\\/45515295\"}}', '2017-12-02 03:28:07', '2017-12-02 03:28:07', 'ff78a98e-e456-4d4c-a6e4-0c1ab110de81'),
 ('104', '153', '3', '1', 'en_us', '27', '', '{\"typeId\":\"3\",\"authorId\":\"1\",\"title\":\"12 Days of Elves Season 2\",\"slug\":\"12-days-of-elves-season-2\",\"postDate\":1471977660,\"expiryDate\":null,\"enabled\":1,\"parentId\":\"\",\"fields\":{\"29\":\"#ac1e12\",\"32\":\"0.8\",\"30\":\"#ffe96a\",\"12\":\"Hornet Films\",\"25\":\"#8b5aff\",\"21\":\"<p>Lorem Ipsum is simply dummy text of the printing and typesetting industry. Lorem Ipsum has been the industry\'s standard dummy text ever since the 1500s, when an unknown printer took a galley of type and scrambled it to make a type specimen book.<\\/p>\",\"27\":\"#cccccc\",\"23\":\"#1741a8\",\"33\":\"#8d2818\",\"31\":[\"111\"],\"22\":\"<p>Tag: Stop-motion\\/3D elements\\/Mixed Media\\/2016<\\/p>\\r\\n<p>Production Studio: Hornet inc.<\\/p>\\r\\n<p>Agency: Leo Burnett<\\/p>\\r\\n<p>Director: Peter Sluszka<\\/p>\\r\\n<p>Learn More: <a href=\\\"http:\\/\\/hornetinc.com\\\">hornetinc.com<\\/a><\\/p>\",\"28\":\"#908b15\",\"24\":\"#701461\",\"20\":\"12 Days of Elves Season 2\",\"26\":\"#ffa78f\",\"10\":{\"206\":{\"type\":\"role\",\"enabled\":\"1\",\"fields\":{\"role\":\"Compositor\"}},\"207\":{\"type\":\"role\",\"enabled\":\"1\",\"fields\":{\"role\":\"Colorist\"}}},\"11\":{\"208\":{\"type\":\"skill\",\"enabled\":\"1\",\"fields\":{\"skill\":\"2D Animation\"}},\"209\":{\"type\":\"skill\",\"enabled\":\"1\",\"fields\":{\"skill\":\"Short Films\"}}},\"16\":{\"197\":{\"type\":\"row\",\"enabled\":\"1\",\"fields\":{\"gallery\":[\"111\",\"113\"]}},\"198\":{\"type\":\"row\",\"enabled\":\"1\",\"fields\":{\"gallery\":[\"112\",\"111\",\"113\"]}}},\"34\":\"#2a16b3\",\"35\":\"0.8\",\"4\":[\"111\"],\"7\":\"https:\\/\\/vimeo.com\\/45515295\"}}', '2017-12-02 04:57:32', '2017-12-02 04:57:32', '92b94a08-0871-4447-9415-ccb0793797ed'),
 ('105', '153', '3', '1', 'en_us', '28', '', '{\"typeId\":\"3\",\"authorId\":\"1\",\"title\":\"12 Days of Elves Season 2\",\"slug\":\"12-days-of-elves-season-2\",\"postDate\":1471977660,\"expiryDate\":null,\"enabled\":1,\"parentId\":\"\",\"fields\":{\"29\":\"#ac1e12\",\"32\":\"0.8\",\"30\":\"#ffe96a\",\"12\":\"Hornet Films\",\"25\":\"#8b5aff\",\"21\":\"<p>Lorem Ipsum is simply dummy text of the printing and typesetting industry. Lorem Ipsum has been the industry\'s standard dummy text ever since the 1500s, when an unknown printer took a galley of type and scrambled it to make a type specimen book.<\\/p>\",\"27\":\"#cccccc\",\"23\":\"#1741a8\",\"33\":\"#8d2818\",\"31\":[\"111\"],\"22\":\"<p>Tag: Stop-motion\\/3D elements\\/Mixed Media\\/2016<\\/p>\\r\\n<p>Production Studio: Hornet inc.<\\/p>\\r\\n<p>Agency: Leo Burnett<\\/p>\\r\\n<p>Director: Peter Sluszka<\\/p>\\r\\n<p>Learn More: <a href=\\\"http:\\/\\/hornetinc.com\\\">hornetinc.com<\\/a><\\/p>\",\"28\":\"#908b15\",\"24\":\"#701461\",\"20\":\"12 Days of Elves Season 2\",\"26\":\"#ffa78f\",\"10\":{\"206\":{\"type\":\"role\",\"enabled\":\"1\",\"fields\":{\"role\":\"Compositor\"}},\"207\":{\"type\":\"role\",\"enabled\":\"1\",\"fields\":{\"role\":\"Colorist\"}}},\"11\":{\"208\":{\"type\":\"skill\",\"enabled\":\"1\",\"fields\":{\"skill\":\"2D Animation\"}},\"209\":{\"type\":\"skill\",\"enabled\":\"1\",\"fields\":{\"skill\":\"Short Films\"}}},\"16\":{\"197\":{\"type\":\"row\",\"enabled\":\"1\",\"fields\":{\"gallery\":[\"111\",\"113\"]}},\"198\":{\"type\":\"row\",\"enabled\":\"1\",\"fields\":{\"gallery\":[\"112\",\"111\",\"113\"]}}},\"34\":\"#008f00\",\"35\":\"0.8\",\"4\":[\"111\"],\"7\":\"https:\\/\\/vimeo.com\\/45515295\"}}', '2017-12-02 05:03:12', '2017-12-02 05:03:12', '4ab1d34b-7660-4555-aac2-a266e9c57b41'),
 ('106', '153', '3', '1', 'en_us', '29', '', '{\"typeId\":\"3\",\"authorId\":\"1\",\"title\":\"12 Days of Elves Season 2\",\"slug\":\"12-days-of-elves-season-2\",\"postDate\":1471977660,\"expiryDate\":null,\"enabled\":1,\"parentId\":\"\",\"fields\":{\"29\":\"#ac1e12\",\"32\":\"0.8\",\"30\":\"#ffe96a\",\"12\":\"Hornet Films\",\"25\":\"#8b5aff\",\"21\":\"<p>Lorem Ipsum is simply dummy text of the printing and typesetting industry. Lorem Ipsum has been the industry\'s standard dummy text ever since the 1500s, when an unknown printer took a galley of type and scrambled it to make a type specimen book.<\\/p>\",\"27\":\"#cccccc\",\"23\":\"#1741a8\",\"33\":\"#8d2818\",\"31\":[\"111\"],\"22\":\"<p>Tag: Stop-motion\\/3D elements\\/Mixed Media\\/2016<\\/p>\\r\\n<p>Production Studio: Hornet inc.<\\/p>\\r\\n<p>Agency: Leo Burnett<\\/p>\\r\\n<p>Director: Peter Sluszka<\\/p>\\r\\n<p>Learn More: <a href=\\\"http:\\/\\/hornetinc.com\\\">hornetinc.com<\\/a><\\/p>\",\"28\":\"#908b15\",\"24\":\"#701461\",\"20\":\"12 Days of Elves Season 2\",\"26\":\"#ffa78f\",\"10\":{\"206\":{\"type\":\"role\",\"enabled\":\"1\",\"fields\":{\"role\":\"Compositor\"}},\"207\":{\"type\":\"role\",\"enabled\":\"1\",\"fields\":{\"role\":\"Colorist\"}}},\"11\":{\"208\":{\"type\":\"skill\",\"enabled\":\"1\",\"fields\":{\"skill\":\"2D Animation\"}},\"209\":{\"type\":\"skill\",\"enabled\":\"1\",\"fields\":{\"skill\":\"Short Films\"}}},\"16\":{\"197\":{\"type\":\"row\",\"enabled\":\"1\",\"fields\":{\"gallery\":[\"111\",\"113\"]}},\"198\":{\"type\":\"row\",\"enabled\":\"1\",\"fields\":{\"gallery\":[\"112\",\"111\",\"113\"]}}},\"34\":\"#008f00\",\"35\":\"0.5\",\"4\":[\"111\"],\"7\":\"https:\\/\\/vimeo.com\\/45515295\"}}', '2017-12-02 05:03:29', '2017-12-02 05:03:29', '4e0574fd-98c8-4660-8ae2-e7e7c99d0e3b'),
 ('107', '153', '3', '1', 'en_us', '30', '', '{\"typeId\":\"3\",\"authorId\":\"1\",\"title\":\"12 Days of Elves Season 2\",\"slug\":\"12-days-of-elves-season-2\",\"postDate\":1471977660,\"expiryDate\":null,\"enabled\":1,\"parentId\":\"\",\"fields\":{\"29\":\"#ac1e12\",\"32\":\"0.8\",\"30\":\"#ffe96a\",\"12\":\"Hornet Films\",\"25\":\"#8b5aff\",\"21\":\"<p>Lorem Ipsum is simply dummy text of the printing and typesetting industry. Lorem Ipsum has been the industry\'s standard dummy text ever since the 1500s, when an unknown printer took a galley of type and scrambled it to make a type specimen book.<\\/p>\",\"27\":\"#cccccc\",\"23\":\"#1741a8\",\"33\":\"#8d2818\",\"31\":[\"111\"],\"22\":\"<p>Tag: Stop-motion\\/3D elements\\/Mixed Media\\/2016<\\/p>\\r\\n<p>Production Studio: Hornet inc.<\\/p>\\r\\n<p>Agency: Leo Burnett<\\/p>\\r\\n<p>Director: Peter Sluszka<\\/p>\\r\\n<p>Learn More: <a href=\\\"http:\\/\\/hornetinc.com\\\">hornetinc.com<\\/a><\\/p>\",\"28\":\"#908b15\",\"24\":\"#701461\",\"20\":\"12 Days of Elves Season 2\",\"26\":\"#ffa78f\",\"10\":{\"206\":{\"type\":\"role\",\"enabled\":\"1\",\"fields\":{\"role\":\"Compositor\"}},\"207\":{\"type\":\"role\",\"enabled\":\"1\",\"fields\":{\"role\":\"Colorist\"}}},\"11\":{\"208\":{\"type\":\"skill\",\"enabled\":\"1\",\"fields\":{\"skill\":\"2D Animation\"}},\"209\":{\"type\":\"skill\",\"enabled\":\"1\",\"fields\":{\"skill\":\"Short Films\"}}},\"16\":{\"197\":{\"type\":\"row\",\"enabled\":\"1\",\"fields\":{\"gallery\":[\"111\",\"113\"]}},\"198\":{\"type\":\"row\",\"enabled\":\"1\",\"fields\":{\"gallery\":[\"112\",\"111\",\"113\"]}}},\"34\":\"#008f00\",\"35\":\"0.8\",\"4\":[\"111\"],\"7\":\"https:\\/\\/vimeo.com\\/45515295\"}}', '2017-12-02 06:26:06', '2017-12-02 06:26:06', '6490ad9c-fbeb-4049-913d-1446754de75a'),
 ('108', '153', '3', '1', 'en_us', '31', '', '{\"typeId\":\"3\",\"authorId\":\"1\",\"title\":\"12 Days of Elves Season 2\",\"slug\":\"12-days-of-elves-season-2\",\"postDate\":1471977660,\"expiryDate\":null,\"enabled\":1,\"parentId\":\"\",\"fields\":{\"29\":\"#ac1e12\",\"32\":\"0.8\",\"30\":\"#ffe96a\",\"12\":\"Hornet Films\",\"25\":\"#8b5aff\",\"21\":\"<p>July 12th marks Amazon\\u2019s 2nd Annual Prime Day, a global, mid-year shopping holiday for its Prime customers to receive online deals. The truly integrated campaign combines broadcast and print advertising along with digital, social media and a site takeover for markets all over the world including the following: Japan, Spain, France, the United Kingdom, Germany, Austria, the United States of America, and Canada.<\\/p>\",\"27\":\"#cccccc\",\"23\":\"#1741a8\",\"33\":\"#8d2818\",\"31\":[\"111\"],\"22\":\"<p>Tag: Stop-motion\\/3D elements\\/Mixed Media\\/2016<\\/p>\\r\\n<p>Production Studio: Hornet inc.<\\/p>\\r\\n<p>Agency: Leo Burnett<\\/p>\\r\\n<p>Director: Peter Sluszka<\\/p>\\r\\n<p>Learn More: <a href=\\\"http:\\/\\/hornetinc.com\\\">hornetinc.com<\\/a><\\/p>\",\"28\":\"#908b15\",\"24\":\"#701461\",\"20\":\"12 Days of Elves Season 2\",\"26\":\"#ffa78f\",\"10\":{\"206\":{\"type\":\"role\",\"enabled\":\"1\",\"fields\":{\"role\":\"Compositor\"}},\"207\":{\"type\":\"role\",\"enabled\":\"1\",\"fields\":{\"role\":\"Colorist\"}}},\"11\":{\"208\":{\"type\":\"skill\",\"enabled\":\"1\",\"fields\":{\"skill\":\"2D Animation\"}},\"209\":{\"type\":\"skill\",\"enabled\":\"1\",\"fields\":{\"skill\":\"Short Films\"}}},\"16\":{\"197\":{\"type\":\"row\",\"enabled\":\"1\",\"fields\":{\"gallery\":[\"111\",\"113\"]}},\"198\":{\"type\":\"row\",\"enabled\":\"1\",\"fields\":{\"gallery\":[\"112\",\"111\",\"113\"]}}},\"34\":\"#008f00\",\"35\":\"0.8\",\"4\":[\"111\"],\"7\":\"https:\\/\\/vimeo.com\\/45515295\"}}', '2017-12-02 06:29:19', '2017-12-02 06:29:19', '17b55770-840e-4a3f-baf9-35203d8444d0'),
 ('109', '153', '3', '1', 'en_us', '32', '', '{\"typeId\":\"3\",\"authorId\":\"1\",\"title\":\"12 Days of Elves Season 2\",\"slug\":\"12-days-of-elves-season-2\",\"postDate\":1471977660,\"expiryDate\":null,\"enabled\":1,\"parentId\":\"\",\"fields\":{\"29\":\"#ac1e12\",\"32\":\"0.8\",\"30\":\"#ffe96a\",\"12\":\"Hornet Films\",\"25\":\"#8b5aff\",\"21\":\"<p>July 12th marks Amazon\\u2019s 2nd Annual Prime Day, a global, mid-year shopping holiday for its Prime customers to receive online deals. The truly integrated campaign combines broadcast and print advertising along with digital, social media and a site takeover for markets all over the world including the following: Japan, Spain, France, the United Kingdom, Germany, Austria, the United States of America, and Canada.<\\/p>\",\"27\":\"#cccccc\",\"23\":\"#fff\",\"33\":\"#8d2818\",\"31\":[\"111\"],\"22\":\"<p>Tag: Stop-motion\\/3D elements\\/Mixed Media\\/2016<\\/p>\\r\\n<p>Production Studio: Hornet inc.<\\/p>\\r\\n<p>Agency: Leo Burnett<\\/p>\\r\\n<p>Director: Peter Sluszka<\\/p>\\r\\n<p>Learn More: <a href=\\\"http:\\/\\/hornetinc.com\\\">hornetinc.com<\\/a><\\/p>\",\"28\":\"#908b15\",\"24\":\"#701461\",\"20\":\"12 Days of Elves Season 2\",\"26\":\"#ffa78f\",\"10\":{\"206\":{\"type\":\"role\",\"enabled\":\"1\",\"fields\":{\"role\":\"Compositor\"}},\"207\":{\"type\":\"role\",\"enabled\":\"1\",\"fields\":{\"role\":\"Colorist\"}}},\"11\":{\"208\":{\"type\":\"skill\",\"enabled\":\"1\",\"fields\":{\"skill\":\"2D Animation\"}},\"209\":{\"type\":\"skill\",\"enabled\":\"1\",\"fields\":{\"skill\":\"Short Films\"}}},\"16\":{\"197\":{\"type\":\"row\",\"enabled\":\"1\",\"fields\":{\"gallery\":[\"111\",\"113\"]}},\"198\":{\"type\":\"row\",\"enabled\":\"1\",\"fields\":{\"gallery\":[\"112\",\"111\",\"113\"]}}},\"34\":\"#008f00\",\"35\":\"0.8\",\"4\":[\"111\"],\"7\":\"https:\\/\\/vimeo.com\\/45515295\"}}', '2017-12-02 18:58:51', '2017-12-02 18:58:51', '816abcc0-0576-4f2c-b69a-ca36d21b865c'),
 ('110', '153', '3', '1', 'en_us', '33', '', '{\"typeId\":\"3\",\"authorId\":\"1\",\"title\":\"12 Days of Elves Season 2\",\"slug\":\"12-days-of-elves-season-2\",\"postDate\":1471977660,\"expiryDate\":null,\"enabled\":1,\"parentId\":\"\",\"fields\":{\"29\":\"#ac1e12\",\"32\":\"0.8\",\"30\":\"#ffe96a\",\"12\":\"Hornet Films\",\"25\":\"#8b5aff\",\"21\":\"<p>July 12th marks Amazon\\u2019s 2nd Annual Prime Day, a global, mid-year shopping holiday for its Prime customers to receive online deals. The truly integrated campaign combines broadcast and print advertising along with digital, social media and a site takeover for markets all over the world including the following: Japan, Spain, France, the United Kingdom, Germany, Austria, the United States of America, and Canada.<\\/p>\",\"27\":\"#cccccc\",\"23\":\"#ffffff\",\"33\":\"#8d2818\",\"31\":[\"111\"],\"22\":\"<p><strong>Tag<\\/strong>: Stop-motion\\/3D elements\\/Mixed Media\\/2016<\\/p>\\r\\n<p><strong>Production<\\/strong> Studio: Hornet inc.<\\/p>\\r\\n<p><strong>Agency<\\/strong>: Leo Burnett<\\/p>\\r\\n<p><strong>Director<\\/strong>: Peter Sluszka<\\/p>\\r\\n<p><strong>Learn More<\\/strong>: <a href=\\\"http:\\/\\/hornetinc.com\\\">hornetinc.com<\\/a><\\/p>\",\"28\":\"#908b15\",\"24\":\"#701461\",\"20\":\"12 Days of Elves Season 2\",\"26\":\"#ffa78f\",\"10\":{\"206\":{\"type\":\"role\",\"enabled\":\"1\",\"fields\":{\"role\":\"Compositor\"}},\"207\":{\"type\":\"role\",\"enabled\":\"1\",\"fields\":{\"role\":\"Colorist\"}}},\"11\":{\"208\":{\"type\":\"skill\",\"enabled\":\"1\",\"fields\":{\"skill\":\"2D Animation\"}},\"209\":{\"type\":\"skill\",\"enabled\":\"1\",\"fields\":{\"skill\":\"Short Films\"}}},\"16\":{\"197\":{\"type\":\"row\",\"enabled\":\"1\",\"fields\":{\"gallery\":[\"111\",\"113\"]}},\"198\":{\"type\":\"row\",\"enabled\":\"1\",\"fields\":{\"gallery\":[\"112\",\"111\",\"113\"]}}},\"34\":\"#008f00\",\"35\":\"0.8\",\"4\":[\"111\"],\"7\":\"https:\\/\\/vimeo.com\\/45515295\"}}', '2017-12-02 19:08:18', '2017-12-02 19:08:18', 'f5dc78e6-8fc4-4cfc-9887-8f5140fa6408');
INSERT INTO `craft_entryversions` (`id`, `entryId`, `sectionId`, `creatorId`, `locale`, `num`, `notes`, `data`, `dateCreated`, `dateUpdated`, `uid`) VALUES
 ('111', '153', '3', '1', 'en_us', '34', '', '{\"typeId\":\"3\",\"authorId\":\"1\",\"title\":\"12 Days of Elves Season 2\",\"slug\":\"12-days-of-elves-season-2\",\"postDate\":1471977660,\"expiryDate\":null,\"enabled\":1,\"parentId\":\"\",\"fields\":{\"29\":\"#ac1e12\",\"32\":\"0.8\",\"30\":\"#ffe96a\",\"12\":\"Hornet Films\",\"25\":\"#8b5aff\",\"21\":\"<p>July 12th marks Amazon\\u2019s 2nd Annual Prime Day, a global, mid-year shopping holiday for its Prime customers to receive online deals. The truly integrated campaign combines broadcast and print advertising along with digital, social media and a site takeover for markets all over the world including the following: Japan, Spain, France, the United Kingdom, Germany, Austria, the United States of America, and Canada.<\\/p>\",\"27\":\"#cccccc\",\"23\":\"#ffffff\",\"33\":\"#8d2818\",\"31\":[\"111\"],\"22\":\"<p><strong>Tag<\\/strong>: Stop-motion\\/3D elements\\/Mixed Media\\/2016<\\/p>\\r\\n<p><strong>Production<\\/strong> Studio: Hornet inc.<\\/p>\\r\\n<p><strong>Agency<\\/strong>: Leo Burnett<\\/p>\\r\\n<p><strong>Director<\\/strong>: Peter Sluszka<\\/p>\\r\\n<p><strong>Learn More<\\/strong>: <a href=\\\"http:\\/\\/hornetinc.com\\\">hornetinc.com<\\/a><\\/p>\",\"28\":\"#ffffff\",\"24\":\"#701461\",\"20\":\"12 Days of Elves Season 2\",\"26\":\"#ffa78f\",\"10\":{\"206\":{\"type\":\"role\",\"enabled\":\"1\",\"fields\":{\"role\":\"Compositor\"}},\"207\":{\"type\":\"role\",\"enabled\":\"1\",\"fields\":{\"role\":\"Colorist\"}}},\"11\":{\"208\":{\"type\":\"skill\",\"enabled\":\"1\",\"fields\":{\"skill\":\"2D Animation\"}},\"209\":{\"type\":\"skill\",\"enabled\":\"1\",\"fields\":{\"skill\":\"Short Films\"}}},\"16\":{\"197\":{\"type\":\"row\",\"enabled\":\"1\",\"fields\":{\"gallery\":[\"111\",\"113\"]}},\"198\":{\"type\":\"row\",\"enabled\":\"1\",\"fields\":{\"gallery\":[\"112\",\"111\",\"113\"]}}},\"34\":\"#008f00\",\"35\":\"0.8\",\"4\":[\"111\"],\"7\":\"https:\\/\\/vimeo.com\\/45515295\"}}', '2017-12-02 19:09:15', '2017-12-02 19:09:15', '5f3662ec-9460-4920-8ba6-549148c1423e'),
 ('112', '153', '3', '1', 'en_us', '35', '', '{\"typeId\":\"3\",\"authorId\":\"1\",\"title\":\"12 Days of Elves Season 2\",\"slug\":\"12-days-of-elves-season-2\",\"postDate\":1471977660,\"expiryDate\":null,\"enabled\":1,\"parentId\":\"\",\"fields\":{\"29\":\"#ac1e12\",\"32\":\"0.8\",\"30\":\"#ffe96a\",\"12\":\"Hornet Films\",\"25\":\"#8b5aff\",\"21\":\"<p>July 12th marks Amazon\\u2019s 2nd Annual Prime Day, a global, mid-year shopping holiday for its Prime customers to receive online deals. The truly integrated campaign combines broadcast and print advertising along with digital, social media and a site takeover for markets all over the world including the following: Japan, Spain, France, the United Kingdom, Germany, Austria, the United States of America, and Canada.<\\/p>\",\"27\":\"#cccccc\",\"23\":\"#ffffff\",\"33\":\"#8d2818\",\"31\":[\"111\"],\"22\":\"<p><strong>Tag<\\/strong>: Stop-motion\\/3D elements\\/Mixed Media\\/2016<\\/p>\\r\\n<p><strong>Production Studio<\\/strong>: Hornet inc.<\\/p>\\r\\n<p><strong>Agency<\\/strong>: Leo Burnett<\\/p>\\r\\n<p><strong>Director<\\/strong>: Peter Sluszka<\\/p>\\r\\n<p><strong>Learn More<\\/strong>: <a href=\\\"http:\\/\\/hornetinc.com\\\">hornetinc.com<\\/a><\\/p>\",\"28\":\"#ffffff\",\"24\":\"#701461\",\"20\":\"12 Days of Elves Season 2\",\"26\":\"#ffa78f\",\"10\":{\"206\":{\"type\":\"role\",\"enabled\":\"1\",\"fields\":{\"role\":\"Compositor\"}},\"207\":{\"type\":\"role\",\"enabled\":\"1\",\"fields\":{\"role\":\"Colorist\"}}},\"11\":{\"208\":{\"type\":\"skill\",\"enabled\":\"1\",\"fields\":{\"skill\":\"2D Animation\"}},\"209\":{\"type\":\"skill\",\"enabled\":\"1\",\"fields\":{\"skill\":\"Short Films\"}}},\"16\":{\"197\":{\"type\":\"row\",\"enabled\":\"1\",\"fields\":{\"gallery\":[\"111\",\"113\"]}},\"198\":{\"type\":\"row\",\"enabled\":\"1\",\"fields\":{\"gallery\":[\"112\",\"111\",\"113\"]}}},\"34\":\"#008f00\",\"35\":\"0.8\",\"4\":[\"111\"],\"7\":\"https:\\/\\/vimeo.com\\/45515295\"}}', '2017-12-02 19:14:50', '2017-12-02 19:14:50', '72ade373-f73f-455b-b724-9ebf881d8da5'),
 ('113', '153', '3', '1', 'en_us', '36', '', '{\"typeId\":\"3\",\"authorId\":\"1\",\"title\":\"12 Days of Elves Season 2\",\"slug\":\"12-days-of-elves-season-2\",\"postDate\":1471977660,\"expiryDate\":null,\"enabled\":1,\"parentId\":\"\",\"fields\":{\"29\":\"#ac1e12\",\"32\":\"0.8\",\"30\":\"#ffe96a\",\"12\":\"Hornet Films\",\"25\":\"#8b5aff\",\"21\":\"<p>July 12th marks Amazon\\u2019s 2nd Annual Prime Day, a global, mid-year shopping holiday for its Prime customers to receive online deals. The truly integrated campaign combines broadcast and print advertising along with digital, social media and a site takeover for markets all over the world including the following: Japan, Spain, France, the United Kingdom, Germany, Austria, the United States of America, and Canada.<\\/p>\",\"27\":\"#cccccc\",\"23\":\"#ffffff\",\"33\":\"#8d2818\",\"31\":[\"111\"],\"22\":\"<p><strong>Tag:<\\/strong> Stop-motion\\/3D elements\\/Mixed Media\\/2016<\\/p>\\r\\n<p><strong>Production Studio:<\\/strong> Hornet inc.<\\/p>\\r\\n<p><strong>Agency:<\\/strong> Leo Burnett<\\/p>\\r\\n<p><strong>Director:<\\/strong> Peter Sluszka<\\/p>\\r\\n<p><strong>Learn More:<\\/strong> <a href=\\\"http:\\/\\/hornetinc.com\\\">hornetinc.com<\\/a><\\/p>\",\"28\":\"#ffffff\",\"24\":\"#701461\",\"20\":\"12 Days of Elves Season 2\",\"26\":\"#ffa78f\",\"10\":{\"206\":{\"type\":\"role\",\"enabled\":\"1\",\"fields\":{\"role\":\"Compositor\"}},\"207\":{\"type\":\"role\",\"enabled\":\"1\",\"fields\":{\"role\":\"Colorist\"}}},\"11\":{\"208\":{\"type\":\"skill\",\"enabled\":\"1\",\"fields\":{\"skill\":\"2D Animation\"}},\"209\":{\"type\":\"skill\",\"enabled\":\"1\",\"fields\":{\"skill\":\"Short Films\"}}},\"16\":{\"197\":{\"type\":\"row\",\"enabled\":\"1\",\"fields\":{\"gallery\":[\"111\",\"113\"]}},\"198\":{\"type\":\"row\",\"enabled\":\"1\",\"fields\":{\"gallery\":[\"112\",\"111\",\"113\"]}}},\"34\":\"#008f00\",\"35\":\"0.8\",\"4\":[\"111\"],\"7\":\"https:\\/\\/vimeo.com\\/45515295\"}}', '2017-12-02 19:15:40', '2017-12-02 19:15:40', 'a648fbb0-a41c-4eb2-8758-2f7549f5ab47'),
 ('114', '153', '3', '1', 'en_us', '37', '', '{\"typeId\":\"3\",\"authorId\":\"1\",\"title\":\"12 Days of Elves Season 2\",\"slug\":\"12-days-of-elves-season-2\",\"postDate\":1471977660,\"expiryDate\":null,\"enabled\":1,\"parentId\":\"\",\"fields\":{\"29\":\"#ac1e12\",\"32\":\"0.8\",\"30\":\"#ffe96a\",\"12\":\"Hornet Films\",\"25\":\"#8b5aff\",\"21\":\"<p>July 12th marks Amazon\\u2019s 2nd Annual Prime Day, a global, mid-year shopping holiday for its Prime customers to receive online deals. The truly integrated campaign combines broadcast and print advertising along with digital, social media and a site takeover for markets all over the world including the following: Japan, Spain, France, the United Kingdom, Germany, Austria, the United States of America, and Canada.<\\/p>\",\"27\":\"#cccccc\",\"23\":\"#ffffff\",\"33\":\"#8d2818\",\"31\":[\"111\"],\"22\":\"<p><strong>Tag:<\\/strong> Stop-motion\\/3D elements\\/Mixed Media\\/2016<\\/p>\\r\\n<p><strong>Production Studio:<\\/strong> Hornet inc.<\\/p>\\r\\n<p><strong>Agency:<\\/strong> Leo Burnett<\\/p>\\r\\n<p><strong>Director:<\\/strong> Peter Sluszka<\\/p>\\r\\n<p><strong>Learn More:<\\/strong> <a href=\\\"http:\\/\\/hornetinc.com\\\">hornetinc.com<\\/a><\\/p>\",\"28\":\"#a9a9a9\",\"24\":\"#701461\",\"20\":\"12 Days of Elves Season 2\",\"26\":\"#ffa78f\",\"10\":{\"206\":{\"type\":\"role\",\"enabled\":\"1\",\"fields\":{\"role\":\"Compositor\"}},\"207\":{\"type\":\"role\",\"enabled\":\"1\",\"fields\":{\"role\":\"Colorist\"}}},\"11\":{\"208\":{\"type\":\"skill\",\"enabled\":\"1\",\"fields\":{\"skill\":\"2D Animation\"}},\"209\":{\"type\":\"skill\",\"enabled\":\"1\",\"fields\":{\"skill\":\"Short Films\"}}},\"16\":{\"197\":{\"type\":\"row\",\"enabled\":\"1\",\"fields\":{\"gallery\":[\"111\",\"113\"]}},\"198\":{\"type\":\"row\",\"enabled\":\"1\",\"fields\":{\"gallery\":[\"112\",\"111\",\"113\"]}}},\"34\":\"#008f00\",\"35\":\"0.8\",\"4\":[\"111\"],\"7\":\"https:\\/\\/vimeo.com\\/45515295\"}}', '2017-12-02 19:21:58', '2017-12-02 19:21:58', 'e8e57485-7724-4ad6-8a0b-48bbdeb393c2'),
 ('115', '153', '3', '1', 'en_us', '38', '', '{\"typeId\":\"3\",\"authorId\":\"1\",\"title\":\"12 Days of Elves Season 2\",\"slug\":\"12-days-of-elves-season-2\",\"postDate\":1471977660,\"expiryDate\":null,\"enabled\":1,\"parentId\":\"\",\"fields\":{\"29\":\"#ac1e12\",\"32\":\"0.8\",\"30\":\"#ffe96a\",\"12\":\"Hornet Films\",\"25\":\"#8b5aff\",\"21\":\"<p>July 12th marks Amazon\\u2019s 2nd Annual Prime Day, a global, mid-year shopping holiday for its Prime customers to receive online deals. The truly integrated campaign combines broadcast and print advertising along with digital, social media and a site takeover for markets all over the world including the following: Japan, Spain, France, the United Kingdom, Germany, Austria, the United States of America, and Canada.<\\/p>\",\"27\":\"#cccccc\",\"23\":\"#ffffff\",\"33\":\"#8d2818\",\"31\":[\"111\"],\"22\":\"<p><strong>Tag:<\\/strong> Stop-motion\\/3D elements\\/Mixed Media\\/2016<\\/p>\\r\\n<p><strong>Production Studio:<\\/strong> Hornet inc.<\\/p>\\r\\n<p><strong>Agency:<\\/strong> Leo Burnett<\\/p>\\r\\n<p><strong>Director:<\\/strong> Peter Sluszka<\\/p>\\r\\n<p><strong>Learn More:<\\/strong> <a href=\\\"http:\\/\\/hornetinc.com\\\">hornetinc.com<\\/a><\\/p>\",\"28\":\"#0433ff\",\"24\":\"#701461\",\"20\":\"12 Days of Elves Season 2\",\"26\":\"#ffa78f\",\"10\":{\"206\":{\"type\":\"role\",\"enabled\":\"1\",\"fields\":{\"role\":\"Compositor\"}},\"207\":{\"type\":\"role\",\"enabled\":\"1\",\"fields\":{\"role\":\"Colorist\"}}},\"11\":{\"208\":{\"type\":\"skill\",\"enabled\":\"1\",\"fields\":{\"skill\":\"2D Animation\"}},\"209\":{\"type\":\"skill\",\"enabled\":\"1\",\"fields\":{\"skill\":\"Short Films\"}}},\"16\":{\"197\":{\"type\":\"row\",\"enabled\":\"1\",\"fields\":{\"gallery\":[\"111\",\"113\"]}},\"198\":{\"type\":\"row\",\"enabled\":\"1\",\"fields\":{\"gallery\":[\"112\",\"111\",\"113\"]}}},\"34\":\"#008f00\",\"35\":\"0.8\",\"4\":[\"111\"],\"7\":\"https:\\/\\/vimeo.com\\/45515295\"}}', '2017-12-02 19:22:14', '2017-12-02 19:22:14', '06f96c9a-5180-44a7-8ed8-e7c7d0e24147'),
 ('116', '153', '3', '1', 'en_us', '39', '', '{\"typeId\":\"3\",\"authorId\":\"1\",\"title\":\"12 Days of Elves Season 2\",\"slug\":\"12-days-of-elves-season-2\",\"postDate\":1471977660,\"expiryDate\":null,\"enabled\":1,\"parentId\":\"\",\"fields\":{\"29\":\"#ac1e12\",\"32\":\"0.8\",\"30\":\"#ffe96a\",\"12\":\"Hornet Films\",\"25\":\"#8b5aff\",\"21\":\"<p>July 12th marks Amazon\\u2019s 2nd Annual Prime Day, a global, mid-year shopping holiday for its Prime customers to receive online deals. The truly integrated campaign combines broadcast and print advertising along with digital, social media and a site takeover for markets all over the world including the following: Japan, Spain, France, the United Kingdom, Germany, Austria, the United States of America, and Canada.<\\/p>\",\"27\":\"#cccccc\",\"23\":\"#ffffff\",\"33\":\"#8d2818\",\"31\":[\"111\"],\"22\":\"<p><strong>Tag:<\\/strong> Stop-motion\\/3D elements\\/Mixed Media\\/2016<\\/p>\\r\\n<p><strong>Production Studio:<\\/strong> Hornet inc.<\\/p>\\r\\n<p><strong>Agency:<\\/strong> Leo Burnett<\\/p>\\r\\n<p><strong>Director:<\\/strong> Peter Sluszka<\\/p>\\r\\n<p><strong>Learn More:<\\/strong> <a href=\\\"http:\\/\\/hornetinc.com\\\">hornetinc.com<\\/a><\\/p>\",\"28\":\"#0433ff\",\"24\":\"#701461\",\"20\":\"12 Days of Elves Season 2\",\"26\":\"#ffa78f\",\"10\":{\"206\":{\"type\":\"role\",\"enabled\":\"1\",\"fields\":{\"role\":\"Compositor\"}},\"207\":{\"type\":\"role\",\"enabled\":\"1\",\"fields\":{\"role\":\"Colorist\"}}},\"11\":{\"208\":{\"type\":\"skill\",\"enabled\":\"1\",\"fields\":{\"skill\":\"2D Animation\"}},\"209\":{\"type\":\"skill\",\"enabled\":\"1\",\"fields\":{\"skill\":\"Short Films\"}}},\"16\":{\"197\":{\"type\":\"row\",\"enabled\":\"1\",\"fields\":{\"gallery\":[\"111\",\"113\"]}},\"198\":{\"type\":\"row\",\"enabled\":\"1\",\"fields\":{\"gallery\":[\"112\",\"111\",\"113\"]}}},\"34\":\"#25be57\",\"35\":\"0.8\",\"4\":[\"111\"],\"7\":\"https:\\/\\/vimeo.com\\/45515295\"}}', '2017-12-02 19:23:50', '2017-12-02 19:23:50', '21db970f-0f45-4df6-930f-57284bea1087'),
 ('117', '153', '3', '1', 'en_us', '40', '', '{\"typeId\":\"3\",\"authorId\":\"1\",\"title\":\"12 Days of Elves Season 2\",\"slug\":\"12-days-of-elves-season-2\",\"postDate\":1471977660,\"expiryDate\":null,\"enabled\":1,\"parentId\":\"\",\"fields\":{\"29\":\"#ac1e12\",\"32\":\"0.8\",\"30\":\"#ffe96a\",\"12\":\"Hornet Films\",\"25\":\"#8b5aff\",\"21\":\"<p>July 12th marks Amazon\\u2019s 2nd Annual Prime Day, a global, mid-year shopping holiday for its Prime customers to receive online deals. The truly integrated campaign combines broadcast and print advertising along with digital, social media and a site takeover for markets all over the world including the following: Japan, Spain, France, the United Kingdom, Germany, Austria, the United States of America, and Canada.<\\/p>\",\"27\":\"#cccccc\",\"23\":\"#ffffff\",\"33\":\"#8d2818\",\"31\":[\"111\"],\"22\":\"<p><strong>Tag:<\\/strong> Stop-motion\\/3D elements\\/Mixed Media\\/2016<\\/p>\\r\\n<p><strong>Production Studio:<\\/strong> Hornet inc.<\\/p>\\r\\n<p><strong>Agency:<\\/strong> Leo Burnett<\\/p>\\r\\n<p><strong>Director:<\\/strong> Peter Sluszka<\\/p>\\r\\n<p><strong>Learn More:<\\/strong> <a href=\\\"http:\\/\\/hornetinc.com\\\">hornetinc.com<\\/a><\\/p>\",\"28\":\"#0433ff\",\"24\":\"#701461\",\"20\":\"12 Days of Elves Season 2\",\"26\":\"#ffa78f\",\"10\":{\"206\":{\"type\":\"role\",\"enabled\":\"1\",\"fields\":{\"role\":\"Compositor\"}},\"207\":{\"type\":\"role\",\"enabled\":\"1\",\"fields\":{\"role\":\"Colorist\"}}},\"11\":{\"208\":{\"type\":\"skill\",\"enabled\":\"1\",\"fields\":{\"skill\":\"2D Animation\"}},\"209\":{\"type\":\"skill\",\"enabled\":\"1\",\"fields\":{\"skill\":\"Short Films\"}}},\"16\":{\"197\":{\"type\":\"row\",\"enabled\":\"1\",\"fields\":{\"gallery\":[\"111\",\"113\"]}},\"198\":{\"type\":\"row\",\"enabled\":\"1\",\"fields\":{\"gallery\":[\"112\",\"111\",\"113\"]}}},\"34\":\"#3C8D0D\",\"35\":\"0.8\",\"4\":[\"111\"],\"7\":\"https:\\/\\/vimeo.com\\/45515295\"}}', '2017-12-02 19:25:45', '2017-12-02 19:25:45', '85582a8c-4c95-4e1d-abb1-84d7d793f0ce'),
 ('118', '153', '3', '1', 'en_us', '41', '', '{\"typeId\":\"3\",\"authorId\":\"1\",\"title\":\"12 Days of Elves Season 2\",\"slug\":\"12-days-of-elves-season-2\",\"postDate\":1471977660,\"expiryDate\":null,\"enabled\":1,\"parentId\":\"\",\"fields\":{\"29\":\"#ac1e12\",\"32\":\"0.8\",\"30\":\"#ffe96a\",\"12\":\"Hornet Films\",\"25\":\"#8b5aff\",\"21\":\"<p>July 12th marks Amazon\\u2019s 2nd Annual Prime Day, a global, mid-year shopping holiday for its Prime customers to receive online deals. The truly integrated campaign combines broadcast and print advertising along with digital, social media and a site takeover for markets all over the world including the following: Japan, Spain, France, the United Kingdom, Germany, Austria, the United States of America, and Canada.<\\/p>\",\"27\":\"#cccccc\",\"23\":\"#C21717\",\"33\":\"#8d2818\",\"31\":[\"111\"],\"22\":\"<p><strong>Tag:<\\/strong> Stop-motion\\/3D elements\\/Mixed Media\\/2016<\\/p>\\r\\n<p><strong>Production Studio:<\\/strong> Hornet inc.<\\/p>\\r\\n<p><strong>Agency:<\\/strong> Leo Burnett<\\/p>\\r\\n<p><strong>Director:<\\/strong> Peter Sluszka<\\/p>\\r\\n<p><strong>Learn More:<\\/strong> <a href=\\\"http:\\/\\/hornetinc.com\\\">hornetinc.com<\\/a><\\/p>\",\"28\":\"#0433ff\",\"24\":\"#701461\",\"20\":\"12 Days of Elves Season 2\",\"26\":\"#ffa78f\",\"10\":{\"206\":{\"type\":\"role\",\"enabled\":\"1\",\"fields\":{\"role\":\"Compositor\"}},\"207\":{\"type\":\"role\",\"enabled\":\"1\",\"fields\":{\"role\":\"Colorist\"}}},\"11\":{\"208\":{\"type\":\"skill\",\"enabled\":\"1\",\"fields\":{\"skill\":\"2D Animation\"}},\"209\":{\"type\":\"skill\",\"enabled\":\"1\",\"fields\":{\"skill\":\"Short Films\"}}},\"16\":{\"197\":{\"type\":\"row\",\"enabled\":\"1\",\"fields\":{\"gallery\":[\"111\",\"113\"]}},\"198\":{\"type\":\"row\",\"enabled\":\"1\",\"fields\":{\"gallery\":[\"112\",\"111\",\"113\"]}}},\"34\":\"#3C8D0D\",\"35\":\"0.8\",\"4\":[\"111\"],\"7\":\"https:\\/\\/vimeo.com\\/45515295\"}}', '2017-12-02 19:26:01', '2017-12-02 19:26:01', '8eaf922a-9a8d-4d5d-a91c-195f8142014d'),
 ('119', '153', '3', '1', 'en_us', '42', '', '{\"typeId\":\"3\",\"authorId\":\"1\",\"title\":\"12 Days of Elves Season 2\",\"slug\":\"12-days-of-elves-season-2\",\"postDate\":1471977660,\"expiryDate\":null,\"enabled\":1,\"parentId\":\"\",\"fields\":{\"29\":\"#ac1e12\",\"32\":\"0.8\",\"30\":\"#ffe96a\",\"12\":\"Hornet Films\",\"25\":\"#8b5aff\",\"21\":\"<p>July 12th marks Amazon\\u2019s 2nd Annual Prime Day, a global, mid-year shopping holiday for its Prime customers to receive online deals. The truly integrated campaign combines broadcast and print advertising along with digital, social media and a site takeover for markets all over the world including the following: Japan, Spain, France, the United Kingdom, Germany, Austria, the United States of America, and Canada.<\\/p>\",\"27\":\"#cccccc\",\"23\":\"#C21717\",\"33\":\"#8d2818\",\"31\":[\"111\"],\"22\":\"<p><strong>Tag:<\\/strong> Stop-motion\\/3D elements\\/Mixed Media\\/2016<\\/p>\\r\\n<p><strong>Production Studio:<\\/strong> Hornet inc.<\\/p>\\r\\n<p><strong>Agency:<\\/strong> Leo Burnett<\\/p>\\r\\n<p><strong>Director:<\\/strong> Peter Sluszka<\\/p>\\r\\n<p><strong>Learn More:<\\/strong> <a href=\\\"http:\\/\\/hornetinc.com\\\">hornetinc.com<\\/a><\\/p>\",\"28\":\"#0433ff\",\"24\":\"#701461\",\"20\":\"12 Days of Elves Season 2\",\"26\":\"#ffa78f\",\"10\":{\"206\":{\"type\":\"role\",\"enabled\":\"1\",\"fields\":{\"role\":\"Compositor\"}},\"207\":{\"type\":\"role\",\"enabled\":\"1\",\"fields\":{\"role\":\"Colorist\"}}},\"11\":{\"208\":{\"type\":\"skill\",\"enabled\":\"1\",\"fields\":{\"skill\":\"2D Animation\"}},\"209\":{\"type\":\"skill\",\"enabled\":\"1\",\"fields\":{\"skill\":\"Short Films\"}}},\"16\":{\"197\":{\"type\":\"row\",\"enabled\":\"1\",\"fields\":{\"gallery\":[\"111\",\"113\"]}},\"198\":{\"type\":\"row\",\"enabled\":\"1\",\"fields\":{\"gallery\":[\"112\",\"111\",\"113\"]}}},\"34\":\"#25be57\",\"35\":\"0.9\",\"4\":[\"111\"],\"7\":\"https:\\/\\/vimeo.com\\/45515295\"}}', '2017-12-02 19:27:16', '2017-12-02 19:27:16', '0504cd9f-5cf9-4f26-8c53-39271ca50f14'),
 ('120', '153', '3', '1', 'en_us', '43', '', '{\"typeId\":\"3\",\"authorId\":\"1\",\"title\":\"12 Days of Elves Season 2\",\"slug\":\"12-days-of-elves-season-2\",\"postDate\":1471977660,\"expiryDate\":null,\"enabled\":1,\"parentId\":\"\",\"fields\":{\"29\":\"#ac1e12\",\"32\":\"0.8\",\"30\":\"#ffe96a\",\"12\":\"Hornet Films\",\"25\":\"#8b5aff\",\"21\":\"<p>July 12th marks Amazon\\u2019s 2nd Annual Prime Day, a global, mid-year shopping holiday for its Prime customers to receive online deals. The truly integrated campaign combines broadcast and print advertising along with digital, social media and a site takeover for markets all over the world including the following: Japan, Spain, France, the United Kingdom, Germany, Austria, the United States of America, and Canada.<\\/p>\",\"27\":\"#cccccc\",\"23\":\"#ffffff\",\"33\":\"#8d2818\",\"31\":[\"111\"],\"22\":\"<p><strong>Tag:<\\/strong> Stop-motion\\/3D elements\\/Mixed Media\\/2016<\\/p>\\r\\n<p><strong>Production Studio:<\\/strong> Hornet inc.<\\/p>\\r\\n<p><strong>Agency:<\\/strong> Leo Burnett<\\/p>\\r\\n<p><strong>Director:<\\/strong> Peter Sluszka<\\/p>\\r\\n<p><strong>Learn More:<\\/strong> <a href=\\\"http:\\/\\/hornetinc.com\\\">hornetinc.com<\\/a><\\/p>\",\"28\":\"#0433ff\",\"24\":\"#f31c1c\",\"20\":\"12 Days of Elves Season 2\",\"26\":\"#ffa78f\",\"10\":{\"206\":{\"type\":\"role\",\"enabled\":\"1\",\"fields\":{\"role\":\"Compositor\"}},\"207\":{\"type\":\"role\",\"enabled\":\"1\",\"fields\":{\"role\":\"Colorist\"}}},\"11\":{\"208\":{\"type\":\"skill\",\"enabled\":\"1\",\"fields\":{\"skill\":\"2D Animation\"}},\"209\":{\"type\":\"skill\",\"enabled\":\"1\",\"fields\":{\"skill\":\"Short Films\"}}},\"16\":{\"197\":{\"type\":\"row\",\"enabled\":\"1\",\"fields\":{\"gallery\":[\"111\",\"113\"]}},\"198\":{\"type\":\"row\",\"enabled\":\"1\",\"fields\":{\"gallery\":[\"112\",\"111\",\"113\"]}}},\"34\":\"#25be57\",\"35\":\"0.9\",\"4\":[\"111\"],\"7\":\"https:\\/\\/vimeo.com\\/45515295\"}}', '2017-12-02 19:27:58', '2017-12-02 19:27:58', '4c3e79e5-d2a7-4add-ba8b-47ac93ea2d73'),
 ('121', '153', '3', '1', 'en_us', '44', '', '{\"typeId\":\"3\",\"authorId\":\"1\",\"title\":\"12 Days of Elves Season 2\",\"slug\":\"12-days-of-elves-season-2\",\"postDate\":1471977660,\"expiryDate\":null,\"enabled\":1,\"parentId\":\"\",\"fields\":{\"29\":\"#ac1e12\",\"32\":\"0.8\",\"30\":\"#ffe96a\",\"12\":\"Hornet Films\",\"25\":\"#ffffff\",\"21\":\"<p>July 12th marks Amazon\\u2019s 2nd Annual Prime Day, a global, mid-year shopping holiday for its Prime customers to receive online deals. The truly integrated campaign combines broadcast and print advertising along with digital, social media and a site takeover for markets all over the world including the following: Japan, Spain, France, the United Kingdom, Germany, Austria, the United States of America, and Canada.<\\/p>\",\"27\":\"#cccccc\",\"23\":\"#ffffff\",\"33\":\"#8d2818\",\"31\":[\"111\"],\"22\":\"<p><strong>Tag:<\\/strong> Stop-motion\\/3D elements\\/Mixed Media\\/2016<\\/p>\\r\\n<p><strong>Production Studio:<\\/strong> Hornet inc.<\\/p>\\r\\n<p><strong>Agency:<\\/strong> Leo Burnett<\\/p>\\r\\n<p><strong>Director:<\\/strong> Peter Sluszka<\\/p>\\r\\n<p><strong>Learn More:<\\/strong> <a href=\\\"http:\\/\\/hornetinc.com\\\">hornetinc.com<\\/a><\\/p>\",\"28\":\"#0433ff\",\"24\":\"#f31c1c\",\"20\":\"12 Days of Elves Season 2\",\"26\":\"#f31c1c\",\"10\":{\"206\":{\"type\":\"role\",\"enabled\":\"1\",\"fields\":{\"role\":\"Compositor\"}},\"207\":{\"type\":\"role\",\"enabled\":\"1\",\"fields\":{\"role\":\"Colorist\"}}},\"11\":{\"208\":{\"type\":\"skill\",\"enabled\":\"1\",\"fields\":{\"skill\":\"2D Animation\"}},\"209\":{\"type\":\"skill\",\"enabled\":\"1\",\"fields\":{\"skill\":\"Short Films\"}}},\"16\":{\"197\":{\"type\":\"row\",\"enabled\":\"1\",\"fields\":{\"gallery\":[\"111\",\"113\"]}},\"198\":{\"type\":\"row\",\"enabled\":\"1\",\"fields\":{\"gallery\":[\"112\",\"111\",\"113\"]}}},\"34\":\"#25be57\",\"35\":\"0.9\",\"4\":[\"111\"],\"7\":\"https:\\/\\/vimeo.com\\/45515295\"}}', '2017-12-02 19:31:51', '2017-12-02 19:31:51', '51222fb4-a3cf-407c-8870-72d58a831ea3'),
 ('122', '153', '3', '1', 'en_us', '45', '', '{\"typeId\":\"3\",\"authorId\":\"1\",\"title\":\"12 Days of Elves Season 2\",\"slug\":\"12-days-of-elves-season-2\",\"postDate\":1471977660,\"expiryDate\":null,\"enabled\":1,\"parentId\":\"\",\"fields\":{\"29\":\"#ac1e12\",\"32\":\"0.8\",\"30\":\"#ffe96a\",\"12\":\"Hornet Films\",\"25\":\"#ffffff\",\"21\":\"<p>July 12th marks Amazon\\u2019s 2nd Annual Prime Day, a global, mid-year shopping holiday for its Prime customers to receive online deals. The truly integrated campaign combines broadcast and print advertising along with digital, social media and a site takeover for markets all over the world including the following: Japan, Spain, France, the United Kingdom, Germany, Austria, the United States of America, and Canada.<\\/p>\",\"27\":\"#ffffff\",\"23\":\"#ffffff\",\"33\":\"#8d2818\",\"31\":[\"111\"],\"22\":\"<p><strong>Tag:<\\/strong> Stop-motion\\/3D elements\\/Mixed Media\\/2016<\\/p>\\r\\n<p><strong>Production Studio:<\\/strong> Hornet inc.<\\/p>\\r\\n<p><strong>Agency:<\\/strong> Leo Burnett<\\/p>\\r\\n<p><strong>Director:<\\/strong> Peter Sluszka<\\/p>\\r\\n<p><strong>Learn More:<\\/strong> <a href=\\\"http:\\/\\/hornetinc.com\\\">hornetinc.com<\\/a><\\/p>\",\"28\":\"#ffffff\",\"24\":\"#f31c1c\",\"20\":\"12 Days of Elves Season 2\",\"26\":\"#f31c1c\",\"10\":{\"206\":{\"type\":\"role\",\"enabled\":\"1\",\"fields\":{\"role\":\"Compositor\"}},\"207\":{\"type\":\"role\",\"enabled\":\"1\",\"fields\":{\"role\":\"Colorist\"}}},\"11\":{\"208\":{\"type\":\"skill\",\"enabled\":\"1\",\"fields\":{\"skill\":\"2D Animation\"}},\"209\":{\"type\":\"skill\",\"enabled\":\"1\",\"fields\":{\"skill\":\"Short Films\"}}},\"16\":{\"197\":{\"type\":\"row\",\"enabled\":\"1\",\"fields\":{\"gallery\":[\"111\",\"113\"]}},\"198\":{\"type\":\"row\",\"enabled\":\"1\",\"fields\":{\"gallery\":[\"112\",\"111\",\"113\"]}}},\"34\":\"#25be57\",\"35\":\"0.9\",\"4\":[\"111\"],\"7\":\"https:\\/\\/vimeo.com\\/45515295\"}}', '2017-12-02 19:36:52', '2017-12-02 19:36:52', '0917f6db-91a0-4099-a982-6b17c2ba4186'),
 ('123', '153', '3', '1', 'en_us', '46', '', '{\"typeId\":\"3\",\"authorId\":\"1\",\"title\":\"12 Days of Elves Season 2\",\"slug\":\"12-days-of-elves-season-2\",\"postDate\":1471977660,\"expiryDate\":null,\"enabled\":1,\"parentId\":\"\",\"fields\":{\"29\":\"#25be57\",\"32\":\"0.8\",\"30\":\"#f31c1c\",\"12\":\"Hornet Films\",\"25\":\"#ffffff\",\"21\":\"<p>July 12th marks Amazon\\u2019s 2nd Annual Prime Day, a global, mid-year shopping holiday for its Prime customers to receive online deals. The truly integrated campaign combines broadcast and print advertising along with digital, social media and a site takeover for markets all over the world including the following: Japan, Spain, France, the United Kingdom, Germany, Austria, the United States of America, and Canada.<\\/p>\",\"27\":\"#ffffff\",\"23\":\"#ffffff\",\"33\":\"#8d2818\",\"31\":[\"111\"],\"22\":\"<p><strong>Tag:<\\/strong> Stop-motion\\/3D elements\\/Mixed Media\\/2016<\\/p>\\r\\n<p><strong>Production Studio:<\\/strong> Hornet inc.<\\/p>\\r\\n<p><strong>Agency:<\\/strong> Leo Burnett<\\/p>\\r\\n<p><strong>Director:<\\/strong> Peter Sluszka<\\/p>\\r\\n<p><strong>Learn More:<\\/strong> <a href=\\\"http:\\/\\/hornetinc.com\\\">hornetinc.com<\\/a><\\/p>\",\"28\":\"#ffffff\",\"24\":\"#f31c1c\",\"20\":\"12 Days of Elves Season 2\",\"26\":\"#f31c1c\",\"10\":{\"206\":{\"type\":\"role\",\"enabled\":\"1\",\"fields\":{\"role\":\"Compositor\"}},\"207\":{\"type\":\"role\",\"enabled\":\"1\",\"fields\":{\"role\":\"Colorist\"}}},\"11\":{\"208\":{\"type\":\"skill\",\"enabled\":\"1\",\"fields\":{\"skill\":\"2D Animation\"}},\"209\":{\"type\":\"skill\",\"enabled\":\"1\",\"fields\":{\"skill\":\"Short Films\"}}},\"16\":{\"197\":{\"type\":\"row\",\"enabled\":\"1\",\"fields\":{\"gallery\":[\"111\",\"113\"]}},\"198\":{\"type\":\"row\",\"enabled\":\"1\",\"fields\":{\"gallery\":[\"112\",\"111\",\"113\"]}}},\"34\":\"#25be57\",\"35\":\"0.9\",\"4\":[\"111\"],\"7\":\"https:\\/\\/vimeo.com\\/45515295\"}}', '2017-12-03 01:13:32', '2017-12-03 01:13:32', 'ce043c29-80b2-4e64-812e-d43eb0c3eeb6'),
 ('124', '153', '3', '1', 'en_us', '47', '', '{\"typeId\":\"3\",\"authorId\":\"1\",\"title\":\"12 Days of Elves Season 2\",\"slug\":\"12-days-of-elves-season-2\",\"postDate\":1471977660,\"expiryDate\":null,\"enabled\":1,\"parentId\":\"\",\"fields\":{\"29\":\"#25be57\",\"32\":\"0.8\",\"30\":\"#f31c1c\",\"12\":\"Hornet Films\",\"25\":\"#ffffff\",\"21\":\"<p>July 12th marks Amazon\\u2019s 2nd Annual Prime Day, a global, mid-year shopping holiday for its Prime customers to receive online deals. The truly integrated campaign combines broadcast and print advertising along with digital, social media and a site takeover for markets all over the world including the following: Japan, Spain, France, the United Kingdom, Germany, Austria, the United States of America, and Canada.<\\/p>\",\"27\":\"#ffffff\",\"23\":\"#ffffff\",\"33\":\"3C8D0D\",\"31\":[\"111\"],\"22\":\"<p><strong>Tag:<\\/strong> Stop-motion\\/3D elements\\/Mixed Media\\/2016<\\/p>\\r\\n<p><strong>Production Studio:<\\/strong> Hornet inc.<\\/p>\\r\\n<p><strong>Agency:<\\/strong> Leo Burnett<\\/p>\\r\\n<p><strong>Director:<\\/strong> Peter Sluszka<\\/p>\\r\\n<p><strong>Learn More:<\\/strong> <a href=\\\"http:\\/\\/hornetinc.com\\\">hornetinc.com<\\/a><\\/p>\",\"28\":\"#ffffff\",\"24\":\"#f31c1c\",\"20\":\"12 Days of Elves Season 2\",\"26\":\"#f31c1c\",\"10\":{\"206\":{\"type\":\"role\",\"enabled\":\"1\",\"fields\":{\"role\":\"Compositor\"}},\"207\":{\"type\":\"role\",\"enabled\":\"1\",\"fields\":{\"role\":\"Colorist\"}}},\"11\":{\"208\":{\"type\":\"skill\",\"enabled\":\"1\",\"fields\":{\"skill\":\"2D Animation\"}},\"209\":{\"type\":\"skill\",\"enabled\":\"1\",\"fields\":{\"skill\":\"Short Films\"}}},\"16\":{\"197\":{\"type\":\"row\",\"enabled\":\"1\",\"fields\":{\"gallery\":[\"111\",\"113\"]}},\"198\":{\"type\":\"row\",\"enabled\":\"1\",\"fields\":{\"gallery\":[\"112\",\"111\",\"113\"]}}},\"34\":\"#25be57\",\"35\":\"0.9\",\"4\":[\"111\"],\"7\":\"https:\\/\\/vimeo.com\\/45515295\"}}', '2017-12-03 01:44:27', '2017-12-03 01:44:27', 'd5c34d1b-e9a1-403f-b20f-45940ebb7d63'),
 ('125', '153', '3', '1', 'en_us', '48', '', '{\"typeId\":\"3\",\"authorId\":\"1\",\"title\":\"12 Days of Elves Season 2\",\"slug\":\"12-days-of-elves-season-2\",\"postDate\":1471977660,\"expiryDate\":null,\"enabled\":1,\"parentId\":\"\",\"fields\":{\"29\":\"#25be57\",\"32\":\"0.8\",\"30\":\"#f31c1c\",\"12\":\"Hornet Films\",\"25\":\"#ffffff\",\"21\":\"<p>July 12th marks Amazon\\u2019s 2nd Annual Prime Day, a global, mid-year shopping holiday for its Prime customers to receive online deals. The truly integrated campaign combines broadcast and print advertising along with digital, social media and a site takeover for markets all over the world including the following: Japan, Spain, France, the United Kingdom, Germany, Austria, the United States of America, and Canada.<\\/p>\",\"27\":\"#ffffff\",\"23\":\"#ffffff\",\"33\":\"#258746\",\"31\":[\"111\"],\"22\":\"<p><strong>Tag:<\\/strong> Stop-motion\\/3D elements\\/Mixed Media\\/2016<\\/p>\\r\\n<p><strong>Production Studio:<\\/strong> Hornet inc.<\\/p>\\r\\n<p><strong>Agency:<\\/strong> Leo Burnett<\\/p>\\r\\n<p><strong>Director:<\\/strong> Peter Sluszka<\\/p>\\r\\n<p><strong>Learn More:<\\/strong> <a href=\\\"http:\\/\\/hornetinc.com\\\">hornetinc.com<\\/a><\\/p>\",\"28\":\"#ffffff\",\"24\":\"#f31c1c\",\"20\":\"12 Days of Elves Season 2\",\"26\":\"#f31c1c\",\"10\":{\"206\":{\"type\":\"role\",\"enabled\":\"1\",\"fields\":{\"role\":\"Compositor\"}},\"207\":{\"type\":\"role\",\"enabled\":\"1\",\"fields\":{\"role\":\"Colorist\"}}},\"11\":{\"208\":{\"type\":\"skill\",\"enabled\":\"1\",\"fields\":{\"skill\":\"2D Animation\"}},\"209\":{\"type\":\"skill\",\"enabled\":\"1\",\"fields\":{\"skill\":\"Short Films\"}}},\"16\":{\"197\":{\"type\":\"row\",\"enabled\":\"1\",\"fields\":{\"gallery\":[\"111\",\"113\"]}},\"198\":{\"type\":\"row\",\"enabled\":\"1\",\"fields\":{\"gallery\":[\"112\",\"111\",\"113\"]}}},\"34\":\"#25be57\",\"35\":\"0.9\",\"4\":[\"111\"],\"7\":\"https:\\/\\/vimeo.com\\/45515295\"}}', '2017-12-03 02:55:00', '2017-12-03 02:55:00', 'eaccfe5d-5ee7-4844-b3e5-f6b96d833bee'),
 ('126', '210', '3', '1', 'en_us', '1', '', '{\"typeId\":null,\"authorId\":\"1\",\"title\":\"Prime Day 2016\",\"slug\":\"prime-day-2016\",\"postDate\":1512273480,\"expiryDate\":null,\"enabled\":1,\"parentId\":\"\",\"fields\":{\"29\":\"\",\"32\":\"0\",\"30\":\"\",\"12\":\"Amazon\",\"25\":\"\",\"21\":\"<p>July 12th marks Amazon\\u2019s 2nd Annual Prime Day, a global, mid-year shopping holiday for its Prime customers to receive online deals. The truly integrated campaign combines broadcast and print advertising along with digital, social media and a site takeover for markets all over the world including the following: Japan, Spain, France, the United Kingdom, Germany, Austria, the United States of America, and Canada.<\\/p>\",\"27\":\"\",\"23\":\"\",\"33\":\"\",\"31\":\"\",\"22\":\"\",\"28\":\"\",\"24\":\"\",\"20\":\"Prime Day 2016 TV Spot: Everywhere\",\"26\":\"\",\"10\":\"\",\"11\":\"\",\"16\":\"\",\"34\":\"\",\"35\":\"0\",\"4\":\"\",\"7\":\"\"}}', '2017-12-03 03:58:22', '2017-12-03 03:58:22', 'a2621f31-8f76-4e21-a76b-5058bfd8929f'),
 ('127', '210', '3', '1', 'en_us', '2', '', '{\"typeId\":\"3\",\"authorId\":\"1\",\"title\":\"Prime Day 2016\",\"slug\":\"prime-day-2016\",\"postDate\":1512273480,\"expiryDate\":null,\"enabled\":1,\"parentId\":\"\",\"fields\":{\"29\":\"\",\"32\":\"0\",\"30\":\"\",\"12\":\"Amazon\",\"25\":\"\",\"21\":\"<p>July 12th marks Amazon\\u2019s 2nd Annual Prime Day, a global, mid-year shopping holiday for its Prime customers to receive online deals. The truly integrated campaign combines broadcast and print advertising along with digital, social media and a site takeover for markets all over the world including the following: Japan, Spain, France, the United Kingdom, Germany, Austria, the United States of America, and Canada.<\\/p>\",\"27\":\"\",\"23\":\"\",\"33\":\"\",\"31\":\"\",\"22\":\"<p>Type: Stop-motion\\/3D elements\\/Mixed Media<\\/p>\\r\\n<p>Production Studio: Hornet Inc.<\\/p>\\r\\n<p>Agency: Leo Burnett<\\/p>\\r\\n<p>Director: Peter Sluszka<\\/p>\\r\\n<p>Lean more Visit site: <a href=\\\"http:\\/\\/www.hornetinc.com\\/amazon-primeday\\\">www.hornetinc.com\\/amazon-prime...<\\/a><\\/p>\",\"28\":\"\",\"24\":\"\",\"20\":\"Prime Day 2016 TV Spot: Everywhere\",\"26\":\"\",\"10\":\"\",\"11\":\"\",\"16\":\"\",\"34\":\"\",\"35\":\"0\",\"4\":\"\",\"7\":\"\"}}', '2017-12-03 03:59:17', '2017-12-03 03:59:17', 'e6019969-bdfe-4795-9a99-06b083b2bc64'),
 ('128', '210', '3', '1', 'en_us', '3', '', '{\"typeId\":\"3\",\"authorId\":\"1\",\"title\":\"Prime Day 2016\",\"slug\":\"prime-day-2016\",\"postDate\":1512273480,\"expiryDate\":null,\"enabled\":1,\"parentId\":\"\",\"fields\":{\"29\":\"\",\"32\":\"0\",\"30\":\"\",\"12\":\"Amazon\",\"25\":\"\",\"21\":\"<p>July 12th marks Amazon\\u2019s 2nd Annual Prime Day, a global, mid-year shopping holiday for its Prime customers to receive online deals. The truly integrated campaign combines broadcast and print advertising along with digital, social media and a site takeover for markets all over the world including the following: Japan, Spain, France, the United Kingdom, Germany, Austria, the United States of America, and Canada.<\\/p>\",\"27\":\"\",\"23\":\"\",\"33\":\"\",\"31\":\"\",\"22\":\"<p>Type: Stop-motion\\/3D elements\\/Mixed Media<\\/p>\\r\\n<p>Production Studio: Hornet Inc.<\\/p>\\r\\n<p>Agency: Leo Burnett<\\/p>\\r\\n<p>Director: Peter Sluszka<\\/p>\\r\\n<p>Lean more Visit site: <a href=\\\"http:\\/\\/www.hornetinc.com\\/amazon-primeday\\\">www.hornetinc.com\\/amazon-prime...<\\/a><\\/p>\",\"28\":\"\",\"24\":\"\",\"20\":\"Prime Day 2016 TV Spot: Everywhere\",\"26\":\"\",\"10\":{\"new1\":{\"type\":\"role\",\"enabled\":\"1\",\"fields\":{\"role\":\"Compositor\"}}},\"11\":{\"new1\":{\"type\":\"skill\",\"enabled\":\"1\",\"fields\":{\"skill\":\"AE Compositing\"}},\"new2\":{\"type\":\"skill\",\"enabled\":\"1\",\"fields\":{\"skill\":\"Tracking\"}},\"new3\":{\"type\":\"skill\",\"enabled\":\"1\",\"fields\":{\"skill\":\"Green Screen\"}},\"new4\":{\"type\":\"skill\",\"enabled\":\"1\",\"fields\":{\"skill\":\"Clean Up\"}},\"new5\":{\"type\":\"skill\",\"enabled\":\"1\",\"fields\":{\"skill\":\"VFX\"}}},\"16\":\"\",\"34\":\"\",\"35\":\"0\",\"4\":\"\",\"7\":\"\"}}', '2017-12-03 04:00:36', '2017-12-03 04:00:36', '023b217e-9998-47ad-b7c4-58eeac9bb1d3'),
 ('129', '210', '3', '1', 'en_us', '4', '', '{\"typeId\":\"3\",\"authorId\":\"1\",\"title\":\"Prime Day 2016\",\"slug\":\"prime-day-2016\",\"postDate\":1512273480,\"expiryDate\":null,\"enabled\":1,\"parentId\":\"\",\"fields\":{\"29\":\"\",\"32\":\"0\",\"30\":\"\",\"12\":\"Amazon\",\"25\":\"\",\"21\":\"<p>July 12th marks Amazon\\u2019s 2nd Annual Prime Day, a global, mid-year shopping holiday for its Prime customers to receive online deals. The truly integrated campaign combines broadcast and print advertising along with digital, social media and a site takeover for markets all over the world including the following: Japan, Spain, France, the United Kingdom, Germany, Austria, the United States of America, and Canada.<\\/p>\",\"27\":\"\",\"23\":\"\",\"33\":\"\",\"31\":\"\",\"22\":\"<p><strong>Type:<\\/strong> Stop-motion\\/3D elements\\/Mixed Media<\\/p>\\r\\n<p><strong>Production Studio:<\\/strong> Hornet Inc.<\\/p>\\r\\n<p><strong>Agency:<\\/strong> Leo Burnett<\\/p>\\r\\n<p><strong>Director:<\\/strong> Peter Sluszka<\\/p>\\r\\n<p><strong>Lean more Visit site:<\\/strong> <a href=\\\"http:\\/\\/www.hornetinc.com\\/amazon-primeday\\\">www.hornetinc.com\\/amazon-prime...<\\/a><\\/p>\",\"28\":\"\",\"24\":\"\",\"20\":\"Prime Day 2016 TV Spot: Everywhere\",\"26\":\"\",\"10\":{\"211\":{\"type\":\"role\",\"enabled\":\"1\",\"fields\":{\"role\":\"Compositor\"}}},\"11\":{\"212\":{\"type\":\"skill\",\"enabled\":\"1\",\"fields\":{\"skill\":\"AE Compositing\"}},\"213\":{\"type\":\"skill\",\"enabled\":\"1\",\"fields\":{\"skill\":\"Tracking\"}},\"214\":{\"type\":\"skill\",\"enabled\":\"1\",\"fields\":{\"skill\":\"Green Screen\"}},\"215\":{\"type\":\"skill\",\"enabled\":\"1\",\"fields\":{\"skill\":\"Clean Up\"}},\"216\":{\"type\":\"skill\",\"enabled\":\"1\",\"fields\":{\"skill\":\"VFX\"}}},\"16\":\"\",\"34\":\"\",\"35\":\"0\",\"4\":\"\",\"7\":\"\"}}', '2017-12-03 04:00:59', '2017-12-03 04:00:59', '8eec6c09-fd4a-4ada-a9da-b786602eb34e'),
 ('130', '210', '3', '1', 'en_us', '5', '', '{\"typeId\":\"3\",\"authorId\":\"1\",\"title\":\"Prime Day 2016\",\"slug\":\"prime-day-2016\",\"postDate\":1512273480,\"expiryDate\":null,\"enabled\":1,\"parentId\":\"\",\"fields\":{\"29\":\"\",\"32\":\"0\",\"30\":\"\",\"12\":\"Amazon\",\"25\":\"\",\"21\":\"<p>July 12th marks Amazon\\u2019s 2nd Annual Prime Day, a global, mid-year shopping holiday for its Prime customers to receive online deals. The truly integrated campaign combines broadcast and print advertising along with digital, social media and a site takeover for markets all over the world including the following: Japan, Spain, France, the United Kingdom, Germany, Austria, the United States of America, and Canada.<\\/p>\",\"27\":\"\",\"23\":\"\",\"33\":\"\",\"31\":\"\",\"22\":\"<p><strong>Type:<\\/strong> Stop-motion\\/3D elements\\/Mixed Media<\\/p>\\r\\n<p><strong>Production Studio:<\\/strong> Hornet Inc.<\\/p>\\r\\n<p><strong>Agency:<\\/strong> Leo Burnett<\\/p>\\r\\n<p><strong>Director:<\\/strong> Peter Sluszka<\\/p>\\r\\n<p><strong>Lean more Visit site:<\\/strong> <a href=\\\"http:\\/\\/www.hornetinc.com\\/amazon-primeday\\\">www.hornetinc.com\\/amazon-prime...<\\/a><\\/p>\",\"28\":\"\",\"24\":\"\",\"20\":\"Prime Day 2016 TV Spot: Everywhere\",\"26\":\"\",\"10\":{\"211\":{\"type\":\"role\",\"enabled\":\"1\",\"fields\":{\"role\":\"Compositor\"}}},\"11\":{\"212\":{\"type\":\"skill\",\"enabled\":\"1\",\"fields\":{\"skill\":\"AE Compositing\"}},\"213\":{\"type\":\"skill\",\"enabled\":\"1\",\"fields\":{\"skill\":\"Tracking\"}},\"214\":{\"type\":\"skill\",\"enabled\":\"1\",\"fields\":{\"skill\":\"Green Screen\"}},\"215\":{\"type\":\"skill\",\"enabled\":\"1\",\"fields\":{\"skill\":\"Clean Up\"}},\"216\":{\"type\":\"skill\",\"enabled\":\"1\",\"fields\":{\"skill\":\"VFX\"}}},\"16\":\"\",\"34\":\"\",\"35\":\"0\",\"4\":\"\",\"7\":\"https:\\/\\/vimeo.com\\/191876455\"}}', '2017-12-03 04:02:42', '2017-12-03 04:02:42', 'd66fdace-71e7-471e-b864-f92a9a17802a'),
 ('131', '210', '3', '1', 'en_us', '6', '', '{\"typeId\":\"3\",\"authorId\":\"1\",\"title\":\"Prime Day 2016\",\"slug\":\"prime-day-2016\",\"postDate\":1512273480,\"expiryDate\":null,\"enabled\":1,\"parentId\":\"\",\"fields\":{\"29\":\"\",\"32\":\"0\",\"30\":\"\",\"12\":\"Amazon\",\"25\":\"\",\"21\":\"<p>July 12th marks Amazon\\u2019s 2nd Annual Prime Day, a global, mid-year shopping holiday for its Prime customers to receive online deals. The truly integrated campaign combines broadcast and print advertising along with digital, social media and a site takeover for markets all over the world including the following: Japan, Spain, France, the United Kingdom, Germany, Austria, the United States of America, and Canada.<\\/p>\",\"27\":\"\",\"23\":\"\",\"33\":\"\",\"31\":[\"217\"],\"22\":\"<p><strong>Type:<\\/strong> Stop-motion\\/3D elements\\/Mixed Media<\\/p>\\r\\n<p><strong>Production Studio:<\\/strong> Hornet Inc.<\\/p>\\r\\n<p><strong>Agency:<\\/strong> Leo Burnett<\\/p>\\r\\n<p><strong>Director:<\\/strong> Peter Sluszka<\\/p>\\r\\n<p><strong>Lean more Visit site:<\\/strong> <a href=\\\"http:\\/\\/www.hornetinc.com\\/amazon-primeday\\\">www.hornetinc.com\\/amazon-prime...<\\/a><\\/p>\",\"28\":\"\",\"24\":\"\",\"20\":\"Prime Day 2016 TV Spot: Everywhere\",\"26\":\"\",\"10\":{\"211\":{\"type\":\"role\",\"enabled\":\"1\",\"fields\":{\"role\":\"Compositor\"}}},\"11\":{\"212\":{\"type\":\"skill\",\"enabled\":\"1\",\"fields\":{\"skill\":\"AE Compositing\"}},\"213\":{\"type\":\"skill\",\"enabled\":\"1\",\"fields\":{\"skill\":\"Tracking\"}},\"214\":{\"type\":\"skill\",\"enabled\":\"1\",\"fields\":{\"skill\":\"Green Screen\"}},\"215\":{\"type\":\"skill\",\"enabled\":\"1\",\"fields\":{\"skill\":\"Clean Up\"}},\"216\":{\"type\":\"skill\",\"enabled\":\"1\",\"fields\":{\"skill\":\"VFX\"}}},\"16\":\"\",\"34\":\"\",\"35\":\"0\",\"4\":[\"217\"],\"7\":\"https:\\/\\/vimeo.com\\/191876455\"}}', '2017-12-03 04:10:07', '2017-12-03 04:10:07', '648bd233-7529-41ff-90c5-bb8c3d90d98f'),
 ('132', '210', '3', '1', 'en_us', '7', '', '{\"typeId\":\"3\",\"authorId\":\"1\",\"title\":\"Prime Day 2016\",\"slug\":\"prime-day-2016\",\"postDate\":1512273480,\"expiryDate\":null,\"enabled\":1,\"parentId\":\"\",\"fields\":{\"29\":\"\",\"32\":\"0\",\"30\":\"\",\"12\":\"Amazon\",\"25\":\"\",\"21\":\"<p>July 12th marks Amazon\\u2019s 2nd Annual Prime Day, a global, mid-year shopping holiday for its Prime customers to receive online deals. The truly integrated campaign combines broadcast and print advertising along with digital, social media and a site takeover for markets all over the world including the following: Japan, Spain, France, the United Kingdom, Germany, Austria, the United States of America, and Canada.<\\/p>\",\"27\":\"\",\"23\":\"\",\"33\":\"\",\"31\":[\"217\"],\"22\":\"<p><strong>Type:<\\/strong> Stop-motion\\/3D elements\\/Mixed Media<\\/p>\\r\\n<p><strong>Production Studio:<\\/strong> Hornet Inc.<\\/p>\\r\\n<p><strong>Agency:<\\/strong> Leo Burnett<\\/p>\\r\\n<p><strong>Director:<\\/strong> Peter Sluszka<\\/p>\\r\\n<p><strong>Lean more Visit site:<\\/strong> <a href=\\\"http:\\/\\/www.hornetinc.com\\/amazon-primeday\\\">www.hornetinc.com\\/amazon-prime...<\\/a><\\/p>\",\"28\":\"\",\"24\":\"\",\"20\":\"Prime Day 2016 TV Spot: Everywhere\",\"26\":\"\",\"10\":{\"211\":{\"type\":\"role\",\"enabled\":\"1\",\"fields\":{\"role\":\"Compositor\"}}},\"11\":{\"212\":{\"type\":\"skill\",\"enabled\":\"1\",\"fields\":{\"skill\":\"AE Compositing\"}},\"213\":{\"type\":\"skill\",\"enabled\":\"1\",\"fields\":{\"skill\":\"Tracking\"}},\"214\":{\"type\":\"skill\",\"enabled\":\"1\",\"fields\":{\"skill\":\"Green Screen\"}},\"215\":{\"type\":\"skill\",\"enabled\":\"1\",\"fields\":{\"skill\":\"Clean Up\"}},\"216\":{\"type\":\"skill\",\"enabled\":\"1\",\"fields\":{\"skill\":\"VFX\"}}},\"16\":{\"new1\":{\"type\":\"row\",\"enabled\":\"1\",\"fields\":{\"gallery\":[\"218\",\"219\"]}},\"new2\":{\"type\":\"row\",\"enabled\":\"1\",\"fields\":{\"gallery\":[\"220\",\"221\",\"222\"]}}},\"34\":\"\",\"35\":\"0\",\"4\":[\"217\"],\"7\":\"https:\\/\\/vimeo.com\\/191876455\"}}', '2017-12-03 04:16:25', '2017-12-03 04:16:25', 'e7bd7671-f88a-4f2b-a38c-67a49ac11787'),
 ('133', '210', '3', '1', 'en_us', '8', '', '{\"typeId\":\"3\",\"authorId\":\"1\",\"title\":\"Prime Day 2016\",\"slug\":\"prime-day-2016\",\"postDate\":1512273480,\"expiryDate\":null,\"enabled\":1,\"parentId\":\"\",\"fields\":{\"29\":\"47CCFC\",\"32\":\"0.6\",\"30\":\"#ffffff\",\"12\":\"Amazon\",\"25\":\"\",\"21\":\"<p>July 12th marks Amazon\\u2019s 2nd Annual Prime Day, a global, mid-year shopping holiday for its Prime customers to receive online deals. The truly integrated campaign combines broadcast and print advertising along with digital, social media and a site takeover for markets all over the world including the following: Japan, Spain, France, the United Kingdom, Germany, Austria, the United States of America, and Canada.<\\/p>\",\"27\":\"\",\"23\":\"\",\"33\":\"47CCFC\",\"31\":[\"217\"],\"22\":\"<p><strong>Type:<\\/strong> Stop-motion\\/3D elements\\/Mixed Media<\\/p>\\r\\n<p><strong>Production Studio:<\\/strong> Hornet Inc.<\\/p>\\r\\n<p><strong>Agency:<\\/strong> Leo Burnett<\\/p>\\r\\n<p><strong>Director:<\\/strong> Peter Sluszka<\\/p>\\r\\n<p><strong>Lean more Visit site:<\\/strong> <a href=\\\"http:\\/\\/www.hornetinc.com\\/amazon-primeday\\\">www.hornetinc.com\\/amazon-prime...<\\/a><\\/p>\",\"28\":\"\",\"24\":\"\",\"20\":\"Prime Day 2016 TV Spot: Everywhere\",\"26\":\"\",\"10\":{\"211\":{\"type\":\"role\",\"enabled\":\"1\",\"fields\":{\"role\":\"Compositor\"}}},\"11\":{\"212\":{\"type\":\"skill\",\"enabled\":\"1\",\"fields\":{\"skill\":\"AE Compositing\"}},\"213\":{\"type\":\"skill\",\"enabled\":\"1\",\"fields\":{\"skill\":\"Tracking\"}},\"214\":{\"type\":\"skill\",\"enabled\":\"1\",\"fields\":{\"skill\":\"Green Screen\"}},\"215\":{\"type\":\"skill\",\"enabled\":\"1\",\"fields\":{\"skill\":\"Clean Up\"}},\"216\":{\"type\":\"skill\",\"enabled\":\"1\",\"fields\":{\"skill\":\"VFX\"}}},\"16\":{\"223\":{\"type\":\"row\",\"enabled\":\"1\",\"fields\":{\"gallery\":[\"218\",\"219\"]}},\"224\":{\"type\":\"row\",\"enabled\":\"1\",\"fields\":{\"gallery\":[\"220\",\"221\",\"222\"]}}},\"34\":\"C0EDFE\",\"35\":\"0\",\"4\":[\"217\"],\"7\":\"https:\\/\\/vimeo.com\\/191876455\"}}', '2017-12-03 04:20:36', '2017-12-03 04:20:36', '8c2b429d-5ca6-40cf-b38d-edf51a5fe563'),
 ('134', '210', '3', '1', 'en_us', '9', '', '{\"typeId\":\"3\",\"authorId\":\"1\",\"title\":\"Prime Day 2016\",\"slug\":\"prime-day-2016\",\"postDate\":1512273480,\"expiryDate\":null,\"enabled\":1,\"parentId\":\"\",\"fields\":{\"29\":\"#C0EDFE\",\"32\":\"0.6\",\"30\":\"#ffffff\",\"12\":\"Amazon\",\"25\":\"\",\"21\":\"<p>July 12th marks Amazon\\u2019s 2nd Annual Prime Day, a global, mid-year shopping holiday for its Prime customers to receive online deals. The truly integrated campaign combines broadcast and print advertising along with digital, social media and a site takeover for markets all over the world including the following: Japan, Spain, France, the United Kingdom, Germany, Austria, the United States of America, and Canada.<\\/p>\",\"27\":\"\",\"23\":\"\",\"33\":\"#47CCFC\",\"31\":[\"217\"],\"22\":\"<p><strong>Type:<\\/strong> Stop-motion\\/3D elements\\/Mixed Media<\\/p>\\r\\n<p><strong>Production Studio:<\\/strong> Hornet Inc.<\\/p>\\r\\n<p><strong>Agency:<\\/strong> Leo Burnett<\\/p>\\r\\n<p><strong>Director:<\\/strong> Peter Sluszka<\\/p>\\r\\n<p><strong>Lean more Visit site:<\\/strong> <a href=\\\"http:\\/\\/www.hornetinc.com\\/amazon-primeday\\\">www.hornetinc.com\\/amazon-prime...<\\/a><\\/p>\",\"28\":\"\",\"24\":\"\",\"20\":\"Prime Day 2016 TV Spot: Everywhere\",\"26\":\"\",\"10\":{\"211\":{\"type\":\"role\",\"enabled\":\"1\",\"fields\":{\"role\":\"Compositor\"}}},\"11\":{\"212\":{\"type\":\"skill\",\"enabled\":\"1\",\"fields\":{\"skill\":\"AE Compositing\"}},\"213\":{\"type\":\"skill\",\"enabled\":\"1\",\"fields\":{\"skill\":\"Tracking\"}},\"214\":{\"type\":\"skill\",\"enabled\":\"1\",\"fields\":{\"skill\":\"Green Screen\"}},\"215\":{\"type\":\"skill\",\"enabled\":\"1\",\"fields\":{\"skill\":\"Clean Up\"}},\"216\":{\"type\":\"skill\",\"enabled\":\"1\",\"fields\":{\"skill\":\"VFX\"}}},\"16\":{\"223\":{\"type\":\"row\",\"enabled\":\"1\",\"fields\":{\"gallery\":[\"218\",\"219\"]}},\"224\":{\"type\":\"row\",\"enabled\":\"1\",\"fields\":{\"gallery\":[\"220\",\"221\",\"222\"]}}},\"34\":\"#C0EDFE\",\"35\":\"0\",\"4\":[\"217\"],\"7\":\"https:\\/\\/vimeo.com\\/191876455\"}}', '2017-12-03 04:20:54', '2017-12-03 04:20:54', '00514947-292a-4496-94fc-ec2f4dd49c65'),
 ('135', '210', '3', '1', 'en_us', '10', '', '{\"typeId\":\"3\",\"authorId\":\"1\",\"title\":\"Prime Day 2016\",\"slug\":\"prime-day-2016\",\"postDate\":1512273480,\"expiryDate\":null,\"enabled\":1,\"parentId\":\"\",\"fields\":{\"29\":\"#C0EDFE\",\"32\":\"0.8\",\"30\":\"#ffffff\",\"12\":\"Amazon\",\"25\":\"\",\"21\":\"<p>July 12th marks Amazon\\u2019s 2nd Annual Prime Day, a global, mid-year shopping holiday for its Prime customers to receive online deals. The truly integrated campaign combines broadcast and print advertising along with digital, social media and a site takeover for markets all over the world including the following: Japan, Spain, France, the United Kingdom, Germany, Austria, the United States of America, and Canada.<\\/p>\",\"27\":\"\",\"23\":\"\",\"33\":\"#47CCFC\",\"31\":[\"217\"],\"22\":\"<p><strong>Type:<\\/strong> Stop-motion\\/3D elements\\/Mixed Media<\\/p>\\r\\n<p><strong>Production Studio:<\\/strong> Hornet Inc.<\\/p>\\r\\n<p><strong>Agency:<\\/strong> Leo Burnett<\\/p>\\r\\n<p><strong>Director:<\\/strong> Peter Sluszka<\\/p>\\r\\n<p><strong>Lean more Visit site:<\\/strong> <a href=\\\"http:\\/\\/www.hornetinc.com\\/amazon-primeday\\\">www.hornetinc.com\\/amazon-prime...<\\/a><\\/p>\",\"28\":\"\",\"24\":\"\",\"20\":\"Prime Day 2016 TV Spot: Everywhere\",\"26\":\"\",\"10\":{\"211\":{\"type\":\"role\",\"enabled\":\"1\",\"fields\":{\"role\":\"Compositor\"}}},\"11\":{\"212\":{\"type\":\"skill\",\"enabled\":\"1\",\"fields\":{\"skill\":\"AE Compositing\"}},\"213\":{\"type\":\"skill\",\"enabled\":\"1\",\"fields\":{\"skill\":\"Tracking\"}},\"214\":{\"type\":\"skill\",\"enabled\":\"1\",\"fields\":{\"skill\":\"Green Screen\"}},\"215\":{\"type\":\"skill\",\"enabled\":\"1\",\"fields\":{\"skill\":\"Clean Up\"}},\"216\":{\"type\":\"skill\",\"enabled\":\"1\",\"fields\":{\"skill\":\"VFX\"}}},\"16\":{\"223\":{\"type\":\"row\",\"enabled\":\"1\",\"fields\":{\"gallery\":[\"218\",\"219\"]}},\"224\":{\"type\":\"row\",\"enabled\":\"1\",\"fields\":{\"gallery\":[\"220\",\"221\",\"222\"]}}},\"34\":\"#C0EDFE\",\"35\":\"0\",\"4\":[\"217\"],\"7\":\"https:\\/\\/vimeo.com\\/191876455\"}}', '2017-12-03 04:21:27', '2017-12-03 04:21:27', 'fa02d634-4e33-4d91-ab90-e35e262e20dd'),
 ('136', '210', '3', '1', 'en_us', '11', '', '{\"typeId\":\"3\",\"authorId\":\"1\",\"title\":\"Prime Day 2016\",\"slug\":\"prime-day-2016\",\"postDate\":1512273480,\"expiryDate\":null,\"enabled\":1,\"parentId\":\"\",\"fields\":{\"29\":\"#C0EDFE\",\"32\":\"0.8\",\"30\":\"#ffffff\",\"12\":\"Amazon\",\"25\":\"#ffffff\",\"21\":\"<p>July 12th marks Amazon\\u2019s 2nd Annual Prime Day, a global, mid-year shopping holiday for its Prime customers to receive online deals. The truly integrated campaign combines broadcast and print advertising along with digital, social media and a site takeover for markets all over the world including the following: Japan, Spain, France, the United Kingdom, Germany, Austria, the United States of America, and Canada.<\\/p>\",\"27\":\"#ffffff\",\"23\":\"#ffffff\",\"33\":\"#47CCFC\",\"31\":[\"217\"],\"22\":\"<p><strong>Type:<\\/strong> Stop-motion\\/3D elements\\/Mixed Media<\\/p>\\r\\n<p><strong>Production Studio:<\\/strong> Hornet Inc.<\\/p>\\r\\n<p><strong>Agency:<\\/strong> Leo Burnett<\\/p>\\r\\n<p><strong>Director:<\\/strong> Peter Sluszka<\\/p>\\r\\n<p><strong>Lean more Visit site:<\\/strong> <a href=\\\"http:\\/\\/www.hornetinc.com\\/amazon-primeday\\\">www.hornetinc.com\\/amazon-prime...<\\/a><\\/p>\",\"28\":\"#ffffff\",\"24\":\"#c89a74\",\"20\":\"Prime Day 2016 TV Spot: Everywhere\",\"26\":\"#c89a74\",\"10\":{\"211\":{\"type\":\"role\",\"enabled\":\"1\",\"fields\":{\"role\":\"Compositor\"}}},\"11\":{\"212\":{\"type\":\"skill\",\"enabled\":\"1\",\"fields\":{\"skill\":\"AE Compositing\"}},\"213\":{\"type\":\"skill\",\"enabled\":\"1\",\"fields\":{\"skill\":\"Tracking\"}},\"214\":{\"type\":\"skill\",\"enabled\":\"1\",\"fields\":{\"skill\":\"Green Screen\"}},\"215\":{\"type\":\"skill\",\"enabled\":\"1\",\"fields\":{\"skill\":\"Clean Up\"}},\"216\":{\"type\":\"skill\",\"enabled\":\"1\",\"fields\":{\"skill\":\"VFX\"}}},\"16\":{\"223\":{\"type\":\"row\",\"enabled\":\"1\",\"fields\":{\"gallery\":[\"218\",\"219\"]}},\"224\":{\"type\":\"row\",\"enabled\":\"1\",\"fields\":{\"gallery\":[\"220\",\"221\",\"222\"]}}},\"34\":\"#C0EDFE\",\"35\":\"0.8\",\"4\":[\"217\"],\"7\":\"https:\\/\\/vimeo.com\\/191876455\"}}', '2017-12-03 04:24:46', '2017-12-03 04:24:46', '2c5a21ad-94a0-44e6-a1e4-7fc53dcbd160'),
 ('137', '210', '3', '1', 'en_us', '12', '', '{\"typeId\":\"3\",\"authorId\":\"1\",\"title\":\"Prime Day 2016\",\"slug\":\"prime-day-2016\",\"postDate\":1512273480,\"expiryDate\":null,\"enabled\":1,\"parentId\":\"\",\"fields\":{\"29\":\"#0788bc\",\"32\":\"0.8\",\"30\":\"#ffffff\",\"12\":\"Amazon\",\"25\":\"#ffffff\",\"21\":\"<p>July 12th marks Amazon\\u2019s 2nd Annual Prime Day, a global, mid-year shopping holiday for its Prime customers to receive online deals. The truly integrated campaign combines broadcast and print advertising along with digital, social media and a site takeover for markets all over the world including the following: Japan, Spain, France, the United Kingdom, Germany, Austria, the United States of America, and Canada.<\\/p>\",\"27\":\"#ffffff\",\"23\":\"#ffffff\",\"33\":\"#09456c\",\"31\":[\"217\"],\"22\":\"<p><strong>Type:<\\/strong> Stop-motion\\/3D elements\\/Mixed Media<\\/p>\\r\\n<p><strong>Production Studio:<\\/strong> Hornet Inc.<\\/p>\\r\\n<p><strong>Agency:<\\/strong> Leo Burnett<\\/p>\\r\\n<p><strong>Director:<\\/strong> Peter Sluszka<\\/p>\\r\\n<p><strong>Lean more Visit site:<\\/strong> <a href=\\\"http:\\/\\/www.hornetinc.com\\/amazon-primeday\\\">www.hornetinc.com\\/amazon-prime...<\\/a><\\/p>\",\"28\":\"#ffffff\",\"24\":\"#c89a74\",\"20\":\"Prime Day 2016 TV Spot: Everywhere\",\"26\":\"#c89a74\",\"10\":{\"211\":{\"type\":\"role\",\"enabled\":\"1\",\"fields\":{\"role\":\"Compositor\"}}},\"11\":{\"212\":{\"type\":\"skill\",\"enabled\":\"1\",\"fields\":{\"skill\":\"AE Compositing\"}},\"213\":{\"type\":\"skill\",\"enabled\":\"1\",\"fields\":{\"skill\":\"Tracking\"}},\"214\":{\"type\":\"skill\",\"enabled\":\"1\",\"fields\":{\"skill\":\"Green Screen\"}},\"215\":{\"type\":\"skill\",\"enabled\":\"1\",\"fields\":{\"skill\":\"Clean Up\"}},\"216\":{\"type\":\"skill\",\"enabled\":\"1\",\"fields\":{\"skill\":\"VFX\"}}},\"16\":{\"223\":{\"type\":\"row\",\"enabled\":\"1\",\"fields\":{\"gallery\":[\"218\",\"219\"]}},\"224\":{\"type\":\"row\",\"enabled\":\"1\",\"fields\":{\"gallery\":[\"220\",\"221\",\"222\"]}}},\"34\":\"#0788bc\",\"35\":\"0.8\",\"4\":[\"217\"],\"7\":\"https:\\/\\/vimeo.com\\/191876455\"}}', '2017-12-03 04:27:54', '2017-12-03 04:27:54', '32263c20-06b6-4b74-a332-44e5a1ce3f07'),
 ('138', '210', '3', '1', 'en_us', '13', '', '{\"typeId\":\"3\",\"authorId\":\"1\",\"title\":\"Prime Day 2016\",\"slug\":\"prime-day-2016\",\"postDate\":1512273480,\"expiryDate\":null,\"enabled\":1,\"parentId\":\"\",\"fields\":{\"29\":\"#13b8fb\",\"32\":\"0.8\",\"30\":\"#ffffff\",\"12\":\"Amazon\",\"25\":\"#ffffff\",\"21\":\"<p>July 12th marks Amazon\\u2019s 2nd Annual Prime Day, a global, mid-year shopping holiday for its Prime customers to receive online deals. The truly integrated campaign combines broadcast and print advertising along with digital, social media and a site takeover for markets all over the world including the following: Japan, Spain, France, the United Kingdom, Germany, Austria, the United States of America, and Canada.<\\/p>\",\"27\":\"#ffffff\",\"23\":\"#ffffff\",\"33\":\"#0788bc\",\"31\":[\"217\"],\"22\":\"<p><strong>Type:<\\/strong> Stop-motion\\/3D elements\\/Mixed Media<\\/p>\\r\\n<p><strong>Production Studio:<\\/strong> Hornet Inc.<\\/p>\\r\\n<p><strong>Agency:<\\/strong> Leo Burnett<\\/p>\\r\\n<p><strong>Director:<\\/strong> Peter Sluszka<\\/p>\\r\\n<p><strong>Lean more Visit site:<\\/strong> <a href=\\\"http:\\/\\/www.hornetinc.com\\/amazon-primeday\\\">www.hornetinc.com\\/amazon-prime...<\\/a><\\/p>\",\"28\":\"#ffffff\",\"24\":\"#c89a74\",\"20\":\"Prime Day 2016 TV Spot: Everywhere\",\"26\":\"#c89a74\",\"10\":{\"211\":{\"type\":\"role\",\"enabled\":\"1\",\"fields\":{\"role\":\"Compositor\"}}},\"11\":{\"212\":{\"type\":\"skill\",\"enabled\":\"1\",\"fields\":{\"skill\":\"AE Compositing\"}},\"213\":{\"type\":\"skill\",\"enabled\":\"1\",\"fields\":{\"skill\":\"Tracking\"}},\"214\":{\"type\":\"skill\",\"enabled\":\"1\",\"fields\":{\"skill\":\"Green Screen\"}},\"215\":{\"type\":\"skill\",\"enabled\":\"1\",\"fields\":{\"skill\":\"Clean Up\"}},\"216\":{\"type\":\"skill\",\"enabled\":\"1\",\"fields\":{\"skill\":\"VFX\"}}},\"16\":{\"223\":{\"type\":\"row\",\"enabled\":\"1\",\"fields\":{\"gallery\":[\"218\",\"219\"]}},\"224\":{\"type\":\"row\",\"enabled\":\"1\",\"fields\":{\"gallery\":[\"220\",\"221\",\"222\"]}}},\"34\":\"#13b8fb\",\"35\":\"0.8\",\"4\":[\"217\"],\"7\":\"https:\\/\\/vimeo.com\\/191876455\"}}', '2017-12-03 04:30:02', '2017-12-03 04:30:02', '105d482f-0200-41ce-a6ec-07d5a65cab62'),
 ('139', '210', '3', '1', 'en_us', '14', '', '{\"typeId\":\"3\",\"authorId\":\"1\",\"title\":\"Prime Day 2016\",\"slug\":\"prime-day-2016\",\"postDate\":1512273480,\"expiryDate\":null,\"enabled\":1,\"parentId\":\"\",\"fields\":{\"29\":\"#13b8fb\",\"32\":\"0.8\",\"30\":\"#18334e\",\"12\":\"Amazon\",\"25\":\"#18334e\",\"21\":\"<p>July 12th marks Amazon\\u2019s 2nd Annual Prime Day, a global, mid-year shopping holiday for its Prime customers to receive online deals. The truly integrated campaign combines broadcast and print advertising along with digital, social media and a site takeover for markets all over the world including the following: Japan, Spain, France, the United Kingdom, Germany, Austria, the United States of America, and Canada.<\\/p>\",\"27\":\"#18334e\",\"23\":\"#18334e\",\"33\":\"#0788bc\",\"31\":[\"217\"],\"22\":\"<p><strong>Type:<\\/strong> Stop-motion\\/3D elements\\/Mixed Media<\\/p>\\r\\n<p><strong>Production Studio:<\\/strong> Hornet Inc.<\\/p>\\r\\n<p><strong>Agency:<\\/strong> Leo Burnett<\\/p>\\r\\n<p><strong>Director:<\\/strong> Peter Sluszka<\\/p>\\r\\n<p><strong>Lean more Visit site:<\\/strong> <a href=\\\"http:\\/\\/www.hornetinc.com\\/amazon-primeday\\\">www.hornetinc.com\\/amazon-prime...<\\/a><\\/p>\",\"28\":\"#18334e\",\"24\":\"#c89a74\",\"20\":\"Prime Day 2016 TV Spot: Everywhere\",\"26\":\"#c89a74\",\"10\":{\"211\":{\"type\":\"role\",\"enabled\":\"1\",\"fields\":{\"role\":\"Compositor\"}}},\"11\":{\"212\":{\"type\":\"skill\",\"enabled\":\"1\",\"fields\":{\"skill\":\"AE Compositing\"}},\"213\":{\"type\":\"skill\",\"enabled\":\"1\",\"fields\":{\"skill\":\"Tracking\"}},\"214\":{\"type\":\"skill\",\"enabled\":\"1\",\"fields\":{\"skill\":\"Green Screen\"}},\"215\":{\"type\":\"skill\",\"enabled\":\"1\",\"fields\":{\"skill\":\"Clean Up\"}},\"216\":{\"type\":\"skill\",\"enabled\":\"1\",\"fields\":{\"skill\":\"VFX\"}}},\"16\":{\"223\":{\"type\":\"row\",\"enabled\":\"1\",\"fields\":{\"gallery\":[\"218\",\"219\"]}},\"224\":{\"type\":\"row\",\"enabled\":\"1\",\"fields\":{\"gallery\":[\"220\",\"221\",\"222\"]}}},\"34\":\"#13b8fb\",\"35\":\"0.8\",\"4\":[\"217\"],\"7\":\"https:\\/\\/vimeo.com\\/191876455\"}}', '2017-12-03 04:31:04', '2017-12-03 04:31:04', 'a916e848-2de6-4cdb-b279-09bbd15aa2a6'),
 ('140', '210', '3', '1', 'en_us', '15', '', '{\"typeId\":\"3\",\"authorId\":\"1\",\"title\":\"Prime Day 2016\",\"slug\":\"prime-day-2016\",\"postDate\":1512273480,\"expiryDate\":null,\"enabled\":1,\"parentId\":\"\",\"fields\":{\"29\":\"#13b8fb\",\"32\":\"0.8\",\"30\":\"#18334e\",\"12\":\"Amazon\",\"25\":\"#18334e\",\"21\":\"<p>July 12th marks Amazon\\u2019s 2nd Annual Prime Day, a global, mid-year shopping holiday for its Prime customers to receive online deals. The truly integrated campaign combines broadcast and print advertising along with digital, social media and a site takeover for markets all over the world including the following: Japan, Spain, France, the United Kingdom, Germany, Austria, the United States of America, and Canada.<\\/p>\",\"27\":\"#18334e\",\"23\":\"#ffffff\",\"33\":\"#0788bc\",\"31\":[\"217\"],\"22\":\"<p><strong>Type:<\\/strong> Stop-motion\\/3D elements\\/Mixed Media<\\/p>\\r\\n<p><strong>Production Studio:<\\/strong> Hornet Inc.<\\/p>\\r\\n<p><strong>Agency:<\\/strong> Leo Burnett<\\/p>\\r\\n<p><strong>Director:<\\/strong> Peter Sluszka<\\/p>\\r\\n<p><strong>Lean more Visit site:<\\/strong> <a href=\\\"http:\\/\\/www.hornetinc.com\\/amazon-primeday\\\">www.hornetinc.com\\/amazon-prime...<\\/a><\\/p>\",\"28\":\"#18334e\",\"24\":\"#c89a74\",\"20\":\"Prime Day 2016 TV Spot: Everywhere\",\"26\":\"#c89a74\",\"10\":{\"211\":{\"type\":\"role\",\"enabled\":\"1\",\"fields\":{\"role\":\"Compositor\"}}},\"11\":{\"212\":{\"type\":\"skill\",\"enabled\":\"1\",\"fields\":{\"skill\":\"AE Compositing\"}},\"213\":{\"type\":\"skill\",\"enabled\":\"1\",\"fields\":{\"skill\":\"Tracking\"}},\"214\":{\"type\":\"skill\",\"enabled\":\"1\",\"fields\":{\"skill\":\"Green Screen\"}},\"215\":{\"type\":\"skill\",\"enabled\":\"1\",\"fields\":{\"skill\":\"Clean Up\"}},\"216\":{\"type\":\"skill\",\"enabled\":\"1\",\"fields\":{\"skill\":\"VFX\"}}},\"16\":{\"223\":{\"type\":\"row\",\"enabled\":\"1\",\"fields\":{\"gallery\":[\"218\",\"219\"]}},\"224\":{\"type\":\"row\",\"enabled\":\"1\",\"fields\":{\"gallery\":[\"220\",\"221\",\"222\"]}}},\"34\":\"#13b8fb\",\"35\":\"0.8\",\"4\":[\"217\"],\"7\":\"https:\\/\\/vimeo.com\\/191876455\"}}', '2017-12-03 04:31:26', '2017-12-03 04:31:26', '820b54ab-95a0-4c84-8927-abbcafcbe547'),
 ('141', '210', '3', '1', 'en_us', '16', '', '{\"typeId\":\"3\",\"authorId\":\"1\",\"title\":\"Prime Day 2016\",\"slug\":\"prime-day-2016\",\"postDate\":1512273480,\"expiryDate\":null,\"enabled\":1,\"parentId\":\"\",\"fields\":{\"29\":\"#13b8fb\",\"32\":\"0.8\",\"30\":\"#18334e\",\"12\":\"Amazon\",\"25\":\"#ffffff\",\"21\":\"<p>July 12th marks Amazon\\u2019s 2nd Annual Prime Day, a global, mid-year shopping holiday for its Prime customers to receive online deals. The truly integrated campaign combines broadcast and print advertising along with digital, social media and a site takeover for markets all over the world including the following: Japan, Spain, France, the United Kingdom, Germany, Austria, the United States of America, and Canada.<\\/p>\",\"27\":\"#18334e\",\"23\":\"#ffffff\",\"33\":\"#0788bc\",\"31\":[\"217\"],\"22\":\"<p><strong>Type:<\\/strong> Stop-motion\\/3D elements\\/Mixed Media<\\/p>\\r\\n<p><strong>Production Studio:<\\/strong> Hornet Inc.<\\/p>\\r\\n<p><strong>Agency:<\\/strong> Leo Burnett<\\/p>\\r\\n<p><strong>Director:<\\/strong> Peter Sluszka<\\/p>\\r\\n<p><strong>Lean more Visit site:<\\/strong> <a href=\\\"http:\\/\\/www.hornetinc.com\\/amazon-primeday\\\">www.hornetinc.com\\/amazon-prime...<\\/a><\\/p>\",\"28\":\"#18334e\",\"24\":\"#c89a74\",\"20\":\"Prime Day 2016 TV Spot: Everywhere\",\"26\":\"#c89a74\",\"10\":{\"211\":{\"type\":\"role\",\"enabled\":\"1\",\"fields\":{\"role\":\"Compositor\"}}},\"11\":{\"212\":{\"type\":\"skill\",\"enabled\":\"1\",\"fields\":{\"skill\":\"AE Compositing\"}},\"213\":{\"type\":\"skill\",\"enabled\":\"1\",\"fields\":{\"skill\":\"Tracking\"}},\"214\":{\"type\":\"skill\",\"enabled\":\"1\",\"fields\":{\"skill\":\"Green Screen\"}},\"215\":{\"type\":\"skill\",\"enabled\":\"1\",\"fields\":{\"skill\":\"Clean Up\"}},\"216\":{\"type\":\"skill\",\"enabled\":\"1\",\"fields\":{\"skill\":\"VFX\"}}},\"16\":{\"223\":{\"type\":\"row\",\"enabled\":\"1\",\"fields\":{\"gallery\":[\"218\",\"219\"]}},\"224\":{\"type\":\"row\",\"enabled\":\"1\",\"fields\":{\"gallery\":[\"220\",\"221\",\"222\"]}}},\"34\":\"#13b8fb\",\"35\":\"0.8\",\"4\":[\"217\"],\"7\":\"https:\\/\\/vimeo.com\\/191876455\"}}', '2017-12-03 04:31:44', '2017-12-03 04:31:44', '12457f47-ac98-429c-8d11-dd68a966233e'),
 ('142', '210', '3', '1', 'en_us', '17', '', '{\"typeId\":\"3\",\"authorId\":\"1\",\"title\":\"Prime Day 2016\",\"slug\":\"prime-day-2016\",\"postDate\":1512273480,\"expiryDate\":null,\"enabled\":1,\"parentId\":\"\",\"fields\":{\"29\":\"#13b8fb\",\"32\":\"0.8\",\"30\":\"#18334e\",\"12\":\"Amazon\",\"25\":\"#ffffff\",\"21\":\"<p>July 12th marks Amazon\\u2019s 2nd Annual Prime Day, a global, mid-year shopping holiday for its Prime customers to receive online deals. The truly integrated campaign combines broadcast and print advertising along with digital, social media and a site takeover for markets all over the world including the following: Japan, Spain, France, the United Kingdom, Germany, Austria, the United States of America, and Canada.<\\/p>\",\"27\":\"#18334e\",\"23\":\"#18334e\",\"33\":\"#0788bc\",\"31\":[\"217\"],\"22\":\"<p><strong>Type:<\\/strong> Stop-motion\\/3D elements\\/Mixed Media<\\/p>\\r\\n<p><strong>Production Studio:<\\/strong> Hornet Inc.<\\/p>\\r\\n<p><strong>Agency:<\\/strong> Leo Burnett<\\/p>\\r\\n<p><strong>Director:<\\/strong> Peter Sluszka<\\/p>\\r\\n<p><strong>Lean more Visit site:<\\/strong> <a href=\\\"http:\\/\\/www.hornetinc.com\\/amazon-primeday\\\">www.hornetinc.com\\/amazon-prime...<\\/a><\\/p>\",\"28\":\"#18334e\",\"24\":\"#c89a74\",\"20\":\"Prime Day 2016 TV Spot: Everywhere\",\"26\":\"#c89a74\",\"10\":{\"211\":{\"type\":\"role\",\"enabled\":\"1\",\"fields\":{\"role\":\"Compositor\"}}},\"11\":{\"212\":{\"type\":\"skill\",\"enabled\":\"1\",\"fields\":{\"skill\":\"AE Compositing\"}},\"213\":{\"type\":\"skill\",\"enabled\":\"1\",\"fields\":{\"skill\":\"Tracking\"}},\"214\":{\"type\":\"skill\",\"enabled\":\"1\",\"fields\":{\"skill\":\"Green Screen\"}},\"215\":{\"type\":\"skill\",\"enabled\":\"1\",\"fields\":{\"skill\":\"Clean Up\"}},\"216\":{\"type\":\"skill\",\"enabled\":\"1\",\"fields\":{\"skill\":\"VFX\"}}},\"16\":{\"223\":{\"type\":\"row\",\"enabled\":\"1\",\"fields\":{\"gallery\":[\"218\",\"219\"]}},\"224\":{\"type\":\"row\",\"enabled\":\"1\",\"fields\":{\"gallery\":[\"220\",\"221\",\"222\"]}}},\"34\":\"#13b8fb\",\"35\":\"0.8\",\"4\":[\"217\"],\"7\":\"https:\\/\\/vimeo.com\\/191876455\"}}', '2017-12-03 04:31:59', '2017-12-03 04:31:59', 'd7e8cd2f-86bc-478d-9012-b70a63b799ff'),
 ('143', '210', '3', '1', 'en_us', '18', '', '{\"typeId\":\"3\",\"authorId\":\"1\",\"title\":\"Prime Day 2016\",\"slug\":\"prime-day-2016\",\"postDate\":1512273480,\"expiryDate\":null,\"enabled\":1,\"parentId\":\"\",\"fields\":{\"29\":\"#13b8fb\",\"32\":\"0.8\",\"30\":\"#c89a74\",\"12\":\"Amazon\",\"25\":\"#ffffff\",\"21\":\"<p>July 12th marks Amazon\\u2019s 2nd Annual Prime Day, a global, mid-year shopping holiday for its Prime customers to receive online deals. The truly integrated campaign combines broadcast and print advertising along with digital, social media and a site takeover for markets all over the world including the following: Japan, Spain, France, the United Kingdom, Germany, Austria, the United States of America, and Canada.<\\/p>\",\"27\":\"#18334e\",\"23\":\"#18334e\",\"33\":\"#0788bc\",\"31\":[\"217\"],\"22\":\"<p><strong>Type:<\\/strong> Stop-motion\\/3D elements\\/Mixed Media<\\/p>\\r\\n<p><strong>Production Studio:<\\/strong> Hornet Inc.<\\/p>\\r\\n<p><strong>Agency:<\\/strong> Leo Burnett<\\/p>\\r\\n<p><strong>Director:<\\/strong> Peter Sluszka<\\/p>\\r\\n<p><strong>Lean more Visit site:<\\/strong> <a href=\\\"http:\\/\\/www.hornetinc.com\\/amazon-primeday\\\">www.hornetinc.com\\/amazon-prime...<\\/a><\\/p>\",\"28\":\"#18334e\",\"24\":\"#c89a74\",\"20\":\"Prime Day 2016 TV Spot: Everywhere\",\"26\":\"#c89a74\",\"10\":{\"211\":{\"type\":\"role\",\"enabled\":\"1\",\"fields\":{\"role\":\"Compositor\"}}},\"11\":{\"212\":{\"type\":\"skill\",\"enabled\":\"1\",\"fields\":{\"skill\":\"AE Compositing\"}},\"213\":{\"type\":\"skill\",\"enabled\":\"1\",\"fields\":{\"skill\":\"Tracking\"}},\"214\":{\"type\":\"skill\",\"enabled\":\"1\",\"fields\":{\"skill\":\"Green Screen\"}},\"215\":{\"type\":\"skill\",\"enabled\":\"1\",\"fields\":{\"skill\":\"Clean Up\"}},\"216\":{\"type\":\"skill\",\"enabled\":\"1\",\"fields\":{\"skill\":\"VFX\"}}},\"16\":{\"223\":{\"type\":\"row\",\"enabled\":\"1\",\"fields\":{\"gallery\":[\"218\",\"219\"]}},\"224\":{\"type\":\"row\",\"enabled\":\"1\",\"fields\":{\"gallery\":[\"220\",\"221\",\"222\"]}}},\"34\":\"#13b8fb\",\"35\":\"0.8\",\"4\":[\"217\"],\"7\":\"https:\\/\\/vimeo.com\\/191876455\"}}', '2017-12-03 04:32:37', '2017-12-03 04:32:37', 'a0ff8542-dd42-4f48-bf33-9d948809b9c1'),
 ('144', '210', '3', '1', 'en_us', '19', '', '{\"typeId\":\"3\",\"authorId\":\"1\",\"title\":\"Prime Day 2016\",\"slug\":\"prime-day-2016\",\"postDate\":1512273480,\"expiryDate\":null,\"enabled\":1,\"parentId\":\"\",\"fields\":{\"29\":\"#13b8fb\",\"32\":\"0.8\",\"30\":\"#18334e\",\"12\":\"Amazon\",\"25\":\"#ffffff\",\"21\":\"<p>July 12th marks Amazon\\u2019s 2nd Annual Prime Day, a global, mid-year shopping holiday for its Prime customers to receive online deals. The truly integrated campaign combines broadcast and print advertising along with digital, social media and a site takeover for markets all over the world including the following: Japan, Spain, France, the United Kingdom, Germany, Austria, the United States of America, and Canada.<\\/p>\",\"27\":\"#18334e\",\"23\":\"#18334e\",\"33\":\"#0788bc\",\"31\":[\"217\"],\"22\":\"<p><strong>Type:<\\/strong> Stop-motion\\/3D elements\\/Mixed Media<\\/p>\\r\\n<p><strong>Production Studio:<\\/strong> Hornet Inc.<\\/p>\\r\\n<p><strong>Agency:<\\/strong> Leo Burnett<\\/p>\\r\\n<p><strong>Director:<\\/strong> Peter Sluszka<\\/p>\\r\\n<p><strong>Lean more Visit site:<\\/strong> <a href=\\\"http:\\/\\/www.hornetinc.com\\/amazon-primeday\\\">www.hornetinc.com\\/amazon-prime...<\\/a><\\/p>\",\"28\":\"#18334e\",\"24\":\"#c89a74\",\"20\":\"Prime Day 2016 TV Spot: Everywhere\",\"26\":\"#c89a74\",\"10\":{\"211\":{\"type\":\"role\",\"enabled\":\"1\",\"fields\":{\"role\":\"Compositor\"}}},\"11\":{\"212\":{\"type\":\"skill\",\"enabled\":\"1\",\"fields\":{\"skill\":\"AE Compositing\"}},\"213\":{\"type\":\"skill\",\"enabled\":\"1\",\"fields\":{\"skill\":\"Tracking\"}},\"214\":{\"type\":\"skill\",\"enabled\":\"1\",\"fields\":{\"skill\":\"Green Screen\"}},\"215\":{\"type\":\"skill\",\"enabled\":\"1\",\"fields\":{\"skill\":\"Clean Up\"}},\"216\":{\"type\":\"skill\",\"enabled\":\"1\",\"fields\":{\"skill\":\"VFX\"}}},\"16\":{\"223\":{\"type\":\"row\",\"enabled\":\"1\",\"fields\":{\"gallery\":[\"218\",\"219\"]}},\"224\":{\"type\":\"row\",\"enabled\":\"1\",\"fields\":{\"gallery\":[\"220\",\"221\",\"222\"]}}},\"34\":\"#13b8fb\",\"35\":\"0.8\",\"4\":[\"217\"],\"7\":\"https:\\/\\/vimeo.com\\/191876455\"}}', '2017-12-03 04:39:20', '2017-12-03 04:39:20', 'b1b4246d-66d5-40fe-a3eb-3047e5468584'),
 ('145', '210', '3', '1', 'en_us', '20', '', '{\"typeId\":\"3\",\"authorId\":\"1\",\"title\":\"Prime Day 2016\",\"slug\":\"prime-day-2016\",\"postDate\":1512273480,\"expiryDate\":null,\"enabled\":1,\"parentId\":\"\",\"fields\":{\"29\":\"#13b8fb\",\"32\":\"0.8\",\"30\":\"#18334e\",\"12\":\"Amazon\",\"25\":\"#ffffff\",\"21\":\"<p>July 12th marks Amazon\\u2019s 2nd Annual Prime Day, a global, mid-year shopping holiday for its Prime customers to receive online deals. The truly integrated campaign combines broadcast and print advertising along with digital, social media and a site takeover for markets all over the world including the following: Japan, Spain, France, the United Kingdom, Germany, Austria, the United States of America, and Canada.<\\/p>\",\"27\":\"#18334e\",\"23\":\"#18334e\",\"33\":\"#0788bc\",\"31\":[\"217\"],\"22\":\"<p><strong>Type:<\\/strong> Stop-motion\\/3D elements\\/Mixed Media<\\/p>\\r\\n<p><strong>Production Studio:<\\/strong> Hornet Inc.<\\/p>\\r\\n<p><strong>Agency:<\\/strong> Leo Burnett<\\/p>\\r\\n<p><strong>Director:<\\/strong> Peter Sluszka<\\/p>\\r\\n<p><strong>Lean more Visit site:<\\/strong> <a href=\\\"http:\\/\\/www.hornetinc.com\\/amazon-primeday\\\">www.hornetinc.com\\/amazon-prime...<\\/a><\\/p>\",\"28\":\"#18334e\",\"24\":\"#c89a74\",\"20\":\"Prime Day 2016 TV Spot: Everywhere\",\"26\":\"#c89a74\",\"10\":{\"211\":{\"type\":\"role\",\"enabled\":\"1\",\"fields\":{\"role\":\"Compositor\"}}},\"11\":{\"212\":{\"type\":\"skill\",\"enabled\":\"1\",\"fields\":{\"skill\":\"AE Compositing\"}},\"213\":{\"type\":\"skill\",\"enabled\":\"1\",\"fields\":{\"skill\":\"Tracking\"}},\"214\":{\"type\":\"skill\",\"enabled\":\"1\",\"fields\":{\"skill\":\"Green Screen\"}},\"215\":{\"type\":\"skill\",\"enabled\":\"1\",\"fields\":{\"skill\":\"Clean Up\"}},\"216\":{\"type\":\"skill\",\"enabled\":\"1\",\"fields\":{\"skill\":\"VFX\"}}},\"16\":{\"223\":{\"type\":\"row\",\"enabled\":\"1\",\"fields\":{\"gallery\":[\"218\",\"219\"]}},\"224\":{\"type\":\"row\",\"enabled\":\"1\",\"fields\":{\"gallery\":[\"222\",\"221\",\"220\"]}}},\"34\":\"#13b8fb\",\"35\":\"0.8\",\"4\":[\"217\"],\"7\":\"https:\\/\\/vimeo.com\\/191876455\"}}', '2017-12-03 04:43:09', '2017-12-03 04:43:09', '502cf3aa-9280-4ede-9b6d-5d16cf92cf38'),
 ('146', '176', '4', '1', 'en_us', '8', '', '{\"typeId\":\"6\",\"authorId\":\"1\",\"title\":\"Heavy, Light, and I\",\"slug\":\"heavy-light-and-i\",\"postDate\":1471980780,\"expiryDate\":null,\"enabled\":0,\"parentId\":\"\",\"fields\":{\"8\":\"#eae6e3\",\"9\":\"#393939\",\"15\":[\"182\"],\"6\":\"<p>Lorem Ipsum is simply dummy text of the printing and typesetting industry. Lorem Ipsum has been the industry\'s standard dummy text ever since the 1500s, when an unknown printer took a galley of type and scrambled it to make a type specimen book.<\\/p>\",\"5\":[\"138\"],\"4\":[\"101\"],\"7\":\"\"}}', '2018-01-12 02:40:54', '2018-01-12 02:40:54', 'f8bcc9e6-513c-4910-8217-d7318659a54f'),
 ('147', '176', '4', '1', 'en_us', '9', '', '{\"typeId\":\"6\",\"authorId\":\"1\",\"title\":\"Heavy, Light, and I\",\"slug\":\"heavy-light-and-i\",\"postDate\":1471980780,\"expiryDate\":null,\"enabled\":0,\"parentId\":\"\",\"fields\":{\"8\":\"#eae6e3\",\"9\":\"#393939\",\"15\":[\"182\"],\"6\":\"<p>Lorem Ipsum is simply dummy text of the printing and typesetting industry. Lorem Ipsum has been the industry\'s standard dummy text ever since the 1500s, when an unknown printer took a galley of type and scrambled it to make a type specimen book.<\\/p>\",\"5\":[\"138\"],\"4\":[\"101\"],\"7\":\"\"}}', '2018-01-12 02:41:36', '2018-01-12 02:41:36', 'c6b60587-c782-4b3b-99e4-e99bd6b94730'),
 ('148', '176', '4', '1', 'en_us', '10', '', '{\"typeId\":\"6\",\"authorId\":\"1\",\"title\":\"Heavy, Light, and I\",\"slug\":\"heavy-light-and-i\",\"postDate\":1471980780,\"expiryDate\":null,\"enabled\":1,\"parentId\":\"\",\"fields\":{\"8\":\"#eae6e3\",\"9\":\"#393939\",\"15\":[\"182\"],\"6\":\"<p>Lorem Ipsum is simply dummy text of the printing and typesetting industry. Lorem Ipsum has been the industry\'s standard dummy text ever since the 1500s, when an unknown printer took a galley of type and scrambled it to make a type specimen book.<\\/p>\",\"5\":[\"138\"],\"4\":[\"101\"],\"7\":\"\"}}', '2018-01-12 02:42:19', '2018-01-12 02:42:19', 'c1acef0c-c7b9-4913-ab6e-102122eb969e'),
 ('149', '176', '4', '1', 'en_us', '11', '', '{\"typeId\":\"6\",\"authorId\":\"1\",\"title\":\"Heavy, Light, and I\",\"slug\":\"heavy-light-and-i\",\"postDate\":1471980780,\"expiryDate\":null,\"enabled\":0,\"parentId\":\"\",\"fields\":{\"8\":\"#eae6e3\",\"9\":\"#393939\",\"15\":[\"182\"],\"6\":\"<p>Lorem Ipsum is simply dummy text of the printing and typesetting industry. Lorem Ipsum has been the industry\'s standard dummy text ever since the 1500s, when an unknown printer took a galley of type and scrambled it to make a type specimen book.<\\/p>\",\"5\":[\"138\"],\"4\":[\"101\"],\"7\":\"\"}}', '2018-01-12 02:42:26', '2018-01-12 02:42:26', '65e69fbc-de40-4387-8038-470e0d943a71'),
 ('150', '176', '4', '1', 'en_us', '12', '', '{\"typeId\":\"6\",\"authorId\":\"1\",\"title\":\"Heavy, Light, and I\",\"slug\":\"heavy-light-and-i\",\"postDate\":1471980780,\"expiryDate\":null,\"enabled\":1,\"parentId\":\"\",\"fields\":{\"8\":\"#eae6e3\",\"9\":\"#393939\",\"15\":[\"182\"],\"6\":\"<p>Lorem Ipsum is simply dummy text of the printing and typesetting industry. Lorem Ipsum has been the industry\'s standard dummy text ever since the 1500s, when an unknown printer took a galley of type and scrambled it to make a type specimen book.<\\/p>\",\"5\":[\"138\"],\"4\":[\"101\"],\"7\":\"\"}}', '2018-01-12 02:42:43', '2018-01-12 02:42:43', 'd5371b45-ce98-4354-bc09-e2f231ccdf3c'),
 ('156', '176', '4', '1', 'en_us', '13', '', '{\"typeId\":\"10\",\"authorId\":\"1\",\"title\":\"Heavy, Light, and I\",\"slug\":\"heavy-light-and-i\",\"postDate\":1471980780,\"expiryDate\":null,\"enabled\":1,\"parentId\":\"\",\"fields\":{\"8\":\"#eae6e3\",\"9\":\"#393939\",\"15\":[\"182\"],\"6\":\"<p>Lorem Ipsum is simply dummy text of the printing and typesetting industry. Lorem Ipsum has been the industry\'s standard dummy text ever since the 1500s, when an unknown printer took a galley of type and scrambled it to make a type specimen book.<\\/p>\",\"5\":[\"138\"],\"4\":[\"101\"]}}', '2018-01-20 04:52:35', '2018-01-20 04:52:35', 'fdbda5dc-4df6-43e2-bd22-f25b442dbdd9'),
 ('157', '177', '4', '1', 'en_us', '6', '', '{\"typeId\":\"10\",\"authorId\":\"1\",\"title\":\"Map to SVA\",\"slug\":\"map-to-sva\",\"postDate\":1471981260,\"expiryDate\":null,\"enabled\":1,\"parentId\":\"\",\"fields\":{\"8\":\"#8da101\",\"9\":\"#8d1804\",\"15\":[\"182\"],\"6\":\"<p>Lorem Ipsum is simply dummy text of the printing and typesetting industry. Lorem Ipsum has been the industry\'s standard dummy text ever since the 1500s, when an unknown printer took a galley of type and scrambled it to make a type specimen book.<\\/p>\",\"5\":[\"145\"],\"4\":[\"103\"]}}', '2018-01-20 04:53:57', '2018-01-20 04:53:57', 'bdf45ebe-4d73-4acc-8929-56d43f116259'),
 ('158', '177', '4', '1', 'en_us', '7', '', '{\"typeId\":\"10\",\"authorId\":\"1\",\"title\":\"Map to SVA\",\"slug\":\"map-to-sva\",\"postDate\":1471981260,\"expiryDate\":null,\"enabled\":1,\"parentId\":\"\",\"fields\":{\"8\":\"#8da101\",\"9\":\"#8d1804\",\"15\":[\"182\"],\"6\":\"<p>Lorem Ipsum is simply dummy text of the printing and typesetting industry. Lorem Ipsum has been the industry\'s standard dummy text ever since the 1500s, when an unknown printer took a galley of type and scrambled it to make a type specimen book.<\\/p>\",\"5\":[\"145\"],\"4\":[\"103\"]}}', '2018-01-20 04:59:18', '2018-01-20 04:59:18', '7f97fb03-a553-4fe4-9ef3-9050b09b3427'),
 ('159', '178', '4', '1', 'en_us', '5', '', '{\"typeId\":\"10\",\"authorId\":\"1\",\"title\":\"Purity\",\"slug\":\"purity\",\"postDate\":1471981320,\"expiryDate\":null,\"enabled\":1,\"parentId\":\"\",\"fields\":{\"8\":\"#ac1e12\",\"9\":\"#d1b792\",\"15\":[\"182\"],\"6\":\"<p>Lorem Ipsum is simply dummy text of the printing and typesetting industry. Lorem Ipsum has been the industry\'s standard dummy text ever since the 1500s, when an unknown printer took a galley of type and scrambled it to make a type specimen book.<\\/p>\",\"5\":[\"146\"],\"4\":[\"104\"]}}', '2018-01-20 04:59:26', '2018-01-20 04:59:26', '9b831abe-6840-4091-b481-2883e63ee3e7'),
 ('160', '179', '4', '1', 'en_us', '5', '', '{\"typeId\":\"10\",\"authorId\":\"1\",\"title\":\"Jack and Jill\",\"slug\":\"jack-and-jill\",\"postDate\":1471981380,\"expiryDate\":null,\"enabled\":1,\"parentId\":\"\",\"fields\":{\"8\":\"#2a2e1f\",\"9\":\"#e1c596\",\"15\":[\"183\"],\"6\":\"<p>Lorem Ipsum is simply dummy text of the printing and typesetting industry. Lorem Ipsum has been the industry\'s standard dummy text ever since the 1500s, when an unknown printer took a galley of type and scrambled it to make a type specimen book.<\\/p>\",\"5\":[\"139\",\"140\",\"141\",\"142\",\"143\",\"144\"],\"4\":[\"102\"]}}', '2018-01-20 04:59:34', '2018-01-20 04:59:34', 'bbddca44-38c0-4090-b358-bf84a64c77c1'),
 ('161', '180', '4', '1', 'en_us', '5', '', '{\"typeId\":\"9\",\"authorId\":\"1\",\"title\":\"Musical Oranges\",\"slug\":\"musical-oranges\",\"postDate\":1471981440,\"expiryDate\":null,\"enabled\":1,\"parentId\":\"\",\"fields\":{\"8\":\"#fcb13a\",\"9\":\"#15141d\",\"15\":[\"184\"],\"6\":\"<p>Lorem Ipsum is simply dummy text of the printing and typesetting industry. Lorem Ipsum has been the industry\'s standard dummy text ever since the 1500s, when an unknown printer took a galley of type and scrambled it to make a type specimen book.<\\/p>\",\"4\":[\"110\"],\"7\":\"https:\\/\\/vimeo.com\\/39172872\"}}', '2018-01-20 04:59:45', '2018-01-20 04:59:45', 'eadcba02-110e-4315-8bf7-5b234e852f5a'),
 ('162', '186', '4', '1', 'en_us', '4', '', '{\"typeId\":\"10\",\"authorId\":\"1\",\"title\":\"Red\",\"slug\":\"red\",\"postDate\":1471982220,\"expiryDate\":null,\"enabled\":1,\"parentId\":\"\",\"fields\":{\"8\":\"#929292\",\"9\":\"#5b0e0e\",\"15\":[\"182\"],\"6\":\"<p>Lorem Ipsum is simply dummy text of the printing and typesetting industry. Lorem Ipsum has been the industry\'s standard dummy text ever since the 1500s, when an unknown printer took a galley of type and scrambled it to make a type specimen book.<\\/p>\",\"5\":[\"147\"],\"4\":[\"107\"]}}', '2018-01-20 04:59:54', '2018-01-20 04:59:54', '72e76890-1c00-4b6b-9083-3873e773201b'),
 ('163', '187', '4', '1', 'en_us', '3', '', '{\"typeId\":\"10\",\"authorId\":\"1\",\"title\":\"Time\",\"slug\":\"time\",\"postDate\":1471982280,\"expiryDate\":null,\"enabled\":1,\"parentId\":\"\",\"fields\":{\"8\":\"#070707\",\"9\":\"#eca400\",\"15\":[\"182\"],\"6\":\"<p>Lorem Ipsum is simply dummy text of the printing and typesetting industry. Lorem Ipsum has been the industry\'s standard dummy text ever since the 1500s, when an unknown printer took a galley of type and scrambled it to make a type specimen book.<\\/p>\",\"5\":[\"149\"],\"4\":[\"109\"]}}', '2018-01-20 05:00:13', '2018-01-20 05:00:13', '434e56e5-a5a5-41fd-8504-172d2260b26d'),
 ('164', '188', '4', '1', 'en_us', '3', '', '{\"typeId\":\"10\",\"authorId\":\"1\",\"title\":\"Self Tree\",\"slug\":\"self-tree\",\"postDate\":1471982340,\"expiryDate\":null,\"enabled\":1,\"parentId\":\"\",\"fields\":{\"8\":\"#19473d\",\"9\":\"#93580b\",\"15\":[\"182\"],\"6\":\"<p>Lorem Ipsum is simply dummy text of the printing and typesetting industry. Lorem Ipsum has been the industry\'s standard dummy text ever since the 1500s, when an unknown printer took a galley of type and scrambled it to make a type specimen book.<\\/p>\",\"5\":[\"148\"],\"4\":[\"108\"]}}', '2018-01-20 05:31:04', '2018-01-20 05:31:04', '8796e080-5d4a-4a99-b750-65b74169fba5'),
 ('165', '189', '4', '1', 'en_us', '3', '', '{\"typeId\":\"10\",\"authorId\":\"1\",\"title\":\"Head\",\"slug\":\"head\",\"postDate\":1471982340,\"expiryDate\":null,\"enabled\":1,\"parentId\":\"\",\"fields\":{\"8\":\"#1a100e\",\"9\":\"#805c33\",\"15\":[\"183\"],\"6\":\"<p>Lorem Ipsum is simply dummy text of the printing and typesetting industry. Lorem Ipsum has been the industry\'s standard dummy text ever since the 1500s, when an unknown printer took a galley of type and scrambled it to make a type specimen book.<\\/p>\",\"5\":[\"135\",\"136\",\"137\"],\"4\":[\"106\"]}}', '2018-01-20 05:31:14', '2018-01-20 05:31:14', '9965133b-318a-43b9-a9af-1bcc35cbc41e'),
 ('166', '190', '4', '1', 'en_us', '3', '', '{\"typeId\":\"10\",\"authorId\":\"1\",\"title\":\"Birth To Die\",\"slug\":\"birth-to-die\",\"postDate\":1471982460,\"expiryDate\":null,\"enabled\":1,\"parentId\":\"\",\"fields\":{\"8\":\"#b36561\",\"9\":\"#d3d9d3\",\"15\":[\"183\"],\"6\":\"<p>Lorem Ipsum is simply dummy text of the printing and typesetting industry. Lorem Ipsum has been the industry\'s standard dummy text ever since the 1500s, when an unknown printer took a galley of type and scrambled it to make a type specimen book.<\\/p>\",\"5\":[\"134\"],\"4\":[\"105\"]}}', '2018-01-20 05:31:21', '2018-01-20 05:31:21', '2d5575ea-b625-4d9d-81cd-adbb9e212868'),
 ('167', '177', '4', '1', 'en_us', '8', '', '{\"typeId\":\"10\",\"authorId\":\"1\",\"title\":\"Map to SVA\",\"slug\":\"map-to-sva\",\"postDate\":1471981260,\"expiryDate\":null,\"enabled\":1,\"parentId\":\"\",\"fields\":{\"8\":\"#8da101\",\"9\":\"#8d1804\",\"15\":[\"182\"],\"6\":\"<p>Lorem Ipsum is simply dummy text of the printing and typesetting industry. Lorem Ipsum has been the industry\'s standard dummy text ever since the 1500s, when an unknown printer took a galley of type and scrambled it to make a type specimen book.<\\/p>\",\"5\":[\"145\"],\"4\":[\"229\"]}}', '2018-01-26 21:22:25', '2018-01-26 21:22:25', '3691a8ae-d26d-4f3c-8c86-648f1a99f647'),
 ('168', '177', '4', '1', 'en_us', '9', '', '{\"typeId\":\"10\",\"authorId\":\"1\",\"title\":\"Map to SVA\",\"slug\":\"map-to-sva\",\"postDate\":1471981260,\"expiryDate\":null,\"enabled\":1,\"parentId\":\"\",\"fields\":{\"8\":\"#8da101\",\"9\":\"#8d1804\",\"15\":[\"182\"],\"6\":\"<p>Lorem Ipsum is simply dummy text of the printing and typesetting industry. Lorem Ipsum has been the industry\'s standard dummy text ever since the 1500s, when an unknown printer took a galley of type and scrambled it to make a type specimen book.<\\/p>\",\"5\":[\"145\"],\"4\":[\"229\"]}}', '2018-01-26 21:24:27', '2018-01-26 21:24:27', '9de0939b-f7c0-4bad-9ca0-1213e97baab8'),
 ('169', '177', '4', '1', 'en_us', '10', '', '{\"typeId\":\"10\",\"authorId\":\"1\",\"title\":\"Map to SVA\",\"slug\":\"map-to-sva\",\"postDate\":1471981260,\"expiryDate\":null,\"enabled\":1,\"parentId\":\"\",\"fields\":{\"8\":\"#8da101\",\"9\":\"#8d1804\",\"15\":[\"182\"],\"6\":\"<p>Paper cut, Collage, Cotton thread, dotted line in pencil,<\\/p><p>2013<\\/p>\",\"5\":[\"231\"],\"4\":[\"229\"]}}', '2018-01-26 21:40:17', '2018-01-26 21:40:17', '1e407f2a-3e93-4c33-89cb-4d92037882cc'),
 ('170', '177', '4', '1', 'en_us', '11', '', '{\"typeId\":\"10\",\"authorId\":\"1\",\"title\":\"Map to SVA\",\"slug\":\"map-to-sva\",\"postDate\":1471981260,\"expiryDate\":null,\"enabled\":1,\"parentId\":\"\",\"fields\":{\"8\":\"#8da101\",\"9\":\"#8d1804\",\"15\":[\"182\"],\"6\":\"<p>Collage<\\/p><p>Paper cut,&nbsp;Cotton thread, dotted line in pencil.<\\/p>\\r\\n<p>2013<\\/p>\",\"5\":[\"231\"],\"4\":[\"229\"]}}', '2018-01-26 21:40:51', '2018-01-26 21:40:51', '282d0d54-c630-4637-b914-a17b2c724e42'),
 ('171', '177', '4', '1', 'en_us', '12', '', '{\"typeId\":\"10\",\"authorId\":\"1\",\"title\":\"Map to SVA\",\"slug\":\"map-to-sva\",\"postDate\":1471981260,\"expiryDate\":null,\"enabled\":1,\"parentId\":\"\",\"fields\":{\"8\":\"#8da101\",\"9\":\"#8d1804\",\"15\":[\"182\"],\"6\":\"<p>Collage<\\/p>\\r\\n<p>Paper cut, cotton thread, dotted line in pencil.<\\/p>\\r\\n<p>2013<\\/p>\",\"5\":[\"231\"],\"4\":[\"229\"]}}', '2018-01-26 21:41:35', '2018-01-26 21:41:35', '1d319fef-edd5-43c4-b18b-54e8de0b029b'),
 ('172', '177', '4', '1', 'en_us', '13', '', '{\"typeId\":\"10\",\"authorId\":\"1\",\"title\":\"Map to SVA\",\"slug\":\"map-to-sva\",\"postDate\":1471981260,\"expiryDate\":null,\"enabled\":1,\"parentId\":\"\",\"fields\":{\"8\":\"#8da101\",\"9\":\"396880\",\"15\":[\"182\"],\"6\":\"<p>Collage<\\/p>\\r\\n<p>Paper cut, cotton thread, dotted line in pencil.<\\/p>\\r\\n<p>2013<\\/p>\",\"5\":[\"231\"],\"4\":[\"229\"]}}', '2018-01-26 21:43:25', '2018-01-26 21:43:25', '03b95ef1-da01-4f17-8c55-9f13ffa5cdae'),
 ('173', '177', '4', '1', 'en_us', '14', '', '{\"typeId\":\"10\",\"authorId\":\"1\",\"title\":\"Map to SVA\",\"slug\":\"map-to-sva\",\"postDate\":1471981260,\"expiryDate\":null,\"enabled\":1,\"parentId\":\"\",\"fields\":{\"8\":\"#8da101\",\"9\":\"#11222b\",\"15\":[\"182\"],\"6\":\"<p>Collage<\\/p>\\r\\n<p>Paper cut, cotton thread, dotted line in pencil.<\\/p>\\r\\n<p>2013<\\/p>\",\"5\":[\"231\"],\"4\":[\"229\"]}}', '2018-01-26 21:43:52', '2018-01-26 21:43:52', 'cb1f18fb-b462-4812-b0f0-1878e2f60890'),
 ('174', '177', '4', '1', 'en_us', '15', '', '{\"typeId\":\"10\",\"authorId\":\"1\",\"title\":\"Map to SVA\",\"slug\":\"map-to-sva\",\"postDate\":1471981260,\"expiryDate\":null,\"enabled\":1,\"parentId\":\"\",\"fields\":{\"8\":\"#8da101\",\"9\":\"#162630\",\"15\":[\"182\"],\"6\":\"<p>Collage<\\/p>\\r\\n<p>Paper cut, cotton thread, dotted line in pencil.<\\/p>\\r\\n<p>2013<\\/p>\",\"5\":[\"231\"],\"4\":[\"229\"]}}', '2018-01-26 21:44:31', '2018-01-26 21:44:31', '02835107-5dbd-43ed-80d6-d745de7b455a'),
 ('175', '176', '4', '1', 'en_us', '14', '', '{\"typeId\":\"10\",\"authorId\":\"1\",\"title\":\"Light, Heavy and I\",\"slug\":\"heavy-light-and-i\",\"postDate\":1471980780,\"expiryDate\":null,\"enabled\":1,\"parentId\":\"\",\"fields\":{\"8\":\"#eae6e3\",\"9\":\"#393939\",\"15\":[\"182\"],\"6\":\"<p>Lorem Ipsum is simply dummy text of the printing and typesetting industry. Lorem Ipsum has been the industry\'s standard dummy text ever since the 1500s, when an unknown printer took a galley of type and scrambled it to make a type specimen book.<\\/p>\",\"5\":[\"138\"],\"4\":[\"232\"]}}', '2018-01-26 21:53:40', '2018-01-26 21:53:40', '2890896c-f9c0-4905-b90a-ef742325c5d4'),
 ('176', '176', '4', '1', 'en_us', '15', '', '{\"typeId\":\"10\",\"authorId\":\"1\",\"title\":\"Light, Heavy and I\",\"slug\":\"heavy-light-and-i\",\"postDate\":1471980780,\"expiryDate\":null,\"enabled\":1,\"parentId\":\"\",\"fields\":{\"8\":\"#eae6e3\",\"9\":\"#393939\",\"15\":[\"182\"],\"6\":\"<p>Paper, feather, cotton thread, stone, text.<\\/p>\\r\\n<p>2013<\\/p>\",\"5\":[\"138\"],\"4\":[\"232\"]}}', '2018-01-26 21:58:00', '2018-01-26 21:58:00', '221903ba-e5ac-4bfb-92f5-5e595a97660d'),
 ('177', '177', '4', '1', 'en_us', '16', '', '{\"typeId\":\"10\",\"authorId\":\"1\",\"title\":\"Map to SVA\",\"slug\":\"map-to-sva\",\"postDate\":1471981260,\"expiryDate\":null,\"enabled\":1,\"parentId\":\"\",\"fields\":{\"8\":\"#8da101\",\"9\":\"#162630\",\"15\":[\"182\"],\"6\":\"<p>Collage<\\/p>\\r\\n<p>Paper cut, cotton thread,&nbsp;pencil drawing dotted line.<\\/p>\\r\\n<p>2013<\\/p>\",\"5\":[\"231\"],\"4\":[\"229\"]}}', '2018-01-26 22:01:40', '2018-01-26 22:01:40', 'ccf81402-1b08-42ef-b3f7-968fc3027f41'),
 ('178', '177', '4', '1', 'en_us', '17', '', '{\"typeId\":\"10\",\"authorId\":\"1\",\"title\":\"Map to SVA\",\"slug\":\"map-to-sva\",\"postDate\":1471981260,\"expiryDate\":null,\"enabled\":1,\"parentId\":\"\",\"fields\":{\"8\":\"#8da101\",\"9\":\"#162630\",\"15\":[\"182\"],\"6\":\"<p>Collage<\\/p>\\r\\n<p>Paper cut, airplane ticket stub<span class=\\\"s1\\\">\\uff0c<\\/span>cotton thread, pencil drawing dotted line.<\\/p>\\r\\n<p>2013<\\/p>\",\"5\":[\"231\"],\"4\":[\"229\"]}}', '2018-01-26 22:05:21', '2018-01-26 22:05:21', '34808a13-cf6e-4a91-a348-3410f5e555c9'),
 ('179', '177', '4', '1', 'en_us', '18', '', '{\"typeId\":\"10\",\"authorId\":\"1\",\"title\":\"Map to SVA\",\"slug\":\"map-to-sva\",\"postDate\":1471981260,\"expiryDate\":null,\"enabled\":1,\"parentId\":\"\",\"fields\":{\"8\":\"#8da101\",\"9\":\"#162630\",\"15\":[\"182\"],\"6\":\"<p>Collage<\\/p>\\r\\n<p>Paper cut, airplane ticket stub, cotton thread, pencil drawing dotted line.<\\/p>\\r\\n<p>2013<\\/p>\",\"5\":[\"231\"],\"4\":[\"229\"]}}', '2018-01-26 22:05:51', '2018-01-26 22:05:51', 'd1e1f8c9-1184-4591-aea4-04bcb16ea744'),
 ('180', '177', '4', '1', 'en_us', '19', '', '{\"typeId\":\"10\",\"authorId\":\"1\",\"title\":\"Map to SVA\",\"slug\":\"map-to-sva\",\"postDate\":1471981260,\"expiryDate\":null,\"enabled\":1,\"parentId\":\"\",\"fields\":{\"8\":\"#8da101\",\"9\":\"#162630\",\"15\":[\"182\"],\"6\":\"<p>Collage<\\/p>\\r\\n<p>Paper cut, airplane ticket stub, cotton thread, pencil drawing dotted line.<\\/p>\\r\\n<p>2013<\\/p>\",\"5\":[\"231\"],\"4\":[\"229\"]}}', '2018-01-26 22:14:45', '2018-01-26 22:14:45', '4155ffc1-6677-4b27-beed-3ad003890303'),
 ('181', '188', '4', '1', 'en_us', '4', '', '{\"typeId\":\"10\",\"authorId\":\"1\",\"title\":\"Self Tree\",\"slug\":\"self-tree\",\"postDate\":1471982340,\"expiryDate\":null,\"enabled\":1,\"parentId\":\"\",\"fields\":{\"8\":\"#19473d\",\"9\":\"#93580b\",\"15\":[\"182\"],\"6\":\"<p>Paper, painting, clay, fabric, metal ring.<\\/p>\\r\\n<p>2013<\\/p>\",\"5\":[\"148\"],\"4\":[\"234\"]}}', '2018-01-27 01:14:17', '2018-01-27 01:14:17', 'c7c0b8ae-c092-4520-9736-c76f6fb6af00'),
 ('182', '188', '4', '1', 'en_us', '5', '', '{\"typeId\":\"10\",\"authorId\":\"1\",\"title\":\"Self Tree\",\"slug\":\"self-tree\",\"postDate\":1471982340,\"expiryDate\":null,\"enabled\":1,\"parentId\":\"\",\"fields\":{\"8\":\"#19473d\",\"9\":\"#432506\",\"15\":[\"182\"],\"6\":\"<p>Paper, painting, clay, fabric, metal ring.<\\/p>\\r\\n<p>2013<\\/p>\",\"5\":[\"148\"],\"4\":[\"234\"]}}', '2018-01-27 01:14:55', '2018-01-27 01:14:55', '4e6bb3f4-4656-40a5-883c-e84c3f2f5658'),
 ('183', '188', '4', '1', 'en_us', '6', '', '{\"typeId\":\"10\",\"authorId\":\"1\",\"title\":\"Self Tree\",\"slug\":\"self-tree\",\"postDate\":1471982340,\"expiryDate\":null,\"enabled\":1,\"parentId\":\"\",\"fields\":{\"8\":\"#266756\",\"9\":\"#432506\",\"15\":[\"182\"],\"6\":\"<p>Paper, painting, clay, fabric, metal ring.<\\/p>\\r\\n<p>2013<\\/p>\",\"5\":[\"148\"],\"4\":[\"234\"]}}', '2018-01-27 01:15:17', '2018-01-27 01:15:17', '26333581-af29-40ba-9f0c-85021207eaec'),
 ('184', '188', '4', '1', 'en_us', '7', '', '{\"typeId\":\"10\",\"authorId\":\"1\",\"title\":\"Self Tree\",\"slug\":\"self-tree\",\"postDate\":1471982340,\"expiryDate\":null,\"enabled\":1,\"parentId\":\"\",\"fields\":{\"8\":\"#266756\",\"9\":\"004536\",\"15\":[\"182\"],\"6\":\"<p>Paper, painting, clay, fabric, metal ring.<\\/p>\\r\\n<p>2013<\\/p>\",\"5\":[\"148\"],\"4\":[\"234\"]}}', '2018-01-27 01:16:28', '2018-01-27 01:16:28', '67e3baeb-4fd0-43e5-bc7e-94f025e09265'),
 ('185', '188', '4', '1', 'en_us', '8', '', '{\"typeId\":\"10\",\"authorId\":\"1\",\"title\":\"Self Tree\",\"slug\":\"self-tree\",\"postDate\":1471982340,\"expiryDate\":null,\"enabled\":1,\"parentId\":\"\",\"fields\":{\"8\":\"#266756\",\"9\":\"#031913\",\"15\":[\"182\"],\"6\":\"<p>Paper, painting, clay, fabric, metal ring.<\\/p>\\r\\n<p>2013<\\/p>\",\"5\":[\"148\"],\"4\":[\"234\"]}}', '2018-01-27 01:16:51', '2018-01-27 01:16:51', 'a286bb9a-85fc-4c5c-90f6-3baa45c563f8'),
 ('186', '188', '4', '1', 'en_us', '9', '', '{\"typeId\":\"10\",\"authorId\":\"1\",\"title\":\"Self Tree\",\"slug\":\"self-tree\",\"postDate\":1471982340,\"expiryDate\":null,\"enabled\":1,\"parentId\":\"\",\"fields\":{\"8\":\"#239978\",\"9\":\"#031913\",\"15\":[\"182\"],\"6\":\"<p>Paper, painting, clay, fabric, metal ring.<\\/p>\\r\\n<p>2013<\\/p>\",\"5\":[\"148\"],\"4\":[\"234\"]}}', '2018-01-27 01:17:23', '2018-01-27 01:17:23', '2404d394-a0a8-4c29-aa88-b038830358b7'),
 ('187', '180', '4', '1', 'en_us', '6', '', '{\"typeId\":\"9\",\"authorId\":\"1\",\"title\":\"Musical Oranges\",\"slug\":\"musical-oranges\",\"postDate\":1471981440,\"expiryDate\":null,\"enabled\":1,\"parentId\":\"\",\"fields\":{\"8\":\"#fcb13a\",\"9\":\"#15141d\",\"15\":[\"184\"],\"6\":\"<p>Lorem Ipsum is simply dummy text of the printing and typesetting industry. Lorem Ipsum has been the industry\'s standard dummy text ever since the 1500s, when an unknown printer took a galley of type and scrambled it to make a type specimen book.<\\/p>\",\"4\":[\"110\"],\"7\":\"https:\\/\\/vimeo.com\\/39172872\"}}', '2018-01-27 01:30:50', '2018-01-27 01:30:50', '97afa157-9d08-44a2-a709-7e1391becb8f'),
 ('188', '180', '4', '1', 'en_us', '7', '', '{\"typeId\":\"9\",\"authorId\":\"1\",\"title\":\"Musical Oranges\",\"slug\":\"musical-oranges\",\"postDate\":1471981440,\"expiryDate\":null,\"enabled\":1,\"parentId\":\"\",\"fields\":{\"8\":\"#fcb13a\",\"9\":\"#15141d\",\"15\":[\"184\"],\"6\":\"<p>A class&nbsp;assignment of music animation.<\\/p><p>2012<\\/p>\",\"4\":[\"110\"],\"7\":\"https:\\/\\/vimeo.com\\/39172872\"}}', '2018-01-27 01:52:41', '2018-01-27 01:52:41', '578113b4-2d4c-43ff-9af3-025c38a26536'),
 ('189', '180', '4', '1', 'en_us', '8', '', '{\"typeId\":\"9\",\"authorId\":\"1\",\"title\":\"Musical Oranges\",\"slug\":\"musical-oranges\",\"postDate\":1471981440,\"expiryDate\":null,\"enabled\":1,\"parentId\":\"\",\"fields\":{\"8\":\"#fcb13a\",\"9\":\"#15141d\",\"15\":[\"184\"],\"6\":\"<p>A class&nbsp;assignment of music animation.<\\/p>\\r\\n<p>2012<\\/p>\",\"4\":[\"237\"],\"7\":\"https:\\/\\/vimeo.com\\/39172872\"}}', '2018-01-27 01:53:57', '2018-01-27 01:53:57', '460fbd57-0bd0-4a98-85e6-9329caf836dc'),
 ('190', '176', '4', '1', 'en_us', '16', '', '{\"typeId\":\"10\",\"authorId\":\"1\",\"title\":\"Light, Heavy and I\",\"slug\":\"heavy-light-and-i\",\"postDate\":1471980780,\"expiryDate\":null,\"enabled\":1,\"parentId\":\"\",\"fields\":{\"8\":\"#eae6e3\",\"9\":\"#393939\",\"15\":[\"182\"],\"6\":\"<p>Paper, feather, cotton thread, stone, text.<\\/p>\\r\\n<p>2013<\\/p>\",\"5\":[\"238\"],\"4\":[\"232\"]}}', '2018-01-27 02:09:26', '2018-01-27 02:09:26', 'e72f9ebd-8145-4b7f-a6de-55b91a0e16a2'),
 ('191', '188', '4', '1', 'en_us', '10', '', '{\"typeId\":\"10\",\"authorId\":\"1\",\"title\":\"Self Tree\",\"slug\":\"self-tree\",\"postDate\":1471982340,\"expiryDate\":null,\"enabled\":1,\"parentId\":\"\",\"fields\":{\"8\":\"#239978\",\"9\":\"#031913\",\"15\":[\"182\"],\"6\":\"<p>Paper, painting, clay, fabric, metal ring.<\\/p>\\r\\n<p>2013<\\/p>\",\"5\":[\"239\"],\"4\":[\"234\"]}}', '2018-01-27 02:09:57', '2018-01-27 02:09:57', '32e26574-8056-4d53-8270-a8a04cf9ce73'),
 ('192', '180', '4', '1', 'en_us', '9', '', '{\"typeId\":\"9\",\"authorId\":\"1\",\"title\":\"Musical Oranges\",\"slug\":\"musical-oranges\",\"postDate\":1471981440,\"expiryDate\":null,\"enabled\":1,\"parentId\":\"\",\"fields\":{\"8\":\"#fcb13a\",\"9\":\"#15141d\",\"15\":[\"184\"],\"6\":\"<p>Stop motion.<\\/p><p>A class&nbsp;assignment of music animation.<\\/p>\\r\\n<p>2012<\\/p>\",\"4\":[\"237\"],\"7\":\"https:\\/\\/vimeo.com\\/39172872\"}}', '2018-01-27 02:12:15', '2018-01-27 02:12:15', 'fd4719b4-c9ac-4d90-a83d-c71e8fd8194a'),
 ('193', '187', '4', '1', 'en_us', '4', '', '{\"typeId\":\"10\",\"authorId\":\"1\",\"title\":\"Time\",\"slug\":\"time\",\"postDate\":1471982280,\"expiryDate\":null,\"enabled\":1,\"parentId\":\"\",\"fields\":{\"8\":\"#070707\",\"9\":\"#eca400\",\"15\":[\"182\"],\"6\":\"<p>Lorem Ipsum is simply dummy text of the printing and typesetting industry. Lorem Ipsum has been the industry\'s standard dummy text ever since the 1500s, when an unknown printer took a galley of type and scrambled it to make a type specimen book.<\\/p>\",\"5\":[\"241\"],\"4\":[\"240\"]}}', '2018-01-27 02:22:50', '2018-01-27 02:22:50', 'c0222305-30ec-4465-986b-9af7aeeca441'),
 ('194', '187', '4', '1', 'en_us', '5', '', '{\"typeId\":\"10\",\"authorId\":\"1\",\"title\":\"Time\",\"slug\":\"time\",\"postDate\":1471982280,\"expiryDate\":null,\"enabled\":1,\"parentId\":\"\",\"fields\":{\"8\":\"#070707\",\"9\":\"#eca400\",\"15\":[\"182\"],\"6\":\"<p>Lorem Ipsum is simply dummy text of the printing and typesetting industry. Lorem Ipsum has been the industry\'s standard dummy text ever since the 1500s, when an unknown printer took a galley of type and scrambled it to make a type specimen book.<\\/p>\",\"5\":[\"241\"],\"4\":[\"242\"]}}', '2018-01-27 02:25:02', '2018-01-27 02:25:02', 'd68713a3-a790-487b-bba1-16eb0d742d95'),
 ('195', '187', '4', '1', 'en_us', '6', '', '{\"typeId\":\"10\",\"authorId\":\"1\",\"title\":\"Time\",\"slug\":\"time\",\"postDate\":1471982280,\"expiryDate\":null,\"enabled\":1,\"parentId\":\"\",\"fields\":{\"8\":\"#070707\",\"9\":\"#eca400\",\"15\":[\"182\"],\"6\":\"<p>Painting, tape measure, sewing.<\\/p><p>2013<\\/p>\",\"5\":[\"241\"],\"4\":[\"242\"]}}', '2018-01-27 02:33:09', '2018-01-27 02:33:09', 'c1ba8d74-19ef-4c8f-9e70-065e86561496'),
 ('196', '210', '3', '1', 'en_us', '21', '', '{\"typeId\":\"3\",\"authorId\":\"1\",\"title\":\"Prime Day 2016\",\"slug\":\"prime-day-2016\",\"postDate\":1512273480,\"expiryDate\":null,\"enabled\":1,\"parentId\":\"\",\"fields\":{\"29\":\"#13b8fb\",\"32\":\"0.8\",\"30\":\"#18334e\",\"12\":\"Amazon\",\"25\":\"#ffffff\",\"21\":\"<p>July 12th marks Amazon\\u2019s 2nd Annual Prime Day, a global, mid-year shopping holiday for its Prime customers to receive online deals. The truly integrated campaign combines broadcast and print advertising along with digital, social media and a site takeover for markets all over the world including the following: Japan, Spain, France, the United Kingdom, Germany, Austria, the United States of America, and Canada.<\\/p>\",\"27\":\"#18334e\",\"23\":\"#18334e\",\"33\":\"#0788bc\",\"31\":[\"217\"],\"22\":\"<p><strong>Type:<\\/strong> Stop-motion\\/3D elements\\/Mixed Media<\\/p>\\r\\n<p><strong>Production Studio:<\\/strong> Hornet Inc.<\\/p>\\r\\n<p><strong>Agency:<\\/strong> Leo Burnett<\\/p>\\r\\n<p><strong>Director:<\\/strong> Peter Sluszka<\\/p>\\r\\n<p><strong>Lean more Visit site:<\\/strong> <a href=\\\"http:\\/\\/www.hornetinc.com\\/amazon-primeday\\\">www.hornetinc.com\\/amazon-prime<\\/a><\\/p>\",\"28\":\"#18334e\",\"24\":\"#c89a74\",\"20\":\"Prime Day 2016 TV Spot: Everywhere\",\"26\":\"#c89a74\",\"10\":{\"211\":{\"type\":\"role\",\"enabled\":\"1\",\"fields\":{\"role\":\"Compositor\"}}},\"11\":{\"212\":{\"type\":\"skill\",\"enabled\":\"1\",\"fields\":{\"skill\":\"AE Compositing\"}},\"213\":{\"type\":\"skill\",\"enabled\":\"1\",\"fields\":{\"skill\":\"Tracking\"}},\"214\":{\"type\":\"skill\",\"enabled\":\"1\",\"fields\":{\"skill\":\"Green Screen\"}},\"215\":{\"type\":\"skill\",\"enabled\":\"1\",\"fields\":{\"skill\":\"Clean Up\"}},\"216\":{\"type\":\"skill\",\"enabled\":\"1\",\"fields\":{\"skill\":\"VFX\"}}},\"16\":{\"223\":{\"type\":\"row\",\"enabled\":\"1\",\"fields\":{\"gallery\":[\"218\",\"219\"]}},\"224\":{\"type\":\"row\",\"enabled\":\"1\",\"fields\":{\"gallery\":[\"222\",\"221\",\"220\"]}}},\"34\":\"#13b8fb\",\"35\":\"0.8\",\"4\":[\"217\"],\"7\":\"https:\\/\\/vimeo.com\\/191876455\"}}', '2018-02-10 22:23:33', '2018-02-10 22:23:33', 'cf7a96a5-2be2-4b25-8322-65a9529e80f2'),
 ('197', '210', '3', '1', 'en_us', '22', '', '{\"typeId\":\"3\",\"authorId\":\"1\",\"title\":\"Prime Day 2016\",\"slug\":\"prime-day-2016\",\"postDate\":1512273480,\"expiryDate\":null,\"enabled\":1,\"parentId\":\"\",\"fields\":{\"29\":\"#13b8fb\",\"32\":\"0.8\",\"30\":\"#18334e\",\"12\":\"Amazon\",\"25\":\"#ffffff\",\"21\":\"<p>July 12th marks Amazon\\u2019s 2nd Annual Prime Day, a global, mid-year shopping holiday for its Prime customers to receive online deals. The truly integrated campaign combines broadcast and print advertising along with digital, social media and a site takeover for markets all over the world including the following: Japan, Spain, France, the United Kingdom, Germany, Austria, the United States of America, and Canada.<\\/p>\",\"27\":\"#18334e\",\"23\":\"#18334e\",\"33\":\"#0788bc\",\"31\":[\"217\"],\"22\":\"<p><strong>Type:<\\/strong> Stop-motion\\/3D elements\\/Mixed Media<\\/p>\\r\\n<p><strong>Production Studio:<\\/strong> Hornet Inc.<\\/p>\\r\\n<p><strong>Agency:<\\/strong> Leo Burnett<\\/p>\\r\\n<p><strong>Director:<\\/strong> Peter Sluszka<\\/p>\\r\\n<p><strong>Lean more Visit site:<\\/strong> <a href=\\\"http:\\/\\/www.hornetinc.com\\/amazon-primeday\\\">www.hornetinc.com\\/amazon-prime<\\/a><\\/p>\",\"28\":\"#18334e\",\"24\":\"#c89a74\",\"20\":\"Prime Day 2016 TV Spot: Everywhere\",\"26\":\"#c89a74\",\"10\":{\"211\":{\"type\":\"role\",\"enabled\":\"1\",\"fields\":{\"role\":\"Compositor\"}}},\"11\":{\"212\":{\"type\":\"skill\",\"enabled\":\"1\",\"fields\":{\"skill\":\"AE Compositing\"}},\"213\":{\"type\":\"skill\",\"enabled\":\"1\",\"fields\":{\"skill\":\"Tracking\"}},\"214\":{\"type\":\"skill\",\"enabled\":\"1\",\"fields\":{\"skill\":\"Green Screen\"}},\"215\":{\"type\":\"skill\",\"enabled\":\"1\",\"fields\":{\"skill\":\"Clean Up\"}},\"216\":{\"type\":\"skill\",\"enabled\":\"1\",\"fields\":{\"skill\":\"VFX\"}}},\"16\":{\"223\":{\"type\":\"row\",\"enabled\":\"1\",\"fields\":{\"gallery\":[\"218\",\"219\"]}},\"224\":{\"type\":\"row\",\"enabled\":\"1\",\"fields\":{\"gallery\":[\"222\",\"221\",\"220\"]}}},\"34\":\"#13b8fb\",\"35\":\"0.8\",\"4\":[\"217\"],\"7\":\"https:\\/\\/vimeo.com\\/191876455\"}}', '2018-02-10 22:30:38', '2018-02-10 22:30:38', 'afdce31e-a290-4281-899f-cab1b64b0d84'),
 ('198', '210', '3', '1', 'en_us', '23', '', '{\"typeId\":\"3\",\"authorId\":\"1\",\"title\":\"Prime Day 2016\",\"slug\":\"prime-day-2016\",\"postDate\":1512273480,\"expiryDate\":null,\"enabled\":1,\"parentId\":\"\",\"fields\":{\"29\":\"#13b8fb\",\"32\":\"0.8\",\"30\":\"#18334e\",\"12\":\"Amazon\",\"25\":\"#ffffff\",\"21\":\"<p>July 12th marks Amazon\\u2019s 2nd Annual Prime Day, a global, mid-year shopping holiday for its Prime customers to receive online deals. The truly integrated campaign combines broadcast and print advertising along with digital, social media and a site takeover for markets all over the world including the following: Japan, Spain, France, the United Kingdom, Germany, Austria, the United States of America, and Canada.<\\/p>\",\"27\":\"#18334e\",\"23\":\"#18334e\",\"33\":\"#0788bc\",\"31\":[\"217\"],\"22\":\"<p><strong>Type:<\\/strong> Stop-motion\\/3D elements\\/Mixed Media<\\/p>\\r\\n<p><strong>Production Studio:<\\/strong> Hornet Inc.<\\/p>\\r\\n<p><strong>Agency:<\\/strong> Leo Burnett<\\/p>\\r\\n<p><strong>Director:<\\/strong> Peter Sluszka<\\/p>\\r\\n<p><strong>Lean more Visit site:<\\/strong> <a href=\\\"http:\\/\\/www.hornetinc.com\\/amazon-primeday\\\">www.hornetinc.com\\/amazon-prime<\\/a><\\/p>\",\"28\":\"#18334e\",\"24\":\"#c89a74\",\"20\":\"Prime Day 2016 TV Spot: Everywhere\",\"26\":\"#c89a74\",\"10\":{\"211\":{\"type\":\"role\",\"enabled\":\"1\",\"fields\":{\"role\":\"Compositor\"}}},\"11\":{\"212\":{\"type\":\"skill\",\"enabled\":\"1\",\"fields\":{\"skill\":\"AE Compositing\"}},\"213\":{\"type\":\"skill\",\"enabled\":\"1\",\"fields\":{\"skill\":\"Tracking\"}},\"214\":{\"type\":\"skill\",\"enabled\":\"1\",\"fields\":{\"skill\":\"Green Screen\"}},\"215\":{\"type\":\"skill\",\"enabled\":\"1\",\"fields\":{\"skill\":\"Clean Up\"}},\"216\":{\"type\":\"skill\",\"enabled\":\"1\",\"fields\":{\"skill\":\"VFX\"}}},\"16\":{\"223\":{\"type\":\"row\",\"enabled\":\"1\",\"fields\":{\"gallery\":[\"218\",\"219\"]}},\"224\":{\"type\":\"row\",\"enabled\":\"1\",\"fields\":{\"gallery\":[\"222\",\"221\",\"220\"]}}},\"34\":\"#13b8fb\",\"35\":\"0.8\",\"4\":[\"217\"],\"7\":\"https:\\/\\/vimeo.com\\/191876455\"}}', '2018-02-10 22:31:32', '2018-02-10 22:31:32', 'a8be0dd8-a5c7-4eed-b0fe-81a30ff5c94b'),
 ('199', '210', '3', '1', 'en_us', '24', '', '{\"typeId\":\"3\",\"authorId\":\"1\",\"title\":\"Prime Day 2016\",\"slug\":\"prime-day-2016\",\"postDate\":1512273480,\"expiryDate\":null,\"enabled\":1,\"parentId\":\"\",\"fields\":{\"29\":\"#13b8fb\",\"32\":\"0.8\",\"30\":\"#18334e\",\"12\":\"Amazon\",\"25\":\"#ffffff\",\"21\":\"<p>July 12th marks Amazon\\u2019s 2nd Annual Prime Day, a global, mid-year shopping holiday for its Prime customers to receive online deals. The truly integrated campaign combines broadcast and print advertising along with digital, social media and a site takeover for markets all over the world including the following: Japan, Spain, France, the United Kingdom, Germany, Austria, the United States of America, and Canada.<\\/p>\",\"27\":\"#18334e\",\"23\":\"#18334e\",\"33\":\"#0788bc\",\"31\":[\"217\"],\"22\":\"<p><strong>Type:<\\/strong> Stop-motion\\/3D elements\\/Mixed Media<\\/p>\\r\\n<p><strong>Production Studio:<\\/strong> Hornet Inc.<\\/p>\\r\\n<p><strong>Agency:<\\/strong> Leo Burnett<\\/p>\\r\\n<p><strong>Director:<\\/strong> Peter Sluszka<\\/p>\\r\\n<p><strong>Lean more Visit site:<\\/strong> <a href=\\\"http:\\/\\/www.hornetinc.com\\/amazon-primeday\\\">www.hornetinc.com\\/amazon-prime<\\/a><\\/p>\",\"28\":\"#18334e\",\"24\":\"#c89a74\",\"20\":\"Prime Day 2016 TV Spot: Everywhere\",\"26\":\"#c89a74\",\"10\":{\"211\":{\"type\":\"role\",\"enabled\":\"1\",\"fields\":{\"role\":\"Compositor\"}}},\"11\":{\"212\":{\"type\":\"skill\",\"enabled\":\"1\",\"fields\":{\"skill\":\"AE Compositing\"}},\"213\":{\"type\":\"skill\",\"enabled\":\"1\",\"fields\":{\"skill\":\"Tracking\"}},\"214\":{\"type\":\"skill\",\"enabled\":\"1\",\"fields\":{\"skill\":\"Green Screen\"}},\"215\":{\"type\":\"skill\",\"enabled\":\"1\",\"fields\":{\"skill\":\"Clean Up\"}},\"216\":{\"type\":\"skill\",\"enabled\":\"1\",\"fields\":{\"skill\":\"VFX\"}}},\"16\":{\"223\":{\"type\":\"row\",\"enabled\":\"1\",\"fields\":{\"gallery\":[\"218\",\"219\"]}},\"224\":{\"type\":\"row\",\"enabled\":\"1\",\"fields\":{\"gallery\":[\"222\",\"221\",\"220\"]}}},\"34\":\"#13b8fb\",\"35\":\"0.8\",\"4\":[\"217\"],\"7\":\"https:\\/\\/vimeo.com\\/191876455\"}}', '2018-02-10 22:33:55', '2018-02-10 22:33:55', 'e2c77744-18f8-496d-878e-2bcc4b88f7e9'),
 ('200', '180', '4', '1', 'en_us', '10', '', '{\"typeId\":\"10\",\"authorId\":\"1\",\"title\":\"Musical Oranges\",\"slug\":\"musical-oranges\",\"postDate\":1471981440,\"expiryDate\":null,\"enabled\":1,\"parentId\":\"\",\"fields\":{\"8\":\"#fcb13a\",\"9\":\"#15141d\",\"15\":[\"184\"],\"6\":\"<p>Stop motion.<\\/p>\\r\\n<p>A class assignment of music animation.<\\/p>\\r\\n<p>2012<\\/p>\",\"5\":\"\",\"4\":[\"237\"],\"38\":[],\"7\":\"https:\\/\\/vimeo.com\\/39172872\"}}', '2018-12-25 21:26:17', '2018-12-25 21:26:17', 'dba79e48-d8ce-49f0-af9f-db845c203b35'),
 ('201', '210', '3', '1', 'en_us', '25', '', '{\"typeId\":\"3\",\"authorId\":\"1\",\"title\":\"Prime Day 2016\",\"slug\":\"prime-day-2016\",\"postDate\":1512273480,\"expiryDate\":null,\"enabled\":1,\"parentId\":\"\",\"fields\":{\"29\":\"#13b8fb\",\"32\":\"0.8\",\"30\":\"#18334e\",\"12\":\"Amazon\",\"25\":\"#ffffff\",\"21\":\"<p>July 12th marks Amazon\\u2019s 2nd Annual Prime Day, a global, mid-year shopping holiday for its Prime customers to receive online deals. The truly integrated campaign combines broadcast and print advertising along with digital, social media and a site takeover for markets all over the world including the following: Japan, Spain, France, the United Kingdom, Germany, Austria, the United States of America, and Canada.<\\/p>\",\"27\":\"#18334e\",\"23\":\"#18334e\",\"33\":\"#0788bc\",\"31\":[\"217\"],\"22\":\"<p><strong>Type:<\\/strong> Stop-motion\\/3D elements\\/Mixed Media<\\/p>\\r\\n<p><strong>Production Studio:<\\/strong> Hornet Inc.<\\/p>\\r\\n<p><strong>Agency:<\\/strong> Leo Burnett<\\/p>\\r\\n<p><strong>Director:<\\/strong> Peter Sluszka<\\/p>\\r\\n<p><strong>Lean more Visit site:<\\/strong> <a href=\\\"http:\\/\\/www.hornetinc.com\\/amazon-primeday\\\">www.hornetinc.com\\/amazon-prime<\\/a><\\/p>\",\"28\":\"#18334e\",\"24\":\"#c89a74\",\"20\":\"Prime Day 2016 TV Spot: Everywhere\",\"26\":\"#c89a74\",\"10\":{\"211\":{\"type\":\"role\",\"enabled\":\"1\",\"fields\":{\"role\":\"Compositor\"}}},\"11\":{\"212\":{\"type\":\"skill\",\"enabled\":\"1\",\"fields\":{\"skill\":\"AE Compositing\"}},\"213\":{\"type\":\"skill\",\"enabled\":\"1\",\"fields\":{\"skill\":\"Tracking\"}},\"214\":{\"type\":\"skill\",\"enabled\":\"1\",\"fields\":{\"skill\":\"Green Screen\"}},\"215\":{\"type\":\"skill\",\"enabled\":\"1\",\"fields\":{\"skill\":\"Clean Up\"}},\"216\":{\"type\":\"skill\",\"enabled\":\"1\",\"fields\":{\"skill\":\"VFX\"}}},\"16\":{\"223\":{\"type\":\"row\",\"enabled\":\"1\",\"fields\":{\"gallery\":[\"218\",\"219\"]}},\"224\":{\"type\":\"row\",\"enabled\":\"1\",\"fields\":{\"gallery\":[\"222\",\"221\",\"220\"]}}},\"34\":\"#13b8fb\",\"35\":\"0.8\",\"4\":[\"217\"],\"38\":{\"243\":{\"type\":\"video\",\"enabled\":\"1\",\"fields\":{\"video\":\"https:\\/\\/vimeo.com\\/191876455\"}},\"244\":{\"type\":\"gallery\",\"enabled\":\"1\",\"fields\":{\"gallery\":[\"218\",\"219\"]}},\"245\":{\"type\":\"gallery\",\"enabled\":\"1\",\"fields\":{\"gallery\":[\"220\",\"221\",\"222\"]}}},\"7\":\"https:\\/\\/vimeo.com\\/191876455\"}}', '2018-12-25 21:30:46', '2018-12-25 21:30:46', '007f04be-5809-4330-9e50-6a5c3ce2dde5'),
 ('202', '153', '3', '1', 'en_us', '49', '', '{\"typeId\":\"3\",\"authorId\":\"1\",\"title\":\"12 Days of Elves Season 2\",\"slug\":\"12-days-of-elves-season-2\",\"postDate\":1471977660,\"expiryDate\":null,\"enabled\":1,\"parentId\":\"\",\"fields\":{\"29\":\"#25be57\",\"32\":\"0.8\",\"30\":\"#f31c1c\",\"12\":\"Hornet Films\",\"25\":\"#ffffff\",\"21\":\"<p>July 12th marks Amazon\\u2019s 2nd Annual Prime Day, a global, mid-year shopping holiday for its Prime customers to receive online deals. The truly integrated campaign combines broadcast and print advertising along with digital, social media and a site takeover for markets all over the world including the following: Japan, Spain, France, the United Kingdom, Germany, Austria, the United States of America, and Canada.<\\/p>\",\"27\":\"#ffffff\",\"23\":\"#ffffff\",\"33\":\"#258746\",\"31\":[\"111\"],\"22\":\"<p><strong>Tag:<\\/strong> Stop-motion\\/3D elements\\/Mixed Media\\/2016<\\/p>\\r\\n<p><strong>Production Studio:<\\/strong> Hornet inc.<\\/p>\\r\\n<p><strong>Agency:<\\/strong> Leo Burnett<\\/p>\\r\\n<p><strong>Director:<\\/strong> Peter Sluszka<\\/p>\\r\\n<p><strong>Learn More:<\\/strong> <a href=\\\"http:\\/\\/hornetinc.com\\\">hornetinc.com<\\/a><\\/p>\",\"28\":\"#ffffff\",\"24\":\"#f31c1c\",\"20\":\"12 Days of Elves Season 2\",\"26\":\"#f31c1c\",\"10\":{\"206\":{\"type\":\"role\",\"enabled\":\"1\",\"fields\":{\"role\":\"Compositor\"}},\"207\":{\"type\":\"role\",\"enabled\":\"1\",\"fields\":{\"role\":\"Colorist\"}}},\"11\":{\"208\":{\"type\":\"skill\",\"enabled\":\"1\",\"fields\":{\"skill\":\"2D Animation\"}},\"209\":{\"type\":\"skill\",\"enabled\":\"1\",\"fields\":{\"skill\":\"Short Films\"}}},\"16\":{\"197\":{\"type\":\"row\",\"enabled\":\"1\",\"fields\":{\"gallery\":[\"111\",\"113\"]}},\"198\":{\"type\":\"row\",\"enabled\":\"1\",\"fields\":{\"gallery\":[\"112\",\"111\",\"113\"]}}},\"34\":\"#25be57\",\"35\":\"0.9\",\"4\":[\"111\"],\"38\":{\"246\":{\"type\":\"gallery\",\"enabled\":\"1\",\"fields\":{\"gallery\":[\"218\",\"219\"]}},\"247\":{\"type\":\"video\",\"enabled\":\"1\",\"fields\":{\"video\":\"https:\\/\\/vimeo.com\\/45515295\"}},\"248\":{\"type\":\"gallery\",\"enabled\":\"1\",\"fields\":{\"gallery\":[\"220\",\"221\",\"222\"]}}},\"7\":\"https:\\/\\/vimeo.com\\/45515295\"}}', '2018-12-25 21:33:15', '2018-12-25 21:33:15', 'd3533f8a-5166-46c2-9400-b5a4308fc5cb'),
 ('203', '210', '3', '1', 'en_us', '26', '', '{\"typeId\":\"3\",\"authorId\":\"1\",\"title\":\"Prime Day 2016\",\"slug\":\"prime-day-2016\",\"postDate\":1512273480,\"expiryDate\":null,\"enabled\":1,\"parentId\":\"\",\"fields\":{\"29\":\"#13b8fb\",\"32\":\"0.8\",\"30\":\"#18334e\",\"12\":\"Amazon\",\"25\":\"#ffffff\",\"21\":\"<p>July 12th marks Amazon\\u2019s 2nd Annual Prime Day, a global, mid-year shopping holiday for its Prime customers to receive online deals. The truly integrated campaign combines broadcast and print advertising along with digital, social media and a site takeover for markets all over the world including the following: Japan, Spain, France, the United Kingdom, Germany, Austria, the United States of America, and Canada.<\\/p>\",\"27\":\"#18334e\",\"23\":\"#18334e\",\"33\":\"#0788bc\",\"31\":[\"217\"],\"22\":\"<p><strong>Type:<\\/strong> Stop-motion\\/3D elements\\/Mixed Media<\\/p>\\r\\n<p><strong>Production Studio:<\\/strong> Hornet Inc.<\\/p>\\r\\n<p><strong>Agency:<\\/strong> Leo Burnett<\\/p>\\r\\n<p><strong>Director:<\\/strong> Peter Sluszka<\\/p>\\r\\n<p><strong>Lean more Visit site:<\\/strong> <a href=\\\"http:\\/\\/www.hornetinc.com\\/amazon-primeday\\\">www.hornetinc.com\\/amazon-prime<\\/a><\\/p>\",\"28\":\"#18334e\",\"24\":\"#c89a74\",\"20\":\"Prime Day 2016 TV Spot: Everywhere\",\"26\":\"#c89a74\",\"10\":{\"211\":{\"type\":\"role\",\"enabled\":\"1\",\"fields\":{\"role\":\"Compositor\"}}},\"11\":{\"212\":{\"type\":\"skill\",\"enabled\":\"1\",\"fields\":{\"skill\":\"AE Compositing\"}},\"213\":{\"type\":\"skill\",\"enabled\":\"1\",\"fields\":{\"skill\":\"Tracking\"}},\"214\":{\"type\":\"skill\",\"enabled\":\"1\",\"fields\":{\"skill\":\"Green Screen\"}},\"215\":{\"type\":\"skill\",\"enabled\":\"1\",\"fields\":{\"skill\":\"Clean Up\"}},\"216\":{\"type\":\"skill\",\"enabled\":\"1\",\"fields\":{\"skill\":\"VFX\"}}},\"16\":{\"223\":{\"type\":\"row\",\"enabled\":\"1\",\"fields\":{\"gallery\":[\"218\",\"219\"]}},\"224\":{\"type\":\"row\",\"enabled\":\"1\",\"fields\":{\"gallery\":[\"222\",\"221\",\"220\"]}}},\"34\":\"#13b8fb\",\"35\":\"0.8\",\"4\":[\"217\"],\"38\":{\"244\":{\"type\":\"gallery\",\"enabled\":\"1\",\"fields\":{\"gallery\":[\"218\",\"219\"]}},\"243\":{\"type\":\"video\",\"enabled\":\"1\",\"fields\":{\"video\":\"https:\\/\\/vimeo.com\\/191876455\"}},\"245\":{\"type\":\"gallery\",\"enabled\":\"1\",\"fields\":{\"gallery\":[\"220\",\"221\",\"222\"]}}},\"7\":\"https:\\/\\/vimeo.com\\/191876455\"}}', '2018-12-25 23:08:31', '2018-12-25 23:08:31', 'efd6065b-d371-4365-8334-493d3df1db92'),
 ('204', '210', '3', '1', 'en_us', '27', '', '{\"typeId\":\"3\",\"authorId\":\"1\",\"title\":\"Prime Day 2016\",\"slug\":\"prime-day-2016\",\"postDate\":1512273480,\"expiryDate\":null,\"enabled\":1,\"parentId\":\"\",\"fields\":{\"29\":\"#13b8fb\",\"32\":\"0.8\",\"30\":\"#18334e\",\"12\":\"Amazon\",\"25\":\"#ffffff\",\"21\":\"<p>July 12th marks Amazon\\u2019s 2nd Annual Prime Day, a global, mid-year shopping holiday for its Prime customers to receive online deals. The truly integrated campaign combines broadcast and print advertising along with digital, social media and a site takeover for markets all over the world including the following: Japan, Spain, France, the United Kingdom, Germany, Austria, the United States of America, and Canada.<\\/p>\",\"27\":\"#18334e\",\"23\":\"#18334e\",\"33\":\"#0788bc\",\"31\":[\"217\"],\"22\":\"<p><strong>Type:<\\/strong> Stop-motion\\/3D elements\\/Mixed Media<\\/p>\\r\\n<p><strong>Production Studio:<\\/strong> Hornet Inc.<\\/p>\\r\\n<p><strong>Agency:<\\/strong> Leo Burnett<\\/p>\\r\\n<p><strong>Director:<\\/strong> Peter Sluszka<\\/p>\\r\\n<p><strong>Lean more Visit site:<\\/strong> <a href=\\\"http:\\/\\/www.hornetinc.com\\/amazon-primeday\\\">www.hornetinc.com\\/amazon-prime<\\/a><\\/p>\",\"28\":\"#18334e\",\"24\":\"#c89a74\",\"20\":\"Prime Day 2016 TV Spot: Everywhere\",\"26\":\"#c89a74\",\"10\":{\"211\":{\"type\":\"role\",\"enabled\":\"1\",\"fields\":{\"role\":\"Compositor\"}}},\"11\":{\"212\":{\"type\":\"skill\",\"enabled\":\"1\",\"fields\":{\"skill\":\"AE Compositing\"}},\"213\":{\"type\":\"skill\",\"enabled\":\"1\",\"fields\":{\"skill\":\"Tracking\"}},\"214\":{\"type\":\"skill\",\"enabled\":\"1\",\"fields\":{\"skill\":\"Green Screen\"}},\"215\":{\"type\":\"skill\",\"enabled\":\"1\",\"fields\":{\"skill\":\"Clean Up\"}},\"216\":{\"type\":\"skill\",\"enabled\":\"1\",\"fields\":{\"skill\":\"VFX\"}}},\"16\":{\"223\":{\"type\":\"row\",\"enabled\":\"1\",\"fields\":{\"gallery\":[\"218\",\"219\"]}},\"224\":{\"type\":\"row\",\"enabled\":\"1\",\"fields\":{\"gallery\":[\"222\",\"221\",\"220\"]}}},\"34\":\"#13b8fb\",\"35\":\"0.8\",\"4\":[\"217\"],\"38\":{\"243\":{\"type\":\"video\",\"enabled\":\"1\",\"fields\":{\"video\":\"https:\\/\\/vimeo.com\\/191876455\"}},\"244\":{\"type\":\"gallery\",\"enabled\":\"1\",\"fields\":{\"gallery\":[\"218\",\"219\"]}},\"245\":{\"type\":\"gallery\",\"enabled\":\"1\",\"fields\":{\"gallery\":[\"220\",\"221\",\"222\"]}}},\"7\":\"https:\\/\\/vimeo.com\\/191876455\"}}', '2018-12-25 23:09:04', '2018-12-25 23:09:04', 'fd765e3a-1ed5-46c6-80f8-95da614e9fd4'),
 ('205', '153', '3', '1', 'en_us', '50', '', '{\"typeId\":\"3\",\"authorId\":\"1\",\"title\":\"12 Days of Elves Season 2\",\"slug\":\"12-days-of-elves-season-2\",\"postDate\":1471977660,\"expiryDate\":null,\"enabled\":1,\"parentId\":\"\",\"fields\":{\"29\":\"#25be57\",\"32\":\"0.8\",\"30\":\"#f31c1c\",\"12\":\"Hornet Films\",\"25\":\"#ffffff\",\"21\":\"<p>July 12th marks Amazon\\u2019s 2nd Annual Prime Day, a global, mid-year shopping holiday for its Prime customers to receive online deals. The truly integrated campaign combines broadcast and print advertising along with digital, social media and a site takeover for markets all over the world including the following: Japan, Spain, France, the United Kingdom, Germany, Austria, the United States of America, and Canada.<\\/p>\",\"27\":\"#ffffff\",\"23\":\"#ffffff\",\"33\":\"#258746\",\"31\":[\"111\"],\"22\":\"<p><strong>Tag:<\\/strong> Stop-motion\\/3D elements\\/Mixed Media\\/2016<\\/p>\\r\\n<p><strong>Production Studio:<\\/strong> Hornet inc.<\\/p>\\r\\n<p><strong>Agency:<\\/strong> Leo Burnett<\\/p>\\r\\n<p><strong>Director:<\\/strong> Peter Sluszka<\\/p>\\r\\n<p><strong>Learn More:<\\/strong> <a href=\\\"http:\\/\\/hornetinc.com\\\">hornetinc.com<\\/a><\\/p>\",\"28\":\"#ffffff\",\"24\":\"#f31c1c\",\"20\":\"12 Days of Elves Season 2\",\"26\":\"#f31c1c\",\"10\":{\"206\":{\"type\":\"role\",\"enabled\":\"1\",\"fields\":{\"role\":\"Compositor\"}},\"207\":{\"type\":\"role\",\"enabled\":\"1\",\"fields\":{\"role\":\"Colorist\"}}},\"11\":{\"208\":{\"type\":\"skill\",\"enabled\":\"1\",\"fields\":{\"skill\":\"2D Animation\"}},\"209\":{\"type\":\"skill\",\"enabled\":\"1\",\"fields\":{\"skill\":\"Short Films\"}}},\"34\":\"#25be57\",\"35\":\"0.9\",\"4\":[\"111\"],\"38\":{\"246\":{\"type\":\"gallery\",\"enabled\":\"1\",\"fields\":{\"gallery\":[\"218\",\"219\"]}},\"248\":{\"type\":\"gallery\",\"enabled\":\"1\",\"fields\":{\"gallery\":[\"220\",\"221\",\"222\"]}},\"247\":{\"type\":\"video\",\"enabled\":\"1\",\"fields\":{\"video\":\"https:\\/\\/vimeo.com\\/45515295\"}}}}}', '2018-12-25 23:10:02', '2018-12-25 23:10:02', 'd125db54-c0ad-454b-b719-136f3223596d'),
 ('206', '177', '4', '1', 'en_us', '20', '', '{\"typeId\":\"10\",\"authorId\":\"1\",\"title\":\"Map to SVA\",\"slug\":\"map-to-sva\",\"postDate\":1471981260,\"expiryDate\":null,\"enabled\":1,\"parentId\":\"\",\"fields\":{\"8\":\"#8da101\",\"9\":\"#162630\",\"15\":[\"182\"],\"6\":\"<p>Collage<\\/p>\\r\\n<p>Paper cut, airplane ticket stub, cotton thread, pencil drawing dotted line.<\\/p>\\r\\n<p>2013<\\/p>\",\"5\":[\"231\"],\"4\":[\"229\"],\"38\":{\"249\":{\"type\":\"gallery\",\"enabled\":\"1\",\"fields\":{\"gallery\":[\"231\"]}}},\"7\":\"\"}}', '2018-12-25 23:13:03', '2018-12-25 23:13:03', '29a0983f-a360-41d7-b70a-ab910fdd9b63'),
 ('207', '176', '4', '1', 'en_us', '17', '', '{\"typeId\":\"10\",\"authorId\":\"1\",\"title\":\"Light, Heavy and I\",\"slug\":\"heavy-light-and-i\",\"postDate\":1471980780,\"expiryDate\":null,\"enabled\":1,\"parentId\":\"\",\"fields\":{\"8\":\"#eae6e3\",\"9\":\"#393939\",\"15\":[\"182\"],\"6\":\"<p>Paper, feather, cotton thread, stone, text.<\\/p>\\r\\n<p>2013<\\/p>\",\"5\":[\"238\"],\"4\":[\"232\"],\"38\":{\"250\":{\"type\":\"gallery\",\"enabled\":\"1\",\"fields\":{\"gallery\":[\"238\"]}}},\"7\":\"\"}}', '2018-12-25 23:13:23', '2018-12-25 23:13:23', 'bf7665c3-4784-4738-ba75-8916d8476470'),
 ('208', '187', '4', '1', 'en_us', '7', '', '{\"typeId\":\"10\",\"authorId\":\"1\",\"title\":\"Time\",\"slug\":\"time\",\"postDate\":1471982280,\"expiryDate\":null,\"enabled\":1,\"parentId\":\"\",\"fields\":{\"8\":\"#070707\",\"9\":\"#eca400\",\"15\":[\"182\"],\"6\":\"<p>Painting, tape measure, sewing.<\\/p>\\r\\n<p>2013<\\/p>\",\"5\":[\"241\"],\"4\":[\"242\"],\"38\":{\"251\":{\"type\":\"gallery\",\"enabled\":\"1\",\"fields\":{\"gallery\":[\"241\"]}}},\"7\":\"\"}}', '2018-12-25 23:13:51', '2018-12-25 23:13:51', '8f8c8b2d-743f-4a1b-afaf-9a42bb763f5f'),
 ('209', '179', '4', '1', 'en_us', '6', '', '{\"typeId\":\"10\",\"authorId\":\"1\",\"title\":\"xJack and Jill\",\"slug\":\"jack-and-jill\",\"postDate\":1471981380,\"expiryDate\":null,\"enabled\":1,\"parentId\":\"\",\"fields\":{\"8\":\"#2a2e1f\",\"9\":\"#e1c596\",\"15\":[\"183\"],\"6\":\"<p>Lorem Ipsum is simply dummy text of the printing and typesetting industry. Lorem Ipsum has been the industry\'s standard dummy text ever since the 1500s, when an unknown printer took a galley of type and scrambled it to make a type specimen book.<\\/p>\",\"5\":[\"139\",\"140\",\"141\",\"142\",\"143\",\"144\"],\"4\":[\"102\"],\"38\":{\"252\":{\"type\":\"gallery\",\"enabled\":\"1\",\"fields\":{\"gallery\":[\"139\",\"140\",\"141\",\"142\",\"143\",\"144\"]}}},\"7\":\"https:\\/\\/vimeo.com\\/299544761\"}}', '2018-12-26 01:45:19', '2018-12-26 01:45:19', 'af323657-120a-45d7-b00d-83d7894b4904'),
 ('210', '179', '4', '1', 'en_us', '7', '', '{\"typeId\":\"10\",\"authorId\":\"1\",\"title\":\"xJack and Jill\",\"slug\":\"jack-and-jill\",\"postDate\":1471981380,\"expiryDate\":null,\"enabled\":1,\"parentId\":\"\",\"fields\":{\"8\":\"#2a2e1f\",\"9\":\"#e1c596\",\"15\":[\"183\"],\"6\":\"<p>Lorem Ipsum is simply dummy text of the printing and typesetting industry. Lorem Ipsum has been the industry\'s standard dummy text ever since the 1500s, when an unknown printer took a galley of type and scrambled it to make a type specimen book.<\\/p>\",\"5\":[\"139\",\"140\",\"141\",\"142\",\"143\",\"144\"],\"4\":[\"102\"],\"38\":{\"252\":{\"type\":\"gallery\",\"enabled\":\"1\",\"fields\":{\"gallery\":[\"139\",\"140\",\"141\",\"142\",\"143\",\"144\"]}}},\"7\":\"https:\\/\\/vimeo.com\\/45515295\"}}', '2018-12-26 01:45:46', '2018-12-26 01:45:46', '9519c52b-85e4-400f-a4cd-f379a7edcd38'),
 ('211', '180', '4', '1', 'en_us', '11', '', '{\"typeId\":\"10\",\"authorId\":\"1\",\"title\":\"Musical Oranges\",\"slug\":\"musical-oranges\",\"postDate\":1471981440,\"expiryDate\":null,\"enabled\":1,\"parentId\":\"\",\"fields\":{\"8\":\"#fcb13a\",\"9\":\"#15141d\",\"15\":[\"184\"],\"6\":\"<p>Stop motion.<\\/p>\\r\\n<p>A class assignment of music animation.<\\/p>\\r\\n<p>2012<\\/p>\",\"5\":\"\",\"4\":[\"237\"],\"38\":{\"253\":{\"type\":\"video\",\"enabled\":\"1\",\"fields\":{\"video\":\"https:\\/\\/vimeo.com\\/39172872\"}}},\"7\":\"https:\\/\\/vimeo.com\\/39172872\"}}', '2018-12-26 03:09:11', '2018-12-26 03:09:11', 'cfa27d7a-73cc-4e3a-a41b-1b99c5efb5ce'),
 ('212', '179', '4', '1', 'en_us', '8', '', '{\"typeId\":\"10\",\"authorId\":\"1\",\"title\":\"xJack and Jill\",\"slug\":\"jack-and-jill\",\"postDate\":1471981380,\"expiryDate\":null,\"enabled\":1,\"parentId\":\"\",\"fields\":{\"8\":\"#2a2e1f\",\"9\":\"#e1c596\",\"15\":[\"183\"],\"6\":\"<p>Lorem Ipsum is simply dummy text of the printing and typesetting industry. Lorem Ipsum has been the industry\'s standard dummy text ever since the 1500s, when an unknown printer took a galley of type and scrambled it to make a type specimen book.<\\/p>\",\"5\":[\"139\",\"140\",\"141\",\"142\",\"143\",\"144\"],\"4\":[\"102\"],\"38\":{\"252\":{\"type\":\"gallery\",\"enabled\":\"1\",\"fields\":{\"gallery\":[\"139\",\"140\",\"141\",\"142\",\"143\",\"144\"]}},\"254\":{\"type\":\"video\",\"enabled\":\"1\",\"fields\":{\"video\":\"https:\\/\\/vimeo.com\\/39172872\"}}},\"7\":\"https:\\/\\/vimeo.com\\/45515295\"}}', '2018-12-26 03:50:05', '2018-12-26 03:50:05', 'a96657df-75ec-47d7-a68e-5b309f509d31'),
 ('213', '188', '4', '1', 'en_us', '11', '', '{\"typeId\":\"10\",\"authorId\":\"1\",\"title\":\"Self Tree\",\"slug\":\"self-tree\",\"postDate\":1471982340,\"expiryDate\":null,\"enabled\":1,\"parentId\":\"\",\"fields\":{\"8\":\"#239978\",\"9\":\"#031913\",\"15\":[\"182\"],\"6\":\"<p>Paper, painting, clay, fabric, metal ring.<\\/p>\\r\\n<p>2013<\\/p>\",\"5\":[\"239\"],\"4\":[\"234\"],\"38\":{\"255\":{\"type\":\"gallery\",\"enabled\":\"1\",\"fields\":{\"gallery\":[\"239\"]}}},\"7\":\"\"}}', '2018-12-26 17:05:03', '2018-12-26 17:05:03', '947fa17f-4dca-4fb5-a7bd-a65e6fa9b32b'),
 ('214', '178', '4', '1', 'en_us', '6', '', '{\"typeId\":\"10\",\"authorId\":\"1\",\"title\":\"Purity\",\"slug\":\"purity\",\"postDate\":1471981320,\"expiryDate\":null,\"enabled\":1,\"parentId\":\"\",\"fields\":{\"8\":\"#ac1e12\",\"9\":\"#d1b792\",\"15\":[\"182\"],\"6\":\"<p>Lorem Ipsum is simply dummy text of the printing and typesetting industry. Lorem Ipsum has been the industry\'s standard dummy text ever since the 1500s, when an unknown printer took a galley of type and scrambled it to make a type specimen book.<\\/p>\",\"5\":[\"146\"],\"4\":[\"104\"],\"38\":{\"256\":{\"type\":\"gallery\",\"enabled\":\"1\",\"fields\":{\"gallery\":[\"146\"]}}},\"7\":\"\"}}', '2018-12-26 17:05:42', '2018-12-26 17:05:42', '74990106-4a69-4332-adf3-327611c18120'),
 ('215', '186', '4', '1', 'en_us', '5', '', '{\"typeId\":\"10\",\"authorId\":\"1\",\"title\":\"Red\",\"slug\":\"red\",\"postDate\":1471982220,\"expiryDate\":null,\"enabled\":1,\"parentId\":\"\",\"fields\":{\"8\":\"#929292\",\"9\":\"#5b0e0e\",\"15\":[\"182\"],\"6\":\"<p>Lorem Ipsum is simply dummy text of the printing and typesetting industry. Lorem Ipsum has been the industry\'s standard dummy text ever since the 1500s, when an unknown printer took a galley of type and scrambled it to make a type specimen book.<\\/p>\",\"5\":[\"147\"],\"4\":[\"107\"],\"38\":{\"257\":{\"type\":\"gallery\",\"enabled\":\"1\",\"fields\":{\"gallery\":[\"147\"]}}},\"7\":\"\"}}', '2018-12-26 17:06:06', '2018-12-26 17:06:06', '55e5a61d-fee6-4212-8cd5-5a02ce7f36af');
INSERT INTO `craft_entryversions` (`id`, `entryId`, `sectionId`, `creatorId`, `locale`, `num`, `notes`, `data`, `dateCreated`, `dateUpdated`, `uid`) VALUES
 ('216', '189', '4', '1', 'en_us', '4', '', '{\"typeId\":\"10\",\"authorId\":\"1\",\"title\":\"Head\",\"slug\":\"head\",\"postDate\":1471982340,\"expiryDate\":null,\"enabled\":1,\"parentId\":\"\",\"fields\":{\"8\":\"#1a100e\",\"9\":\"#805c33\",\"15\":[\"183\"],\"6\":\"<p>Lorem Ipsum is simply dummy text of the printing and typesetting industry. Lorem Ipsum has been the industry\'s standard dummy text ever since the 1500s, when an unknown printer took a galley of type and scrambled it to make a type specimen book.<\\/p>\",\"5\":[\"135\",\"136\",\"137\"],\"4\":[\"106\"],\"38\":{\"258\":{\"type\":\"gallery\",\"enabled\":\"1\",\"fields\":{\"gallery\":[\"135\",\"136\",\"137\"]}}},\"7\":\"\"}}', '2018-12-26 17:06:25', '2018-12-26 17:06:25', '597f605a-90f6-4cea-a1c7-b1b5b2a61ea2'),
 ('217', '189', '4', '1', 'en_us', '5', '', '{\"typeId\":\"10\",\"authorId\":\"1\",\"title\":\"Head\",\"slug\":\"head\",\"postDate\":1471982340,\"expiryDate\":null,\"enabled\":1,\"parentId\":\"\",\"fields\":{\"8\":\"#1a100e\",\"9\":\"#805c33\",\"15\":[\"183\"],\"6\":\"<p>Lorem Ipsum is simply dummy text of the printing and typesetting industry. Lorem Ipsum has been the industry\'s standard dummy text ever since the 1500s, when an unknown printer took a galley of type and scrambled it to make a type specimen book.<\\/p>\",\"5\":[\"135\",\"136\",\"137\"],\"4\":[\"106\"],\"38\":{\"258\":{\"type\":\"gallery\",\"enabled\":\"1\",\"fields\":{\"gallery\":[\"135\",\"136\",\"137\"]}}},\"7\":\"\"}}', '2018-12-26 17:06:28', '2018-12-26 17:06:28', '86f45112-a4bd-468e-ab2d-a29794962614'),
 ('218', '190', '4', '1', 'en_us', '4', '', '{\"typeId\":\"10\",\"authorId\":\"1\",\"title\":\"Birth To Die\",\"slug\":\"birth-to-die\",\"postDate\":1471982460,\"expiryDate\":null,\"enabled\":1,\"parentId\":\"\",\"fields\":{\"8\":\"#b36561\",\"9\":\"#d3d9d3\",\"15\":[\"183\"],\"6\":\"<p>Lorem Ipsum is simply dummy text of the printing and typesetting industry. Lorem Ipsum has been the industry\'s standard dummy text ever since the 1500s, when an unknown printer took a galley of type and scrambled it to make a type specimen book.<\\/p>\",\"5\":[\"134\"],\"4\":[\"105\"],\"38\":{\"259\":{\"type\":\"gallery\",\"enabled\":\"1\",\"fields\":{\"gallery\":[\"134\"]}}},\"7\":\"\"}}', '2018-12-26 17:06:44', '2018-12-26 17:06:44', '38b935f6-a4ab-420e-8b87-ad98a589851a'),
 ('219', '264', '7', '1', 'en_us', '1', NULL, '{\"typeId\":\"12\",\"authorId\":null,\"title\":\"About Page\",\"slug\":\"about-page\",\"postDate\":1545848687,\"expiryDate\":null,\"enabled\":1,\"parentId\":null,\"fields\":[]}', '2018-12-26 18:24:47', '2018-12-26 18:24:47', '25fd7a90-2aab-47de-9931-00d1b8d141d9'),
 ('220', '265', '8', '1', 'en_us', '1', NULL, '{\"typeId\":\"13\",\"authorId\":null,\"title\":\"Contact Page\",\"slug\":\"contact-page\",\"postDate\":1545848703,\"expiryDate\":null,\"enabled\":1,\"parentId\":null,\"fields\":[]}', '2018-12-26 18:25:03', '2018-12-26 18:25:03', '3d2fb55c-4140-4be9-9e58-e19f63671304'),
 ('221', '154', '3', '1', 'en_us', '7', '', '{\"typeId\":\"3\",\"authorId\":\"1\",\"title\":\"12 Days of Elves Season 3\",\"slug\":\"12-days-of-elves-season-3\",\"postDate\":1471978800,\"expiryDate\":null,\"enabled\":1,\"parentId\":\"\",\"fields\":{\"29\":\"#6bfff3\",\"32\":\"0.4\",\"30\":\"#ff2e2a\",\"12\":\"\",\"25\":\"#000000\",\"21\":\"\",\"27\":\"#000000\",\"23\":\"#000000\",\"33\":\"\",\"31\":\"\",\"22\":\"\",\"28\":\"#000000\",\"24\":\"#000000\",\"20\":\"\",\"26\":\"#000000\",\"10\":[],\"11\":[],\"34\":\"\",\"35\":\"0\",\"4\":[\"112\"],\"38\":[]}}', '2018-12-26 20:46:57', '2018-12-26 20:46:57', 'fd9d8dc4-fba9-4c05-9e9a-fcff42ac9aa3'),
 ('222', '154', '3', '1', 'en_us', '8', '', '{\"typeId\":\"3\",\"authorId\":\"1\",\"title\":\"12 Days of Elves Season 3\",\"slug\":\"12-days-of-elves-season-3\",\"postDate\":1471978800,\"expiryDate\":null,\"enabled\":1,\"parentId\":\"\",\"fields\":{\"29\":\"#6bfff3\",\"32\":\"0.4\",\"30\":\"#ff2e2a\",\"12\":\"\",\"25\":\"#000000\",\"21\":\"\",\"27\":\"#000000\",\"23\":\"#000000\",\"33\":\"\",\"31\":\"\",\"22\":\"\",\"28\":\"#000000\",\"24\":\"#000000\",\"20\":\"12 Days of Elves Season 3\",\"26\":\"#000000\",\"10\":[],\"11\":[],\"34\":\"\",\"35\":\"0\",\"4\":[\"112\"],\"38\":[]}}', '2018-12-26 20:49:28', '2018-12-26 20:49:28', 'e43de2ec-f422-4423-a726-0aeaa6c76ce0'),
 ('223', '154', '3', '1', 'en_us', '9', '', '{\"typeId\":\"3\",\"authorId\":\"1\",\"title\":\"12 Days of Elves Season 3\",\"slug\":\"12-days-of-elves-season-3\",\"postDate\":1471978800,\"expiryDate\":null,\"enabled\":1,\"parentId\":\"\",\"fields\":{\"29\":\"#6bfff3\",\"32\":\"0.4\",\"30\":\"#ff2e2a\",\"12\":\"Hornet Films\",\"25\":\"#000000\",\"21\":\"\",\"27\":\"#000000\",\"23\":\"#000000\",\"33\":\"\",\"31\":\"\",\"22\":\"\",\"28\":\"#000000\",\"24\":\"#000000\",\"20\":\"12 Days of Elves Season 3\",\"26\":\"#000000\",\"10\":[],\"11\":[],\"34\":\"\",\"35\":\"0\",\"4\":[\"112\"],\"38\":[]}}', '2018-12-26 20:49:47', '2018-12-26 20:49:47', 'a1e55a0f-64dd-4ba6-81d6-3a9258643e29'),
 ('224', '155', '3', '1', 'en_us', '4', '', '{\"typeId\":\"3\",\"authorId\":\"1\",\"title\":\"DELL Stop Motion Paper Cut\",\"slug\":\"dell-stop-motion-paper-cut\",\"postDate\":1471979400,\"expiryDate\":null,\"enabled\":1,\"parentId\":\"\",\"fields\":{\"29\":\"#ffffff\",\"32\":\"0\",\"30\":\"#ffffff\",\"12\":\"Hornet Films\",\"25\":\"#000000\",\"21\":\"\",\"27\":\"#000000\",\"23\":\"#000000\",\"33\":\"\",\"31\":\"\",\"22\":\"\",\"28\":\"#000000\",\"24\":\"#000000\",\"20\":\"DELL Stop Motion Paper Cut\",\"26\":\"#000000\",\"10\":[],\"11\":[],\"34\":\"\",\"35\":\"0\",\"4\":[\"119\"],\"38\":[]}}', '2018-12-26 20:49:57', '2018-12-26 20:49:57', '9cd066f7-cf02-4e6c-945a-3a80e6e5f10d'),
 ('225', '156', '3', '1', 'en_us', '2', '', '{\"typeId\":\"3\",\"authorId\":\"1\",\"title\":\"Espn What Are You Doing New Year\\u2019s Eve\",\"slug\":\"espn-what-are-you-doing-new-years-eve\",\"postDate\":1471979460,\"expiryDate\":null,\"enabled\":1,\"parentId\":\"\",\"fields\":{\"29\":\"\",\"32\":\"0\",\"30\":\"\",\"12\":\"Hornet Films\",\"25\":\"\",\"21\":\"\",\"27\":\"\",\"23\":\"\",\"33\":\"\",\"31\":\"\",\"22\":\"\",\"28\":\"\",\"24\":\"\",\"20\":\"Espn What Are You Doing New Year\\u2019s Eve\",\"26\":\"\",\"10\":[],\"11\":[],\"34\":\"\",\"35\":\"0\",\"4\":[\"120\"],\"38\":[]}}', '2018-12-26 20:50:06', '2018-12-26 20:50:06', 'd80b7422-685f-4164-8d5a-2c94691d11fc'),
 ('226', '195', '5', '1', 'en_us', '2', '', '{\"typeId\":\"7\",\"authorId\":null,\"title\":\"Commercial Works Overview Page\",\"slug\":\"commercial-works-page\",\"postDate\":1512058912,\"expiryDate\":null,\"enabled\":1,\"parentId\":null,\"fields\":{\"43\":\"#000\",\"44\":\"#ffffff\"}}', '2018-12-27 19:53:07', '2018-12-27 19:53:07', '107c1bde-1ef8-4bf0-8ac3-bdeec7b71692'),
 ('227', '196', '6', '1', 'en_us', '2', '', '{\"typeId\":\"8\",\"authorId\":null,\"title\":\"Indie Works Overview Page\",\"slug\":\"indie-works-page\",\"postDate\":1512058954,\"expiryDate\":null,\"enabled\":1,\"parentId\":null,\"fields\":{\"43\":\"#000000\",\"44\":\"#ffffff\"}}', '2018-12-27 19:54:30', '2018-12-27 19:54:30', '5096253a-a507-40b0-abbe-83bfc9178492'),
 ('228', '210', '3', '1', 'en_us', '28', '', '{\"typeId\":\"3\",\"authorId\":\"1\",\"title\":\"Prime Day 2016\",\"slug\":\"prime-day-2016\",\"postDate\":1512273480,\"expiryDate\":null,\"enabled\":1,\"parentId\":\"\",\"fields\":{\"29\":\"#13b8fb\",\"32\":\"0.8\",\"30\":\"#18334e\",\"12\":\"Amazon\",\"25\":\"#ffffff\",\"21\":\"<p>July 12th marks Amazon\\u2019s 2nd Annual Prime Day, a global, mid-year shopping holiday for its Prime customers to receive online deals. The truly integrated campaign combines broadcast and print advertising along with digital, social media and a site takeover for markets all over the world including the following: Japan, Spain, France, the United Kingdom, Germany, Austria, the United States of America, and Canada.<\\/p>\",\"27\":\"#18334e\",\"23\":\"#18334e\",\"33\":\"#0788bc\",\"31\":[\"217\"],\"22\":\"<p><strong>Type:<\\/strong> Stop-motion\\/3D elements\\/Mixed Media<\\/p>\\r\\n<p><strong>Production Studio:<\\/strong> Hornet Inc.<\\/p>\\r\\n<p><strong>Agency:<\\/strong> Leo Burnett<\\/p>\\r\\n<p><strong>Director:<\\/strong> Peter Sluszka<\\/p>\\r\\n<p><strong>Lean more Visit site:<\\/strong> <a href=\\\"http:\\/\\/www.hornetinc.com\\/amazon-primeday\\\">www.hornetinc.com\\/amazon-prime<\\/a><\\/p>\",\"28\":\"#18334e\",\"24\":\"#c89a74\",\"20\":\"Prime Day 2016 TV Spot: Everywhere\",\"26\":\"#c89a74\",\"10\":{\"211\":{\"type\":\"role\",\"enabled\":\"1\",\"fields\":{\"role\":\"Compositor\"}}},\"11\":{\"212\":{\"type\":\"skill\",\"enabled\":\"1\",\"fields\":{\"skill\":\"AE Compositing\"}},\"213\":{\"type\":\"skill\",\"enabled\":\"1\",\"fields\":{\"skill\":\"Tracking\"}},\"214\":{\"type\":\"skill\",\"enabled\":\"1\",\"fields\":{\"skill\":\"Green Screen\"}},\"215\":{\"type\":\"skill\",\"enabled\":\"1\",\"fields\":{\"skill\":\"Clean Up\"}},\"216\":{\"type\":\"skill\",\"enabled\":\"1\",\"fields\":{\"skill\":\"VFX\"}}},\"34\":\"#13b8fb\",\"35\":\"0.8\",\"45\":\"#000\",\"4\":[\"217\"],\"38\":{\"243\":{\"type\":\"video\",\"enabled\":\"1\",\"fields\":{\"video\":\"https:\\/\\/vimeo.com\\/191876455\"}},\"244\":{\"type\":\"gallery\",\"enabled\":\"1\",\"fields\":{\"gallery\":[\"218\",\"219\"]}},\"245\":{\"type\":\"gallery\",\"enabled\":\"1\",\"fields\":{\"gallery\":[\"220\",\"221\",\"222\"]}}}}}', '2018-12-27 20:12:46', '2018-12-27 20:12:46', '2cfde97c-2578-4311-90d8-0de5f457a6d4'),
 ('229', '153', '3', '1', 'en_us', '51', '', '{\"typeId\":\"3\",\"authorId\":\"1\",\"title\":\"12 Days of Elves Season 2\",\"slug\":\"12-days-of-elves-season-2\",\"postDate\":1471977660,\"expiryDate\":null,\"enabled\":1,\"parentId\":\"\",\"fields\":{\"29\":\"#25be57\",\"32\":\"0.8\",\"30\":\"#f31c1c\",\"12\":\"Hornet Films\",\"25\":\"#ffffff\",\"21\":\"<p>July 12th marks Amazon\\u2019s 2nd Annual Prime Day, a global, mid-year shopping holiday for its Prime customers to receive online deals. The truly integrated campaign combines broadcast and print advertising along with digital, social media and a site takeover for markets all over the world including the following: Japan, Spain, France, the United Kingdom, Germany, Austria, the United States of America, and Canada.<\\/p>\",\"27\":\"#ffffff\",\"23\":\"#ffffff\",\"33\":\"#258746\",\"31\":[\"111\"],\"22\":\"<p><strong>Tag:<\\/strong> Stop-motion\\/3D elements\\/Mixed Media\\/2016<\\/p>\\r\\n<p><strong>Production Studio:<\\/strong> Hornet inc.<\\/p>\\r\\n<p><strong>Agency:<\\/strong> Leo Burnett<\\/p>\\r\\n<p><strong>Director:<\\/strong> Peter Sluszka<\\/p>\\r\\n<p><strong>Learn More:<\\/strong> <a href=\\\"http:\\/\\/hornetinc.com\\\">hornetinc.com<\\/a><\\/p>\",\"28\":\"#ffffff\",\"24\":\"#f31c1c\",\"20\":\"12 Days of Elves Season 2\",\"26\":\"#f31c1c\",\"10\":{\"206\":{\"type\":\"role\",\"enabled\":\"1\",\"fields\":{\"role\":\"Compositor\"}},\"207\":{\"type\":\"role\",\"enabled\":\"1\",\"fields\":{\"role\":\"Colorist\"}}},\"11\":{\"208\":{\"type\":\"skill\",\"enabled\":\"1\",\"fields\":{\"skill\":\"2D Animation\"}},\"209\":{\"type\":\"skill\",\"enabled\":\"1\",\"fields\":{\"skill\":\"Short Films\"}}},\"34\":\"#25be57\",\"35\":\"0.9\",\"45\":\"#fff\",\"4\":[\"111\"],\"38\":{\"246\":{\"type\":\"gallery\",\"enabled\":\"1\",\"fields\":{\"gallery\":[\"218\",\"219\"]}},\"248\":{\"type\":\"gallery\",\"enabled\":\"1\",\"fields\":{\"gallery\":[\"220\",\"221\",\"222\"]}},\"247\":{\"type\":\"video\",\"enabled\":\"1\",\"fields\":{\"video\":\"https:\\/\\/vimeo.com\\/45515295\"}}}}}', '2018-12-27 20:12:52', '2018-12-27 20:12:52', '12870eaa-b222-4d6f-b49c-633fa2b9a94a'),
 ('230', '154', '3', '1', 'en_us', '10', '', '{\"typeId\":\"3\",\"authorId\":\"1\",\"title\":\"12 Days of Elves Season 3\",\"slug\":\"12-days-of-elves-season-3\",\"postDate\":1471978800,\"expiryDate\":null,\"enabled\":1,\"parentId\":\"\",\"fields\":{\"29\":\"#6bfff3\",\"32\":\"0.4\",\"30\":\"#ff2e2a\",\"12\":\"Hornet Films\",\"25\":\"#000000\",\"21\":\"\",\"27\":\"#000000\",\"23\":\"#000000\",\"33\":\"\",\"31\":[\"112\"],\"22\":\"\",\"28\":\"#000000\",\"24\":\"#000000\",\"20\":\"12 Days of Elves Season 3\",\"26\":\"#000000\",\"10\":[],\"11\":[],\"34\":\"\",\"35\":\"0\",\"4\":[\"112\"],\"38\":{\"266\":{\"type\":\"video\",\"enabled\":\"1\",\"fields\":{\"video\":\"https:\\/\\/vimeo.com\\/125408376\"}},\"267\":{\"type\":\"gallery\",\"enabled\":\"1\",\"fields\":{\"gallery\":[\"218\",\"219\"]}}}}}', '2018-12-27 20:14:19', '2018-12-27 20:14:19', 'd9bf11cf-d564-405f-8eaa-33b1e3aa056e'),
 ('231', '154', '3', '1', 'en_us', '11', '', '{\"typeId\":\"3\",\"authorId\":\"1\",\"title\":\"12 Days of Elves Season 3\",\"slug\":\"12-days-of-elves-season-3\",\"postDate\":1471978800,\"expiryDate\":null,\"enabled\":1,\"parentId\":\"\",\"fields\":{\"29\":\"#6bfff3\",\"32\":\"0.4\",\"30\":\"#ff2e2a\",\"12\":\"Hornet Films\",\"25\":\"#000000\",\"21\":\"\",\"27\":\"#000000\",\"23\":\"#000000\",\"33\":\"\",\"31\":[\"112\"],\"22\":\"\",\"28\":\"#000000\",\"24\":\"#000000\",\"45\":\"#fff\",\"20\":\"12 Days of Elves Season 3\",\"26\":\"#000000\",\"10\":[],\"11\":[],\"34\":\"\",\"35\":\"0\",\"4\":[\"112\"],\"38\":{\"266\":{\"type\":\"video\",\"enabled\":\"1\",\"fields\":{\"video\":\"https:\\/\\/vimeo.com\\/125408376\"}},\"267\":{\"type\":\"gallery\",\"enabled\":\"1\",\"fields\":{\"gallery\":[\"218\",\"219\"]}}}}}', '2018-12-27 20:28:53', '2018-12-27 20:28:53', '08bffe20-ba2c-4b17-9fd6-e27c0dacd1b1'),
 ('232', '264', '7', '1', 'en_us', '2', '', '{\"typeId\":null,\"authorId\":null,\"title\":\"About Page\",\"slug\":\"about-page\",\"postDate\":1545848687,\"expiryDate\":null,\"enabled\":1,\"parentId\":null,\"fields\":{\"43\":\"#000000\",\"44\":\"#ffffff\"}}', '2018-12-28 02:21:38', '2018-12-28 02:21:38', '6430505c-5c39-4d9b-b8df-8b6f5026bfaf'),
 ('233', '264', '7', '1', 'en_us', '3', '', '{\"typeId\":null,\"authorId\":null,\"title\":\"About Page\",\"slug\":\"about-page\",\"postDate\":1545848687,\"expiryDate\":null,\"enabled\":1,\"parentId\":null,\"fields\":{\"46\":\"Raised in Beijing China, Xiaoxiao now works based in New York, as a freelance compositor and motion graphics artist with brand list including Google, Amazon, Apple, Dell, Samsung, Bosch, Ford, McDonald\\u2019s, ESPN, Nickelodeon, Cartoon Network, Sesame Studios, VH1 TV, Hanes, Footlocker, CVS, Navy Federal Credit Union, etc. Her animated film \\\"Rock is not an Attitude\\\" has been official selected and screened in numerous international festivals, including ANIMAYO International Film Festival, Athens International Film Festival, CutOut Fest, 56th Zl\\u00edn Film Festival, Brooklyn Film Festival, Adobe Design Achievement Awards to name a few. When creating as an independent artist, Xiaoxiao loves stop-motion animation and is particularly interested in its ability to allow a deeper expression based on its direct physical foundation.\",\"43\":\"#000000\",\"44\":\"#ffffff\"}}', '2018-12-28 21:55:04', '2018-12-28 21:55:04', '0418c567-a248-4745-8514-06db017a1641'),
 ('234', '264', '7', '1', 'en_us', '4', '', '{\"typeId\":null,\"authorId\":null,\"title\":\"About Page\",\"slug\":\"about-page\",\"postDate\":1545848687,\"expiryDate\":null,\"enabled\":1,\"parentId\":null,\"fields\":{\"47\":\"<p class=\\\"about-brief-text-row-1\\\">Hi, My name is<span class=\\\"about-brief-name\\\">Xiaoxiao Tang<\\/span>, a Multimedia Artist<\\/p>\\r\\n<p class=\\\"about-brief-text-row-2\\\">specializing in<span class=\\\"about-brief-industry\\\">Animation,<br>Compositing,<br>Motion Graphics<\\/span>\\r\\n\\t\\t\\t<\\/p>\\r\\n\",\"46\":\"Raised in Beijing China, Xiaoxiao now works based in New York, as a freelance compositor and motion graphics artist with brand list including Google, Amazon, Apple, Dell, Samsung, Bosch, Ford, McDonald\\u2019s, ESPN, Nickelodeon, Cartoon Network, Sesame Studios, VH1 TV, Hanes, Footlocker, CVS, Navy Federal Credit Union, etc. Her animated film \\\"Rock is not an Attitude\\\" has been official selected and screened in numerous international festivals, including ANIMAYO International Film Festival, Athens International Film Festival, CutOut Fest, 56th Zl\\u00edn Film Festival, Brooklyn Film Festival, Adobe Design Achievement Awards to name a few. When creating as an independent artist, Xiaoxiao loves stop-motion animation and is particularly interested in its ability to allow a deeper expression based on its direct physical foundation.\",\"43\":\"#000000\",\"44\":\"#ffffff\"}}', '2018-12-28 21:59:15', '2018-12-28 21:59:15', '66d18417-50ea-41f1-b50f-8240f278502e'),
 ('235', '264', '7', '1', 'en_us', '5', '', '{\"typeId\":null,\"authorId\":null,\"title\":\"About Page\",\"slug\":\"about-page\",\"postDate\":1545848687,\"expiryDate\":null,\"enabled\":1,\"parentId\":null,\"fields\":{\"46\":\"<p>Raised in Beijing China, Xiaoxiao now works based in New York, as a freelance compositor and motion graphics artist with brand list including Google, Amazon, Apple, Dell, Samsung, Bosch, Ford, McDonald\\u2019s, ESPN, Nickelodeon, Cartoon Network, Sesame Studios, VH1 TV, Hanes, Footlocker, CVS, Navy Federal Credit Union, etc. Her animated film \\\"Rock is not an Attitude\\\" has been official selected and screened in numerous international festivals, including ANIMAYO International Film Festival, Athens International Film Festival, CutOut Fest, 56th Zl\\u00edn Film Festival, Brooklyn Film Festival, Adobe Design Achievement Awards to name a few. When creating as an independent artist, Xiaoxiao loves stop-motion animation and is particularly interested in its ability to allow a deeper expression based on its direct physical foundation.<\\/p>\",\"47\":\"\\t\\t\\t<p class=\\\"about-brief-text-row-1\\\">Hi, My name is <span class=\\\"about-brief-name\\\">Xiaoxiao Tang<\\/span> , a Multimedia Artist<\\/p>\\r\\n\\t\\t\\t<p class=\\\"about-brief-text-row-2\\\">specializing in<span class=\\\"about-brief-industry\\\"><span>Animation,<\\/span><span>Compositing,<\\/span><span>Motion Graphics<\\/span><\\/span>\\r\\n\\t\\t\\t<\\/p>\",\"43\":\"#000000\",\"44\":\"#ffffff\"}}', '2018-12-29 03:19:28', '2018-12-29 03:19:28', '2f4da91e-5b4a-4c67-aad1-5541fa879bbe'),
 ('236', '264', '7', '1', 'en_us', '6', '', '{\"typeId\":null,\"authorId\":null,\"title\":\"About Page\",\"slug\":\"about-page\",\"postDate\":1545848687,\"expiryDate\":null,\"enabled\":1,\"parentId\":null,\"fields\":{\"46\":\"<p>Raised in Beijing China, Xiaoxiao now works based in New York, as a freelance compositor and motion graphics artist with brand list including Google, Amazon, Apple, Dell, Samsung, Bosch, Ford, McDonald\\u2019s, ESPN, Nickelodeon, Cartoon Network, Sesame Studios, VH1 TV, Hanes, Footlocker, CVS, Navy Federal Credit Union, etc. Her animated film \\\"Rock is not an Attitude\\\" has been official selected and screened in numerous international festivals, including ANIMAYO International Film Festival, Athens International Film Festival, CutOut Fest, 56th Zl\\u00edn Film Festival, Brooklyn Film Festival, Adobe Design Achievement Awards to name a few. When creating as an independent artist, Xiaoxiao loves stop-motion animation and is particularly interested in its ability to allow a deeper expression based on its direct physical foundation.<\\/p>\",\"47\":\"<p class=\\\"about-brief-text-row-1\\\">Hi, My name is <span class=\\\"about-brief-name\\\">Xiaoxiao Tang<\\/span>, a Multimedia Artist<\\/p>\\r\\n<p class=\\\"about-brief-text-row-2\\\">specializing in<span class=\\\"about-brief-industry\\\">Animation,Compositing,Motion Graphics<\\/span>\\r\\n\\t\\t\\t<\\/p>\",\"43\":\"#000000\",\"44\":\"#ffffff\"}}', '2018-12-29 03:19:52', '2018-12-29 03:19:52', '176243df-6ced-4c08-8fec-386e107604e7'),
 ('237', '264', '7', '1', 'en_us', '7', '', '{\"typeId\":null,\"authorId\":null,\"title\":\"About Page\",\"slug\":\"about-page\",\"postDate\":1545848687,\"expiryDate\":null,\"enabled\":1,\"parentId\":null,\"fields\":{\"46\":\"<p>Raised in Beijing China, Xiaoxiao now works based in New York, as a freelance compositor and motion graphics artist with brand list including Google, Amazon, Apple, Dell, Samsung, Bosch, Ford, McDonald\\u2019s, ESPN, Nickelodeon, Cartoon Network, Sesame Studios, VH1 TV, Hanes, Footlocker, CVS, Navy Federal Credit Union, etc. Her animated film \\\"Rock is not an Attitude\\\" has been official selected and screened in numerous international festivals, including ANIMAYO International Film Festival, Athens International Film Festival, CutOut Fest, 56th Zl\\u00edn Film Festival, Brooklyn Film Festival, Adobe Design Achievement Awards to name a few. When creating as an independent artist, Xiaoxiao loves stop-motion animation and is particularly interested in its ability to allow a deeper expression based on its direct physical foundation.<\\/p>\",\"47\":\"<p class=\\\"about-brief-text-row-1\\\">Hi, My name is <span class=\\\"about-brief-name\\\">Xiaoxiao Tang<\\/span>, a Multimedia Artist<\\/p>\\r\\n<p class=\\\"about-brief-text-row-2\\\">specializing in<span class=\\\"about-brief-industry\\\">Animation,Compositing,Motion Graphics<\\/span>\\r\\n\\t\\t\\t<\\/p>\",\"43\":\"#000000\",\"44\":\"#ffffff\"}}', '2018-12-29 03:21:43', '2018-12-29 03:21:43', '1f38b91d-f43e-4fd6-b21e-57f2f13c7590'),
 ('238', '264', '7', '1', 'en_us', '8', '', '{\"typeId\":null,\"authorId\":null,\"title\":\"About Page\",\"slug\":\"about-page\",\"postDate\":1545848687,\"expiryDate\":null,\"enabled\":1,\"parentId\":null,\"fields\":{\"46\":\"<p>Raised in Beijing China, Xiaoxiao now works based in New York, as a freelance compositor and motion graphics artist with brand list including Google, Amazon, Apple, Dell, Samsung, Bosch, Ford, McDonald\\u2019s, ESPN, Nickelodeon, Cartoon Network, Sesame Studios, VH1 TV, Hanes, Footlocker, CVS, Navy Federal Credit Union, etc. Her animated film \\\"Rock is not an Attitude\\\" has been official selected and screened in numerous international festivals, including ANIMAYO International Film Festival, Athens International Film Festival, CutOut Fest, 56th Zl\\u00edn Film Festival, Brooklyn Film Festival, Adobe Design Achievement Awards to name a few. When creating as an independent artist, Xiaoxiao loves stop-motion animation and is particularly interested in its ability to allow a deeper expression based on its direct physical foundation.<\\/p>\",\"47\":\"<p class=\\\"about-brief-text-row-1\\\">Hi, My name is <span class=\\\"about-brief-name\\\">Xiaoxiao Tang<\\/span>, a Multimedia Artist<\\/p>\\r\\n<p class=\\\"about-brief-text-row-2\\\">specializing in<span class=\\\"about-brief-industry\\\">Animation,Compositing,Motion Graphics<\\/span>\\r\\n\\t\\t\\t<\\/p>\",\"43\":\"#000000\",\"44\":\"#ffffff\"}}', '2018-12-29 03:22:47', '2018-12-29 03:22:47', '271ccf4c-02d6-4ecf-bf7f-01fb3a5dfcbd'),
 ('239', '264', '7', '1', 'en_us', '9', '', '{\"typeId\":null,\"authorId\":null,\"title\":\"About Page\",\"slug\":\"about-page\",\"postDate\":1545848687,\"expiryDate\":null,\"enabled\":1,\"parentId\":null,\"fields\":{\"46\":\"<p>Raised in Beijing China, Xiaoxiao now works based in New York, as a freelance compositor and motion graphics artist with brand list including Google, Amazon, Apple, Dell, Samsung, Bosch, Ford, McDonald\\u2019s, ESPN, Nickelodeon, Cartoon Network, Sesame Studios, VH1 TV, Hanes, Footlocker, CVS, Navy Federal Credit Union, etc. Her animated film \\\"Rock is not an Attitude\\\" has been official selected and screened in numerous international festivals, including ANIMAYO International Film Festival, Athens International Film Festival, CutOut Fest, 56th Zl\\u00edn Film Festival, Brooklyn Film Festival, Adobe Design Achievement Awards to name a few. When creating as an independent artist, Xiaoxiao loves stop-motion animation and is particularly interested in its ability to allow a deeper expression based on its direct physical foundation.<\\/p>\",\"47\":\"\\t\\t\\t<p class=\\\"about-brief-text-row-1\\\">Hi, My name is <span class=\\\"about-brief-name\\\">Xiaoxiao Tang<\\/span>, a Multimedia Artist<\\/p>\\r\\n\\t\\t\\t<p class=\\\"about-brief-text-row-2\\\">specializing in<span class=\\\"about-brief-industry\\\"><p>Animation,<\\/p><p>Compositing,<\\/p><p>Motion Graphics<\\/p><\\/span>\\r\\n\\t\\t\\t<\\/p>\",\"43\":\"#000000\",\"44\":\"#ffffff\"}}', '2018-12-29 03:24:04', '2018-12-29 03:24:04', '7eef5b64-ee58-4a15-8e21-b3eab975ba14'),
 ('240', '264', '7', '1', 'en_us', '10', '', '{\"typeId\":null,\"authorId\":null,\"title\":\"About Page\",\"slug\":\"about-page\",\"postDate\":1545848687,\"expiryDate\":null,\"enabled\":1,\"parentId\":null,\"fields\":{\"46\":\"<p>Raised in Beijing China, Xiaoxiao now works based in New York, as a freelance compositor and motion graphics artist with brand list including Google, Amazon, Apple, Dell, Samsung, Bosch, Ford, McDonald\\u2019s, ESPN, Nickelodeon, Cartoon Network, Sesame Studios, VH1 TV, Hanes, Footlocker, CVS, Navy Federal Credit Union, etc. Her animated film \\\"Rock is not an Attitude\\\" has been official selected and screened in numerous international festivals, including ANIMAYO International Film Festival, Athens International Film Festival, CutOut Fest, 56th Zl\\u00edn Film Festival, Brooklyn Film Festival, Adobe Design Achievement Awards to name a few. When creating as an independent artist, Xiaoxiao loves stop-motion animation and is particularly interested in its ability to allow a deeper expression based on its direct physical foundation.<\\/p>\",\"47\":\"\\t\\t\\t<div class=\\\"about-brief-text-row-1\\\">Hi, My name is <span class=\\\"about-brief-name\\\">Xiaoxiao Tang<\\/span>, a Multimedia Artist<\\/div>\\r\\n\\t\\t\\t<div class=\\\"about-brief-text-row-2\\\">specializing in<p class=\\\"about-brief-industry\\\"><span>Animation,<\\/span><span>Compositing,<\\/span><span>Motion Graphics<\\/span><\\/p>\\r\\n\\t\\t\\t<\\/div>\",\"43\":\"#000000\",\"44\":\"#ffffff\"}}', '2018-12-29 03:25:45', '2018-12-29 03:25:45', '7537c24d-48e7-4516-b716-eeb7cf770f89'),
 ('241', '264', '7', '1', 'en_us', '11', '', '{\"typeId\":null,\"authorId\":null,\"title\":\"About Page\",\"slug\":\"about-page\",\"postDate\":1545848687,\"expiryDate\":null,\"enabled\":1,\"parentId\":null,\"fields\":{\"46\":\"<p>Raised in Beijing China, Xiaoxiao now works based in New York, as a freelance compositor and motion graphics artist with brand list including Google, Amazon, Apple, Dell, Samsung, Bosch, Ford, McDonald\\u2019s, ESPN, Nickelodeon, Cartoon Network, Sesame Studios, VH1 TV, Hanes, Footlocker, CVS, Navy Federal Credit Union, etc. Her animated film \\\"Rock is not an Attitude\\\" has been official selected and screened in numerous international festivals, including ANIMAYO International Film Festival, Athens International Film Festival, CutOut Fest, 56th Zl\\u00edn Film Festival, Brooklyn Film Festival, Adobe Design Achievement Awards to name a few. When creating as an independent artist, Xiaoxiao loves stop-motion animation and is particularly interested in its ability to allow a deeper expression based on its direct physical foundation.<\\/p>\",\"47\":\"\\t\\t\\t<div class=\\\"about-brief-text-row-1\\\">Hi, My name is <span class=\\\"about-brief-name\\\">Xiaoxiao Tang<\\/span>, a Multimedia Artist<\\/div>\\r\\n\\t\\t\\t<div class=\\\"about-brief-text-row-2\\\">specializing in<p class=\\\"about-brief-industry\\\"><span>Animation,<\\/span><span>Compositing,<\\/span><span>Motion Graphics<\\/span><\\/p>\\r\\n\\t\\t\\t<\\/div>\",\"43\":\"#000000\",\"44\":\"#ffffff\"}}', '2018-12-29 03:27:47', '2018-12-29 03:27:47', 'f6fb5db3-c1fd-4c6a-a598-638b08c0d269'),
 ('242', '264', '7', '1', 'en_us', '12', '', '{\"typeId\":null,\"authorId\":null,\"title\":\"About Page\",\"slug\":\"about-page\",\"postDate\":1545848687,\"expiryDate\":null,\"enabled\":1,\"parentId\":null,\"fields\":{\"46\":\"<p>Raised in Beijing China, Xiaoxiao now works based in New York, as a freelance compositor and motion graphics artist with brand list including Google, Amazon, Apple, Dell, Samsung, Bosch, Ford, McDonald\\u2019s, ESPN, Nickelodeon, Cartoon Network, Sesame Studios, VH1 TV, Hanes, Footlocker, CVS, Navy Federal Credit Union, etc. Her animated film \\\"Rock is not an Attitude\\\" has been official selected and screened in numerous international festivals, including ANIMAYO International Film Festival, Athens International Film Festival, CutOut Fest, 56th Zl\\u00edn Film Festival, Brooklyn Film Festival, Adobe Design Achievement Awards to name a few. When creating as an independent artist, Xiaoxiao loves stop-motion animation and is particularly interested in its ability to allow a deeper expression based on its direct physical foundation.<\\/p>\",\"47\":\"\\t\\t\\t<div class=\\\"about-brief-text-row-1\\\">Hi, My name is <span class=\\\"about-brief-name\\\">Xiaoxiao Tang<\\/span>, a Multimedia Artist<\\/div>\\r\\n\\t\\t\\t<div class=\\\"about-brief-text-row-2\\\">specializing in<div class=\\\"about-brief-industry\\\"><p>Animation,<\\/p><p>Compositing,<\\/p><p>Motion Graphics<\\/p><\\/div>\\r\\n\\t\\t\\t<\\/div>\",\"43\":\"#000000\",\"44\":\"#ffffff\"}}', '2018-12-29 03:29:06', '2018-12-29 03:29:06', 'e6852cbb-f262-4414-b4a8-0e5842f0d97c'),
 ('243', '264', '7', '1', 'en_us', '13', '', '{\"typeId\":null,\"authorId\":null,\"title\":\"About Page\",\"slug\":\"about-page\",\"postDate\":1545848687,\"expiryDate\":null,\"enabled\":1,\"parentId\":null,\"fields\":{\"46\":\"<p>Raised in Beijing China, Xiaoxiao now works based in New York, as a freelance compositor and motion graphics artist with brand list including Google, Amazon, Apple, Dell, Samsung, Bosch, Ford, McDonald\\u2019s, ESPN, Nickelodeon, Cartoon Network, Sesame Studios, VH1 TV, Hanes, Footlocker, CVS, Navy Federal Credit Union, etc. Her animated film \\\"Rock is not an Attitude\\\" has been official selected and screened in numerous international festivals, including ANIMAYO International Film Festival, Athens International Film Festival, CutOut Fest, 56th Zl\\u00edn Film Festival, Brooklyn Film Festival, Adobe Design Achievement Awards to name a few. When creating as an independent artist, Xiaoxiao loves stop-motion animation and is particularly interested in its ability to allow a deeper expression based on its direct physical foundation.<\\/p>\",\"47\":\"\\t\\t\\t<div class=\\\"about-brief-text-row-1\\\">Hi, My name is <div class=\\\"about-brief-name\\\">Xiaoxiao Tang<\\/div>, a Multimedia Artist<\\/div>\\r\\n\\t\\t\\t<div class=\\\"about-brief-text-row-2\\\">specializing in<div class=\\\"about-brief-industry\\\"><div>Animation,<\\/div><div>Compositing,<\\/div><div>Motion Graphics<\\/div><\\/div>\\r\\n\\t\\t\\t<\\/div>\",\"43\":\"#000000\",\"44\":\"#ffffff\"}}', '2018-12-29 03:29:59', '2018-12-29 03:29:59', '4fa5b523-fe2d-4580-8818-6231f5aa66a9'),
 ('244', '264', '7', '1', 'en_us', '14', '', '{\"typeId\":null,\"authorId\":null,\"title\":\"About Page\",\"slug\":\"about-page\",\"postDate\":1545848687,\"expiryDate\":null,\"enabled\":1,\"parentId\":null,\"fields\":{\"46\":\"<p>Raised in Beijing China, Xiaoxiao now works based in New York, as a freelance compositor and motion graphics artist with brand list including Google, Amazon, Apple, Dell, Samsung, Bosch, Ford, McDonald\\u2019s, ESPN, Nickelodeon, Cartoon Network, Sesame Studios, VH1 TV, Hanes, Footlocker, CVS, Navy Federal Credit Union, etc. Her animated film \\\"Rock is not an Attitude\\\" has been official selected and screened in numerous international festivals, including ANIMAYO International Film Festival, Athens International Film Festival, CutOut Fest, 56th Zl\\u00edn Film Festival, Brooklyn Film Festival, Adobe Design Achievement Awards to name a few. When creating as an independent artist, Xiaoxiao loves stop-motion animation and is particularly interested in its ability to allow a deeper expression based on its direct physical foundation.<\\/p>\",\"47\":\"<div class=\\\"about-brief-text-row-1\\\">Hi, My name is <div class=\\\"about-brief-name\\\">Xiaoxiao Tang<\\/div>, a Multimedia Artist<\\/div>\\r\\n<div class=\\\"about-brief-text-row-2\\\">specializing in<div class=\\\"about-brief-industry\\\"><div>Animation,<\\/div><div>Compositing,<\\/div><div>Motion Graphics<\\/div><\\/div><\\/div>\",\"43\":\"#000000\",\"44\":\"#ffffff\"}}', '2018-12-29 03:30:18', '2018-12-29 03:30:18', '6ef6d044-da32-44d3-9b9c-cdae26106c05'),
 ('245', '264', '7', '1', 'en_us', '15', '', '{\"typeId\":null,\"authorId\":null,\"title\":\"About Page\",\"slug\":\"about-page\",\"postDate\":1545848687,\"expiryDate\":null,\"enabled\":1,\"parentId\":null,\"fields\":{\"46\":\"<p>Raised in Beijing China, Xiaoxiao now works based in New York, as a freelance compositor and motion graphics artist with brand list including Google, Amazon, Apple, Dell, Samsung, Bosch, Ford, McDonald\\u2019s, ESPN, Nickelodeon, Cartoon Network, Sesame Studios, VH1 TV, Hanes, Footlocker, CVS, Navy Federal Credit Union, etc. Her animated film \\\"Rock is not an Attitude\\\" has been official selected and screened in numerous international festivals, including ANIMAYO International Film Festival, Athens International Film Festival, CutOut Fest, 56th Zl\\u00edn Film Festival, Brooklyn Film Festival, Adobe Design Achievement Awards to name a few. When creating as an independent artist, Xiaoxiao loves stop-motion animation and is particularly interested in its ability to allow a deeper expression based on its direct physical foundation.<\\/p>\",\"47\":\"<div class=\\\"about-brief-text-row-1\\\">Hi, My name is <div class=\\\"about-brief-name\\\">Xiaoxiao Tang<\\/div>, a Multimedia Artist<\\/div>\\r\\n<div class=\\\"about-brief-text-row-2\\\">specializing in<div class=\\\"about-brief-industry\\\"><div>Animation,<\\/div><div>Compositing,<\\/div><div>Motion Graphics<\\/div><div>...<\\/div><\\/div><\\/div>\",\"43\":\"#000000\",\"44\":\"#ffffff\"}}', '2018-12-29 03:31:13', '2018-12-29 03:31:13', 'a9c4234e-bec4-4834-8c1f-e0b3d141c41b'),
 ('246', '264', '7', '1', 'en_us', '16', '', '{\"typeId\":null,\"authorId\":null,\"title\":\"About Page\",\"slug\":\"about-page\",\"postDate\":1545848687,\"expiryDate\":null,\"enabled\":1,\"parentId\":null,\"fields\":{\"46\":\"Raised in Beijing China, Xiaoxiao now works based in New York, as a freelance compositor and motion graphics artist with brand list including Google, Amazon, Apple, Dell, Samsung, Bosch, Ford, McDonald\\u2019s, ESPN, Nickelodeon, Cartoon Network, Sesame Studios, VH1 TV, Hanes, Footlocker, CVS, Navy Federal Credit Union, etc. Her animated film \\\"Rock is not an Attitude\\\" has been official selected and screened in numerous international festivals, including ANIMAYO International Film Festival, Athens International Film Festival, CutOut Fest, 56th Zl\\u00edn Film Festival, Brooklyn Film Festival, Adobe Design Achievement Awards to name a few. When creating as an independent artist, Xiaoxiao loves stop-motion animation and is particularly interested in its ability to allow a deeper expression based on its direct physical foundation\",\"47\":\"<div class=\\\"about-brief-text-row-1\\\">Hi, My name is <div class=\\\"about-brief-name\\\">Xiaoxiao Tang<\\/div>, a Multimedia Artist<\\/div>\\r\\n<div class=\\\"about-brief-text-row-2\\\">specializing in<div class=\\\"about-brief-industry\\\"><div>Animation,<\\/div><div>Compositing,<\\/div><div>Motion Graphics<\\/div><div>...<\\/div><\\/div><\\/div>\",\"43\":\"#000000\",\"44\":\"#ffffff\"}}', '2018-12-29 03:36:08', '2018-12-29 03:36:08', '22863eb9-5527-41fc-96f6-d62f52eed49f'),
 ('247', '264', '7', '1', 'en_us', '17', '', '{\"typeId\":null,\"authorId\":null,\"title\":\"About Page\",\"slug\":\"about-page\",\"postDate\":1545848687,\"expiryDate\":null,\"enabled\":1,\"parentId\":null,\"fields\":{\"46\":\"Raised in Beijing China, Xiaoxiao now works based in New York, as a freelance compositor and motion graphics artist with brand list including Google, Amazon, Apple, Dell, Samsung, Bosch, Ford, McDonald\\u2019s, ESPN, Nickelodeon, Cartoon Network, Sesame Studios, VH1 TV, Hanes, Footlocker, CVS, Navy Federal Credit Union, etc. Her animated film \\\"Rock is not an Attitude\\\" has been official selected and screened in numerous international festivals, including ANIMAYO International Film Festival, Athens International Film Festival, CutOut Fest, 56th Zl\\u00edn Film Festival, Brooklyn Film Festival, Adobe Design Achievement Awards to name a few. When creating as an independent artist, Xiaoxiao loves stop-motion animation and is particularly interested in its ability to allow a deeper expression based on its direct physical foundation.\",\"47\":\"<div class=\\\"about-brief-text-row-1\\\">Hi, My name is <div class=\\\"about-brief-name\\\">Xiaoxiao Tang<\\/div>, a Multimedia Artist<\\/div>\\r\\n<div class=\\\"about-brief-text-row-2\\\">specializing in<div class=\\\"about-brief-industry\\\"><div>Animation,<\\/div><div>Compositing,<\\/div><div>Motion Graphics<\\/div><div>...<\\/div><\\/div><\\/div>\",\"43\":\"#000000\",\"44\":\"#ffffff\"}}', '2018-12-29 03:36:22', '2018-12-29 03:36:22', '6b2a1d96-8182-42e1-a244-784b4e64c574'),
 ('248', '264', '7', '1', 'en_us', '18', '', '{\"typeId\":null,\"authorId\":null,\"title\":\"About Page\",\"slug\":\"about-page\",\"postDate\":1545848687,\"expiryDate\":null,\"enabled\":1,\"parentId\":null,\"fields\":{\"46\":\"Raised in Beijing China, Xiaoxiao now works based in New York, as a freelance compositor and motion graphics artist with brand list including Google, Amazon, Apple, Dell, Samsung, Bosch, Ford, McDonald\\u2019s, ESPN, Nickelodeon, Cartoon Network, Sesame Studios, VH1 TV, Hanes, Footlocker, CVS, Navy Federal Credit Union, etc. Her animated film \\\"Rock is not an Attitude\\\" has been official selected and screened in numerous international festivals, including ANIMAYO International Film Festival, Athens International Film Festival, CutOut Fest, 56th Zl\\u00edn Film Festival, Brooklyn Film Festival, Adobe Design Achievement Awards to name a few. When creating as an independent artist, Xiaoxiao loves stop-motion animation and is particularly interested in its ability to allow a deeper expression based on its direct physical foundation.\",\"47\":\"<div class=\\\"about-brief-text-row-1\\\">Hi, My name is <div class=\\\"about-brief-name\\\">Xiaoxiao Tang<\\/div>, a Multimedia Artist<\\/div>\\r\\n<div class=\\\"about-brief-text-row-2\\\">specializing in<div class=\\\"about-brief-industry\\\"><div>Animation,<\\/div><div>Compositing,<\\/div><div>Motion Graphics<\\/div><div>...<\\/div><\\/div><\\/div>\",\"48\":\"2014, MFA Computer Art\\r\\nSchool of Visual Arts, New York\",\"49\":[],\"53\":[],\"43\":\"#000000\",\"44\":\"#ffffff\"}}', '2018-12-29 04:04:28', '2018-12-29 04:04:28', '7caac723-2a37-4cfb-9463-be9b1e9b00f7'),
 ('249', '264', '7', '1', 'en_us', '19', '', '{\"typeId\":null,\"authorId\":null,\"title\":\"About Page\",\"slug\":\"about-page\",\"postDate\":1545848687,\"expiryDate\":null,\"enabled\":1,\"parentId\":null,\"fields\":{\"46\":\"Raised in Beijing China, Xiaoxiao now works based in New York, as a freelance compositor and motion graphics artist with brand list including Google, Amazon, Apple, Dell, Samsung, Bosch, Ford, McDonald\\u2019s, ESPN, Nickelodeon, Cartoon Network, Sesame Studios, VH1 TV, Hanes, Footlocker, CVS, Navy Federal Credit Union, etc. Her animated film \\\"Rock is not an Attitude\\\" has been official selected and screened in numerous international festivals, including ANIMAYO International Film Festival, Athens International Film Festival, CutOut Fest, 56th Zl\\u00edn Film Festival, Brooklyn Film Festival, Adobe Design Achievement Awards to name a few. When creating as an independent artist, Xiaoxiao loves stop-motion animation and is particularly interested in its ability to allow a deeper expression based on its direct physical foundation.\",\"47\":\"<div class=\\\"about-brief-text-row-1\\\">Hi, My name is <div class=\\\"about-brief-name\\\">Xiaoxiao Tang<\\/div>, a Multimedia Artist<\\/div>\\r\\n<div class=\\\"about-brief-text-row-2\\\">specializing in<div class=\\\"about-brief-industry\\\"><div>Animation,<\\/div><div>Compositing,<\\/div><div>Motion Graphics<\\/div><div>...<\\/div><\\/div><\\/div>\",\"48\":\"2014, MFA Computer Art\\r\\nSchool of Visual Arts, New York\",\"49\":[],\"53\":{\"268\":{\"type\":\"skill\",\"enabled\":\"1\",\"fields\":{\"heading\":\"AE Compositing\",\"details\":\"VFX, Tracking, Color Keying, Color Shading, Stabilization,  Clean up, Rotoscoping..\"}},\"269\":{\"type\":\"skill\",\"enabled\":\"1\",\"fields\":{\"heading\":\"Motion Graphics\",\"details\":\"After Effects, Premiere, Photoshop, Illustrator\"}},\"270\":{\"type\":\"skill\",\"enabled\":\"1\",\"fields\":{\"heading\":\"Stop Motion\",\"details\":\"Dragon Frame\"}}},\"43\":\"#000000\",\"44\":\"#ffffff\"}}', '2018-12-29 04:06:09', '2018-12-29 04:06:09', '781cc14e-0a7d-48db-a58f-e319df4a3390'),
 ('250', '264', '7', '1', 'en_us', '20', '', '{\"typeId\":null,\"authorId\":null,\"title\":\"About Page\",\"slug\":\"about-page\",\"postDate\":1545848687,\"expiryDate\":null,\"enabled\":1,\"parentId\":null,\"fields\":{\"46\":\"Raised in Beijing China, Xiaoxiao now works based in New York, as a freelance compositor and motion graphics artist with brand list including Google, Amazon, Apple, Dell, Samsung, Bosch, Ford, McDonald\\u2019s, ESPN, Nickelodeon, Cartoon Network, Sesame Studios, VH1 TV, Hanes, Footlocker, CVS, Navy Federal Credit Union, etc. Her animated film \\\"Rock is not an Attitude\\\" has been official selected and screened in numerous international festivals, including ANIMAYO International Film Festival, Athens International Film Festival, CutOut Fest, 56th Zl\\u00edn Film Festival, Brooklyn Film Festival, Adobe Design Achievement Awards to name a few. When creating as an independent artist, Xiaoxiao loves stop-motion animation and is particularly interested in its ability to allow a deeper expression based on its direct physical foundation.\",\"47\":\"<div class=\\\"about-brief-text-row-1\\\">Hi, My name is <div class=\\\"about-brief-name\\\">Xiaoxiao Tang<\\/div>, a Multimedia Artist<\\/div>\\r\\n<div class=\\\"about-brief-text-row-2\\\">specializing in<div class=\\\"about-brief-industry\\\"><div>Animation,<\\/div><div>Compositing,<\\/div><div>Motion Graphics<\\/div><div>...<\\/div><\\/div><\\/div>\",\"48\":\"2014, MFA Computer Art\\r\\nSchool of Visual Arts, New York\",\"49\":{\"271\":{\"type\":\"experience\",\"enabled\":\"1\",\"fields\":{\"period\":\"2015-present\",\"position\":\"Compositor and Motion graphics Artist, Freelance\",\"place\":\"Companies include Hornet, Gretel, Mighty Oak, Ghost Robot, Ogilvy & Mather...\\r\\nNew York\"}},\"272\":{\"type\":\"experience\",\"enabled\":\"1\",\"fields\":{\"period\":\"2014\\/9-2015\\/5\",\"position\":\"Compositor, full-time Intern\",\"place\":\"Hornet Inc. New York\"}},\"273\":{\"type\":\"experience\",\"enabled\":\"1\",\"fields\":{\"period\":\"2014\\/6-8\",\"position\":\"Compositor, full-time Freelance\",\"place\":\"Eastern TV, New York\"}},\"274\":{\"type\":\"experience\",\"enabled\":\"1\",\"fields\":{\"period\":\"2012-2014\",\"position\":\"Stop-motion Artist\",\"place\":\"Flick Book Studio, New York\"}}},\"53\":{\"268\":{\"type\":\"skill\",\"enabled\":\"1\",\"fields\":{\"heading\":\"AE Compositing\",\"details\":\"VFX, Tracking, Color Keying, Color Shading, Stabilization,  Clean up, Rotoscoping..\"}},\"269\":{\"type\":\"skill\",\"enabled\":\"1\",\"fields\":{\"heading\":\"Motion Graphics\",\"details\":\"After Effects, Premiere, Photoshop, Illustrator\"}},\"270\":{\"type\":\"skill\",\"enabled\":\"1\",\"fields\":{\"heading\":\"Stop Motion\",\"details\":\"Dragon Frame\"}}},\"43\":\"#000000\",\"44\":\"#ffffff\"}}', '2018-12-29 04:11:50', '2018-12-29 04:11:50', 'f9dd651c-6b82-4559-8eb4-92e0dc9fb9ea'),
 ('251', '264', '7', '1', 'en_us', '21', '', '{\"typeId\":null,\"authorId\":null,\"title\":\"About Page\",\"slug\":\"about-page\",\"postDate\":1545848687,\"expiryDate\":null,\"enabled\":1,\"parentId\":null,\"fields\":{\"46\":\"Raised in Beijing China, Xiaoxiao now works based in New York, as a freelance compositor and motion graphics artist with brand list including Google, Amazon, Apple, Dell, Samsung, Bosch, Ford, McDonald\\u2019s, ESPN, Nickelodeon, Cartoon Network, Sesame Studios, VH1 TV, Hanes, Footlocker, CVS, Navy Federal Credit Union, etc. Her animated film \\\"Rock is not an Attitude\\\" has been official selected and screened in numerous international festivals, including ANIMAYO International Film Festival, Athens International Film Festival, CutOut Fest, 56th Zl\\u00edn Film Festival, Brooklyn Film Festival, Adobe Design Achievement Awards to name a few. When creating as an independent artist, Xiaoxiao loves stop-motion animation and is particularly interested in its ability to allow a deeper expression based on its direct physical foundation.\",\"47\":\"<div class=\\\"about-brief-text-row-1\\\">Hi, My name is <div class=\\\"about-brief-name\\\">Xiaoxiao Tang<\\/div>, a Multimedia Artist<\\/div>\\r\\n<div class=\\\"about-brief-text-row-2\\\">specializing in<div class=\\\"about-brief-industry\\\"><div>Animation,<\\/div><div>Compositing,<\\/div><div>Motion Graphics<\\/div><div>...<\\/div><\\/div><\\/div>\",\"48\":\"2014, MFA Computer Art\\r\\nSchool of Visual Arts, New York\",\"49\":{\"271\":{\"type\":\"experience\",\"enabled\":\"1\",\"fields\":{\"period\":\"2015-present\",\"position\":\"Compositor and Motion graphics Artist, Freelance\",\"place\":\"Companies include Hornet, Gretel, Mighty Oak, Ghost Robot, Ogilvy & Mather...\\r\\nNew York\"}},\"272\":{\"type\":\"experience\",\"enabled\":\"1\",\"fields\":{\"period\":\"2014\\/9-2015\\/5\",\"position\":\"Compositor, full-time Intern\",\"place\":\"Hornet Inc. New York\"}},\"273\":{\"type\":\"experience\",\"enabled\":\"1\",\"fields\":{\"period\":\"2014\\/6-8\",\"position\":\"Compositor, full-time Freelance\",\"place\":\"Eastern TV, New York\"}},\"274\":{\"type\":\"experience\",\"enabled\":\"1\",\"fields\":{\"period\":\"2012-2014\",\"position\":\"Stop-motion Artist\",\"place\":\"Flick Book Studio, New York\"}}},\"56\":\"<p>Animation allows me to live out my fantasy.<\\/p><p><br><\\/p><p><br><\\/p><p><br><\\/p><p>\\u771f\\u5b9e\\u7684\\u81ea\\u6211\\uff0c\\u548c\\u4e16\\u754c\\u62e5\\u62b1\\u3002<br><\\/p><p>I believe that we are all different and unique, but there is no distance between us.&nbsp;<\\/p><p>\\u6211\\u4eec\\u4e0d\\u4e00\\u6837 \\u4f46\\u6ca1\\u6709\\u5206\\u522b\\u3002<\\/p>\",\"53\":{\"268\":{\"type\":\"skill\",\"enabled\":\"1\",\"fields\":{\"heading\":\"AE Compositing\",\"details\":\"VFX, Tracking, Color Keying, Color Shading, Stabilization,  Clean up, Rotoscoping..\"}},\"269\":{\"type\":\"skill\",\"enabled\":\"1\",\"fields\":{\"heading\":\"Motion Graphics\",\"details\":\"After Effects, Premiere, Photoshop, Illustrator\"}},\"270\":{\"type\":\"skill\",\"enabled\":\"1\",\"fields\":{\"heading\":\"Stop Motion\",\"details\":\"Dragon Frame\"}}},\"43\":\"#000000\",\"44\":\"#ffffff\"}}', '2019-01-03 16:52:57', '2019-01-03 16:52:57', 'b9f6c012-14c3-409c-ab7e-08c88d8adb0f'),
 ('252', '264', '7', '1', 'en_us', '22', '', '{\"typeId\":null,\"authorId\":null,\"title\":\"About Page\",\"slug\":\"about-page\",\"postDate\":1545848687,\"expiryDate\":null,\"enabled\":1,\"parentId\":null,\"fields\":{\"46\":\"Raised in Beijing China, Xiaoxiao now works based in New York, as a freelance compositor and motion graphics artist with brand list including Google, Amazon, Apple, Dell, Samsung, Bosch, Ford, McDonald\\u2019s, ESPN, Nickelodeon, Cartoon Network, Sesame Studios, VH1 TV, Hanes, Footlocker, CVS, Navy Federal Credit Union, etc. Her animated film \\\"Rock is not an Attitude\\\" has been official selected and screened in numerous international festivals, including ANIMAYO International Film Festival, Athens International Film Festival, CutOut Fest, 56th Zl\\u00edn Film Festival, Brooklyn Film Festival, Adobe Design Achievement Awards to name a few. When creating as an independent artist, Xiaoxiao loves stop-motion animation and is particularly interested in its ability to allow a deeper expression based on its direct physical foundation.\",\"47\":\"<div class=\\\"about-brief-text-row-1\\\">Hi, My name is <div class=\\\"about-brief-name\\\">Xiaoxiao Tang<\\/div>, a Multimedia Artist<\\/div>\\r\\n<div class=\\\"about-brief-text-row-2\\\">specializing in<div class=\\\"about-brief-industry\\\"><div>Animation,<\\/div><div>Compositing,<\\/div><div>Motion Graphics<\\/div><div>...<\\/div><\\/div><\\/div>\",\"48\":\"2014, MFA Computer Art\\r\\nSchool of Visual Arts, New York\",\"49\":{\"271\":{\"type\":\"experience\",\"enabled\":\"1\",\"fields\":{\"period\":\"2015-present\",\"position\":\"Compositor and Motion graphics Artist, Freelance\",\"place\":\"Companies include Hornet, Gretel, Mighty Oak, Ghost Robot, Ogilvy & Mather...\\r\\nNew York\"}},\"272\":{\"type\":\"experience\",\"enabled\":\"1\",\"fields\":{\"period\":\"2014\\/9-2015\\/5\",\"position\":\"Compositor, full-time Intern\",\"place\":\"Hornet Inc. New York\"}},\"273\":{\"type\":\"experience\",\"enabled\":\"1\",\"fields\":{\"period\":\"2014\\/6-8\",\"position\":\"Compositor, full-time Freelance\",\"place\":\"Eastern TV, New York\"}},\"274\":{\"type\":\"experience\",\"enabled\":\"1\",\"fields\":{\"period\":\"2012-2014\",\"position\":\"Stop-motion Artist\",\"place\":\"Flick Book Studio, New York\"}}},\"56\":\"<p><br><\\/p><p>Animation allows me to live out my fantasy.<\\/p>\\r\\n<p><br><\\/p>\\r\\n<p><br><\\/p>\\r\\n<p><br><\\/p><p><br><\\/p>\\r\\n<p>\\u771f\\u5b9e\\u7684\\u81ea\\u6211\\uff0c\\u548c\\u4e16\\u754c\\u62e5\\u62b1\\u3002<br><\\/p>\\r\\n<p>I believe that we are all different and unique, but there is no distance between us.&nbsp;<\\/p>\\r\\n<p>\\u6211\\u4eec\\u4e0d\\u4e00\\u6837 \\u4f46\\u6ca1\\u6709\\u5206\\u522b\\u3002<\\/p>\",\"53\":{\"268\":{\"type\":\"skill\",\"enabled\":\"1\",\"fields\":{\"heading\":\"AE Compositing\",\"details\":\"VFX, Tracking, Color Keying, Color Shading, Stabilization,  Clean up, Rotoscoping..\"}},\"269\":{\"type\":\"skill\",\"enabled\":\"1\",\"fields\":{\"heading\":\"Motion Graphics\",\"details\":\"After Effects, Premiere, Photoshop, Illustrator\"}},\"270\":{\"type\":\"skill\",\"enabled\":\"1\",\"fields\":{\"heading\":\"Stop Motion\",\"details\":\"Dragon Frame\"}}},\"43\":\"#000000\",\"44\":\"#ffffff\"}}', '2019-01-03 16:53:37', '2019-01-03 16:53:37', 'f83da750-6019-4d3b-aaa8-0a99854aa084'),
 ('253', '264', '7', '1', 'en_us', '23', '', '{\"typeId\":null,\"authorId\":null,\"title\":\"About Page\",\"slug\":\"about-page\",\"postDate\":1545848687,\"expiryDate\":null,\"enabled\":1,\"parentId\":null,\"fields\":{\"46\":\"Raised in Beijing China, Xiaoxiao now works based in New York, as a freelance compositor and motion graphics artist with brand list including Google, Amazon, Apple, Dell, Samsung, Bosch, Ford, McDonald\\u2019s, ESPN, Nickelodeon, Cartoon Network, Sesame Studios, VH1 TV, Hanes, Footlocker, CVS, Navy Federal Credit Union, etc. Her animated film \\\"Rock is not an Attitude\\\" has been official selected and screened in numerous international festivals, including ANIMAYO International Film Festival, Athens International Film Festival, CutOut Fest, 56th Zl\\u00edn Film Festival, Brooklyn Film Festival, Adobe Design Achievement Awards to name a few. When creating as an independent artist, Xiaoxiao loves stop-motion animation and is particularly interested in its ability to allow a deeper expression based on its direct physical foundation.\",\"47\":\"<div class=\\\"about-brief-text-row-1\\\">Hi, My name is <div class=\\\"about-brief-name\\\">Xiaoxiao Tang<\\/div>, a Multimedia Artist<\\/div>\\r\\n<div class=\\\"about-brief-text-row-2\\\">specializing in<div class=\\\"about-brief-industry\\\"><div>Animation,<\\/div><div>Compositing,<\\/div><div>Motion Graphics<\\/div><div>...<\\/div><\\/div><\\/div>\",\"48\":\"2014, MFA Computer Art\\r\\nSchool of Visual Arts, New York\",\"49\":{\"271\":{\"type\":\"experience\",\"enabled\":\"1\",\"fields\":{\"period\":\"2015-present\",\"position\":\"Compositor and Motion graphics Artist, Freelance\",\"place\":\"Companies include Hornet, Gretel, Mighty Oak, Ghost Robot, Ogilvy & Mather...\\r\\nNew York\"}},\"272\":{\"type\":\"experience\",\"enabled\":\"1\",\"fields\":{\"period\":\"2014\\/9-2015\\/5\",\"position\":\"Compositor, full-time Intern\",\"place\":\"Hornet Inc. New York\"}},\"273\":{\"type\":\"experience\",\"enabled\":\"1\",\"fields\":{\"period\":\"2014\\/6-8\",\"position\":\"Compositor, full-time Freelance\",\"place\":\"Eastern TV, New York\"}},\"274\":{\"type\":\"experience\",\"enabled\":\"1\",\"fields\":{\"period\":\"2012-2014\",\"position\":\"Stop-motion Artist\",\"place\":\"Flick Book Studio, New York\"}}},\"56\":\"<p><br><\\/p><p><br><\\/p>\\r\\n<p>Animation allows me to live out my fantasy.<\\/p>\\r\\n<p><br><\\/p>\\r\\n<p><br><\\/p>\\r\\n<p><br><\\/p>\\r\\n<p><br><\\/p>\\r\\n<p>\\u771f\\u5b9e\\u7684\\u81ea\\u6211\\uff0c\\u548c\\u4e16\\u754c\\u62e5\\u62b1\\u3002<br><\\/p>\\r\\n<p>I believe that we are all different and unique, but there is no distance between us.&nbsp;<\\/p>\\r\\n<p>\\u6211\\u4eec\\u4e0d\\u4e00\\u6837 \\u4f46\\u6ca1\\u6709\\u5206\\u522b\\u3002<\\/p>\",\"53\":{\"268\":{\"type\":\"skill\",\"enabled\":\"1\",\"fields\":{\"heading\":\"AE Compositing\",\"details\":\"VFX, Tracking, Color Keying, Color Shading, Stabilization,  Clean up, Rotoscoping..\"}},\"269\":{\"type\":\"skill\",\"enabled\":\"1\",\"fields\":{\"heading\":\"Motion Graphics\",\"details\":\"After Effects, Premiere, Photoshop, Illustrator\"}},\"270\":{\"type\":\"skill\",\"enabled\":\"1\",\"fields\":{\"heading\":\"Stop Motion\",\"details\":\"Dragon Frame\"}}},\"43\":\"#000000\",\"44\":\"#ffffff\"}}', '2019-01-03 16:56:22', '2019-01-03 16:56:22', 'c55d7df3-06a9-4d67-857c-18764ed38714'),
 ('254', '275', '9', '1', 'en_us', '1', NULL, '{\"typeId\":\"14\",\"authorId\":null,\"title\":\"Home Page\",\"slug\":\"home-page\",\"postDate\":1546732564,\"expiryDate\":null,\"enabled\":1,\"parentId\":null,\"fields\":[]}', '2019-01-05 23:56:04', '2019-01-05 23:56:04', 'ce08cffd-991b-4e38-a0ab-a41a52e2048a'),
 ('255', '264', '7', '1', 'en_us', '24', '', '{\"typeId\":null,\"authorId\":null,\"title\":\"About Page\",\"slug\":\"about-page\",\"postDate\":1545848687,\"expiryDate\":null,\"enabled\":1,\"parentId\":null,\"fields\":{\"58\":[\"277\"],\"46\":\"Raised in Beijing China, Xiaoxiao now works based in New York, as a freelance compositor and motion graphics artist with brand list including Google, Amazon, Apple, Dell, Samsung, Bosch, Ford, McDonald\\u2019s, ESPN, Nickelodeon, Cartoon Network, Sesame Studios, VH1 TV, Hanes, Footlocker, CVS, Navy Federal Credit Union, etc. Her animated film \\\"Rock is not an Attitude\\\" has been official selected and screened in numerous international festivals, including ANIMAYO International Film Festival, Athens International Film Festival, CutOut Fest, 56th Zl\\u00edn Film Festival, Brooklyn Film Festival, Adobe Design Achievement Awards to name a few. When creating as an independent artist, Xiaoxiao loves stop-motion animation and is particularly interested in its ability to allow a deeper expression based on its direct physical foundation.\",\"57\":[\"276\"],\"47\":\"<div class=\\\"about-brief-text-row-1\\\">Hi, My name is <div class=\\\"about-brief-name\\\">Xiaoxiao Tang<\\/div>, a Multimedia Artist<\\/div>\\r\\n<div class=\\\"about-brief-text-row-2\\\">specializing in<div class=\\\"about-brief-industry\\\"><div>Animation,<\\/div><div>Compositing,<\\/div><div>Motion Graphics<\\/div><div>...<\\/div><\\/div><\\/div>\",\"48\":\"2014, MFA Computer Art\\r\\nSchool of Visual Arts, New York\",\"49\":{\"271\":{\"type\":\"experience\",\"enabled\":\"1\",\"fields\":{\"period\":\"2015-present\",\"position\":\"Compositor and Motion graphics Artist, Freelance\",\"place\":\"Companies include Hornet, Gretel, Mighty Oak, Ghost Robot, Ogilvy & Mather...\\r\\nNew York\"}},\"272\":{\"type\":\"experience\",\"enabled\":\"1\",\"fields\":{\"period\":\"2014\\/9-2015\\/5\",\"position\":\"Compositor, full-time Intern\",\"place\":\"Hornet Inc. New York\"}},\"273\":{\"type\":\"experience\",\"enabled\":\"1\",\"fields\":{\"period\":\"2014\\/6-8\",\"position\":\"Compositor, full-time Freelance\",\"place\":\"Eastern TV, New York\"}},\"274\":{\"type\":\"experience\",\"enabled\":\"1\",\"fields\":{\"period\":\"2012-2014\",\"position\":\"Stop-motion Artist\",\"place\":\"Flick Book Studio, New York\"}}},\"56\":\"<p><br><\\/p>\\r\\n<p><br><\\/p>\\r\\n<p>Animation allows me to live out my fantasy.<\\/p>\\r\\n<p><br><\\/p>\\r\\n<p><br><\\/p>\\r\\n<p><br><\\/p>\\r\\n<p><br><\\/p>\\r\\n<p>\\u771f\\u5b9e\\u7684\\u81ea\\u6211\\uff0c\\u548c\\u4e16\\u754c\\u62e5\\u62b1\\u3002<br><\\/p>\\r\\n<p>I believe that we are all different and unique, but there is no distance between us.&nbsp;<\\/p>\\r\\n<p>\\u6211\\u4eec\\u4e0d\\u4e00\\u6837 \\u4f46\\u6ca1\\u6709\\u5206\\u522b\\u3002<\\/p>\",\"53\":{\"268\":{\"type\":\"skill\",\"enabled\":\"1\",\"fields\":{\"heading\":\"AE Compositing\",\"details\":\"VFX, Tracking, Color Keying, Color Shading, Stabilization,  Clean up, Rotoscoping..\"}},\"269\":{\"type\":\"skill\",\"enabled\":\"1\",\"fields\":{\"heading\":\"Motion Graphics\",\"details\":\"After Effects, Premiere, Photoshop, Illustrator\"}},\"270\":{\"type\":\"skill\",\"enabled\":\"1\",\"fields\":{\"heading\":\"Stop Motion\",\"details\":\"Dragon Frame\"}}},\"59\":[\"279\"]}}', '2019-01-06 00:25:19', '2019-01-06 00:25:19', 'e60408c0-7ef3-453c-80bf-b34932769358'),
 ('256', '264', '7', '1', 'en_us', '25', '', '{\"typeId\":null,\"authorId\":null,\"title\":\"About Page\",\"slug\":\"about-page\",\"postDate\":1545848687,\"expiryDate\":null,\"enabled\":1,\"parentId\":null,\"fields\":{\"58\":[\"277\"],\"46\":\"Raised in Beijing China, Xiaoxiao now works based in New York, as a freelance compositor and motion graphics artist with brand list including Google, Amazon, Apple, Dell, Samsung, Bosch, Ford, McDonald\\u2019s, ESPN, Nickelodeon, Cartoon Network, Sesame Studios, VH1 TV, Hanes, Footlocker, CVS, Navy Federal Credit Union, etc. Her animated film \\\"Rock is not an Attitude\\\" has been official selected and screened in numerous international festivals, including ANIMAYO International Film Festival, Athens International Film Festival, CutOut Fest, 56th Zl\\u00edn Film Festival, Brooklyn Film Festival, Adobe Design Achievement Awards to name a few. When creating as an independent artist, Xiaoxiao loves stop-motion animation and is particularly interested in its ability to allow a deeper expression based on its direct physical foundation.\",\"57\":[\"276\"],\"47\":\"<div class=\\\"about-brief-text-row-1\\\">Hi, My name is <div class=\\\"about-brief-name\\\">Xiaoxiao Tang<\\/div>, a Multimedia Artist<\\/div>\\r\\n<div class=\\\"about-brief-text-row-2\\\">specializing in<div class=\\\"about-brief-industry\\\"><div>Animation,<\\/div><div>Compositing,<\\/div><div>Motion Graphics<\\/div><div>...<\\/div><\\/div><\\/div>\",\"48\":\"2014, MFA Computer Art\\r\\nSchool of Visual Arts, New York\",\"49\":{\"271\":{\"type\":\"experience\",\"enabled\":\"1\",\"fields\":{\"period\":\"2015-present\",\"position\":\"Compositor and Motion graphics Artist, Freelance\",\"place\":\"Companies include Hornet, Gretel, Mighty Oak, Ghost Robot, Ogilvy & Mather...\\r\\nNew York\"}},\"272\":{\"type\":\"experience\",\"enabled\":\"1\",\"fields\":{\"period\":\"2014\\/9-2015\\/5\",\"position\":\"Compositor, full-time Intern\",\"place\":\"Hornet Inc. New York\"}},\"273\":{\"type\":\"experience\",\"enabled\":\"1\",\"fields\":{\"period\":\"2014\\/6-8\",\"position\":\"Compositor, full-time Freelance\",\"place\":\"Eastern TV, New York\"}},\"274\":{\"type\":\"experience\",\"enabled\":\"1\",\"fields\":{\"period\":\"2012-2014\",\"position\":\"Stop-motion Artist\",\"place\":\"Flick Book Studio, New York\"}}},\"56\":\"<p><br><\\/p>\\r\\n<p><br><\\/p>\\r\\n<p>Animation allows me to live out my fantasy.<\\/p>\\r\\n<p><br><\\/p>\\r\\n<p><br><\\/p>\\r\\n<p><br><\\/p>\\r\\n<p><br><\\/p>\\r\\n<p>\\u771f\\u5b9e\\u7684\\u81ea\\u6211\\uff0c\\u548c\\u4e16\\u754c\\u62e5\\u62b1\\u3002<br><\\/p>\\r\\n<p>I believe that we are all different and unique, but there is no distance between us.&nbsp;<\\/p>\\r\\n<p>\\u6211\\u4eec\\u4e0d\\u4e00\\u6837 \\u4f46\\u6ca1\\u6709\\u5206\\u522b\\u3002<\\/p>\",\"53\":{\"268\":{\"type\":\"skill\",\"enabled\":\"1\",\"fields\":{\"heading\":\"AE Compositing\",\"details\":\"VFX, Tracking, Color Keying, Color Shading, Stabilization,  Clean up, Rotoscoping..\"}},\"269\":{\"type\":\"skill\",\"enabled\":\"1\",\"fields\":{\"heading\":\"Motion Graphics\",\"details\":\"After Effects, Premiere, Photoshop, Illustrator\"}},\"270\":{\"type\":\"skill\",\"enabled\":\"1\",\"fields\":{\"heading\":\"Stop Motion\",\"details\":\"Dragon Frame\"}}},\"59\":[\"278\"]}}', '2019-01-06 00:33:47', '2019-01-06 00:33:47', '416aae34-c9a8-4784-8eac-0cb596ae6ecf'),
 ('257', '265', '8', '1', 'en_us', '2', '', '{\"typeId\":null,\"authorId\":null,\"title\":\"Contact Page\",\"slug\":\"contact-page\",\"postDate\":1545848703,\"expiryDate\":null,\"enabled\":1,\"parentId\":null,\"fields\":{\"60\":[\"279\"]}}', '2019-01-06 00:35:09', '2019-01-06 00:35:09', '2796e68b-69dc-43b2-a1c2-234e0b3c3622'),
 ('258', '275', '9', '1', 'en_us', '2', '', '{\"typeId\":null,\"authorId\":null,\"title\":\"Home Page\",\"slug\":\"home-page\",\"postDate\":1546732564,\"expiryDate\":null,\"enabled\":1,\"parentId\":null,\"fields\":{\"61\":{\"280\":{\"type\":\"element\",\"enabled\":\"1\",\"fields\":{\"image\":\"\",\"css\":\"\",\"depth\":\"0.032\"}}}}}', '2019-01-06 00:48:22', '2019-01-06 00:48:22', '427b80bf-01a0-490e-a4b8-63a36b3e2f04'),
 ('259', '275', '9', '1', 'en_us', '3', '', '{\"typeId\":null,\"authorId\":null,\"title\":\"Home Page\",\"slug\":\"home-page\",\"postDate\":1546732564,\"expiryDate\":null,\"enabled\":1,\"parentId\":null,\"fields\":{\"61\":{\"280\":{\"type\":\"element\",\"enabled\":\"1\",\"fields\":{\"image\":\"\",\"css\":\"\",\"depth\":\"0.1\"}}}}}', '2019-01-06 00:48:36', '2019-01-06 00:48:36', '08ddc4f0-0f08-43ad-9f77-b37579156cf2'),
 ('260', '275', '9', '1', 'en_us', '4', '', '{\"typeId\":null,\"authorId\":null,\"title\":\"Home Page\",\"slug\":\"home-page\",\"postDate\":1546732564,\"expiryDate\":null,\"enabled\":1,\"parentId\":null,\"fields\":{\"65\":[\"281\"],\"61\":{\"280\":{\"type\":\"element\",\"enabled\":\"1\",\"fields\":{\"image\":\"\",\"css\":\"\",\"depth\":\"0.1\"}}}}}', '2019-01-06 00:51:09', '2019-01-06 00:51:09', '49641bc1-e06c-4751-949a-ae3f5e2c77e9'),
 ('261', '275', '9', '1', 'en_us', '5', '', '{\"typeId\":null,\"authorId\":null,\"title\":\"Home Page\",\"slug\":\"home-page\",\"postDate\":1546732564,\"expiryDate\":null,\"enabled\":1,\"parentId\":null,\"fields\":{\"65\":[\"281\"],\"61\":{\"280\":{\"type\":\"element\",\"enabled\":\"1\",\"fields\":{\"image\":\"\",\"css\":\"width:90%;\",\"depth\":\"0.1\"}}}}}', '2019-01-06 00:51:34', '2019-01-06 00:51:34', 'efd2c1fd-1b33-46ae-a2f1-45cef7677ed4'),
 ('262', '275', '9', '1', 'en_us', '6', '', '{\"typeId\":null,\"authorId\":null,\"title\":\"Home Page\",\"slug\":\"home-page\",\"postDate\":1546732564,\"expiryDate\":null,\"enabled\":1,\"parentId\":null,\"fields\":{\"65\":[\"281\"],\"61\":{\"280\":{\"type\":\"element\",\"enabled\":\"1\",\"fields\":{\"image\":\"\",\"css\":\"\",\"depth\":\"0.1\"}}}}}', '2019-01-06 00:52:00', '2019-01-06 00:52:00', 'cb9c7d1e-3eee-4e34-9a0e-814331da89c2'),
 ('263', '275', '9', '1', 'en_us', '7', '', '{\"typeId\":null,\"authorId\":null,\"title\":\"Home Page\",\"slug\":\"home-page\",\"postDate\":1546732564,\"expiryDate\":null,\"enabled\":1,\"parentId\":null,\"fields\":{\"65\":[\"281\"],\"61\":{\"298\":{\"type\":\"element\",\"enabled\":\"1\",\"fields\":{\"image\":[\"293\"],\"css\":\"\",\"depth\":\"0\"}},\"299\":{\"type\":\"element\",\"enabled\":\"1\",\"fields\":{\"image\":[\"283\"],\"css\":\"\",\"depth\":\"0\"}}}}}', '2019-01-06 01:02:52', '2019-01-06 01:02:52', '1ab1cdc4-82d4-4496-9b59-beb7b805a843'),
 ('264', '275', '9', '1', 'en_us', '8', '', '{\"typeId\":null,\"authorId\":null,\"title\":\"Home Page\",\"slug\":\"home-page\",\"postDate\":1546732564,\"expiryDate\":null,\"enabled\":1,\"parentId\":null,\"fields\":{\"65\":[\"281\"],\"61\":{\"298\":{\"type\":\"element\",\"enabled\":\"1\",\"fields\":{\"image\":[\"293\"],\"css\":\"\",\"depth\":\"0\"}},\"299\":{\"type\":\"element\",\"enabled\":\"1\",\"fields\":{\"image\":[\"283\"],\"css\":\"\",\"depth\":\"0\"}},\"300\":{\"type\":\"element\",\"enabled\":\"1\",\"fields\":{\"image\":[\"285\"],\"css\":\"\",\"depth\":\"0\"}},\"301\":{\"type\":\"element\",\"enabled\":\"1\",\"fields\":{\"image\":[\"286\"],\"css\":\"\",\"depth\":\"0\"}},\"302\":{\"type\":\"element\",\"enabled\":\"1\",\"fields\":{\"image\":[\"288\"],\"css\":\"\",\"depth\":\"0\"}}}}}', '2019-01-06 01:06:06', '2019-01-06 01:06:06', '6258fe9c-8a7a-4648-ab27-659ca00dd8d7'),
 ('265', '275', '9', '1', 'en_us', '9', '', '{\"typeId\":null,\"authorId\":null,\"title\":\"Home Page\",\"slug\":\"home-page\",\"postDate\":1546732564,\"expiryDate\":null,\"enabled\":1,\"parentId\":null,\"fields\":{\"65\":[\"281\"],\"61\":{\"303\":{\"type\":\"element\",\"enabled\":\"1\",\"fields\":{\"image\":[\"297\"],\"css\":\"\",\"depth\":\"0\"}},\"298\":{\"type\":\"element\",\"enabled\":\"1\",\"fields\":{\"image\":[\"293\"],\"css\":\"\",\"depth\":\"0\"}},\"299\":{\"type\":\"element\",\"enabled\":\"1\",\"fields\":{\"image\":[\"283\"],\"css\":\"\",\"depth\":\"0\"}},\"300\":{\"type\":\"element\",\"enabled\":\"1\",\"fields\":{\"image\":[\"285\"],\"css\":\"\",\"depth\":\"0\"}},\"301\":{\"type\":\"element\",\"enabled\":\"1\",\"fields\":{\"image\":[\"286\"],\"css\":\"\",\"depth\":\"0\"}},\"302\":{\"type\":\"element\",\"enabled\":\"1\",\"fields\":{\"image\":[\"288\"],\"css\":\"\",\"depth\":\"0\"}}}}}', '2019-01-06 01:07:13', '2019-01-06 01:07:13', 'a89a9143-cccb-4d8b-8b0c-b3b57f1012f4'),
 ('266', '275', '9', '1', 'en_us', '10', '', '{\"typeId\":null,\"authorId\":null,\"title\":\"Home Page\",\"slug\":\"home-page\",\"postDate\":1546732564,\"expiryDate\":null,\"enabled\":1,\"parentId\":null,\"fields\":{\"65\":[\"281\"],\"61\":{\"303\":{\"type\":\"element\",\"enabled\":\"1\",\"fields\":{\"image\":[\"297\"],\"css\":\"\",\"depth\":\"0\"}},\"298\":{\"type\":\"element\",\"enabled\":\"1\",\"fields\":{\"image\":[\"293\"],\"css\":\"\",\"depth\":\"0\"}},\"299\":{\"type\":\"element\",\"enabled\":\"1\",\"fields\":{\"image\":[\"283\"],\"css\":\"\",\"depth\":\"0\"}},\"300\":{\"type\":\"element\",\"enabled\":\"1\",\"fields\":{\"image\":[\"285\"],\"css\":\"\",\"depth\":\"0\"}},\"304\":{\"type\":\"element\",\"enabled\":\"1\",\"fields\":{\"image\":[\"287\"],\"css\":\"\",\"depth\":\"0\"}},\"301\":{\"type\":\"element\",\"enabled\":\"1\",\"fields\":{\"image\":[\"286\"],\"css\":\"\",\"depth\":\"0\"}},\"305\":{\"type\":\"element\",\"enabled\":\"1\",\"fields\":{\"image\":[\"289\"],\"css\":\"\",\"depth\":\"0\"}},\"302\":{\"type\":\"element\",\"enabled\":\"1\",\"fields\":{\"image\":[\"288\"],\"css\":\"\",\"depth\":\"0\"}},\"306\":{\"type\":\"element\",\"enabled\":\"1\",\"fields\":{\"image\":[\"291\"],\"css\":\"\",\"depth\":\"0\"}},\"307\":{\"type\":\"element\",\"enabled\":\"1\",\"fields\":{\"image\":[\"290\"],\"css\":\"\",\"depth\":\"0\"}},\"308\":{\"type\":\"element\",\"enabled\":\"1\",\"fields\":{\"image\":[\"292\"],\"css\":\"\",\"depth\":\"0\"}}}}}', '2019-01-06 01:11:49', '2019-01-06 01:11:49', '0fc27270-32f9-4fa1-bbee-872e820f46cb'),
 ('267', '275', '9', '1', 'en_us', '11', '', '{\"typeId\":null,\"authorId\":null,\"title\":\"Home Page\",\"slug\":\"home-page\",\"postDate\":1546732564,\"expiryDate\":null,\"enabled\":1,\"parentId\":null,\"fields\":{\"65\":[\"281\"],\"61\":{\"303\":{\"type\":\"element\",\"enabled\":\"1\",\"fields\":{\"image\":[\"297\"],\"css\":\"\",\"depth\":\"0\"}},\"298\":{\"type\":\"element\",\"enabled\":\"1\",\"fields\":{\"image\":[\"293\"],\"css\":\"\",\"depth\":\"0\"}},\"299\":{\"type\":\"element\",\"enabled\":\"1\",\"fields\":{\"image\":[\"283\"],\"css\":\"\",\"depth\":\"0\"}},\"309\":{\"type\":\"element\",\"enabled\":\"1\",\"fields\":{\"image\":[\"282\"],\"css\":\"\",\"depth\":\"0\"}},\"300\":{\"type\":\"element\",\"enabled\":\"1\",\"fields\":{\"image\":[\"285\"],\"css\":\"\",\"depth\":\"0\"}},\"304\":{\"type\":\"element\",\"enabled\":\"1\",\"fields\":{\"image\":[\"287\"],\"css\":\"\",\"depth\":\"0\"}},\"301\":{\"type\":\"element\",\"enabled\":\"1\",\"fields\":{\"image\":[\"286\"],\"css\":\"\",\"depth\":\"0\"}},\"305\":{\"type\":\"element\",\"enabled\":\"1\",\"fields\":{\"image\":[\"289\"],\"css\":\"\",\"depth\":\"0\"}},\"302\":{\"type\":\"element\",\"enabled\":\"1\",\"fields\":{\"image\":[\"288\"],\"css\":\"\",\"depth\":\"0\"}},\"306\":{\"type\":\"element\",\"enabled\":\"1\",\"fields\":{\"image\":[\"291\"],\"css\":\"\",\"depth\":\"0\"}},\"307\":{\"type\":\"element\",\"enabled\":\"1\",\"fields\":{\"image\":[\"290\"],\"css\":\"\",\"depth\":\"0\"}},\"308\":{\"type\":\"element\",\"enabled\":\"1\",\"fields\":{\"image\":[\"292\"],\"css\":\"\",\"depth\":\"0\"}}}}}', '2019-01-06 01:12:33', '2019-01-06 01:12:33', '610b0a15-cd44-419d-b2b8-f29742a0f41b'),
 ('268', '275', '9', '1', 'en_us', '12', '', '{\"typeId\":null,\"authorId\":null,\"title\":\"Home Page\",\"slug\":\"home-page\",\"postDate\":1546732564,\"expiryDate\":null,\"enabled\":1,\"parentId\":null,\"fields\":{\"65\":[\"281\"],\"61\":{\"303\":{\"type\":\"element\",\"enabled\":\"1\",\"fields\":{\"image\":[\"297\"],\"css\":\"\",\"depth\":\"0\"}},\"298\":{\"type\":\"element\",\"enabled\":\"1\",\"fields\":{\"image\":[\"293\"],\"css\":\"\",\"depth\":\"0\"}},\"299\":{\"type\":\"element\",\"enabled\":\"1\",\"fields\":{\"image\":[\"283\"],\"css\":\"\",\"depth\":\"0\"}},\"309\":{\"type\":\"element\",\"enabled\":\"1\",\"fields\":{\"image\":[\"282\"],\"css\":\"\",\"depth\":\"0\"}},\"300\":{\"type\":\"element\",\"enabled\":\"1\",\"fields\":{\"image\":[\"285\"],\"css\":\"\",\"depth\":\"0\"}},\"310\":{\"type\":\"element\",\"enabled\":\"1\",\"fields\":{\"image\":[\"284\"],\"css\":\"\",\"depth\":\"0\"}},\"304\":{\"type\":\"element\",\"enabled\":\"1\",\"fields\":{\"image\":[\"287\"],\"css\":\"\",\"depth\":\"0\"}},\"301\":{\"type\":\"element\",\"enabled\":\"1\",\"fields\":{\"image\":[\"286\"],\"css\":\"\",\"depth\":\"0\"}},\"305\":{\"type\":\"element\",\"enabled\":\"1\",\"fields\":{\"image\":[\"289\"],\"css\":\"\",\"depth\":\"0\"}},\"302\":{\"type\":\"element\",\"enabled\":\"1\",\"fields\":{\"image\":[\"288\"],\"css\":\"\",\"depth\":\"0\"}},\"306\":{\"type\":\"element\",\"enabled\":\"1\",\"fields\":{\"image\":[\"291\"],\"css\":\"\",\"depth\":\"0\"}},\"307\":{\"type\":\"element\",\"enabled\":\"1\",\"fields\":{\"image\":[\"290\"],\"css\":\"\",\"depth\":\"0\"}},\"308\":{\"type\":\"element\",\"enabled\":\"1\",\"fields\":{\"image\":[\"292\"],\"css\":\"\",\"depth\":\"0\"}}}}}', '2019-01-06 01:13:15', '2019-01-06 01:13:15', '25150ac7-81f9-41f2-b089-cc7ba5083ba5'),
 ('269', '275', '9', '1', 'en_us', '13', '', '{\"typeId\":null,\"authorId\":null,\"title\":\"Home Page\",\"slug\":\"home-page\",\"postDate\":1546732564,\"expiryDate\":null,\"enabled\":1,\"parentId\":null,\"fields\":{\"65\":[\"281\"],\"61\":{\"303\":{\"type\":\"element\",\"enabled\":\"1\",\"fields\":{\"image\":[\"297\"],\"css\":\"\\tposition: absolute;\\r\\n\\ttop: 15%;\\r\\n\\tright: 35%;\\r\\n\\twidth: 6%;\",\"depth\":\"0\"}},\"298\":{\"type\":\"element\",\"enabled\":\"1\",\"fields\":{\"image\":[\"293\"],\"css\":\"\",\"depth\":\"0\"}},\"299\":{\"type\":\"element\",\"enabled\":\"1\",\"fields\":{\"image\":[\"283\"],\"css\":\"\",\"depth\":\"0\"}},\"309\":{\"type\":\"element\",\"enabled\":\"1\",\"fields\":{\"image\":[\"282\"],\"css\":\"\",\"depth\":\"0\"}},\"300\":{\"type\":\"element\",\"enabled\":\"1\",\"fields\":{\"image\":[\"285\"],\"css\":\"\",\"depth\":\"0\"}},\"310\":{\"type\":\"element\",\"enabled\":\"1\",\"fields\":{\"image\":[\"284\"],\"css\":\"\",\"depth\":\"0\"}},\"304\":{\"type\":\"element\",\"enabled\":\"1\",\"fields\":{\"image\":[\"287\"],\"css\":\"\",\"depth\":\"0\"}},\"301\":{\"type\":\"element\",\"enabled\":\"1\",\"fields\":{\"image\":[\"286\"],\"css\":\"\",\"depth\":\"0\"}},\"305\":{\"type\":\"element\",\"enabled\":\"1\",\"fields\":{\"image\":[\"289\"],\"css\":\"\",\"depth\":\"0\"}},\"302\":{\"type\":\"element\",\"enabled\":\"1\",\"fields\":{\"image\":[\"288\"],\"css\":\"\",\"depth\":\"0\"}},\"306\":{\"type\":\"element\",\"enabled\":\"1\",\"fields\":{\"image\":[\"291\"],\"css\":\"\",\"depth\":\"0\"}},\"307\":{\"type\":\"element\",\"enabled\":\"1\",\"fields\":{\"image\":[\"290\"],\"css\":\"\",\"depth\":\"0\"}},\"308\":{\"type\":\"element\",\"enabled\":\"1\",\"fields\":{\"image\":[\"292\"],\"css\":\"\",\"depth\":\"0\"}}}}}', '2019-01-11 01:02:33', '2019-01-11 01:02:33', '4c793a95-c985-447f-9780-3560aa9171bb'),
 ('270', '275', '9', '1', 'en_us', '14', '', '{\"typeId\":null,\"authorId\":null,\"title\":\"Home Page\",\"slug\":\"home-page\",\"postDate\":1546732564,\"expiryDate\":null,\"enabled\":1,\"parentId\":null,\"fields\":{\"65\":[\"281\"],\"61\":{\"303\":{\"type\":\"element\",\"enabled\":\"1\",\"fields\":{\"image\":[\"297\"],\"css\":\"position: absolute;\\r\\ntop: 15%;\\r\\nright: 35%;\\r\\nwidth: 6%;\",\"depth\":\"0\"}},\"298\":{\"type\":\"element\",\"enabled\":\"1\",\"fields\":{\"image\":[\"293\"],\"css\":\"\",\"depth\":\"0\"}},\"299\":{\"type\":\"element\",\"enabled\":\"1\",\"fields\":{\"image\":[\"283\"],\"css\":\"\",\"depth\":\"0\"}},\"309\":{\"type\":\"element\",\"enabled\":\"1\",\"fields\":{\"image\":[\"282\"],\"css\":\"\",\"depth\":\"0\"}},\"300\":{\"type\":\"element\",\"enabled\":\"1\",\"fields\":{\"image\":[\"285\"],\"css\":\"\",\"depth\":\"0\"}},\"310\":{\"type\":\"element\",\"enabled\":\"1\",\"fields\":{\"image\":[\"284\"],\"css\":\"\",\"depth\":\"0\"}},\"304\":{\"type\":\"element\",\"enabled\":\"1\",\"fields\":{\"image\":[\"287\"],\"css\":\"\",\"depth\":\"0\"}},\"301\":{\"type\":\"element\",\"enabled\":\"1\",\"fields\":{\"image\":[\"286\"],\"css\":\"\",\"depth\":\"0\"}},\"305\":{\"type\":\"element\",\"enabled\":\"1\",\"fields\":{\"image\":[\"289\"],\"css\":\"\",\"depth\":\"0\"}},\"302\":{\"type\":\"element\",\"enabled\":\"1\",\"fields\":{\"image\":[\"288\"],\"css\":\"\",\"depth\":\"0\"}},\"306\":{\"type\":\"element\",\"enabled\":\"1\",\"fields\":{\"image\":[\"291\"],\"css\":\"\",\"depth\":\"0\"}},\"307\":{\"type\":\"element\",\"enabled\":\"1\",\"fields\":{\"image\":[\"290\"],\"css\":\"\",\"depth\":\"0\"}},\"308\":{\"type\":\"element\",\"enabled\":\"1\",\"fields\":{\"image\":[\"292\"],\"css\":\"\",\"depth\":\"0\"}}}}}', '2019-01-11 01:03:03', '2019-01-11 01:03:03', 'fa8dbbb8-8b76-42a9-a662-d3363924a931'),
 ('271', '275', '9', '1', 'en_us', '15', '', '{\"typeId\":null,\"authorId\":null,\"title\":\"Home Page\",\"slug\":\"home-page\",\"postDate\":1546732564,\"expiryDate\":null,\"enabled\":1,\"parentId\":null,\"fields\":{\"65\":[\"281\"],\"61\":{\"303\":{\"type\":\"element\",\"enabled\":\"1\",\"fields\":{\"image\":[\"297\"],\"css\":\"position: absolute;\\r\\ntop: 15%;\\r\\nright: 35%;\\r\\nwidth: 6%;\",\"depth\":\"0\"}},\"298\":{\"type\":\"element\",\"enabled\":\"1\",\"fields\":{\"image\":[\"293\"],\"css\":\"position: absolute;\\r\\nbottom: 0;\\r\\nleft: 50%;\\r\\nheight: 80%;\\r\\ntransform: translateX(-50%);\\r\\n\",\"depth\":\"0\"}},\"299\":{\"type\":\"element\",\"enabled\":\"1\",\"fields\":{\"image\":[\"283\"],\"css\":\"\",\"depth\":\"0\"}},\"309\":{\"type\":\"element\",\"enabled\":\"1\",\"fields\":{\"image\":[\"282\"],\"css\":\"\",\"depth\":\"0\"}},\"300\":{\"type\":\"element\",\"enabled\":\"1\",\"fields\":{\"image\":[\"285\"],\"css\":\"\",\"depth\":\"0\"}},\"310\":{\"type\":\"element\",\"enabled\":\"1\",\"fields\":{\"image\":[\"284\"],\"css\":\"\",\"depth\":\"0\"}},\"304\":{\"type\":\"element\",\"enabled\":\"1\",\"fields\":{\"image\":[\"287\"],\"css\":\"\",\"depth\":\"0\"}},\"301\":{\"type\":\"element\",\"enabled\":\"1\",\"fields\":{\"image\":[\"286\"],\"css\":\"\",\"depth\":\"0\"}},\"305\":{\"type\":\"element\",\"enabled\":\"1\",\"fields\":{\"image\":[\"289\"],\"css\":\"\",\"depth\":\"0\"}},\"302\":{\"type\":\"element\",\"enabled\":\"1\",\"fields\":{\"image\":[\"288\"],\"css\":\"\",\"depth\":\"0\"}},\"306\":{\"type\":\"element\",\"enabled\":\"1\",\"fields\":{\"image\":[\"291\"],\"css\":\"\",\"depth\":\"0\"}},\"307\":{\"type\":\"element\",\"enabled\":\"1\",\"fields\":{\"image\":[\"290\"],\"css\":\"\",\"depth\":\"0\"}},\"308\":{\"type\":\"element\",\"enabled\":\"1\",\"fields\":{\"image\":[\"292\"],\"css\":\"\",\"depth\":\"0\"}}}}}', '2019-01-11 01:04:57', '2019-01-11 01:04:57', '5c1d2edb-6bb5-4013-8861-a8bf6589d175'),
 ('272', '275', '9', '1', 'en_us', '16', '', '{\"typeId\":null,\"authorId\":null,\"title\":\"Home Page\",\"slug\":\"home-page\",\"postDate\":1546732564,\"expiryDate\":null,\"enabled\":1,\"parentId\":null,\"fields\":{\"65\":[\"281\"],\"61\":{\"303\":{\"type\":\"element\",\"enabled\":\"1\",\"fields\":{\"image\":[\"297\"],\"css\":\"position: absolute;\\r\\ntop: 15%;\\r\\nright: 35%;\\r\\nwidth: 6%;\",\"depth\":\"0\"}},\"298\":{\"type\":\"element\",\"enabled\":\"1\",\"fields\":{\"image\":[\"293\"],\"css\":\"position: absolute;\\r\\nbottom: 0;\\r\\nleft: 50%;\\r\\nheight: 80%;\\r\\ntransform: translateX(-50%);\",\"depth\":\"0\"}},\"299\":{\"type\":\"element\",\"enabled\":\"1\",\"fields\":{\"image\":[\"283\"],\"css\":\"\",\"depth\":\"0\"}},\"309\":{\"type\":\"element\",\"enabled\":\"1\",\"fields\":{\"image\":[\"282\"],\"css\":\"\",\"depth\":\"0\"}},\"300\":{\"type\":\"element\",\"enabled\":\"1\",\"fields\":{\"image\":[\"285\"],\"css\":\"\",\"depth\":\"0\"}},\"310\":{\"type\":\"element\",\"enabled\":\"1\",\"fields\":{\"image\":[\"284\"],\"css\":\"\",\"depth\":\"0\"}},\"304\":{\"type\":\"element\",\"enabled\":\"1\",\"fields\":{\"image\":[\"287\"],\"css\":\"\",\"depth\":\"0\"}},\"301\":{\"type\":\"element\",\"enabled\":\"1\",\"fields\":{\"image\":[\"286\"],\"css\":\"\",\"depth\":\"0\"}},\"305\":{\"type\":\"element\",\"enabled\":\"1\",\"fields\":{\"image\":[\"289\"],\"css\":\"\",\"depth\":\"0\"}},\"302\":{\"type\":\"element\",\"enabled\":\"1\",\"fields\":{\"image\":[\"288\"],\"css\":\"\",\"depth\":\"0\"}},\"306\":{\"type\":\"element\",\"enabled\":\"1\",\"fields\":{\"image\":[\"291\"],\"css\":\"\",\"depth\":\"0\"}},\"307\":{\"type\":\"element\",\"enabled\":\"1\",\"fields\":{\"image\":[\"290\"],\"css\":\"\",\"depth\":\"0\"}},\"308\":{\"type\":\"element\",\"enabled\":\"1\",\"fields\":{\"image\":[\"292\"],\"css\":\"\",\"depth\":\"0\"}}}}}', '2019-01-11 01:05:06', '2019-01-11 01:05:06', 'd8f82ce1-ea9b-44d9-a290-3a2ae41a6d83'),
 ('273', '275', '9', '1', 'en_us', '17', '', '{\"typeId\":null,\"authorId\":null,\"title\":\"Home Page\",\"slug\":\"home-page\",\"postDate\":1546732564,\"expiryDate\":null,\"enabled\":1,\"parentId\":null,\"fields\":{\"65\":[\"281\"],\"61\":{\"303\":{\"type\":\"element\",\"enabled\":\"1\",\"fields\":{\"image\":[\"297\"],\"css\":\"position: absolute;\\r\\ntop: 15%;\\r\\nright: 35%;\\r\\nwidth: 6%;\",\"depth\":\"0\"}},\"298\":{\"type\":\"element\",\"enabled\":\"1\",\"fields\":{\"image\":[\"293\"],\"css\":\"position: absolute;\\r\\nbottom: 0;\\r\\nleft: 50%;\\r\\nwidth: 10%;\\r\\ntransform: translateX(-50%);\",\"depth\":\"0\"}},\"299\":{\"type\":\"element\",\"enabled\":\"1\",\"fields\":{\"image\":[\"283\"],\"css\":\"\",\"depth\":\"0\"}},\"309\":{\"type\":\"element\",\"enabled\":\"1\",\"fields\":{\"image\":[\"282\"],\"css\":\"\",\"depth\":\"0\"}},\"300\":{\"type\":\"element\",\"enabled\":\"1\",\"fields\":{\"image\":[\"285\"],\"css\":\"\",\"depth\":\"0\"}},\"310\":{\"type\":\"element\",\"enabled\":\"1\",\"fields\":{\"image\":[\"284\"],\"css\":\"\",\"depth\":\"0\"}},\"304\":{\"type\":\"element\",\"enabled\":\"1\",\"fields\":{\"image\":[\"287\"],\"css\":\"\",\"depth\":\"0\"}},\"301\":{\"type\":\"element\",\"enabled\":\"1\",\"fields\":{\"image\":[\"286\"],\"css\":\"\",\"depth\":\"0\"}},\"305\":{\"type\":\"element\",\"enabled\":\"1\",\"fields\":{\"image\":[\"289\"],\"css\":\"\",\"depth\":\"0\"}},\"302\":{\"type\":\"element\",\"enabled\":\"1\",\"fields\":{\"image\":[\"288\"],\"css\":\"\",\"depth\":\"0\"}},\"306\":{\"type\":\"element\",\"enabled\":\"1\",\"fields\":{\"image\":[\"291\"],\"css\":\"\",\"depth\":\"0\"}},\"307\":{\"type\":\"element\",\"enabled\":\"1\",\"fields\":{\"image\":[\"290\"],\"css\":\"\",\"depth\":\"0\"}},\"308\":{\"type\":\"element\",\"enabled\":\"1\",\"fields\":{\"image\":[\"292\"],\"css\":\"\",\"depth\":\"0\"}}}}}', '2019-01-11 01:16:11', '2019-01-11 01:16:11', '96340a92-7a9c-48fa-be4b-ae6f6a936499'),
 ('274', '275', '9', '1', 'en_us', '18', '', '{\"typeId\":null,\"authorId\":null,\"title\":\"Home Page\",\"slug\":\"home-page\",\"postDate\":1546732564,\"expiryDate\":null,\"enabled\":1,\"parentId\":null,\"fields\":{\"65\":[\"281\"],\"61\":{\"303\":{\"type\":\"element\",\"enabled\":\"1\",\"fields\":{\"image\":[\"297\"],\"css\":\"position: absolute;\\r\\ntop: 15%;\\r\\nright: 35%;\\r\\nwidth: 6%;\",\"depth\":\"0\"}},\"298\":{\"type\":\"element\",\"enabled\":\"1\",\"fields\":{\"image\":[\"293\"],\"css\":\"position: absolute;\\r\\nbottom: 0;\\r\\nleft: 50%;\\r\\nwidth: 10%;\\r\\ntransform: translateX(-50%);\",\"depth\":\"0\"}},\"299\":{\"type\":\"element\",\"enabled\":\"1\",\"fields\":{\"image\":[\"283\"],\"css\":\"position: absolute;\\r\\ntop: 3%;\\r\\nleft: 10%;\\r\\nwidth: 15%;\",\"depth\":\"0\"}},\"309\":{\"type\":\"element\",\"enabled\":\"1\",\"fields\":{\"image\":[\"282\"],\"css\":\"position: absolute;\\r\\nbottom: 3%;\\r\\nleft: 50%;\\r\\nwidth: 15%;\",\"depth\":\"0\"}},\"300\":{\"type\":\"element\",\"enabled\":\"1\",\"fields\":{\"image\":[\"285\"],\"css\":\"position: absolute;\\r\\nbottom: 3%;\\r\\nleft: 5%;\\r\\nwidth: 15%;\",\"depth\":\"0\"}},\"310\":{\"type\":\"element\",\"enabled\":\"1\",\"fields\":{\"image\":[\"284\"],\"css\":\"position: absolute;\\r\\nbottom: 15%;\\r\\nright: 15%;\\r\\nwidth: 5%;\",\"depth\":\"0\"}},\"304\":{\"type\":\"element\",\"enabled\":\"1\",\"fields\":{\"image\":[\"287\"],\"css\":\"position: absolute;\\r\\nbottom: 15%;\\r\\nright: 15%;\\r\\nwidth: 5%;\",\"depth\":\"0\"}},\"301\":{\"type\":\"element\",\"enabled\":\"1\",\"fields\":{\"image\":[\"286\"],\"css\":\"position: absolute;\\r\\ntop: 5%;\\r\\nright: 5%;\\r\\nwidth: 5%;\",\"depth\":\"0\"}},\"305\":{\"type\":\"element\",\"enabled\":\"1\",\"fields\":{\"image\":[\"289\"],\"css\":\"position: absolute;\\r\\ntop: 50%;\\r\\nleft: 50%;\\r\\nwidth: 5%;\",\"depth\":\"0\"}},\"302\":{\"type\":\"element\",\"enabled\":\"1\",\"fields\":{\"image\":[\"288\"],\"css\":\"position: absolute;\\r\\ntop: 10%;\\r\\nleft: 0%;\\r\\nwidth: 5%;\",\"depth\":\"0\"}},\"306\":{\"type\":\"element\",\"enabled\":\"1\",\"fields\":{\"image\":[\"291\"],\"css\":\"position: absolute;\\r\\ntop: 50%;\\r\\nright: 2%;\\r\\nwidth: 10%;\",\"depth\":\"0\"}},\"307\":{\"type\":\"element\",\"enabled\":\"1\",\"fields\":{\"image\":[\"290\"],\"css\":\"position: absolute;\\r\\ntop: 20%;\\r\\nleft: 20%;\\r\\nwidth: 5%;\",\"depth\":\"0\"}},\"308\":{\"type\":\"element\",\"enabled\":\"1\",\"fields\":{\"image\":[\"292\"],\"css\":\"position: absolute;\\r\\ntop: 5%;\\r\\nright: 0%;\\r\\nwidth: 10%;\",\"depth\":\"0\"}}}}}', '2019-01-11 01:25:54', '2019-01-11 01:25:54', 'e0509cea-a8d7-422d-bb79-82cfdae8d4ff'),
 ('275', '275', '9', '1', 'en_us', '19', '', '{\"typeId\":null,\"authorId\":null,\"title\":\"Home Page\",\"slug\":\"home-page\",\"postDate\":1546732564,\"expiryDate\":null,\"enabled\":1,\"parentId\":null,\"fields\":{\"65\":[\"281\"],\"61\":{\"298\":{\"type\":\"element\",\"enabled\":\"1\",\"fields\":{\"image\":[\"293\"],\"css\":\"position: absolute;\\r\\nbottom: 0;\\r\\nleft: 50%;\\r\\nwidth: 10%;\\r\\ntransform: translateX(-50%);\",\"depth\":\"0\"}},\"303\":{\"type\":\"element\",\"enabled\":\"1\",\"fields\":{\"image\":[\"297\"],\"css\":\"position: absolute;\\r\\ntop: 15%;\\r\\nright: 35%;\\r\\nwidth: 6%;\",\"depth\":\"0\"}},\"299\":{\"type\":\"element\",\"enabled\":\"1\",\"fields\":{\"image\":[\"283\"],\"css\":\"position: absolute;\\r\\ntop: 3%;\\r\\nleft: 10%;\\r\\nwidth: 15%;\",\"depth\":\"0\"}},\"309\":{\"type\":\"element\",\"enabled\":\"1\",\"fields\":{\"image\":[\"282\"],\"css\":\"position: absolute;\\r\\nbottom: 3%;\\r\\nleft: 50%;\\r\\nwidth: 15%;\",\"depth\":\"0\"}},\"300\":{\"type\":\"element\",\"enabled\":\"1\",\"fields\":{\"image\":[\"285\"],\"css\":\"position: absolute;\\r\\nbottom: 3%;\\r\\nleft: 5%;\\r\\nwidth: 15%;\",\"depth\":\"0\"}},\"310\":{\"type\":\"element\",\"enabled\":\"1\",\"fields\":{\"image\":[\"284\"],\"css\":\"position: absolute;\\r\\nbottom: 15%;\\r\\nright: 15%;\\r\\nwidth: 5%;\",\"depth\":\"0\"}},\"304\":{\"type\":\"element\",\"enabled\":\"1\",\"fields\":{\"image\":[\"287\"],\"css\":\"position: absolute;\\r\\nbottom: 15%;\\r\\nright: 15%;\\r\\nwidth: 5%;\",\"depth\":\"0\"}},\"301\":{\"type\":\"element\",\"enabled\":\"1\",\"fields\":{\"image\":[\"286\"],\"css\":\"position: absolute;\\r\\ntop: 5%;\\r\\nright: 5%;\\r\\nwidth: 5%;\",\"depth\":\"0\"}},\"305\":{\"type\":\"element\",\"enabled\":\"1\",\"fields\":{\"image\":[\"289\"],\"css\":\"position: absolute;\\r\\ntop: 50%;\\r\\nleft: 50%;\\r\\nwidth: 5%;\",\"depth\":\"0\"}},\"302\":{\"type\":\"element\",\"enabled\":\"1\",\"fields\":{\"image\":[\"288\"],\"css\":\"position: absolute;\\r\\ntop: 10%;\\r\\nleft: 0%;\\r\\nwidth: 5%;\",\"depth\":\"0\"}},\"306\":{\"type\":\"element\",\"enabled\":\"1\",\"fields\":{\"image\":[\"291\"],\"css\":\"position: absolute;\\r\\ntop: 50%;\\r\\nright: 2%;\\r\\nwidth: 10%;\",\"depth\":\"0\"}},\"307\":{\"type\":\"element\",\"enabled\":\"1\",\"fields\":{\"image\":[\"290\"],\"css\":\"position: absolute;\\r\\ntop: 20%;\\r\\nleft: 20%;\\r\\nwidth: 5%;\",\"depth\":\"0\"}},\"308\":{\"type\":\"element\",\"enabled\":\"1\",\"fields\":{\"image\":[\"292\"],\"css\":\"position: absolute;\\r\\ntop: 5%;\\r\\nright: 0%;\\r\\nwidth: 10%;\",\"depth\":\"0\"}}}}}', '2019-01-11 01:27:16', '2019-01-11 01:27:16', '9c1cd0ce-66ea-4ad7-a76d-b8dbbedd67c7'),
 ('276', '275', '9', '1', 'en_us', '20', '', '{\"typeId\":null,\"authorId\":null,\"title\":\"Home Page\",\"slug\":\"home-page\",\"postDate\":1546732564,\"expiryDate\":null,\"enabled\":1,\"parentId\":null,\"fields\":{\"65\":[\"281\"],\"61\":{\"298\":{\"type\":\"element\",\"enabled\":\"1\",\"fields\":{\"image\":[\"293\"],\"css\":\"position: absolute;\\r\\nbottom: 0;\\r\\nleft: 50%;\\r\\nwidth: 15%;\\r\\ntransform: translateX(-50%);\",\"depth\":\"0\"}},\"303\":{\"type\":\"element\",\"enabled\":\"1\",\"fields\":{\"image\":[\"297\"],\"css\":\"position: absolute;\\r\\ntop: 15%;\\r\\nright: 35%;\\r\\nwidth: 6%;\",\"depth\":\"0\"}},\"299\":{\"type\":\"element\",\"enabled\":\"1\",\"fields\":{\"image\":[\"283\"],\"css\":\"position: absolute;\\r\\ntop: 3%;\\r\\nleft: 10%;\\r\\nwidth: 15%;\",\"depth\":\"0\"}},\"309\":{\"type\":\"element\",\"enabled\":\"1\",\"fields\":{\"image\":[\"282\"],\"css\":\"position: absolute;\\r\\nbottom: 3%;\\r\\nleft: 50%;\\r\\nwidth: 15%;\",\"depth\":\"0\"}},\"300\":{\"type\":\"element\",\"enabled\":\"1\",\"fields\":{\"image\":[\"285\"],\"css\":\"position: absolute;\\r\\nbottom: 3%;\\r\\nleft: 5%;\\r\\nwidth: 15%;\",\"depth\":\"0\"}},\"310\":{\"type\":\"element\",\"enabled\":\"1\",\"fields\":{\"image\":[\"284\"],\"css\":\"position: absolute;\\r\\nbottom: 15%;\\r\\nright: 15%;\\r\\nwidth: 5%;\",\"depth\":\"0\"}},\"304\":{\"type\":\"element\",\"enabled\":\"1\",\"fields\":{\"image\":[\"287\"],\"css\":\"position: absolute;\\r\\nbottom: 15%;\\r\\nright: 15%;\\r\\nwidth: 5%;\",\"depth\":\"0\"}},\"301\":{\"type\":\"element\",\"enabled\":\"1\",\"fields\":{\"image\":[\"286\"],\"css\":\"position: absolute;\\r\\ntop: 5%;\\r\\nright: 5%;\\r\\nwidth: 5%;\",\"depth\":\"0\"}},\"305\":{\"type\":\"element\",\"enabled\":\"1\",\"fields\":{\"image\":[\"289\"],\"css\":\"position: absolute;\\r\\ntop: 50%;\\r\\nleft: 50%;\\r\\nwidth: 5%;\",\"depth\":\"0\"}},\"302\":{\"type\":\"element\",\"enabled\":\"1\",\"fields\":{\"image\":[\"288\"],\"css\":\"position: absolute;\\r\\ntop: 10%;\\r\\nleft: 0%;\\r\\nwidth: 5%;\",\"depth\":\"0\"}},\"306\":{\"type\":\"element\",\"enabled\":\"1\",\"fields\":{\"image\":[\"291\"],\"css\":\"position: absolute;\\r\\ntop: 50%;\\r\\nright: 2%;\\r\\nwidth: 10%;\",\"depth\":\"0\"}},\"307\":{\"type\":\"element\",\"enabled\":\"1\",\"fields\":{\"image\":[\"290\"],\"css\":\"position: absolute;\\r\\ntop: 20%;\\r\\nleft: 20%;\\r\\nwidth: 5%;\",\"depth\":\"0\"}},\"308\":{\"type\":\"element\",\"enabled\":\"1\",\"fields\":{\"image\":[\"292\"],\"css\":\"position: absolute;\\r\\ntop: 5%;\\r\\nright: 0%;\\r\\nwidth: 10%;\",\"depth\":\"0\"}}}}}', '2019-01-11 01:43:14', '2019-01-11 01:43:14', '740e13b6-02cf-4cb8-8fd8-46d66468b919'),
 ('277', '275', '9', '1', 'en_us', '21', '', '{\"typeId\":null,\"authorId\":null,\"title\":\"Home Page\",\"slug\":\"home-page\",\"postDate\":1546732564,\"expiryDate\":null,\"enabled\":1,\"parentId\":null,\"fields\":{\"65\":[\"281\"],\"61\":{\"298\":{\"type\":\"element\",\"enabled\":\"1\",\"fields\":{\"image\":[\"293\"],\"css\":\"position: absolute;\\r\\nbottom: 0;\\r\\nleft: 50%;\\r\\nwidth: 12%;\\r\\ntransform: translateX(-50%);\",\"depth\":\"0\"}},\"303\":{\"type\":\"element\",\"enabled\":\"1\",\"fields\":{\"image\":[\"297\"],\"css\":\"position: absolute;\\r\\ntop: 15%;\\r\\nright: 35%;\\r\\nwidth: 6%;\",\"depth\":\"0\"}},\"299\":{\"type\":\"element\",\"enabled\":\"1\",\"fields\":{\"image\":[\"283\"],\"css\":\"position: absolute;\\r\\ntop: 3%;\\r\\nleft: 10%;\\r\\nwidth: 15%;\",\"depth\":\"0\"}},\"309\":{\"type\":\"element\",\"enabled\":\"1\",\"fields\":{\"image\":[\"282\"],\"css\":\"position: absolute;\\r\\nbottom: 3%;\\r\\nleft: 50%;\\r\\nwidth: 15%;\",\"depth\":\"0\"}},\"300\":{\"type\":\"element\",\"enabled\":\"1\",\"fields\":{\"image\":[\"285\"],\"css\":\"position: absolute;\\r\\nbottom: 3%;\\r\\nleft: 5%;\\r\\nwidth: 15%;\",\"depth\":\"0\"}},\"310\":{\"type\":\"element\",\"enabled\":\"1\",\"fields\":{\"image\":[\"284\"],\"css\":\"position: absolute;\\r\\nbottom: 15%;\\r\\nright: 15%;\\r\\nwidth: 5%;\",\"depth\":\"0\"}},\"304\":{\"type\":\"element\",\"enabled\":\"1\",\"fields\":{\"image\":[\"287\"],\"css\":\"position: absolute;\\r\\nbottom: 15%;\\r\\nright: 15%;\\r\\nwidth: 5%;\",\"depth\":\"0\"}},\"301\":{\"type\":\"element\",\"enabled\":\"1\",\"fields\":{\"image\":[\"286\"],\"css\":\"position: absolute;\\r\\ntop: 5%;\\r\\nright: 5%;\\r\\nwidth: 5%;\",\"depth\":\"0\"}},\"305\":{\"type\":\"element\",\"enabled\":\"1\",\"fields\":{\"image\":[\"289\"],\"css\":\"position: absolute;\\r\\ntop: 50%;\\r\\nleft: 50%;\\r\\nwidth: 5%;\",\"depth\":\"0\"}},\"302\":{\"type\":\"element\",\"enabled\":\"1\",\"fields\":{\"image\":[\"288\"],\"css\":\"position: absolute;\\r\\ntop: 10%;\\r\\nleft: 0%;\\r\\nwidth: 5%;\",\"depth\":\"0\"}},\"306\":{\"type\":\"element\",\"enabled\":\"1\",\"fields\":{\"image\":[\"291\"],\"css\":\"position: absolute;\\r\\ntop: 50%;\\r\\nright: 2%;\\r\\nwidth: 10%;\",\"depth\":\"0\"}},\"307\":{\"type\":\"element\",\"enabled\":\"1\",\"fields\":{\"image\":[\"290\"],\"css\":\"position: absolute;\\r\\ntop: 20%;\\r\\nleft: 20%;\\r\\nwidth: 5%;\",\"depth\":\"0\"}},\"308\":{\"type\":\"element\",\"enabled\":\"1\",\"fields\":{\"image\":[\"292\"],\"css\":\"position: absolute;\\r\\ntop: 5%;\\r\\nright: 0%;\\r\\nwidth: 10%;\",\"depth\":\"0\"}}}}}', '2019-01-11 01:43:33', '2019-01-11 01:43:33', 'f73ddf9f-0a5a-4743-aecd-c83e233c0ef2'),
 ('278', '275', '9', '1', 'en_us', '22', '', '{\"typeId\":null,\"authorId\":null,\"title\":\"Home Page\",\"slug\":\"home-page\",\"postDate\":1546732564,\"expiryDate\":null,\"enabled\":1,\"parentId\":null,\"fields\":{\"65\":[\"281\"],\"61\":{\"298\":{\"type\":\"element\",\"enabled\":\"1\",\"fields\":{\"image\":[\"293\"],\"css\":\"position: absolute;\\r\\nbottom: 0;\\r\\nleft: 50%;\\r\\nwidth: 13%;\\r\\ntransform: translateX(-50%);\",\"depth\":\"0\"}},\"303\":{\"type\":\"element\",\"enabled\":\"1\",\"fields\":{\"image\":[\"297\"],\"css\":\"position: absolute;\\r\\ntop: 15%;\\r\\nright: 35%;\\r\\nwidth: 6%;\",\"depth\":\"0\"}},\"299\":{\"type\":\"element\",\"enabled\":\"1\",\"fields\":{\"image\":[\"283\"],\"css\":\"position: absolute;\\r\\ntop: 3%;\\r\\nleft: 10%;\\r\\nwidth: 15%;\",\"depth\":\"0\"}},\"309\":{\"type\":\"element\",\"enabled\":\"1\",\"fields\":{\"image\":[\"282\"],\"css\":\"position: absolute;\\r\\nbottom: 3%;\\r\\nleft: 50%;\\r\\nwidth: 15%;\",\"depth\":\"0\"}},\"300\":{\"type\":\"element\",\"enabled\":\"1\",\"fields\":{\"image\":[\"285\"],\"css\":\"position: absolute;\\r\\nbottom: 3%;\\r\\nleft: 5%;\\r\\nwidth: 15%;\",\"depth\":\"0\"}},\"310\":{\"type\":\"element\",\"enabled\":\"1\",\"fields\":{\"image\":[\"284\"],\"css\":\"position: absolute;\\r\\nbottom: 15%;\\r\\nright: 15%;\\r\\nwidth: 5%;\",\"depth\":\"0\"}},\"304\":{\"type\":\"element\",\"enabled\":\"1\",\"fields\":{\"image\":[\"287\"],\"css\":\"position: absolute;\\r\\nbottom: 15%;\\r\\nright: 15%;\\r\\nwidth: 5%;\",\"depth\":\"0\"}},\"301\":{\"type\":\"element\",\"enabled\":\"1\",\"fields\":{\"image\":[\"286\"],\"css\":\"position: absolute;\\r\\ntop: 5%;\\r\\nright: 5%;\\r\\nwidth: 5%;\",\"depth\":\"0\"}},\"305\":{\"type\":\"element\",\"enabled\":\"1\",\"fields\":{\"image\":[\"289\"],\"css\":\"position: absolute;\\r\\ntop: 50%;\\r\\nleft: 50%;\\r\\nwidth: 5%;\",\"depth\":\"0\"}},\"302\":{\"type\":\"element\",\"enabled\":\"1\",\"fields\":{\"image\":[\"288\"],\"css\":\"position: absolute;\\r\\ntop: 10%;\\r\\nleft: 0%;\\r\\nwidth: 5%;\",\"depth\":\"0\"}},\"306\":{\"type\":\"element\",\"enabled\":\"1\",\"fields\":{\"image\":[\"291\"],\"css\":\"position: absolute;\\r\\ntop: 50%;\\r\\nright: 2%;\\r\\nwidth: 10%;\",\"depth\":\"0\"}},\"307\":{\"type\":\"element\",\"enabled\":\"1\",\"fields\":{\"image\":[\"290\"],\"css\":\"position: absolute;\\r\\ntop: 20%;\\r\\nleft: 20%;\\r\\nwidth: 5%;\",\"depth\":\"0\"}},\"308\":{\"type\":\"element\",\"enabled\":\"1\",\"fields\":{\"image\":[\"292\"],\"css\":\"position: absolute;\\r\\ntop: 5%;\\r\\nright: 0%;\\r\\nwidth: 10%;\",\"depth\":\"0\"}}}}}', '2019-01-11 01:43:43', '2019-01-11 01:43:43', '29cf294a-452d-4d31-a5c6-88b98eae933e'),
 ('279', '275', '9', '1', 'en_us', '23', '', '{\"typeId\":null,\"authorId\":null,\"title\":\"Home Page\",\"slug\":\"home-page\",\"postDate\":1546732564,\"expiryDate\":null,\"enabled\":1,\"parentId\":null,\"fields\":{\"65\":[\"281\"],\"61\":{\"298\":{\"type\":\"element\",\"enabled\":\"1\",\"fields\":{\"image\":[\"293\"],\"css\":\"position: absolute;\\r\\nbottom: 0;\\r\\nleft: 50%;\\r\\nwidth: 13%;\\r\\ntransform: translateX(-50%);\",\"depth\":\"0\"}},\"303\":{\"type\":\"element\",\"enabled\":\"1\",\"fields\":{\"image\":[\"297\"],\"css\":\"position: absolute;\\r\\ntop: 12%;\\r\\nright: 35%;\\r\\nwidth: 6%;\",\"depth\":\"0\"}},\"299\":{\"type\":\"element\",\"enabled\":\"1\",\"fields\":{\"image\":[\"283\"],\"css\":\"position: absolute;\\r\\ntop: 3%;\\r\\nleft: 10%;\\r\\nwidth: 15%;\",\"depth\":\"0\"}},\"309\":{\"type\":\"element\",\"enabled\":\"1\",\"fields\":{\"image\":[\"282\"],\"css\":\"position: absolute;\\r\\nbottom: 3%;\\r\\nleft: 50%;\\r\\nwidth: 15%;\",\"depth\":\"0\"}},\"300\":{\"type\":\"element\",\"enabled\":\"1\",\"fields\":{\"image\":[\"285\"],\"css\":\"position: absolute;\\r\\nbottom: 3%;\\r\\nleft: 5%;\\r\\nwidth: 15%;\",\"depth\":\"0\"}},\"310\":{\"type\":\"element\",\"enabled\":\"1\",\"fields\":{\"image\":[\"284\"],\"css\":\"position: absolute;\\r\\nbottom: 15%;\\r\\nright: 15%;\\r\\nwidth: 5%;\",\"depth\":\"0\"}},\"304\":{\"type\":\"element\",\"enabled\":\"1\",\"fields\":{\"image\":[\"287\"],\"css\":\"position: absolute;\\r\\nbottom: 15%;\\r\\nright: 15%;\\r\\nwidth: 5%;\",\"depth\":\"0\"}},\"301\":{\"type\":\"element\",\"enabled\":\"1\",\"fields\":{\"image\":[\"286\"],\"css\":\"position: absolute;\\r\\ntop: 5%;\\r\\nright: 5%;\\r\\nwidth: 5%;\",\"depth\":\"0\"}},\"305\":{\"type\":\"element\",\"enabled\":\"1\",\"fields\":{\"image\":[\"289\"],\"css\":\"position: absolute;\\r\\ntop: 50%;\\r\\nleft: 50%;\\r\\nwidth: 5%;\",\"depth\":\"0\"}},\"302\":{\"type\":\"element\",\"enabled\":\"1\",\"fields\":{\"image\":[\"288\"],\"css\":\"position: absolute;\\r\\ntop: 10%;\\r\\nleft: 0%;\\r\\nwidth: 5%;\",\"depth\":\"0\"}},\"306\":{\"type\":\"element\",\"enabled\":\"1\",\"fields\":{\"image\":[\"291\"],\"css\":\"position: absolute;\\r\\ntop: 50%;\\r\\nright: 2%;\\r\\nwidth: 10%;\",\"depth\":\"0\"}},\"307\":{\"type\":\"element\",\"enabled\":\"1\",\"fields\":{\"image\":[\"290\"],\"css\":\"position: absolute;\\r\\ntop: 20%;\\r\\nleft: 20%;\\r\\nwidth: 5%;\",\"depth\":\"0\"}},\"308\":{\"type\":\"element\",\"enabled\":\"1\",\"fields\":{\"image\":[\"292\"],\"css\":\"position: absolute;\\r\\ntop: 5%;\\r\\nright: 0%;\\r\\nwidth: 10%;\",\"depth\":\"0\"}}}}}', '2019-01-11 01:48:23', '2019-01-11 01:48:23', '0f7c439d-44f5-4c4d-8d49-22cbe1f7c71c'),
 ('280', '275', '9', '1', 'en_us', '24', '', '{\"typeId\":null,\"authorId\":null,\"title\":\"Home Page\",\"slug\":\"home-page\",\"postDate\":1546732564,\"expiryDate\":null,\"enabled\":1,\"parentId\":null,\"fields\":{\"65\":[\"281\"],\"61\":{\"298\":{\"type\":\"element\",\"enabled\":\"1\",\"fields\":{\"image\":[\"293\"],\"css\":\"position: absolute;\\r\\nbottom: 0;\\r\\nleft: 50%;\\r\\nwidth: 13%;\\r\\ntransform: translateX(-50%);\",\"depth\":\"0\"}},\"303\":{\"type\":\"element\",\"enabled\":\"1\",\"fields\":{\"image\":[\"297\"],\"css\":\"position: absolute;\\r\\ntop: 12%;\\r\\nleft: 50%;\\r\\nwidth: 6%;\",\"depth\":\"0\"}},\"299\":{\"type\":\"element\",\"enabled\":\"1\",\"fields\":{\"image\":[\"283\"],\"css\":\"position: absolute;\\r\\ntop: 3%;\\r\\nleft: 10%;\\r\\nwidth: 15%;\",\"depth\":\"0\"}},\"309\":{\"type\":\"element\",\"enabled\":\"1\",\"fields\":{\"image\":[\"282\"],\"css\":\"position: absolute;\\r\\nbottom: 3%;\\r\\nleft: 50%;\\r\\nwidth: 15%;\",\"depth\":\"0\"}},\"300\":{\"type\":\"element\",\"enabled\":\"1\",\"fields\":{\"image\":[\"285\"],\"css\":\"position: absolute;\\r\\nbottom: 3%;\\r\\nleft: 5%;\\r\\nwidth: 15%;\",\"depth\":\"0\"}},\"310\":{\"type\":\"element\",\"enabled\":\"1\",\"fields\":{\"image\":[\"284\"],\"css\":\"position: absolute;\\r\\nbottom: 15%;\\r\\nright: 15%;\\r\\nwidth: 5%;\",\"depth\":\"0\"}},\"304\":{\"type\":\"element\",\"enabled\":\"1\",\"fields\":{\"image\":[\"287\"],\"css\":\"position: absolute;\\r\\nbottom: 15%;\\r\\nright: 15%;\\r\\nwidth: 5%;\",\"depth\":\"0\"}},\"301\":{\"type\":\"element\",\"enabled\":\"1\",\"fields\":{\"image\":[\"286\"],\"css\":\"position: absolute;\\r\\ntop: 5%;\\r\\nright: 5%;\\r\\nwidth: 5%;\",\"depth\":\"0\"}},\"305\":{\"type\":\"element\",\"enabled\":\"1\",\"fields\":{\"image\":[\"289\"],\"css\":\"position: absolute;\\r\\ntop: 50%;\\r\\nleft: 50%;\\r\\nwidth: 5%;\",\"depth\":\"0\"}},\"302\":{\"type\":\"element\",\"enabled\":\"1\",\"fields\":{\"image\":[\"288\"],\"css\":\"position: absolute;\\r\\ntop: 10%;\\r\\nleft: 0%;\\r\\nwidth: 5%;\",\"depth\":\"0\"}},\"306\":{\"type\":\"element\",\"enabled\":\"1\",\"fields\":{\"image\":[\"291\"],\"css\":\"position: absolute;\\r\\ntop: 50%;\\r\\nright: 2%;\\r\\nwidth: 10%;\",\"depth\":\"0\"}},\"307\":{\"type\":\"element\",\"enabled\":\"1\",\"fields\":{\"image\":[\"290\"],\"css\":\"position: absolute;\\r\\ntop: 20%;\\r\\nleft: 20%;\\r\\nwidth: 5%;\",\"depth\":\"0\"}},\"308\":{\"type\":\"element\",\"enabled\":\"1\",\"fields\":{\"image\":[\"292\"],\"css\":\"position: absolute;\\r\\ntop: 5%;\\r\\nright: 0%;\\r\\nwidth: 10%;\",\"depth\":\"0\"}}}}}', '2019-01-11 01:48:49', '2019-01-11 01:48:49', '931c5a7a-e612-493e-a7ea-12196ec3f00f'),
 ('281', '275', '9', '1', 'en_us', '25', '', '{\"typeId\":null,\"authorId\":null,\"title\":\"Home Page\",\"slug\":\"home-page\",\"postDate\":1546732564,\"expiryDate\":null,\"enabled\":1,\"parentId\":null,\"fields\":{\"65\":[\"281\"],\"61\":{\"298\":{\"type\":\"element\",\"enabled\":\"1\",\"fields\":{\"image\":[\"293\"],\"css\":\"position: absolute;\\r\\nbottom: 0;\\r\\nleft: 50%;\\r\\nwidth: 13%;\\r\\ntransform: translateX(-50%);\",\"depth\":\"0\"}},\"303\":{\"type\":\"element\",\"enabled\":\"1\",\"fields\":{\"image\":[\"297\"],\"css\":\"position: absolute;\\r\\ntop: 9%;\\r\\nleft: 53%;\\r\\nwidth: 6%;\",\"depth\":\"0\"}},\"299\":{\"type\":\"element\",\"enabled\":\"1\",\"fields\":{\"image\":[\"283\"],\"css\":\"position: absolute;\\r\\ntop: 3%;\\r\\nleft: 10%;\\r\\nwidth: 15%;\",\"depth\":\"0\"}},\"309\":{\"type\":\"element\",\"enabled\":\"1\",\"fields\":{\"image\":[\"282\"],\"css\":\"position: absolute;\\r\\nbottom: 3%;\\r\\nleft: 50%;\\r\\nwidth: 15%;\",\"depth\":\"0\"}},\"300\":{\"type\":\"element\",\"enabled\":\"1\",\"fields\":{\"image\":[\"285\"],\"css\":\"position: absolute;\\r\\nbottom: 3%;\\r\\nleft: 5%;\\r\\nwidth: 15%;\",\"depth\":\"0\"}},\"310\":{\"type\":\"element\",\"enabled\":\"1\",\"fields\":{\"image\":[\"284\"],\"css\":\"position: absolute;\\r\\nbottom: 15%;\\r\\nright: 15%;\\r\\nwidth: 5%;\",\"depth\":\"0\"}},\"304\":{\"type\":\"element\",\"enabled\":\"1\",\"fields\":{\"image\":[\"287\"],\"css\":\"position: absolute;\\r\\nbottom: 15%;\\r\\nright: 15%;\\r\\nwidth: 5%;\",\"depth\":\"0\"}},\"301\":{\"type\":\"element\",\"enabled\":\"1\",\"fields\":{\"image\":[\"286\"],\"css\":\"position: absolute;\\r\\ntop: 5%;\\r\\nright: 5%;\\r\\nwidth: 5%;\",\"depth\":\"0\"}},\"305\":{\"type\":\"element\",\"enabled\":\"1\",\"fields\":{\"image\":[\"289\"],\"css\":\"position: absolute;\\r\\ntop: 50%;\\r\\nleft: 50%;\\r\\nwidth: 5%;\",\"depth\":\"0\"}},\"302\":{\"type\":\"element\",\"enabled\":\"1\",\"fields\":{\"image\":[\"288\"],\"css\":\"position: absolute;\\r\\ntop: 10%;\\r\\nleft: 0%;\\r\\nwidth: 5%;\",\"depth\":\"0\"}},\"306\":{\"type\":\"element\",\"enabled\":\"1\",\"fields\":{\"image\":[\"291\"],\"css\":\"position: absolute;\\r\\ntop: 50%;\\r\\nright: 2%;\\r\\nwidth: 10%;\",\"depth\":\"0\"}},\"307\":{\"type\":\"element\",\"enabled\":\"1\",\"fields\":{\"image\":[\"290\"],\"css\":\"position: absolute;\\r\\ntop: 20%;\\r\\nleft: 20%;\\r\\nwidth: 5%;\",\"depth\":\"0\"}},\"308\":{\"type\":\"element\",\"enabled\":\"1\",\"fields\":{\"image\":[\"292\"],\"css\":\"position: absolute;\\r\\ntop: 5%;\\r\\nright: 0%;\\r\\nwidth: 10%;\",\"depth\":\"0\"}}}}}', '2019-01-11 01:50:37', '2019-01-11 01:50:37', '85ff99a4-9929-442f-8166-5b787854a899'),
 ('282', '275', '9', '1', 'en_us', '26', '', '{\"typeId\":null,\"authorId\":null,\"title\":\"Home Page\",\"slug\":\"home-page\",\"postDate\":1546732564,\"expiryDate\":null,\"enabled\":1,\"parentId\":null,\"fields\":{\"65\":[\"281\"],\"61\":{\"298\":{\"type\":\"element\",\"enabled\":\"1\",\"fields\":{\"image\":[\"293\"],\"css\":\"position: absolute;\\r\\nbottom: 0;\\r\\nleft: 50%;\\r\\nwidth: 12%;\\r\\ntransform: translateX(-50%);\",\"depth\":\"0\"}},\"303\":{\"type\":\"element\",\"enabled\":\"1\",\"fields\":{\"image\":[\"297\"],\"css\":\"position: absolute;\\r\\ntop: 16%;\\r\\nleft: 53%;\\r\\nwidth: 6%;\",\"depth\":\"0\"}},\"299\":{\"type\":\"element\",\"enabled\":\"1\",\"fields\":{\"image\":[\"283\"],\"css\":\"position: absolute;\\r\\ntop: 3%;\\r\\nleft: 10%;\\r\\nwidth: 15%;\",\"depth\":\"0\"}},\"309\":{\"type\":\"element\",\"enabled\":\"1\",\"fields\":{\"image\":[\"282\"],\"css\":\"position: absolute;\\r\\nbottom: 3%;\\r\\nleft: 50%;\\r\\nwidth: 15%;\",\"depth\":\"0\"}},\"300\":{\"type\":\"element\",\"enabled\":\"1\",\"fields\":{\"image\":[\"285\"],\"css\":\"position: absolute;\\r\\nbottom: 3%;\\r\\nleft: 5%;\\r\\nwidth: 15%;\",\"depth\":\"0\"}},\"310\":{\"type\":\"element\",\"enabled\":\"1\",\"fields\":{\"image\":[\"284\"],\"css\":\"position: absolute;\\r\\nbottom: 15%;\\r\\nright: 15%;\\r\\nwidth: 5%;\",\"depth\":\"0\"}},\"304\":{\"type\":\"element\",\"enabled\":\"1\",\"fields\":{\"image\":[\"287\"],\"css\":\"position: absolute;\\r\\nbottom: 15%;\\r\\nright: 15%;\\r\\nwidth: 5%;\",\"depth\":\"0\"}},\"301\":{\"type\":\"element\",\"enabled\":\"1\",\"fields\":{\"image\":[\"286\"],\"css\":\"position: absolute;\\r\\ntop: 5%;\\r\\nright: 5%;\\r\\nwidth: 5%;\",\"depth\":\"0\"}},\"305\":{\"type\":\"element\",\"enabled\":\"1\",\"fields\":{\"image\":[\"289\"],\"css\":\"position: absolute;\\r\\ntop: 50%;\\r\\nleft: 50%;\\r\\nwidth: 5%;\",\"depth\":\"0\"}},\"302\":{\"type\":\"element\",\"enabled\":\"1\",\"fields\":{\"image\":[\"288\"],\"css\":\"position: absolute;\\r\\ntop: 10%;\\r\\nleft: 0%;\\r\\nwidth: 5%;\",\"depth\":\"0\"}},\"306\":{\"type\":\"element\",\"enabled\":\"1\",\"fields\":{\"image\":[\"291\"],\"css\":\"position: absolute;\\r\\ntop: 50%;\\r\\nright: 2%;\\r\\nwidth: 10%;\",\"depth\":\"0\"}},\"307\":{\"type\":\"element\",\"enabled\":\"1\",\"fields\":{\"image\":[\"290\"],\"css\":\"position: absolute;\\r\\ntop: 20%;\\r\\nleft: 20%;\\r\\nwidth: 5%;\",\"depth\":\"0\"}},\"308\":{\"type\":\"element\",\"enabled\":\"1\",\"fields\":{\"image\":[\"292\"],\"css\":\"position: absolute;\\r\\ntop: 5%;\\r\\nright: 0%;\\r\\nwidth: 10%;\",\"depth\":\"0\"}}}}}', '2019-01-11 01:55:56', '2019-01-11 01:55:56', 'ed274244-6ced-449f-93b2-2510331f2543'),
 ('283', '275', '9', '1', 'en_us', '27', '', '{\"typeId\":null,\"authorId\":null,\"title\":\"Home Page\",\"slug\":\"home-page\",\"postDate\":1546732564,\"expiryDate\":null,\"enabled\":1,\"parentId\":null,\"fields\":{\"65\":[\"281\"],\"61\":{\"298\":{\"type\":\"element\",\"enabled\":\"1\",\"fields\":{\"image\":[\"293\"],\"css\":\"position: absolute;\\r\\nbottom: 0;\\r\\nleft: 50%;\\r\\nwidth: 12%;\\r\\ntransform: translateX(-50%);\",\"depth\":\"0\"}},\"303\":{\"type\":\"element\",\"enabled\":\"1\",\"fields\":{\"image\":[\"297\"],\"css\":\"position: absolute;\\r\\ntop: 16%;\\r\\nleft: 53%;\\r\\nwidth: 6%;\",\"depth\":\"0\"}},\"299\":{\"type\":\"element\",\"enabled\":\"1\",\"fields\":{\"image\":[\"283\"],\"css\":\"position: absolute;\\r\\ntop: 5%;\\r\\nleft: 15%;\\r\\nwidth: 18%;\",\"depth\":\"0\"}},\"309\":{\"type\":\"element\",\"enabled\":\"1\",\"fields\":{\"image\":[\"282\"],\"css\":\"position: absolute;\\r\\nbottom: 3%;\\r\\nleft: 50%;\\r\\nwidth: 15%;\",\"depth\":\"0\"}},\"300\":{\"type\":\"element\",\"enabled\":\"1\",\"fields\":{\"image\":[\"285\"],\"css\":\"position: absolute;\\r\\nbottom: 3%;\\r\\nleft: 5%;\\r\\nwidth: 15%;\",\"depth\":\"0\"}},\"310\":{\"type\":\"element\",\"enabled\":\"1\",\"fields\":{\"image\":[\"284\"],\"css\":\"position: absolute;\\r\\nbottom: 15%;\\r\\nright: 15%;\\r\\nwidth: 5%;\",\"depth\":\"0\"}},\"304\":{\"type\":\"element\",\"enabled\":\"1\",\"fields\":{\"image\":[\"287\"],\"css\":\"position: absolute;\\r\\nbottom: 15%;\\r\\nright: 15%;\\r\\nwidth: 5%;\",\"depth\":\"0\"}},\"301\":{\"type\":\"element\",\"enabled\":\"1\",\"fields\":{\"image\":[\"286\"],\"css\":\"position: absolute;\\r\\ntop: 5%;\\r\\nright: 5%;\\r\\nwidth: 5%;\",\"depth\":\"0\"}},\"305\":{\"type\":\"element\",\"enabled\":\"1\",\"fields\":{\"image\":[\"289\"],\"css\":\"position: absolute;\\r\\ntop: 50%;\\r\\nleft: 50%;\\r\\nwidth: 5%;\",\"depth\":\"0\"}},\"302\":{\"type\":\"element\",\"enabled\":\"1\",\"fields\":{\"image\":[\"288\"],\"css\":\"position: absolute;\\r\\ntop: 10%;\\r\\nleft: 0%;\\r\\nwidth: 5%;\",\"depth\":\"0\"}},\"306\":{\"type\":\"element\",\"enabled\":\"1\",\"fields\":{\"image\":[\"291\"],\"css\":\"position: absolute;\\r\\ntop: 50%;\\r\\nright: 2%;\\r\\nwidth: 10%;\",\"depth\":\"0\"}},\"307\":{\"type\":\"element\",\"enabled\":\"1\",\"fields\":{\"image\":[\"290\"],\"css\":\"position: absolute;\\r\\ntop: 20%;\\r\\nleft: 20%;\\r\\nwidth: 5%;\",\"depth\":\"0\"}},\"308\":{\"type\":\"element\",\"enabled\":\"1\",\"fields\":{\"image\":[\"292\"],\"css\":\"position: absolute;\\r\\ntop: 5%;\\r\\nright: 0%;\\r\\nwidth: 10%;\",\"depth\":\"0\"}}}}}', '2019-01-11 01:56:48', '2019-01-11 01:56:48', '1d6360f7-b43d-4e38-ab69-3a186366a793'),
 ('284', '275', '9', '1', 'en_us', '28', '', '{\"typeId\":null,\"authorId\":null,\"title\":\"Home Page\",\"slug\":\"home-page\",\"postDate\":1546732564,\"expiryDate\":null,\"enabled\":1,\"parentId\":null,\"fields\":{\"65\":[\"281\"],\"61\":{\"298\":{\"type\":\"element\",\"enabled\":\"1\",\"fields\":{\"image\":[\"293\"],\"css\":\"position: absolute;\\r\\nbottom: 0;\\r\\nleft: 50%;\\r\\nwidth: 12%;\\r\\ntransform: translateX(-50%);\",\"depth\":\"0\"}},\"303\":{\"type\":\"element\",\"enabled\":\"1\",\"fields\":{\"image\":[\"297\"],\"css\":\"position: absolute;\\r\\ntop: 16%;\\r\\nleft: 53%;\\r\\nwidth: 6%;\",\"depth\":\"0\"}},\"299\":{\"type\":\"element\",\"enabled\":\"1\",\"fields\":{\"image\":[\"283\"],\"css\":\"position: absolute;\\r\\ntop: 5%;\\r\\nleft: 15%;\\r\\nwidth: 18%;\",\"depth\":\"0\"}},\"309\":{\"type\":\"element\",\"enabled\":\"1\",\"fields\":{\"image\":[\"282\"],\"css\":\"position: absolute;\\r\\nbottom: 3%;\\r\\nleft: 46%;\\r\\nwidth: 12%;\",\"depth\":\"0\"}},\"300\":{\"type\":\"element\",\"enabled\":\"1\",\"fields\":{\"image\":[\"285\"],\"css\":\"position: absolute;\\r\\nbottom: 3%;\\r\\nleft: 5%;\\r\\nwidth: 15%;\",\"depth\":\"0\"}},\"310\":{\"type\":\"element\",\"enabled\":\"1\",\"fields\":{\"image\":[\"284\"],\"css\":\"position: absolute;\\r\\nbottom: 3%;\\r\\nright: 15%;\\r\\nwidth: 5%;\",\"depth\":\"0\"}},\"304\":{\"type\":\"element\",\"enabled\":\"1\",\"fields\":{\"image\":[\"287\"],\"css\":\"position: absolute;\\r\\nbottom: 15%;\\r\\nright: 15%;\\r\\nwidth: 5%;\",\"depth\":\"0\"}},\"301\":{\"type\":\"element\",\"enabled\":\"1\",\"fields\":{\"image\":[\"286\"],\"css\":\"position: absolute;\\r\\ntop: 5%;\\r\\nright: 5%;\\r\\nwidth: 5%;\",\"depth\":\"0\"}},\"305\":{\"type\":\"element\",\"enabled\":\"1\",\"fields\":{\"image\":[\"289\"],\"css\":\"position: absolute;\\r\\ntop: 50%;\\r\\nleft: 50%;\\r\\nwidth: 5%;\",\"depth\":\"0\"}},\"302\":{\"type\":\"element\",\"enabled\":\"1\",\"fields\":{\"image\":[\"288\"],\"css\":\"position: absolute;\\r\\ntop: 10%;\\r\\nleft: 0%;\\r\\nwidth: 5%;\",\"depth\":\"0\"}},\"306\":{\"type\":\"element\",\"enabled\":\"1\",\"fields\":{\"image\":[\"291\"],\"css\":\"position: absolute;\\r\\ntop: 50%;\\r\\nright: 2%;\\r\\nwidth: 10%;\",\"depth\":\"0\"}},\"307\":{\"type\":\"element\",\"enabled\":\"1\",\"fields\":{\"image\":[\"290\"],\"css\":\"position: absolute;\\r\\ntop: 20%;\\r\\nleft: 20%;\\r\\nwidth: 5%;\",\"depth\":\"0\"}},\"308\":{\"type\":\"element\",\"enabled\":\"1\",\"fields\":{\"image\":[\"292\"],\"css\":\"position: absolute;\\r\\ntop: 5%;\\r\\nright: 0%;\\r\\nwidth: 10%;\",\"depth\":\"0\"}}}}}', '2019-01-11 01:59:22', '2019-01-11 01:59:22', '62b8756e-aadb-4249-98e6-ef59534568ae'),
 ('285', '275', '9', '1', 'en_us', '29', '', '{\"typeId\":null,\"authorId\":null,\"title\":\"Home Page\",\"slug\":\"home-page\",\"postDate\":1546732564,\"expiryDate\":null,\"enabled\":1,\"parentId\":null,\"fields\":{\"65\":[\"281\"],\"61\":{\"298\":{\"type\":\"element\",\"enabled\":\"1\",\"fields\":{\"image\":[\"293\"],\"css\":\"position: absolute;\\r\\nbottom: 0;\\r\\nleft: 50%;\\r\\nwidth: 12%;\\r\\ntransform: translateX(-50%);\",\"depth\":\"0\"}},\"303\":{\"type\":\"element\",\"enabled\":\"1\",\"fields\":{\"image\":[\"297\"],\"css\":\"position: absolute;\\r\\ntop: 16%;\\r\\nleft: 53%;\\r\\nwidth: 6%;\",\"depth\":\"0\"}},\"299\":{\"type\":\"element\",\"enabled\":\"1\",\"fields\":{\"image\":[\"283\"],\"css\":\"position: absolute;\\r\\ntop: 5%;\\r\\nleft: 15%;\\r\\nwidth: 18%;\",\"depth\":\"0\"}},\"309\":{\"type\":\"element\",\"enabled\":\"1\",\"fields\":{\"image\":[\"282\"],\"css\":\"position: absolute;\\r\\nbottom: 3%;\\r\\nleft: 46%;\\r\\nwidth: 12%;\",\"depth\":\"0\"}},\"300\":{\"type\":\"element\",\"enabled\":\"1\",\"fields\":{\"image\":[\"285\"],\"css\":\"position: absolute;\\r\\nbottom: 6%;\\r\\nleft: 2%;\\r\\nwidth: 11%;\",\"depth\":\"0\"}},\"310\":{\"type\":\"element\",\"enabled\":\"1\",\"fields\":{\"image\":[\"284\"],\"css\":\"position: absolute;\\r\\nbottom: 3%;\\r\\nright: 15%;\\r\\nwidth: 5%;\",\"depth\":\"0\"}},\"304\":{\"type\":\"element\",\"enabled\":\"1\",\"fields\":{\"image\":[\"287\"],\"css\":\"position: absolute;\\r\\nbottom: 15%;\\r\\nright: 15%;\\r\\nwidth: 5%;\",\"depth\":\"0\"}},\"301\":{\"type\":\"element\",\"enabled\":\"1\",\"fields\":{\"image\":[\"286\"],\"css\":\"position: absolute;\\r\\ntop: 5%;\\r\\nright: 5%;\\r\\nwidth: 5%;\",\"depth\":\"0\"}},\"305\":{\"type\":\"element\",\"enabled\":\"1\",\"fields\":{\"image\":[\"289\"],\"css\":\"position: absolute;\\r\\ntop: 50%;\\r\\nleft: 50%;\\r\\nwidth: 5%;\",\"depth\":\"0\"}},\"302\":{\"type\":\"element\",\"enabled\":\"1\",\"fields\":{\"image\":[\"288\"],\"css\":\"position: absolute;\\r\\ntop: 10%;\\r\\nleft: 0%;\\r\\nwidth: 5%;\",\"depth\":\"0\"}},\"306\":{\"type\":\"element\",\"enabled\":\"1\",\"fields\":{\"image\":[\"291\"],\"css\":\"position: absolute;\\r\\ntop: 50%;\\r\\nright: 2%;\\r\\nwidth: 10%;\",\"depth\":\"0\"}},\"307\":{\"type\":\"element\",\"enabled\":\"1\",\"fields\":{\"image\":[\"290\"],\"css\":\"position: absolute;\\r\\ntop: 20%;\\r\\nleft: 20%;\\r\\nwidth: 5%;\",\"depth\":\"0\"}},\"308\":{\"type\":\"element\",\"enabled\":\"1\",\"fields\":{\"image\":[\"292\"],\"css\":\"position: absolute;\\r\\ntop: 5%;\\r\\nright: 0%;\\r\\nwidth: 10%;\",\"depth\":\"0\"}}}}}', '2019-01-11 02:00:55', '2019-01-11 02:00:55', '742416ea-4a6e-41be-98d8-fa92a330c6f7'),
 ('286', '275', '9', '1', 'en_us', '30', '', '{\"typeId\":null,\"authorId\":null,\"title\":\"Home Page\",\"slug\":\"home-page\",\"postDate\":1546732564,\"expiryDate\":null,\"enabled\":1,\"parentId\":null,\"fields\":{\"65\":[\"281\"],\"61\":{\"298\":{\"type\":\"element\",\"enabled\":\"1\",\"fields\":{\"image\":[\"293\"],\"css\":\"position: absolute;\\r\\nbottom: 0;\\r\\nleft: 50%;\\r\\nwidth: 12%;\\r\\ntransform: translateX(-50%);\",\"depth\":\"0\"}},\"303\":{\"type\":\"element\",\"enabled\":\"1\",\"fields\":{\"image\":[\"297\"],\"css\":\"position: absolute;\\r\\ntop: 16%;\\r\\nleft: 53%;\\r\\nwidth: 6%;\",\"depth\":\"0\"}},\"299\":{\"type\":\"element\",\"enabled\":\"1\",\"fields\":{\"image\":[\"283\"],\"css\":\"position: absolute;\\r\\ntop: 5%;\\r\\nleft: 15%;\\r\\nwidth: 18%;\",\"depth\":\"0\"}},\"309\":{\"type\":\"element\",\"enabled\":\"1\",\"fields\":{\"image\":[\"282\"],\"css\":\"position: absolute;\\r\\nbottom: 3%;\\r\\nleft: 46%;\\r\\nwidth: 12%;\",\"depth\":\"0\"}},\"300\":{\"type\":\"element\",\"enabled\":\"1\",\"fields\":{\"image\":[\"285\"],\"css\":\"position: absolute;\\r\\nbottom: 6%;\\r\\nleft: 2%;\\r\\nwidth: 11%;\",\"depth\":\"0\"}},\"310\":{\"type\":\"element\",\"enabled\":\"1\",\"fields\":{\"image\":[\"284\"],\"css\":\"position: absolute;\\r\\nbottom: 15%;\\r\\nright: 15%;\\r\\nwidth: 5%;\",\"depth\":\"0\"}},\"304\":{\"type\":\"element\",\"enabled\":\"1\",\"fields\":{\"image\":[\"287\"],\"css\":\"position: absolute;\\r\\nbottom: 15%;\\r\\nright: 15%;\\r\\nwidth: 5%;\",\"depth\":\"0\"}},\"301\":{\"type\":\"element\",\"enabled\":\"1\",\"fields\":{\"image\":[\"286\"],\"css\":\"position: absolute;\\r\\ntop: 5%;\\r\\nright: 5%;\\r\\nwidth: 5%;\",\"depth\":\"0\"}},\"305\":{\"type\":\"element\",\"enabled\":\"1\",\"fields\":{\"image\":[\"289\"],\"css\":\"position: absolute;\\r\\ntop: 50%;\\r\\nleft: 50%;\\r\\nwidth: 5%;\",\"depth\":\"0\"}},\"302\":{\"type\":\"element\",\"enabled\":\"1\",\"fields\":{\"image\":[\"288\"],\"css\":\"position: absolute;\\r\\ntop: 10%;\\r\\nleft: 0%;\\r\\nwidth: 5%;\",\"depth\":\"0\"}},\"306\":{\"type\":\"element\",\"enabled\":\"1\",\"fields\":{\"image\":[\"291\"],\"css\":\"position: absolute;\\r\\ntop: 50%;\\r\\nright: 2%;\\r\\nwidth: 10%;\",\"depth\":\"0\"}},\"307\":{\"type\":\"element\",\"enabled\":\"1\",\"fields\":{\"image\":[\"290\"],\"css\":\"position: absolute;\\r\\ntop: 20%;\\r\\nleft: 20%;\\r\\nwidth: 5%;\",\"depth\":\"0\"}},\"308\":{\"type\":\"element\",\"enabled\":\"1\",\"fields\":{\"image\":[\"292\"],\"css\":\"position: absolute;\\r\\ntop: 5%;\\r\\nright: 0%;\\r\\nwidth: 10%;\",\"depth\":\"0\"}}}}}', '2019-01-11 02:01:36', '2019-01-11 02:01:36', '63fed450-f65e-4d2d-9566-1d1a2db9d5cd'),
 ('287', '275', '9', '1', 'en_us', '31', '', '{\"typeId\":null,\"authorId\":null,\"title\":\"Home Page\",\"slug\":\"home-page\",\"postDate\":1546732564,\"expiryDate\":null,\"enabled\":1,\"parentId\":null,\"fields\":{\"65\":[\"281\"],\"61\":{\"298\":{\"type\":\"element\",\"enabled\":\"1\",\"fields\":{\"image\":[\"293\"],\"css\":\"position: absolute;\\r\\nbottom: 0;\\r\\nleft: 50%;\\r\\nwidth: 12%;\\r\\ntransform: translateX(-50%);\",\"depth\":\"0\"}},\"303\":{\"type\":\"element\",\"enabled\":\"1\",\"fields\":{\"image\":[\"297\"],\"css\":\"position: absolute;\\r\\ntop: 16%;\\r\\nleft: 53%;\\r\\nwidth: 6%;\",\"depth\":\"0\"}},\"299\":{\"type\":\"element\",\"enabled\":\"1\",\"fields\":{\"image\":[\"283\"],\"css\":\"position: absolute;\\r\\ntop: 5%;\\r\\nleft: 15%;\\r\\nwidth: 18%;\",\"depth\":\"0\"}},\"309\":{\"type\":\"element\",\"enabled\":\"1\",\"fields\":{\"image\":[\"282\"],\"css\":\"position: absolute;\\r\\nbottom: 3%;\\r\\nleft: 46%;\\r\\nwidth: 12%;\",\"depth\":\"0\"}},\"300\":{\"type\":\"element\",\"enabled\":\"1\",\"fields\":{\"image\":[\"285\"],\"css\":\"position: absolute;\\r\\nbottom: 6%;\\r\\nleft: 2%;\\r\\nwidth: 11%;\",\"depth\":\"0\"}},\"310\":{\"type\":\"element\",\"enabled\":\"1\",\"fields\":{\"image\":[\"284\"],\"css\":\"position: absolute;\\r\\nbottom: 15%;\\r\\nright: 15%;\\r\\nwidth: 5%;\",\"depth\":\"0\"}},\"304\":{\"type\":\"element\",\"enabled\":\"1\",\"fields\":{\"image\":[\"287\"],\"css\":\"position: absolute;\\r\\nbottom: 15%;\\r\\nleft: 30%;\\r\\nwidth: 11%;\",\"depth\":\"0\"}},\"301\":{\"type\":\"element\",\"enabled\":\"1\",\"fields\":{\"image\":[\"286\"],\"css\":\"position: absolute;\\r\\ntop: 5%;\\r\\nright: 5%;\\r\\nwidth: 5%;\",\"depth\":\"0\"}},\"305\":{\"type\":\"element\",\"enabled\":\"1\",\"fields\":{\"image\":[\"289\"],\"css\":\"position: absolute;\\r\\ntop: 50%;\\r\\nleft: 50%;\\r\\nwidth: 5%;\",\"depth\":\"0\"}},\"302\":{\"type\":\"element\",\"enabled\":\"1\",\"fields\":{\"image\":[\"288\"],\"css\":\"position: absolute;\\r\\ntop: 10%;\\r\\nleft: 0%;\\r\\nwidth: 5%;\",\"depth\":\"0\"}},\"306\":{\"type\":\"element\",\"enabled\":\"1\",\"fields\":{\"image\":[\"291\"],\"css\":\"position: absolute;\\r\\ntop: 50%;\\r\\nright: 2%;\\r\\nwidth: 10%;\",\"depth\":\"0\"}},\"307\":{\"type\":\"element\",\"enabled\":\"1\",\"fields\":{\"image\":[\"290\"],\"css\":\"position: absolute;\\r\\ntop: 20%;\\r\\nleft: 20%;\\r\\nwidth: 5%;\",\"depth\":\"0\"}},\"308\":{\"type\":\"element\",\"enabled\":\"1\",\"fields\":{\"image\":[\"292\"],\"css\":\"position: absolute;\\r\\ntop: 5%;\\r\\nright: 0%;\\r\\nwidth: 10%;\",\"depth\":\"0\"}}}}}', '2019-01-11 02:03:53', '2019-01-11 02:03:53', 'f5b9ab84-00aa-46cd-8153-7a3d13db2fed'),
 ('288', '275', '9', '1', 'en_us', '32', '', '{\"typeId\":null,\"authorId\":null,\"title\":\"Home Page\",\"slug\":\"home-page\",\"postDate\":1546732564,\"expiryDate\":null,\"enabled\":1,\"parentId\":null,\"fields\":{\"65\":[\"281\"],\"61\":{\"298\":{\"type\":\"element\",\"enabled\":\"1\",\"fields\":{\"image\":[\"293\"],\"css\":\"position: absolute;\\r\\nbottom: 0;\\r\\nleft: 50%;\\r\\nwidth: 12%;\\r\\ntransform: translateX(-50%);\",\"depth\":\"0\"}},\"303\":{\"type\":\"element\",\"enabled\":\"1\",\"fields\":{\"image\":[\"297\"],\"css\":\"position: absolute;\\r\\ntop: 16%;\\r\\nleft: 53%;\\r\\nwidth: 6%;\",\"depth\":\"0\"}},\"299\":{\"type\":\"element\",\"enabled\":\"1\",\"fields\":{\"image\":[\"283\"],\"css\":\"position: absolute;\\r\\ntop: 5%;\\r\\nleft: 15%;\\r\\nwidth: 18%;\",\"depth\":\"0\"}},\"309\":{\"type\":\"element\",\"enabled\":\"1\",\"fields\":{\"image\":[\"282\"],\"css\":\"position: absolute;\\r\\nbottom: 3%;\\r\\nleft: 46%;\\r\\nwidth: 12%;\",\"depth\":\"0\"}},\"300\":{\"type\":\"element\",\"enabled\":\"1\",\"fields\":{\"image\":[\"285\"],\"css\":\"position: absolute;\\r\\nbottom: 6%;\\r\\nleft: 2%;\\r\\nwidth: 11%;\",\"depth\":\"0\"}},\"310\":{\"type\":\"element\",\"enabled\":\"1\",\"fields\":{\"image\":[\"284\"],\"css\":\"position: absolute;\\r\\nbottom: 27%;\\r\\nright: 14%;\\r\\nwidth: 7%;\",\"depth\":\"0\"}},\"304\":{\"type\":\"element\",\"enabled\":\"1\",\"fields\":{\"image\":[\"287\"],\"css\":\"position: absolute;\\r\\nbottom: 15%;\\r\\nleft: 30%;\\r\\nwidth: 11%;\",\"depth\":\"0\"}},\"301\":{\"type\":\"element\",\"enabled\":\"1\",\"fields\":{\"image\":[\"286\"],\"css\":\"position: absolute;\\r\\ntop: 5%;\\r\\nright: 5%;\\r\\nwidth: 5%;\",\"depth\":\"0\"}},\"305\":{\"type\":\"element\",\"enabled\":\"1\",\"fields\":{\"image\":[\"289\"],\"css\":\"position: absolute;\\r\\ntop: 50%;\\r\\nleft: 50%;\\r\\nwidth: 5%;\",\"depth\":\"0\"}},\"302\":{\"type\":\"element\",\"enabled\":\"1\",\"fields\":{\"image\":[\"288\"],\"css\":\"position: absolute;\\r\\ntop: 10%;\\r\\nleft: 0%;\\r\\nwidth: 5%;\",\"depth\":\"0\"}},\"306\":{\"type\":\"element\",\"enabled\":\"1\",\"fields\":{\"image\":[\"291\"],\"css\":\"position: absolute;\\r\\ntop: 50%;\\r\\nright: 2%;\\r\\nwidth: 10%;\",\"depth\":\"0\"}},\"307\":{\"type\":\"element\",\"enabled\":\"1\",\"fields\":{\"image\":[\"290\"],\"css\":\"position: absolute;\\r\\ntop: 20%;\\r\\nleft: 20%;\\r\\nwidth: 5%;\",\"depth\":\"0\"}},\"308\":{\"type\":\"element\",\"enabled\":\"1\",\"fields\":{\"image\":[\"292\"],\"css\":\"position: absolute;\\r\\ntop: 5%;\\r\\nright: 0%;\\r\\nwidth: 10%;\",\"depth\":\"0\"}}}}}', '2019-01-11 02:05:42', '2019-01-11 02:05:42', 'a3417c66-1201-4bce-b3ca-f32e5de238c5'),
 ('289', '275', '9', '1', 'en_us', '33', '', '{\"typeId\":null,\"authorId\":null,\"title\":\"Home Page\",\"slug\":\"home-page\",\"postDate\":1546732564,\"expiryDate\":null,\"enabled\":1,\"parentId\":null,\"fields\":{\"65\":[\"281\"],\"61\":{\"298\":{\"type\":\"element\",\"enabled\":\"1\",\"fields\":{\"image\":[\"293\"],\"css\":\"position: absolute;\\r\\nbottom: 0;\\r\\nleft: 50%;\\r\\nwidth: 12%;\\r\\ntransform: translateX(-50%);\",\"depth\":\"0\"}},\"303\":{\"type\":\"element\",\"enabled\":\"1\",\"fields\":{\"image\":[\"297\"],\"css\":\"position: absolute;\\r\\ntop: 16%;\\r\\nleft: 53%;\\r\\nwidth: 6%;\",\"depth\":\"0\"}},\"299\":{\"type\":\"element\",\"enabled\":\"1\",\"fields\":{\"image\":[\"283\"],\"css\":\"position: absolute;\\r\\ntop: 5%;\\r\\nleft: 15%;\\r\\nwidth: 18%;\",\"depth\":\"0\"}},\"309\":{\"type\":\"element\",\"enabled\":\"1\",\"fields\":{\"image\":[\"282\"],\"css\":\"position: absolute;\\r\\nbottom: 3%;\\r\\nleft: 46%;\\r\\nwidth: 12%;\",\"depth\":\"0\"}},\"300\":{\"type\":\"element\",\"enabled\":\"1\",\"fields\":{\"image\":[\"285\"],\"css\":\"position: absolute;\\r\\nbottom: 6%;\\r\\nleft: 2%;\\r\\nwidth: 11%;\",\"depth\":\"0\"}},\"310\":{\"type\":\"element\",\"enabled\":\"1\",\"fields\":{\"image\":[\"284\"],\"css\":\"position: absolute;\\r\\nbottom: 27%;\\r\\nright: 14%;\\r\\nwidth: 7%;\",\"depth\":\"0\"}},\"304\":{\"type\":\"element\",\"enabled\":\"1\",\"fields\":{\"image\":[\"287\"],\"css\":\"position: absolute;\\r\\nbottom: 17%;\\r\\nleft: 33%;\\r\\nwidth: 12%;\",\"depth\":\"0\"}},\"301\":{\"type\":\"element\",\"enabled\":\"1\",\"fields\":{\"image\":[\"286\"],\"css\":\"position: absolute;\\r\\ntop: 5%;\\r\\nright: 5%;\\r\\nwidth: 5%;\",\"depth\":\"0\"}},\"305\":{\"type\":\"element\",\"enabled\":\"1\",\"fields\":{\"image\":[\"289\"],\"css\":\"position: absolute;\\r\\ntop: 50%;\\r\\nleft: 50%;\\r\\nwidth: 5%;\",\"depth\":\"0\"}},\"302\":{\"type\":\"element\",\"enabled\":\"1\",\"fields\":{\"image\":[\"288\"],\"css\":\"position: absolute;\\r\\ntop: 10%;\\r\\nleft: 0%;\\r\\nwidth: 5%;\",\"depth\":\"0\"}},\"306\":{\"type\":\"element\",\"enabled\":\"1\",\"fields\":{\"image\":[\"291\"],\"css\":\"position: absolute;\\r\\ntop: 50%;\\r\\nright: 2%;\\r\\nwidth: 10%;\",\"depth\":\"0\"}},\"307\":{\"type\":\"element\",\"enabled\":\"1\",\"fields\":{\"image\":[\"290\"],\"css\":\"position: absolute;\\r\\ntop: 20%;\\r\\nleft: 20%;\\r\\nwidth: 5%;\",\"depth\":\"0\"}},\"308\":{\"type\":\"element\",\"enabled\":\"1\",\"fields\":{\"image\":[\"292\"],\"css\":\"position: absolute;\\r\\ntop: 5%;\\r\\nright: 0%;\\r\\nwidth: 10%;\",\"depth\":\"0\"}}}}}', '2019-01-11 02:06:31', '2019-01-11 02:06:31', 'cfc06101-d3f1-4593-a804-ee992e6da5e9'),
 ('290', '275', '9', '1', 'en_us', '34', '', '{\"typeId\":null,\"authorId\":null,\"title\":\"Home Page\",\"slug\":\"home-page\",\"postDate\":1546732564,\"expiryDate\":null,\"enabled\":1,\"parentId\":null,\"fields\":{\"65\":[\"281\"],\"61\":{\"298\":{\"type\":\"element\",\"enabled\":\"1\",\"fields\":{\"image\":[\"293\"],\"css\":\"position: absolute;\\r\\nbottom: 0;\\r\\nleft: 50%;\\r\\nwidth: 12%;\\r\\ntransform: translateX(-50%);\",\"depth\":\"0\"}},\"303\":{\"type\":\"element\",\"enabled\":\"1\",\"fields\":{\"image\":[\"297\"],\"css\":\"position: absolute;\\r\\ntop: 16%;\\r\\nleft: 53%;\\r\\nwidth: 6%;\",\"depth\":\"0\"}},\"299\":{\"type\":\"element\",\"enabled\":\"1\",\"fields\":{\"image\":[\"283\"],\"css\":\"position: absolute;\\r\\ntop: 5%;\\r\\nleft: 15%;\\r\\nwidth: 18%;\",\"depth\":\"0\"}},\"309\":{\"type\":\"element\",\"enabled\":\"1\",\"fields\":{\"image\":[\"282\"],\"css\":\"position: absolute;\\r\\nbottom: 3%;\\r\\nleft: 46%;\\r\\nwidth: 12%;\",\"depth\":\"0\"}},\"300\":{\"type\":\"element\",\"enabled\":\"1\",\"fields\":{\"image\":[\"285\"],\"css\":\"position: absolute;\\r\\nbottom: 6%;\\r\\nleft: 2%;\\r\\nwidth: 11%;\",\"depth\":\"0\"}},\"310\":{\"type\":\"element\",\"enabled\":\"1\",\"fields\":{\"image\":[\"284\"],\"css\":\"position: absolute;\\r\\nbottom: 27%;\\r\\nright: 14%;\\r\\nwidth: 7%;\",\"depth\":\"0\"}},\"304\":{\"type\":\"element\",\"enabled\":\"1\",\"fields\":{\"image\":[\"287\"],\"css\":\"position: absolute;\\r\\nbottom: 17%;\\r\\nleft: 33%;\\r\\nwidth: 12%;\",\"depth\":\"0\"}},\"301\":{\"type\":\"element\",\"enabled\":\"1\",\"fields\":{\"image\":[\"286\"],\"css\":\"position: absolute;\\r\\ntop: 6%;\\r\\nright: 7%;\\r\\nwidth: 7%;\",\"depth\":\"0\"}},\"305\":{\"type\":\"element\",\"enabled\":\"1\",\"fields\":{\"image\":[\"289\"],\"css\":\"position: absolute;\\r\\ntop: 50%;\\r\\nleft: 50%;\\r\\nwidth: 5%;\",\"depth\":\"0\"}},\"302\":{\"type\":\"element\",\"enabled\":\"1\",\"fields\":{\"image\":[\"288\"],\"css\":\"position: absolute;\\r\\ntop: 10%;\\r\\nleft: 0%;\\r\\nwidth: 5%;\",\"depth\":\"0\"}},\"306\":{\"type\":\"element\",\"enabled\":\"1\",\"fields\":{\"image\":[\"291\"],\"css\":\"position: absolute;\\r\\ntop: 50%;\\r\\nright: 2%;\\r\\nwidth: 10%;\",\"depth\":\"0\"}},\"307\":{\"type\":\"element\",\"enabled\":\"1\",\"fields\":{\"image\":[\"290\"],\"css\":\"position: absolute;\\r\\ntop: 20%;\\r\\nleft: 20%;\\r\\nwidth: 5%;\",\"depth\":\"0\"}},\"308\":{\"type\":\"element\",\"enabled\":\"1\",\"fields\":{\"image\":[\"292\"],\"css\":\"position: absolute;\\r\\ntop: 5%;\\r\\nright: 0%;\\r\\nwidth: 10%;\",\"depth\":\"0\"}}}}}', '2019-01-11 02:07:50', '2019-01-11 02:07:50', 'c67f4f7f-6769-497d-91c5-9c6d7176a0af'),
 ('291', '275', '9', '1', 'en_us', '35', '', '{\"typeId\":null,\"authorId\":null,\"title\":\"Home Page\",\"slug\":\"home-page\",\"postDate\":1546732564,\"expiryDate\":null,\"enabled\":1,\"parentId\":null,\"fields\":{\"65\":[\"281\"],\"61\":{\"298\":{\"type\":\"element\",\"enabled\":\"1\",\"fields\":{\"image\":[\"293\"],\"css\":\"position: absolute;\\r\\nbottom: 0;\\r\\nleft: 50%;\\r\\nwidth: 173px;\\r\\ntransform: translateX(-50%);\",\"depth\":\"0\"}},\"303\":{\"type\":\"element\",\"enabled\":\"1\",\"fields\":{\"image\":[\"297\"],\"css\":\"position: absolute;\\r\\ntop: 16%;\\r\\nleft: 53%;\\r\\nwidth: 6%;\",\"depth\":\"0\"}},\"299\":{\"type\":\"element\",\"enabled\":\"1\",\"fields\":{\"image\":[\"283\"],\"css\":\"position: absolute;\\r\\ntop: 5%;\\r\\nleft: 15%;\\r\\nwidth: 18%;\",\"depth\":\"0\"}},\"309\":{\"type\":\"element\",\"enabled\":\"1\",\"fields\":{\"image\":[\"282\"],\"css\":\"position: absolute;\\r\\nbottom: 3%;\\r\\nleft: 46%;\\r\\nwidth: 12%;\",\"depth\":\"0\"}},\"300\":{\"type\":\"element\",\"enabled\":\"1\",\"fields\":{\"image\":[\"285\"],\"css\":\"position: absolute;\\r\\nbottom: 6%;\\r\\nleft: 2%;\\r\\nwidth: 11%;\",\"depth\":\"0\"}},\"310\":{\"type\":\"element\",\"enabled\":\"1\",\"fields\":{\"image\":[\"284\"],\"css\":\"position: absolute;\\r\\nbottom: 27%;\\r\\nright: 14%;\\r\\nwidth: 7%;\",\"depth\":\"0\"}},\"304\":{\"type\":\"element\",\"enabled\":\"1\",\"fields\":{\"image\":[\"287\"],\"css\":\"position: absolute;\\r\\nbottom: 17%;\\r\\nleft: 33%;\\r\\nwidth: 12%;\",\"depth\":\"0\"}},\"301\":{\"type\":\"element\",\"enabled\":\"1\",\"fields\":{\"image\":[\"286\"],\"css\":\"position: absolute;\\r\\ntop: 6%;\\r\\nright: 7%;\\r\\nwidth: 7%;\",\"depth\":\"0\"}},\"305\":{\"type\":\"element\",\"enabled\":\"1\",\"fields\":{\"image\":[\"289\"],\"css\":\"position: absolute;\\r\\ntop: 50%;\\r\\nleft: 50%;\\r\\nwidth: 5%;\",\"depth\":\"0\"}},\"302\":{\"type\":\"element\",\"enabled\":\"1\",\"fields\":{\"image\":[\"288\"],\"css\":\"position: absolute;\\r\\ntop: 10%;\\r\\nleft: 0%;\\r\\nwidth: 5%;\",\"depth\":\"0\"}},\"306\":{\"type\":\"element\",\"enabled\":\"1\",\"fields\":{\"image\":[\"291\"],\"css\":\"position: absolute;\\r\\ntop: 50%;\\r\\nright: 2%;\\r\\nwidth: 10%;\",\"depth\":\"0\"}},\"307\":{\"type\":\"element\",\"enabled\":\"1\",\"fields\":{\"image\":[\"290\"],\"css\":\"position: absolute;\\r\\ntop: 20%;\\r\\nleft: 20%;\\r\\nwidth: 5%;\",\"depth\":\"0\"}},\"308\":{\"type\":\"element\",\"enabled\":\"1\",\"fields\":{\"image\":[\"292\"],\"css\":\"position: absolute;\\r\\ntop: 5%;\\r\\nright: 0%;\\r\\nwidth: 10%;\",\"depth\":\"0\"}}}}}', '2019-01-11 02:12:22', '2019-01-11 02:12:22', '50c3d782-da6a-4114-a35f-b4407727f9b1'),
 ('292', '275', '9', '1', 'en_us', '36', '', '{\"typeId\":null,\"authorId\":null,\"title\":\"Home Page\",\"slug\":\"home-page\",\"postDate\":1546732564,\"expiryDate\":null,\"enabled\":1,\"parentId\":null,\"fields\":{\"65\":[\"281\"],\"61\":{\"298\":{\"type\":\"element\",\"enabled\":\"1\",\"fields\":{\"image\":[\"293\"],\"css\":\"position: absolute;\\r\\nbottom: 0;\\r\\nleft: 50%;\\r\\nheight: 83%;\\r\\ntransform: translateX(-50%);\",\"depth\":\"0\"}},\"303\":{\"type\":\"element\",\"enabled\":\"1\",\"fields\":{\"image\":[\"297\"],\"css\":\"position: absolute;\\r\\ntop: 16%;\\r\\nleft: 53%;\\r\\nwidth: 6%;\",\"depth\":\"0\"}},\"299\":{\"type\":\"element\",\"enabled\":\"1\",\"fields\":{\"image\":[\"283\"],\"css\":\"position: absolute;\\r\\ntop: 5%;\\r\\nleft: 15%;\\r\\nwidth: 18%;\",\"depth\":\"0\"}},\"309\":{\"type\":\"element\",\"enabled\":\"1\",\"fields\":{\"image\":[\"282\"],\"css\":\"position: absolute;\\r\\nbottom: 3%;\\r\\nleft: 46%;\\r\\nwidth: 12%;\",\"depth\":\"0\"}},\"300\":{\"type\":\"element\",\"enabled\":\"1\",\"fields\":{\"image\":[\"285\"],\"css\":\"position: absolute;\\r\\nbottom: 6%;\\r\\nleft: 2%;\\r\\nwidth: 11%;\",\"depth\":\"0\"}},\"310\":{\"type\":\"element\",\"enabled\":\"1\",\"fields\":{\"image\":[\"284\"],\"css\":\"position: absolute;\\r\\nbottom: 27%;\\r\\nright: 14%;\\r\\nwidth: 7%;\",\"depth\":\"0\"}},\"304\":{\"type\":\"element\",\"enabled\":\"1\",\"fields\":{\"image\":[\"287\"],\"css\":\"position: absolute;\\r\\nbottom: 17%;\\r\\nleft: 33%;\\r\\nwidth: 12%;\",\"depth\":\"0\"}},\"301\":{\"type\":\"element\",\"enabled\":\"1\",\"fields\":{\"image\":[\"286\"],\"css\":\"position: absolute;\\r\\ntop: 6%;\\r\\nright: 7%;\\r\\nwidth: 7%;\",\"depth\":\"0\"}},\"305\":{\"type\":\"element\",\"enabled\":\"1\",\"fields\":{\"image\":[\"289\"],\"css\":\"position: absolute;\\r\\ntop: 50%;\\r\\nleft: 50%;\\r\\nwidth: 5%;\",\"depth\":\"0\"}},\"302\":{\"type\":\"element\",\"enabled\":\"1\",\"fields\":{\"image\":[\"288\"],\"css\":\"position: absolute;\\r\\ntop: 10%;\\r\\nleft: 0%;\\r\\nwidth: 5%;\",\"depth\":\"0\"}},\"306\":{\"type\":\"element\",\"enabled\":\"1\",\"fields\":{\"image\":[\"291\"],\"css\":\"position: absolute;\\r\\ntop: 50%;\\r\\nright: 2%;\\r\\nwidth: 10%;\",\"depth\":\"0\"}},\"307\":{\"type\":\"element\",\"enabled\":\"1\",\"fields\":{\"image\":[\"290\"],\"css\":\"position: absolute;\\r\\ntop: 20%;\\r\\nleft: 20%;\\r\\nwidth: 5%;\",\"depth\":\"0\"}},\"308\":{\"type\":\"element\",\"enabled\":\"1\",\"fields\":{\"image\":[\"292\"],\"css\":\"position: absolute;\\r\\ntop: 5%;\\r\\nright: 0%;\\r\\nwidth: 10%;\",\"depth\":\"0\"}}}}}', '2019-01-11 02:39:37', '2019-01-11 02:39:37', '59f03b0f-f512-4611-bf4c-4d0f12be7905'),
 ('293', '275', '9', '1', 'en_us', '37', '', '{\"typeId\":null,\"authorId\":null,\"title\":\"Home Page\",\"slug\":\"home-page\",\"postDate\":1546732564,\"expiryDate\":null,\"enabled\":1,\"parentId\":null,\"fields\":{\"65\":[\"281\"],\"61\":{\"298\":{\"type\":\"element\",\"enabled\":\"1\",\"fields\":{\"image\":[\"293\"],\"css\":\"position: absolute;\\r\\nbottom: 0;\\r\\nleft: 50%;\\r\\nheight: 83%;\\r\\ntransform: translateX(-50%);\",\"depth\":\"0\"}},\"303\":{\"type\":\"element\",\"enabled\":\"1\",\"fields\":{\"image\":[\"297\"],\"css\":\"position: absolute;\\r\\ntop: 50%;\\r\\nleft: 50%;\\r\\nheight: 10%;\\r\\ntransform: translate(-50%,-50%);\",\"depth\":\"0\"}},\"299\":{\"type\":\"element\",\"enabled\":\"1\",\"fields\":{\"image\":[\"283\"],\"css\":\"position: absolute;\\r\\ntop: 5%;\\r\\nleft: 15%;\\r\\nwidth: 18%;\",\"depth\":\"0\"}},\"309\":{\"type\":\"element\",\"enabled\":\"1\",\"fields\":{\"image\":[\"282\"],\"css\":\"position: absolute;\\r\\nbottom: 3%;\\r\\nleft: 46%;\\r\\nwidth: 12%;\",\"depth\":\"0\"}},\"300\":{\"type\":\"element\",\"enabled\":\"1\",\"fields\":{\"image\":[\"285\"],\"css\":\"position: absolute;\\r\\nbottom: 6%;\\r\\nleft: 2%;\\r\\nwidth: 11%;\",\"depth\":\"0\"}},\"310\":{\"type\":\"element\",\"enabled\":\"1\",\"fields\":{\"image\":[\"284\"],\"css\":\"position: absolute;\\r\\nbottom: 27%;\\r\\nright: 14%;\\r\\nwidth: 7%;\",\"depth\":\"0\"}},\"304\":{\"type\":\"element\",\"enabled\":\"1\",\"fields\":{\"image\":[\"287\"],\"css\":\"position: absolute;\\r\\nbottom: 17%;\\r\\nleft: 33%;\\r\\nwidth: 12%;\",\"depth\":\"0\"}},\"301\":{\"type\":\"element\",\"enabled\":\"1\",\"fields\":{\"image\":[\"286\"],\"css\":\"position: absolute;\\r\\ntop: 6%;\\r\\nright: 7%;\\r\\nwidth: 7%;\",\"depth\":\"0\"}},\"305\":{\"type\":\"element\",\"enabled\":\"1\",\"fields\":{\"image\":[\"289\"],\"css\":\"position: absolute;\\r\\ntop: 50%;\\r\\nleft: 50%;\\r\\nwidth: 5%;\",\"depth\":\"0\"}},\"302\":{\"type\":\"element\",\"enabled\":\"1\",\"fields\":{\"image\":[\"288\"],\"css\":\"position: absolute;\\r\\ntop: 10%;\\r\\nleft: 0%;\\r\\nwidth: 5%;\",\"depth\":\"0\"}},\"306\":{\"type\":\"element\",\"enabled\":\"1\",\"fields\":{\"image\":[\"291\"],\"css\":\"position: absolute;\\r\\ntop: 50%;\\r\\nright: 2%;\\r\\nwidth: 10%;\",\"depth\":\"0\"}},\"307\":{\"type\":\"element\",\"enabled\":\"1\",\"fields\":{\"image\":[\"290\"],\"css\":\"position: absolute;\\r\\ntop: 20%;\\r\\nleft: 20%;\\r\\nwidth: 5%;\",\"depth\":\"0\"}},\"308\":{\"type\":\"element\",\"enabled\":\"1\",\"fields\":{\"image\":[\"292\"],\"css\":\"position: absolute;\\r\\ntop: 5%;\\r\\nright: 0%;\\r\\nwidth: 10%;\",\"depth\":\"0\"}}}}}', '2019-01-11 03:48:20', '2019-01-11 03:48:20', '1dfe02e3-24c6-4811-851a-f3fce97e1cb1'),
 ('294', '275', '9', '1', 'en_us', '38', '', '{\"typeId\":null,\"authorId\":null,\"title\":\"Home Page\",\"slug\":\"home-page\",\"postDate\":1546732564,\"expiryDate\":null,\"enabled\":1,\"parentId\":null,\"fields\":{\"65\":[\"281\"],\"61\":{\"298\":{\"type\":\"element\",\"enabled\":\"1\",\"fields\":{\"image\":[\"293\"],\"css\":\"position: absolute;\\r\\nbottom: 0;\\r\\nleft: 50%;\\r\\nheight: 80%;\\r\\ntransform: translateX(-50%);\",\"depth\":\"0\"}},\"303\":{\"type\":\"element\",\"enabled\":\"1\",\"fields\":{\"image\":[\"297\"],\"css\":\"position: absolute;\\r\\ntop: 50%;\\r\\nleft: 50%;\\r\\nheight: 10%;\\r\\ntransform: translate(-50%,-50%);\",\"depth\":\"0\"}},\"299\":{\"type\":\"element\",\"enabled\":\"1\",\"fields\":{\"image\":[\"283\"],\"css\":\"position: absolute;\\r\\ntop: 5%;\\r\\nleft: 15%;\\r\\nwidth: 18%;\",\"depth\":\"0\"}},\"309\":{\"type\":\"element\",\"enabled\":\"1\",\"fields\":{\"image\":[\"282\"],\"css\":\"position: absolute;\\r\\nbottom: 3%;\\r\\nleft: 46%;\\r\\nwidth: 12%;\",\"depth\":\"0\"}},\"300\":{\"type\":\"element\",\"enabled\":\"1\",\"fields\":{\"image\":[\"285\"],\"css\":\"position: absolute;\\r\\nbottom: 6%;\\r\\nleft: 2%;\\r\\nwidth: 11%;\",\"depth\":\"0\"}},\"310\":{\"type\":\"element\",\"enabled\":\"1\",\"fields\":{\"image\":[\"284\"],\"css\":\"position: absolute;\\r\\nbottom: 27%;\\r\\nright: 14%;\\r\\nwidth: 7%;\",\"depth\":\"0\"}},\"304\":{\"type\":\"element\",\"enabled\":\"1\",\"fields\":{\"image\":[\"287\"],\"css\":\"position: absolute;\\r\\nbottom: 17%;\\r\\nleft: 33%;\\r\\nwidth: 12%;\",\"depth\":\"0\"}},\"301\":{\"type\":\"element\",\"enabled\":\"1\",\"fields\":{\"image\":[\"286\"],\"css\":\"position: absolute;\\r\\ntop: 6%;\\r\\nright: 7%;\\r\\nwidth: 7%;\",\"depth\":\"0\"}},\"305\":{\"type\":\"element\",\"enabled\":\"1\",\"fields\":{\"image\":[\"289\"],\"css\":\"position: absolute;\\r\\ntop: 50%;\\r\\nleft: 50%;\\r\\nwidth: 5%;\",\"depth\":\"0\"}},\"302\":{\"type\":\"element\",\"enabled\":\"1\",\"fields\":{\"image\":[\"288\"],\"css\":\"position: absolute;\\r\\ntop: 10%;\\r\\nleft: 0%;\\r\\nwidth: 5%;\",\"depth\":\"0\"}},\"306\":{\"type\":\"element\",\"enabled\":\"1\",\"fields\":{\"image\":[\"291\"],\"css\":\"position: absolute;\\r\\ntop: 50%;\\r\\nright: 2%;\\r\\nwidth: 10%;\",\"depth\":\"0\"}},\"307\":{\"type\":\"element\",\"enabled\":\"1\",\"fields\":{\"image\":[\"290\"],\"css\":\"position: absolute;\\r\\ntop: 20%;\\r\\nleft: 20%;\\r\\nwidth: 5%;\",\"depth\":\"0\"}},\"308\":{\"type\":\"element\",\"enabled\":\"1\",\"fields\":{\"image\":[\"292\"],\"css\":\"position: absolute;\\r\\ntop: 5%;\\r\\nright: 0%;\\r\\nwidth: 10%;\",\"depth\":\"0\"}}}}}', '2019-01-11 03:50:00', '2019-01-11 03:50:00', 'd837f03c-b82b-4697-a41f-83d6a4ef20de'),
 ('295', '275', '9', '1', 'en_us', '39', '', '{\"typeId\":null,\"authorId\":null,\"title\":\"Home Page\",\"slug\":\"home-page\",\"postDate\":1546732564,\"expiryDate\":null,\"enabled\":1,\"parentId\":null,\"fields\":{\"65\":[\"281\"],\"61\":{\"298\":{\"type\":\"element\",\"enabled\":\"1\",\"fields\":{\"image\":[\"293\"],\"css\":\"position: absolute;\\r\\nbottom: 0;\\r\\nleft: 50%;\\r\\nheight: 80%;\\r\\ntransform: translateX(-50%);\",\"depth\":\"0\"}},\"303\":{\"type\":\"element\",\"enabled\":\"1\",\"fields\":{\"image\":[\"297\"],\"css\":\"position: absolute;\\r\\ntop: 50%;\\r\\nleft: 50%;\\r\\nheight: 10%;\\r\\ntransform: translate(-50%,-50%);\",\"depth\":\"0\"}},\"299\":{\"type\":\"element\",\"enabled\":\"1\",\"fields\":{\"image\":[\"283\"],\"css\":\"position: absolute;\\r\\ntop: 5%;\\r\\nleft: 15%;\\r\\nwidth: 18%;\",\"depth\":\"0\"}},\"309\":{\"type\":\"element\",\"enabled\":\"1\",\"fields\":{\"image\":[\"282\"],\"css\":\"position: absolute;\\r\\nbottom: 3%;\\r\\nleft: 46%;\\r\\nwidth: 12%;\",\"depth\":\"0\"}},\"300\":{\"type\":\"element\",\"enabled\":\"1\",\"fields\":{\"image\":[\"285\"],\"css\":\"position: absolute;\\r\\nbottom: 6%;\\r\\nleft: 2%;\\r\\nwidth: 11%;\",\"depth\":\"0\"}},\"310\":{\"type\":\"element\",\"enabled\":\"1\",\"fields\":{\"image\":[\"284\"],\"css\":\"position: absolute;\\r\\nbottom: 27%;\\r\\nright: 14%;\\r\\nwidth: 7%;\",\"depth\":\"0\"}},\"304\":{\"type\":\"element\",\"enabled\":\"1\",\"fields\":{\"image\":[\"287\"],\"css\":\"position: absolute;\\r\\nbottom: 17%;\\r\\nleft: 33%;\\r\\nwidth: 12%;\",\"depth\":\"0\"}},\"301\":{\"type\":\"element\",\"enabled\":\"1\",\"fields\":{\"image\":[\"286\"],\"css\":\"position: absolute;\\r\\ntop: 6%;\\r\\nright: 7%;\\r\\nwidth: 7%;\",\"depth\":\"0\"}},\"305\":{\"type\":\"element\",\"enabled\":\"1\",\"fields\":{\"image\":[\"289\"],\"css\":\"position: absolute;\\r\\ntop: 50%;\\r\\nleft: 50%;\\r\\nwidth: 5%;\",\"depth\":\"0\"}},\"302\":{\"type\":\"element\",\"enabled\":\"1\",\"fields\":{\"image\":[\"288\"],\"css\":\"position: absolute;\\r\\ntop: 10%;\\r\\nleft: 0%;\\r\\nwidth: 5%;\",\"depth\":\"0\"}},\"306\":{\"type\":\"element\",\"enabled\":\"1\",\"fields\":{\"image\":[\"291\"],\"css\":\"position: absolute;\\r\\ntop: 50%;\\r\\nright: 2%;\\r\\nwidth: 10%;\",\"depth\":\"0\"}},\"307\":{\"type\":\"element\",\"enabled\":\"1\",\"fields\":{\"image\":[\"290\"],\"css\":\"position: absolute;\\r\\ntop: 20%;\\r\\nleft: 20%;\\r\\nwidth: 5%;\",\"depth\":\"0\"}},\"308\":{\"type\":\"element\",\"enabled\":\"1\",\"fields\":{\"image\":[\"292\"],\"css\":\"position: absolute;\\r\\ntop: 5%;\\r\\nright: 0%;\\r\\nwidth: 10%;\",\"depth\":\"0\"}}}}}', '2019-01-11 03:50:18', '2019-01-11 03:50:18', '45eea836-de78-4dfb-8046-2390de739415'),
 ('296', '275', '9', '1', 'en_us', '40', '', '{\"typeId\":null,\"authorId\":null,\"title\":\"Home Page\",\"slug\":\"home-page\",\"postDate\":1546732564,\"expiryDate\":null,\"enabled\":1,\"parentId\":null,\"fields\":{\"65\":[\"281\"],\"61\":{\"298\":{\"type\":\"element\",\"enabled\":\"1\",\"fields\":{\"image\":[\"293\"],\"css\":\"position: absolute;\\r\\nbottom: 0;\\r\\nleft: 50%;\\r\\nheight: 80%;\\r\\ntransform: translateX(-50%);\",\"depth\":\"0\"}},\"303\":{\"type\":\"element\",\"enabled\":\"1\",\"fields\":{\"image\":[\"297\"],\"css\":\"    position: absolute;\\r\\n    top: 0;\\r\\n    left: 50%;\\r\\n    height: 6%;\\r\\n    transform: translate(40%,280%);\",\"depth\":\"0\"}},\"299\":{\"type\":\"element\",\"enabled\":\"1\",\"fields\":{\"image\":[\"283\"],\"css\":\"position: absolute;\\r\\ntop: 5%;\\r\\nleft: 15%;\\r\\nwidth: 18%;\",\"depth\":\"0\"}},\"309\":{\"type\":\"element\",\"enabled\":\"1\",\"fields\":{\"image\":[\"282\"],\"css\":\"position: absolute;\\r\\nbottom: 3%;\\r\\nleft: 46%;\\r\\nwidth: 12%;\",\"depth\":\"0\"}},\"300\":{\"type\":\"element\",\"enabled\":\"1\",\"fields\":{\"image\":[\"285\"],\"css\":\"position: absolute;\\r\\nbottom: 6%;\\r\\nleft: 2%;\\r\\nwidth: 11%;\",\"depth\":\"0\"}},\"310\":{\"type\":\"element\",\"enabled\":\"1\",\"fields\":{\"image\":[\"284\"],\"css\":\"position: absolute;\\r\\nbottom: 27%;\\r\\nright: 14%;\\r\\nwidth: 7%;\",\"depth\":\"0\"}},\"304\":{\"type\":\"element\",\"enabled\":\"1\",\"fields\":{\"image\":[\"287\"],\"css\":\"position: absolute;\\r\\nbottom: 17%;\\r\\nleft: 33%;\\r\\nwidth: 12%;\",\"depth\":\"0\"}},\"301\":{\"type\":\"element\",\"enabled\":\"1\",\"fields\":{\"image\":[\"286\"],\"css\":\"position: absolute;\\r\\ntop: 6%;\\r\\nright: 7%;\\r\\nwidth: 7%;\",\"depth\":\"0\"}},\"305\":{\"type\":\"element\",\"enabled\":\"1\",\"fields\":{\"image\":[\"289\"],\"css\":\"position: absolute;\\r\\ntop: 50%;\\r\\nleft: 50%;\\r\\nwidth: 5%;\",\"depth\":\"0\"}},\"302\":{\"type\":\"element\",\"enabled\":\"1\",\"fields\":{\"image\":[\"288\"],\"css\":\"position: absolute;\\r\\ntop: 10%;\\r\\nleft: 0%;\\r\\nwidth: 5%;\",\"depth\":\"0\"}},\"306\":{\"type\":\"element\",\"enabled\":\"1\",\"fields\":{\"image\":[\"291\"],\"css\":\"position: absolute;\\r\\ntop: 50%;\\r\\nright: 2%;\\r\\nwidth: 10%;\",\"depth\":\"0\"}},\"307\":{\"type\":\"element\",\"enabled\":\"1\",\"fields\":{\"image\":[\"290\"],\"css\":\"position: absolute;\\r\\ntop: 20%;\\r\\nleft: 20%;\\r\\nwidth: 5%;\",\"depth\":\"0\"}},\"308\":{\"type\":\"element\",\"enabled\":\"1\",\"fields\":{\"image\":[\"292\"],\"css\":\"position: absolute;\\r\\ntop: 5%;\\r\\nright: 0%;\\r\\nwidth: 10%;\",\"depth\":\"0\"}}}}}', '2019-01-11 03:58:52', '2019-01-11 03:58:52', 'c4bf62af-f3d9-476c-9ad0-c9e7133cdb09'),
 ('297', '275', '9', '1', 'en_us', '41', '', '{\"typeId\":null,\"authorId\":null,\"title\":\"Home Page\",\"slug\":\"home-page\",\"postDate\":1546732564,\"expiryDate\":null,\"enabled\":1,\"parentId\":null,\"fields\":{\"65\":[\"281\"],\"61\":{\"298\":{\"type\":\"element\",\"enabled\":\"1\",\"fields\":{\"image\":[\"293\"],\"css\":\"position: absolute;\\r\\nbottom: 0;\\r\\nleft: 50%;\\r\\nheight: 80%;\\r\\ntransform: translateX(-50%);\",\"depth\":\"0\"}},\"303\":{\"type\":\"element\",\"enabled\":\"1\",\"fields\":{\"image\":[\"297\"],\"css\":\"    position: absolute;\\r\\n    top: 0;\\r\\n    left: 50%;\\r\\n    height: 6%;\\r\\n    transform: translate(40%,280%);\",\"depth\":\"0\"}},\"299\":{\"type\":\"element\",\"enabled\":\"1\",\"fields\":{\"image\":[\"283\"],\"css\":\"    position: absolute;\\r\\n    top: 0;\\r\\n    left: 50%;\\r\\n    height: 20%;\\r\\n    transform: translate(40%,280%);\",\"depth\":\"0\"}},\"309\":{\"type\":\"element\",\"enabled\":\"1\",\"fields\":{\"image\":[\"282\"],\"css\":\"position: absolute;\\r\\nbottom: 3%;\\r\\nleft: 46%;\\r\\nwidth: 12%;\",\"depth\":\"0\"}},\"300\":{\"type\":\"element\",\"enabled\":\"1\",\"fields\":{\"image\":[\"285\"],\"css\":\"position: absolute;\\r\\nbottom: 6%;\\r\\nleft: 2%;\\r\\nwidth: 11%;\",\"depth\":\"0\"}},\"310\":{\"type\":\"element\",\"enabled\":\"1\",\"fields\":{\"image\":[\"284\"],\"css\":\"position: absolute;\\r\\nbottom: 27%;\\r\\nright: 14%;\\r\\nwidth: 7%;\",\"depth\":\"0\"}},\"304\":{\"type\":\"element\",\"enabled\":\"1\",\"fields\":{\"image\":[\"287\"],\"css\":\"position: absolute;\\r\\nbottom: 17%;\\r\\nleft: 33%;\\r\\nwidth: 12%;\",\"depth\":\"0\"}},\"301\":{\"type\":\"element\",\"enabled\":\"1\",\"fields\":{\"image\":[\"286\"],\"css\":\"position: absolute;\\r\\ntop: 6%;\\r\\nright: 7%;\\r\\nwidth: 7%;\",\"depth\":\"0\"}},\"305\":{\"type\":\"element\",\"enabled\":\"1\",\"fields\":{\"image\":[\"289\"],\"css\":\"position: absolute;\\r\\ntop: 50%;\\r\\nleft: 50%;\\r\\nwidth: 5%;\",\"depth\":\"0\"}},\"302\":{\"type\":\"element\",\"enabled\":\"1\",\"fields\":{\"image\":[\"288\"],\"css\":\"position: absolute;\\r\\ntop: 10%;\\r\\nleft: 0%;\\r\\nwidth: 5%;\",\"depth\":\"0\"}},\"306\":{\"type\":\"element\",\"enabled\":\"1\",\"fields\":{\"image\":[\"291\"],\"css\":\"position: absolute;\\r\\ntop: 50%;\\r\\nright: 2%;\\r\\nwidth: 10%;\",\"depth\":\"0\"}},\"307\":{\"type\":\"element\",\"enabled\":\"1\",\"fields\":{\"image\":[\"290\"],\"css\":\"position: absolute;\\r\\ntop: 20%;\\r\\nleft: 20%;\\r\\nwidth: 5%;\",\"depth\":\"0\"}},\"308\":{\"type\":\"element\",\"enabled\":\"1\",\"fields\":{\"image\":[\"292\"],\"css\":\"position: absolute;\\r\\ntop: 5%;\\r\\nright: 0%;\\r\\nwidth: 10%;\",\"depth\":\"0\"}}}}}', '2019-01-11 03:59:40', '2019-01-11 03:59:40', '0a6251dc-8942-4841-b123-e91ec27688cd'),
 ('298', '275', '9', '1', 'en_us', '42', '', '{\"typeId\":null,\"authorId\":null,\"title\":\"Home Page\",\"slug\":\"home-page\",\"postDate\":1546732564,\"expiryDate\":null,\"enabled\":1,\"parentId\":null,\"fields\":{\"65\":[\"281\"],\"61\":{\"298\":{\"type\":\"element\",\"enabled\":\"1\",\"fields\":{\"image\":[\"293\"],\"css\":\"position: absolute;\\r\\nbottom: 0;\\r\\nleft: 50%;\\r\\nheight: 80%;\\r\\ntransform: translateX(-50%);\",\"depth\":\"0\"}},\"303\":{\"type\":\"element\",\"enabled\":\"1\",\"fields\":{\"image\":[\"297\"],\"css\":\"    position: absolute;\\r\\n    top: 0;\\r\\n    left: 50%;\\r\\n    height: 6%;\\r\\n    transform: translate(40%,280%);\",\"depth\":\"0\"}},\"299\":{\"type\":\"element\",\"enabled\":\"1\",\"fields\":{\"image\":[\"283\"],\"css\":\"    position: absolute;\\r\\n    top: 0%;\\r\\n    left: 0%;\\r\\n    height: 20%;\",\"depth\":\"0\"}},\"309\":{\"type\":\"element\",\"enabled\":\"1\",\"fields\":{\"image\":[\"282\"],\"css\":\"position: absolute;\\r\\nbottom: 3%;\\r\\nleft: 46%;\\r\\nwidth: 12%;\",\"depth\":\"0\"}},\"300\":{\"type\":\"element\",\"enabled\":\"1\",\"fields\":{\"image\":[\"285\"],\"css\":\"position: absolute;\\r\\nbottom: 6%;\\r\\nleft: 2%;\\r\\nwidth: 11%;\",\"depth\":\"0\"}},\"310\":{\"type\":\"element\",\"enabled\":\"1\",\"fields\":{\"image\":[\"284\"],\"css\":\"position: absolute;\\r\\nbottom: 27%;\\r\\nright: 14%;\\r\\nwidth: 7%;\",\"depth\":\"0\"}},\"304\":{\"type\":\"element\",\"enabled\":\"1\",\"fields\":{\"image\":[\"287\"],\"css\":\"position: absolute;\\r\\nbottom: 17%;\\r\\nleft: 33%;\\r\\nwidth: 12%;\",\"depth\":\"0\"}},\"301\":{\"type\":\"element\",\"enabled\":\"1\",\"fields\":{\"image\":[\"286\"],\"css\":\"position: absolute;\\r\\ntop: 6%;\\r\\nright: 7%;\\r\\nwidth: 7%;\",\"depth\":\"0\"}},\"305\":{\"type\":\"element\",\"enabled\":\"1\",\"fields\":{\"image\":[\"289\"],\"css\":\"position: absolute;\\r\\ntop: 50%;\\r\\nleft: 50%;\\r\\nwidth: 5%;\",\"depth\":\"0\"}},\"302\":{\"type\":\"element\",\"enabled\":\"1\",\"fields\":{\"image\":[\"288\"],\"css\":\"position: absolute;\\r\\ntop: 10%;\\r\\nleft: 0%;\\r\\nwidth: 5%;\",\"depth\":\"0\"}},\"306\":{\"type\":\"element\",\"enabled\":\"1\",\"fields\":{\"image\":[\"291\"],\"css\":\"position: absolute;\\r\\ntop: 50%;\\r\\nright: 2%;\\r\\nwidth: 10%;\",\"depth\":\"0\"}},\"307\":{\"type\":\"element\",\"enabled\":\"1\",\"fields\":{\"image\":[\"290\"],\"css\":\"position: absolute;\\r\\ntop: 20%;\\r\\nleft: 20%;\\r\\nwidth: 5%;\",\"depth\":\"0\"}},\"308\":{\"type\":\"element\",\"enabled\":\"1\",\"fields\":{\"image\":[\"292\"],\"css\":\"position: absolute;\\r\\ntop: 5%;\\r\\nright: 0%;\\r\\nwidth: 10%;\",\"depth\":\"0\"}}}}}', '2019-01-11 04:02:27', '2019-01-11 04:02:27', '8a893e5b-4bca-49b1-9b84-5ee11cc0b4ed'),
 ('299', '275', '9', '1', 'en_us', '43', '', '{\"typeId\":null,\"authorId\":null,\"title\":\"Home Page\",\"slug\":\"home-page\",\"postDate\":1546732564,\"expiryDate\":null,\"enabled\":1,\"parentId\":null,\"fields\":{\"65\":[\"281\"],\"61\":{\"298\":{\"type\":\"element\",\"enabled\":\"1\",\"fields\":{\"image\":[\"293\"],\"css\":\"position: absolute;\\r\\nbottom: 0;\\r\\nleft: 50%;\\r\\nheight: 82%;\\r\\ntransform: translateX(-50%);\",\"depth\":\"0\"}},\"303\":{\"type\":\"element\",\"enabled\":\"1\",\"fields\":{\"image\":[\"297\"],\"css\":\"    position: absolute;\\r\\n    top: 0;\\r\\n    left: 50%;\\r\\n    height: 6%;\\r\\n    transform: translate(35%,240%);\",\"depth\":\"0\"}},\"299\":{\"type\":\"element\",\"enabled\":\"1\",\"fields\":{\"image\":[\"283\"],\"css\":\"    position: absolute;\\r\\n    top: 0%;\\r\\n    left: 0%;\\r\\n    height: 20%;\",\"depth\":\"0\"}},\"309\":{\"type\":\"element\",\"enabled\":\"1\",\"fields\":{\"image\":[\"282\"],\"css\":\"position: absolute;\\r\\nbottom: 3%;\\r\\nleft: 46%;\\r\\nwidth: 12%;\",\"depth\":\"0\"}},\"300\":{\"type\":\"element\",\"enabled\":\"1\",\"fields\":{\"image\":[\"285\"],\"css\":\"position: absolute;\\r\\nbottom: 6%;\\r\\nleft: 2%;\\r\\nwidth: 11%;\",\"depth\":\"0\"}},\"310\":{\"type\":\"element\",\"enabled\":\"1\",\"fields\":{\"image\":[\"284\"],\"css\":\"position: absolute;\\r\\nbottom: 27%;\\r\\nright: 14%;\\r\\nwidth: 7%;\",\"depth\":\"0\"}},\"304\":{\"type\":\"element\",\"enabled\":\"1\",\"fields\":{\"image\":[\"287\"],\"css\":\"position: absolute;\\r\\nbottom: 17%;\\r\\nleft: 33%;\\r\\nwidth: 12%;\",\"depth\":\"0\"}},\"301\":{\"type\":\"element\",\"enabled\":\"1\",\"fields\":{\"image\":[\"286\"],\"css\":\"position: absolute;\\r\\ntop: 6%;\\r\\nright: 7%;\\r\\nwidth: 7%;\",\"depth\":\"0\"}},\"305\":{\"type\":\"element\",\"enabled\":\"1\",\"fields\":{\"image\":[\"289\"],\"css\":\"position: absolute;\\r\\ntop: 50%;\\r\\nleft: 50%;\\r\\nwidth: 5%;\",\"depth\":\"0\"}},\"302\":{\"type\":\"element\",\"enabled\":\"1\",\"fields\":{\"image\":[\"288\"],\"css\":\"position: absolute;\\r\\ntop: 10%;\\r\\nleft: 0%;\\r\\nwidth: 5%;\",\"depth\":\"0\"}},\"306\":{\"type\":\"element\",\"enabled\":\"1\",\"fields\":{\"image\":[\"291\"],\"css\":\"position: absolute;\\r\\ntop: 50%;\\r\\nright: 2%;\\r\\nwidth: 10%;\",\"depth\":\"0\"}},\"307\":{\"type\":\"element\",\"enabled\":\"1\",\"fields\":{\"image\":[\"290\"],\"css\":\"position: absolute;\\r\\ntop: 20%;\\r\\nleft: 20%;\\r\\nwidth: 5%;\",\"depth\":\"0\"}},\"308\":{\"type\":\"element\",\"enabled\":\"1\",\"fields\":{\"image\":[\"292\"],\"css\":\"position: absolute;\\r\\ntop: 5%;\\r\\nright: 0%;\\r\\nwidth: 10%;\",\"depth\":\"0\"}}}}}', '2019-01-11 04:11:17', '2019-01-11 04:11:17', 'c1b10fc5-064a-488c-a5da-eb77a363ddcf'),
 ('300', '275', '9', '1', 'en_us', '44', '', '{\"typeId\":null,\"authorId\":null,\"title\":\"Home Page\",\"slug\":\"home-page\",\"postDate\":1546732564,\"expiryDate\":null,\"enabled\":1,\"parentId\":null,\"fields\":{\"65\":[\"281\"],\"61\":{\"298\":{\"type\":\"element\",\"enabled\":\"1\",\"fields\":{\"image\":[\"293\"],\"css\":\"position: absolute;\\r\\nbottom: 0;\\r\\nleft: 50%;\\r\\nheight: 82%;\\r\\ntransform: translateX(-50%);\",\"depth\":\"0\"}},\"303\":{\"type\":\"element\",\"enabled\":\"1\",\"fields\":{\"image\":[\"297\"],\"css\":\"    position: absolute;\\r\\n    top: 0;\\r\\n    left: 50%;\\r\\n    height: 6%;\\r\\n    transform: translate(35%,240%);\",\"depth\":\"0\"}},\"299\":{\"type\":\"element\",\"enabled\":\"1\",\"fields\":{\"image\":[\"283\"],\"css\":\"    position: absolute;\\r\\n    top: 0;\\r\\n    left: 50%;\\r\\n    height: 20%;\\r\\n    transform: translate(-170%,20%);\",\"depth\":\"0\"}},\"309\":{\"type\":\"element\",\"enabled\":\"1\",\"fields\":{\"image\":[\"282\"],\"css\":\"position: absolute;\\r\\nbottom: 3%;\\r\\nleft: 46%;\\r\\nwidth: 12%;\",\"depth\":\"0\"}},\"300\":{\"type\":\"element\",\"enabled\":\"1\",\"fields\":{\"image\":[\"285\"],\"css\":\"position: absolute;\\r\\nbottom: 6%;\\r\\nleft: 2%;\\r\\nwidth: 11%;\",\"depth\":\"0\"}},\"310\":{\"type\":\"element\",\"enabled\":\"1\",\"fields\":{\"image\":[\"284\"],\"css\":\"position: absolute;\\r\\nbottom: 27%;\\r\\nright: 14%;\\r\\nwidth: 7%;\",\"depth\":\"0\"}},\"304\":{\"type\":\"element\",\"enabled\":\"1\",\"fields\":{\"image\":[\"287\"],\"css\":\"position: absolute;\\r\\nbottom: 17%;\\r\\nleft: 33%;\\r\\nwidth: 12%;\",\"depth\":\"0\"}},\"301\":{\"type\":\"element\",\"enabled\":\"1\",\"fields\":{\"image\":[\"286\"],\"css\":\"position: absolute;\\r\\ntop: 6%;\\r\\nright: 7%;\\r\\nwidth: 7%;\",\"depth\":\"0\"}},\"305\":{\"type\":\"element\",\"enabled\":\"1\",\"fields\":{\"image\":[\"289\"],\"css\":\"position: absolute;\\r\\ntop: 50%;\\r\\nleft: 50%;\\r\\nwidth: 5%;\",\"depth\":\"0\"}},\"302\":{\"type\":\"element\",\"enabled\":\"1\",\"fields\":{\"image\":[\"288\"],\"css\":\"position: absolute;\\r\\ntop: 10%;\\r\\nleft: 0%;\\r\\nwidth: 5%;\",\"depth\":\"0\"}},\"306\":{\"type\":\"element\",\"enabled\":\"1\",\"fields\":{\"image\":[\"291\"],\"css\":\"position: absolute;\\r\\ntop: 50%;\\r\\nright: 2%;\\r\\nwidth: 10%;\",\"depth\":\"0\"}},\"307\":{\"type\":\"element\",\"enabled\":\"1\",\"fields\":{\"image\":[\"290\"],\"css\":\"position: absolute;\\r\\ntop: 20%;\\r\\nleft: 20%;\\r\\nwidth: 5%;\",\"depth\":\"0\"}},\"308\":{\"type\":\"element\",\"enabled\":\"1\",\"fields\":{\"image\":[\"292\"],\"css\":\"position: absolute;\\r\\ntop: 5%;\\r\\nright: 0%;\\r\\nwidth: 10%;\",\"depth\":\"0\"}}}}}', '2019-01-11 04:12:43', '2019-01-11 04:12:43', '81da63ae-2452-4258-a0c0-5f75ecae4c2a'),
 ('301', '275', '9', '1', 'en_us', '45', '', '{\"typeId\":null,\"authorId\":null,\"title\":\"Home Page\",\"slug\":\"home-page\",\"postDate\":1546732564,\"expiryDate\":null,\"enabled\":1,\"parentId\":null,\"fields\":{\"65\":[\"281\"],\"61\":{\"298\":{\"type\":\"element\",\"enabled\":\"1\",\"fields\":{\"image\":[\"293\"],\"css\":\"position: absolute;\\r\\nbottom: 0;\\r\\nleft: 50%;\\r\\nheight: 82%;\\r\\ntransform: translateX(-50%);\",\"depth\":\"0\"}},\"303\":{\"type\":\"element\",\"enabled\":\"1\",\"fields\":{\"image\":[\"297\"],\"css\":\"    position: absolute;\\r\\n    top: 0;\\r\\n    left: 50%;\\r\\n    height: 6%;\\r\\n    transform: translate(35%,240%);\",\"depth\":\"0\"}},\"299\":{\"type\":\"element\",\"enabled\":\"1\",\"fields\":{\"image\":[\"283\"],\"css\":\"    position: absolute;\\r\\n    top: 0;\\r\\n    left: 50%;\\r\\n    height: 20%;\\r\\n    transform: translate(-170%,20%);\",\"depth\":\"0\"}},\"309\":{\"type\":\"element\",\"enabled\":\"1\",\"fields\":{\"image\":[\"282\"],\"css\":\"    position: absolute;\\r\\n    bottom: 0;\\r\\n    left: 50%;\\r\\n    height: 15%;\\r\\n    transform: translate(-170%,20%);\",\"depth\":\"0\"}},\"300\":{\"type\":\"element\",\"enabled\":\"1\",\"fields\":{\"image\":[\"285\"],\"css\":\"position: absolute;\\r\\nbottom: 3%;\\r\\nleft: 46%;\\r\\nwidth: 12%;\",\"depth\":\"0\"}},\"310\":{\"type\":\"element\",\"enabled\":\"1\",\"fields\":{\"image\":[\"284\"],\"css\":\"position: absolute;\\r\\nbottom: 27%;\\r\\nright: 14%;\\r\\nwidth: 7%;\",\"depth\":\"0\"}},\"304\":{\"type\":\"element\",\"enabled\":\"1\",\"fields\":{\"image\":[\"287\"],\"css\":\"position: absolute;\\r\\nbottom: 17%;\\r\\nleft: 33%;\\r\\nwidth: 12%;\",\"depth\":\"0\"}},\"301\":{\"type\":\"element\",\"enabled\":\"1\",\"fields\":{\"image\":[\"286\"],\"css\":\"position: absolute;\\r\\ntop: 6%;\\r\\nright: 7%;\\r\\nwidth: 7%;\",\"depth\":\"0\"}},\"305\":{\"type\":\"element\",\"enabled\":\"1\",\"fields\":{\"image\":[\"289\"],\"css\":\"position: absolute;\\r\\ntop: 50%;\\r\\nleft: 50%;\\r\\nwidth: 5%;\",\"depth\":\"0\"}},\"302\":{\"type\":\"element\",\"enabled\":\"1\",\"fields\":{\"image\":[\"288\"],\"css\":\"position: absolute;\\r\\ntop: 10%;\\r\\nleft: 0%;\\r\\nwidth: 5%;\",\"depth\":\"0\"}},\"306\":{\"type\":\"element\",\"enabled\":\"1\",\"fields\":{\"image\":[\"291\"],\"css\":\"position: absolute;\\r\\ntop: 50%;\\r\\nright: 2%;\\r\\nwidth: 10%;\",\"depth\":\"0\"}},\"307\":{\"type\":\"element\",\"enabled\":\"1\",\"fields\":{\"image\":[\"290\"],\"css\":\"position: absolute;\\r\\ntop: 20%;\\r\\nleft: 20%;\\r\\nwidth: 5%;\",\"depth\":\"0\"}},\"308\":{\"type\":\"element\",\"enabled\":\"1\",\"fields\":{\"image\":[\"292\"],\"css\":\"position: absolute;\\r\\ntop: 5%;\\r\\nright: 0%;\\r\\nwidth: 10%;\",\"depth\":\"0\"}}}}}', '2019-01-11 04:13:16', '2019-01-11 04:13:16', '9d43bded-9bab-4f49-9f6b-520a4bc7a60f'),
 ('302', '275', '9', '1', 'en_us', '46', '', '{\"typeId\":null,\"authorId\":null,\"title\":\"Home Page\",\"slug\":\"home-page\",\"postDate\":1546732564,\"expiryDate\":null,\"enabled\":1,\"parentId\":null,\"fields\":{\"65\":[\"281\"],\"61\":{\"298\":{\"type\":\"element\",\"enabled\":\"1\",\"fields\":{\"image\":[\"293\"],\"css\":\"position: absolute;\\r\\nbottom: 0;\\r\\nleft: 50%;\\r\\nheight: 82%;\\r\\ntransform: translateX(-50%);\",\"depth\":\"0\"}},\"303\":{\"type\":\"element\",\"enabled\":\"1\",\"fields\":{\"image\":[\"297\"],\"css\":\"    position: absolute;\\r\\n    top: 0;\\r\\n    left: 50%;\\r\\n    height: 6%;\\r\\n    transform: translate(35%,240%);\",\"depth\":\"0\"}},\"299\":{\"type\":\"element\",\"enabled\":\"1\",\"fields\":{\"image\":[\"283\"],\"css\":\"    position: absolute;\\r\\n    top: 0;\\r\\n    left: 50%;\\r\\n    height: 20%;\\r\\n    transform: translate(-170%,20%);\",\"depth\":\"0\"}},\"309\":{\"type\":\"element\",\"enabled\":\"1\",\"fields\":{\"image\":[\"282\"],\"css\":\"    position: absolute;\\r\\n    bottom: 0;\\r\\n    left: 50%;\\r\\n    height: 15%;\\r\\n    transform: translate(-30%,-20%);\",\"depth\":\"0\"}},\"300\":{\"type\":\"element\",\"enabled\":\"1\",\"fields\":{\"image\":[\"285\"],\"css\":\"position: absolute;\\r\\nbottom: 3%;\\r\\nleft: 46%;\\r\\nwidth: 12%;\",\"depth\":\"0\"}},\"310\":{\"type\":\"element\",\"enabled\":\"1\",\"fields\":{\"image\":[\"284\"],\"css\":\"position: absolute;\\r\\nbottom: 27%;\\r\\nright: 14%;\\r\\nwidth: 7%;\",\"depth\":\"0\"}},\"304\":{\"type\":\"element\",\"enabled\":\"1\",\"fields\":{\"image\":[\"287\"],\"css\":\"position: absolute;\\r\\nbottom: 17%;\\r\\nleft: 33%;\\r\\nwidth: 12%;\",\"depth\":\"0\"}},\"301\":{\"type\":\"element\",\"enabled\":\"1\",\"fields\":{\"image\":[\"286\"],\"css\":\"position: absolute;\\r\\ntop: 6%;\\r\\nright: 7%;\\r\\nwidth: 7%;\",\"depth\":\"0\"}},\"305\":{\"type\":\"element\",\"enabled\":\"1\",\"fields\":{\"image\":[\"289\"],\"css\":\"position: absolute;\\r\\ntop: 50%;\\r\\nleft: 50%;\\r\\nwidth: 5%;\",\"depth\":\"0\"}},\"302\":{\"type\":\"element\",\"enabled\":\"1\",\"fields\":{\"image\":[\"288\"],\"css\":\"position: absolute;\\r\\ntop: 10%;\\r\\nleft: 0%;\\r\\nwidth: 5%;\",\"depth\":\"0\"}},\"306\":{\"type\":\"element\",\"enabled\":\"1\",\"fields\":{\"image\":[\"291\"],\"css\":\"position: absolute;\\r\\ntop: 50%;\\r\\nright: 2%;\\r\\nwidth: 10%;\",\"depth\":\"0\"}},\"307\":{\"type\":\"element\",\"enabled\":\"1\",\"fields\":{\"image\":[\"290\"],\"css\":\"position: absolute;\\r\\ntop: 20%;\\r\\nleft: 20%;\\r\\nwidth: 5%;\",\"depth\":\"0\"}},\"308\":{\"type\":\"element\",\"enabled\":\"1\",\"fields\":{\"image\":[\"292\"],\"css\":\"position: absolute;\\r\\ntop: 5%;\\r\\nright: 0%;\\r\\nwidth: 10%;\",\"depth\":\"0\"}}}}}', '2019-01-11 04:16:45', '2019-01-11 04:16:45', '3371943c-147d-426e-b72d-3db2279289a3'),
 ('303', '275', '9', '1', 'en_us', '47', '', '{\"typeId\":null,\"authorId\":null,\"title\":\"Home Page\",\"slug\":\"home-page\",\"postDate\":1546732564,\"expiryDate\":null,\"enabled\":1,\"parentId\":null,\"fields\":{\"65\":[\"281\"],\"61\":{\"298\":{\"type\":\"element\",\"enabled\":\"1\",\"fields\":{\"image\":[\"293\"],\"css\":\"position: absolute;\\r\\nbottom: 0;\\r\\nleft: 50%;\\r\\nheight: 82%;\\r\\ntransform: translateX(-50%);\",\"depth\":\"0\"}},\"303\":{\"type\":\"element\",\"enabled\":\"1\",\"fields\":{\"image\":[\"297\"],\"css\":\"    position: absolute;\\r\\n    top: 0;\\r\\n    left: 50%;\\r\\n    height: 6%;\\r\\n    transform: translate(35%,240%);\",\"depth\":\"0\"}},\"299\":{\"type\":\"element\",\"enabled\":\"1\",\"fields\":{\"image\":[\"283\"],\"css\":\"    position: absolute;\\r\\n    top: 0;\\r\\n    left: 50%;\\r\\n    height: 20%;\\r\\n    transform: translate(-170%,20%);\",\"depth\":\"0\"}},\"309\":{\"type\":\"element\",\"enabled\":\"1\",\"fields\":{\"image\":[\"282\"],\"css\":\"    position: absolute;\\r\\n    bottom: 0;\\r\\n    left: 50%;\\r\\n    height: 15%;\\r\\n    transform: translate(-30%,-20%);\",\"depth\":\"0\"}},\"300\":{\"type\":\"element\",\"enabled\":\"1\",\"fields\":{\"image\":[\"285\"],\"css\":\"    position: absolute;\\r\\n    bottom: 0;\\r\\n    left: 50%;\\r\\n    height: 15%;\\r\\n    transform: translate(-200%,-20%);\",\"depth\":\"0\"}},\"310\":{\"type\":\"element\",\"enabled\":\"1\",\"fields\":{\"image\":[\"284\"],\"css\":\"position: absolute;\\r\\nbottom: 27%;\\r\\nright: 14%;\\r\\nwidth: 7%;\",\"depth\":\"0\"}},\"304\":{\"type\":\"element\",\"enabled\":\"1\",\"fields\":{\"image\":[\"287\"],\"css\":\"position: absolute;\\r\\nbottom: 17%;\\r\\nleft: 33%;\\r\\nwidth: 12%;\",\"depth\":\"0\"}},\"301\":{\"type\":\"element\",\"enabled\":\"1\",\"fields\":{\"image\":[\"286\"],\"css\":\"position: absolute;\\r\\ntop: 6%;\\r\\nright: 7%;\\r\\nwidth: 7%;\",\"depth\":\"0\"}},\"305\":{\"type\":\"element\",\"enabled\":\"1\",\"fields\":{\"image\":[\"289\"],\"css\":\"position: absolute;\\r\\ntop: 50%;\\r\\nleft: 50%;\\r\\nwidth: 5%;\",\"depth\":\"0\"}},\"302\":{\"type\":\"element\",\"enabled\":\"1\",\"fields\":{\"image\":[\"288\"],\"css\":\"position: absolute;\\r\\ntop: 10%;\\r\\nleft: 0%;\\r\\nwidth: 5%;\",\"depth\":\"0\"}},\"306\":{\"type\":\"element\",\"enabled\":\"1\",\"fields\":{\"image\":[\"291\"],\"css\":\"position: absolute;\\r\\ntop: 50%;\\r\\nright: 2%;\\r\\nwidth: 10%;\",\"depth\":\"0\"}},\"307\":{\"type\":\"element\",\"enabled\":\"1\",\"fields\":{\"image\":[\"290\"],\"css\":\"position: absolute;\\r\\ntop: 20%;\\r\\nleft: 20%;\\r\\nwidth: 5%;\",\"depth\":\"0\"}},\"308\":{\"type\":\"element\",\"enabled\":\"1\",\"fields\":{\"image\":[\"292\"],\"css\":\"position: absolute;\\r\\ntop: 5%;\\r\\nright: 0%;\\r\\nwidth: 10%;\",\"depth\":\"0\"}}}}}', '2019-01-11 04:17:29', '2019-01-11 04:17:29', 'a161a634-d78f-4689-8357-68d27bc96a7e'),
 ('304', '275', '9', '1', 'en_us', '48', '', '{\"typeId\":null,\"authorId\":null,\"title\":\"Home Page\",\"slug\":\"home-page\",\"postDate\":1546732564,\"expiryDate\":null,\"enabled\":1,\"parentId\":null,\"fields\":{\"65\":[\"281\"],\"61\":{\"298\":{\"type\":\"element\",\"enabled\":\"1\",\"fields\":{\"image\":[\"293\"],\"css\":\"position: absolute;\\r\\nbottom: 0;\\r\\nleft: 50%;\\r\\nheight: 82%;\\r\\ntransform: translateX(-50%);\",\"depth\":\"0\"}},\"303\":{\"type\":\"element\",\"enabled\":\"1\",\"fields\":{\"image\":[\"297\"],\"css\":\"    position: absolute;\\r\\n    top: 0;\\r\\n    left: 50%;\\r\\n    height: 6%;\\r\\n    transform: translate(35%,240%);\",\"depth\":\"0\"}},\"299\":{\"type\":\"element\",\"enabled\":\"1\",\"fields\":{\"image\":[\"283\"],\"css\":\"    position: absolute;\\r\\n    top: 0;\\r\\n    left: 50%;\\r\\n    height: 20%;\\r\\n    transform: translate(-170%,20%);\",\"depth\":\"0\"}},\"309\":{\"type\":\"element\",\"enabled\":\"1\",\"fields\":{\"image\":[\"282\"],\"css\":\"    position: absolute;\\r\\n    bottom: 0;\\r\\n    left: 50%;\\r\\n    height: 15%;\\r\\n    transform: translate(-30%,-20%);\",\"depth\":\"0\"}},\"300\":{\"type\":\"element\",\"enabled\":\"1\",\"fields\":{\"image\":[\"285\"],\"css\":\"    position: absolute;\\r\\n    bottom: 0;\\r\\n    left: 50%;\\r\\n    height: 12%;\\r\\n    transform: translate(-500%,-100%);\",\"depth\":\"0\"}},\"310\":{\"type\":\"element\",\"enabled\":\"1\",\"fields\":{\"image\":[\"284\"],\"css\":\"position: absolute;\\r\\nbottom: 27%;\\r\\nright: 14%;\\r\\nwidth: 7%;\",\"depth\":\"0\"}},\"304\":{\"type\":\"element\",\"enabled\":\"1\",\"fields\":{\"image\":[\"287\"],\"css\":\"position: absolute;\\r\\nbottom: 17%;\\r\\nleft: 33%;\\r\\nwidth: 12%;\",\"depth\":\"0\"}},\"301\":{\"type\":\"element\",\"enabled\":\"1\",\"fields\":{\"image\":[\"286\"],\"css\":\"position: absolute;\\r\\ntop: 6%;\\r\\nright: 7%;\\r\\nwidth: 7%;\",\"depth\":\"0\"}},\"305\":{\"type\":\"element\",\"enabled\":\"1\",\"fields\":{\"image\":[\"289\"],\"css\":\"position: absolute;\\r\\ntop: 50%;\\r\\nleft: 50%;\\r\\nwidth: 5%;\",\"depth\":\"0\"}},\"302\":{\"type\":\"element\",\"enabled\":\"1\",\"fields\":{\"image\":[\"288\"],\"css\":\"position: absolute;\\r\\ntop: 10%;\\r\\nleft: 0%;\\r\\nwidth: 5%;\",\"depth\":\"0\"}},\"306\":{\"type\":\"element\",\"enabled\":\"1\",\"fields\":{\"image\":[\"291\"],\"css\":\"position: absolute;\\r\\ntop: 50%;\\r\\nright: 2%;\\r\\nwidth: 10%;\",\"depth\":\"0\"}},\"307\":{\"type\":\"element\",\"enabled\":\"1\",\"fields\":{\"image\":[\"290\"],\"css\":\"position: absolute;\\r\\ntop: 20%;\\r\\nleft: 20%;\\r\\nwidth: 5%;\",\"depth\":\"0\"}},\"308\":{\"type\":\"element\",\"enabled\":\"1\",\"fields\":{\"image\":[\"292\"],\"css\":\"position: absolute;\\r\\ntop: 5%;\\r\\nright: 0%;\\r\\nwidth: 10%;\",\"depth\":\"0\"}}}}}', '2019-01-11 04:19:36', '2019-01-11 04:19:36', '77b8e7f0-e0ef-42a7-bad5-825ec40a2681'),
 ('305', '275', '9', '1', 'en_us', '49', '', '{\"typeId\":null,\"authorId\":null,\"title\":\"Home Page\",\"slug\":\"home-page\",\"postDate\":1546732564,\"expiryDate\":null,\"enabled\":1,\"parentId\":null,\"fields\":{\"65\":[\"281\"],\"61\":{\"298\":{\"type\":\"element\",\"enabled\":\"1\",\"fields\":{\"image\":[\"293\"],\"css\":\"position: absolute;\\r\\nbottom: 0;\\r\\nleft: 50%;\\r\\nheight: 82%;\\r\\ntransform: translateX(-50%);\",\"depth\":\"0\"}},\"303\":{\"type\":\"element\",\"enabled\":\"1\",\"fields\":{\"image\":[\"297\"],\"css\":\"    position: absolute;\\r\\n    top: 0;\\r\\n    left: 50%;\\r\\n    height: 6%;\\r\\n    transform: translate(35%,240%);\",\"depth\":\"0\"}},\"299\":{\"type\":\"element\",\"enabled\":\"1\",\"fields\":{\"image\":[\"283\"],\"css\":\"    position: absolute;\\r\\n    top: 0;\\r\\n    left: 50%;\\r\\n    height: 20%;\\r\\n    transform: translate(-170%,20%);\",\"depth\":\"0\"}},\"309\":{\"type\":\"element\",\"enabled\":\"1\",\"fields\":{\"image\":[\"282\"],\"css\":\"    position: absolute;\\r\\n    bottom: 0;\\r\\n    left: 50%;\\r\\n    height: 15%;\\r\\n    transform: translate(-30%,-20%);\",\"depth\":\"0\"}},\"300\":{\"type\":\"element\",\"enabled\":\"1\",\"fields\":{\"image\":[\"285\"],\"css\":\"    position: absolute;\\r\\n    bottom: 0;\\r\\n    left: 50%;\\r\\n    height: 12%;\\r\\n    transform: translate(-500%,-100%);\",\"depth\":\"0\"}},\"310\":{\"type\":\"element\",\"enabled\":\"1\",\"fields\":{\"image\":[\"284\"],\"css\":\"    position: absolute;\\r\\n    bottom: 0;\\r\\n    left: 50%;\\r\\n    height: 12%;\\r\\n    transform: translate(400%,-200%);\",\"depth\":\"0\"}},\"304\":{\"type\":\"element\",\"enabled\":\"1\",\"fields\":{\"image\":[\"287\"],\"css\":\"position: absolute;\\r\\nbottom: 17%;\\r\\nleft: 33%;\\r\\nwidth: 12%;\",\"depth\":\"0\"}},\"301\":{\"type\":\"element\",\"enabled\":\"1\",\"fields\":{\"image\":[\"286\"],\"css\":\"position: absolute;\\r\\ntop: 6%;\\r\\nright: 7%;\\r\\nwidth: 7%;\",\"depth\":\"0\"}},\"305\":{\"type\":\"element\",\"enabled\":\"1\",\"fields\":{\"image\":[\"289\"],\"css\":\"position: absolute;\\r\\ntop: 50%;\\r\\nleft: 50%;\\r\\nwidth: 5%;\",\"depth\":\"0\"}},\"302\":{\"type\":\"element\",\"enabled\":\"1\",\"fields\":{\"image\":[\"288\"],\"css\":\"position: absolute;\\r\\ntop: 10%;\\r\\nleft: 0%;\\r\\nwidth: 5%;\",\"depth\":\"0\"}},\"306\":{\"type\":\"element\",\"enabled\":\"1\",\"fields\":{\"image\":[\"291\"],\"css\":\"position: absolute;\\r\\ntop: 50%;\\r\\nright: 2%;\\r\\nwidth: 10%;\",\"depth\":\"0\"}},\"307\":{\"type\":\"element\",\"enabled\":\"1\",\"fields\":{\"image\":[\"290\"],\"css\":\"position: absolute;\\r\\ntop: 20%;\\r\\nleft: 20%;\\r\\nwidth: 5%;\",\"depth\":\"0\"}},\"308\":{\"type\":\"element\",\"enabled\":\"1\",\"fields\":{\"image\":[\"292\"],\"css\":\"position: absolute;\\r\\ntop: 5%;\\r\\nright: 0%;\\r\\nwidth: 10%;\",\"depth\":\"0\"}}}}}', '2019-01-11 04:21:03', '2019-01-11 04:21:03', '7b57624f-41c7-4042-9abd-d14dbb35b57f'),
 ('306', '275', '9', '1', 'en_us', '50', '', '{\"typeId\":null,\"authorId\":null,\"title\":\"Home Page\",\"slug\":\"home-page\",\"postDate\":1546732564,\"expiryDate\":null,\"enabled\":1,\"parentId\":null,\"fields\":{\"65\":[\"281\"],\"61\":{\"298\":{\"type\":\"element\",\"enabled\":\"1\",\"fields\":{\"image\":[\"293\"],\"css\":\"position: absolute;\\r\\nbottom: 0;\\r\\nleft: 50%;\\r\\nheight: 82%;\\r\\ntransform: translateX(-50%);\",\"depth\":\"0\"}},\"303\":{\"type\":\"element\",\"enabled\":\"1\",\"fields\":{\"image\":[\"297\"],\"css\":\"    position: absolute;\\r\\n    top: 0;\\r\\n    left: 50%;\\r\\n    height: 6%;\\r\\n    transform: translate(35%,240%);\",\"depth\":\"0\"}},\"299\":{\"type\":\"element\",\"enabled\":\"1\",\"fields\":{\"image\":[\"283\"],\"css\":\"    position: absolute;\\r\\n    top: 0;\\r\\n    left: 50%;\\r\\n    height: 20%;\\r\\n    transform: translate(-170%,20%);\",\"depth\":\"0\"}},\"309\":{\"type\":\"element\",\"enabled\":\"1\",\"fields\":{\"image\":[\"282\"],\"css\":\"    position: absolute;\\r\\n    bottom: 0;\\r\\n    left: 50%;\\r\\n    height: 15%;\\r\\n    transform: translate(-30%,-20%);\",\"depth\":\"0\"}},\"300\":{\"type\":\"element\",\"enabled\":\"1\",\"fields\":{\"image\":[\"285\"],\"css\":\"    position: absolute;\\r\\n    bottom: 0;\\r\\n    left: 50%;\\r\\n    height: 12%;\\r\\n    transform: translate(-500%,-100%);\",\"depth\":\"0\"}},\"310\":{\"type\":\"element\",\"enabled\":\"1\",\"fields\":{\"image\":[\"284\"],\"css\":\"    position: absolute;\\r\\n    bottom: 0;\\r\\n    left: 50%;\\r\\n    height: 8%;\\r\\n    transform: translate(500%,-400%);\",\"depth\":\"0\"}},\"304\":{\"type\":\"element\",\"enabled\":\"1\",\"fields\":{\"image\":[\"287\"],\"css\":\"position: absolute;\\r\\nbottom: 17%;\\r\\nleft: 33%;\\r\\nwidth: 12%;\",\"depth\":\"0\"}},\"301\":{\"type\":\"element\",\"enabled\":\"1\",\"fields\":{\"image\":[\"286\"],\"css\":\"position: absolute;\\r\\ntop: 6%;\\r\\nright: 7%;\\r\\nwidth: 7%;\",\"depth\":\"0\"}},\"305\":{\"type\":\"element\",\"enabled\":\"1\",\"fields\":{\"image\":[\"289\"],\"css\":\"position: absolute;\\r\\ntop: 50%;\\r\\nleft: 50%;\\r\\nwidth: 5%;\",\"depth\":\"0\"}},\"302\":{\"type\":\"element\",\"enabled\":\"1\",\"fields\":{\"image\":[\"288\"],\"css\":\"position: absolute;\\r\\ntop: 10%;\\r\\nleft: 0%;\\r\\nwidth: 5%;\",\"depth\":\"0\"}},\"306\":{\"type\":\"element\",\"enabled\":\"1\",\"fields\":{\"image\":[\"291\"],\"css\":\"position: absolute;\\r\\ntop: 50%;\\r\\nright: 2%;\\r\\nwidth: 10%;\",\"depth\":\"0\"}},\"307\":{\"type\":\"element\",\"enabled\":\"1\",\"fields\":{\"image\":[\"290\"],\"css\":\"position: absolute;\\r\\ntop: 20%;\\r\\nleft: 20%;\\r\\nwidth: 5%;\",\"depth\":\"0\"}},\"308\":{\"type\":\"element\",\"enabled\":\"1\",\"fields\":{\"image\":[\"292\"],\"css\":\"position: absolute;\\r\\ntop: 5%;\\r\\nright: 0%;\\r\\nwidth: 10%;\",\"depth\":\"0\"}}}}}', '2019-01-11 04:23:11', '2019-01-11 04:23:11', '11758911-b6c4-4161-bfc1-fc2558878089'),
 ('307', '275', '9', '1', 'en_us', '51', '', '{\"typeId\":null,\"authorId\":null,\"title\":\"Home Page\",\"slug\":\"home-page\",\"postDate\":1546732564,\"expiryDate\":null,\"enabled\":1,\"parentId\":null,\"fields\":{\"65\":[\"281\"],\"61\":{\"298\":{\"type\":\"element\",\"enabled\":\"1\",\"fields\":{\"image\":[\"293\"],\"css\":\"position: absolute;\\r\\nbottom: 0;\\r\\nleft: 50%;\\r\\nheight: 82%;\\r\\ntransform: translateX(-50%);\",\"depth\":\"0\"}},\"303\":{\"type\":\"element\",\"enabled\":\"1\",\"fields\":{\"image\":[\"297\"],\"css\":\"    position: absolute;\\r\\n    top: 0;\\r\\n    left: 50%;\\r\\n    height: 6%;\\r\\n    transform: translate(35%,240%);\",\"depth\":\"0\"}},\"299\":{\"type\":\"element\",\"enabled\":\"1\",\"fields\":{\"image\":[\"283\"],\"css\":\"    position: absolute;\\r\\n    top: 0;\\r\\n    left: 50%;\\r\\n    height: 20%;\\r\\n    transform: translate(-170%,20%);\",\"depth\":\"0\"}},\"309\":{\"type\":\"element\",\"enabled\":\"1\",\"fields\":{\"image\":[\"282\"],\"css\":\"    position: absolute;\\r\\n    bottom: 0;\\r\\n    left: 50%;\\r\\n    height: 15%;\\r\\n    transform: translate(-30%,-20%);\",\"depth\":\"0\"}},\"300\":{\"type\":\"element\",\"enabled\":\"1\",\"fields\":{\"image\":[\"285\"],\"css\":\"    position: absolute;\\r\\n    bottom: 0;\\r\\n    left: 50%;\\r\\n    height: 12%;\\r\\n    transform: translate(-500%,-100%);\",\"depth\":\"0\"}},\"310\":{\"type\":\"element\",\"enabled\":\"1\",\"fields\":{\"image\":[\"284\"],\"css\":\"    position: absolute;\\r\\n    bottom: 0;\\r\\n    left: 50%;\\r\\n    height: 8%;\\r\\n    transform: translate(500%,-400%);\",\"depth\":\"0\"}},\"304\":{\"type\":\"element\",\"enabled\":\"1\",\"fields\":{\"image\":[\"287\"],\"css\":\"    position: absolute;\\r\\n    bottom: 0;\\r\\n    left: 50%;\\r\\n    height: 8%;\\r\\n    transform: translate(-100%,-200%);\",\"depth\":\"0\"}},\"301\":{\"type\":\"element\",\"enabled\":\"1\",\"fields\":{\"image\":[\"286\"],\"css\":\"position: absolute;\\r\\ntop: 6%;\\r\\nright: 7%;\\r\\nwidth: 7%;\",\"depth\":\"0\"}},\"305\":{\"type\":\"element\",\"enabled\":\"1\",\"fields\":{\"image\":[\"289\"],\"css\":\"position: absolute;\\r\\ntop: 50%;\\r\\nleft: 50%;\\r\\nwidth: 5%;\",\"depth\":\"0\"}},\"302\":{\"type\":\"element\",\"enabled\":\"1\",\"fields\":{\"image\":[\"288\"],\"css\":\"position: absolute;\\r\\ntop: 10%;\\r\\nleft: 0%;\\r\\nwidth: 5%;\",\"depth\":\"0\"}},\"306\":{\"type\":\"element\",\"enabled\":\"1\",\"fields\":{\"image\":[\"291\"],\"css\":\"position: absolute;\\r\\ntop: 50%;\\r\\nright: 2%;\\r\\nwidth: 10%;\",\"depth\":\"0\"}},\"307\":{\"type\":\"element\",\"enabled\":\"1\",\"fields\":{\"image\":[\"290\"],\"css\":\"position: absolute;\\r\\ntop: 20%;\\r\\nleft: 20%;\\r\\nwidth: 5%;\",\"depth\":\"0\"}},\"308\":{\"type\":\"element\",\"enabled\":\"1\",\"fields\":{\"image\":[\"292\"],\"css\":\"position: absolute;\\r\\ntop: 5%;\\r\\nright: 0%;\\r\\nwidth: 10%;\",\"depth\":\"0\"}}}}}', '2019-01-11 04:24:35', '2019-01-11 04:24:35', 'bedc5da6-dc9e-44d1-85b4-ba34833a026a'),
 ('308', '264', '7', '1', 'en_us', '26', '', '{\"typeId\":null,\"authorId\":null,\"title\":\"About Page\",\"slug\":\"about-page\",\"postDate\":1545848687,\"expiryDate\":null,\"enabled\":1,\"parentId\":null,\"fields\":{\"58\":[\"313\"],\"46\":\"Raised in Beijing China, Xiaoxiao now works based in New York, as a freelance compositor and motion graphics artist with brand list including Google, Amazon, Apple, Dell, Samsung, Bosch, Ford, McDonald\\u2019s, ESPN, Nickelodeon, Cartoon Network, Sesame Studios, VH1 TV, Hanes, Footlocker, CVS, Navy Federal Credit Union, etc. Her animated film \\\"Rock is not an Attitude\\\" has been official selected and screened in numerous international festivals, including ANIMAYO International Film Festival, Athens International Film Festival, CutOut Fest, 56th Zl\\u00edn Film Festival, Brooklyn Film Festival, Adobe Design Achievement Awards to name a few. When creating as an independent artist, Xiaoxiao loves stop-motion animation and is particularly interested in its ability to allow a deeper expression based on its direct physical foundation.\",\"57\":[\"311\"],\"47\":\"<div class=\\\"about-brief-text-row-1\\\">Hi, My name is <div class=\\\"about-brief-name\\\">Xiaoxiao Tang<\\/div>, a Multimedia Artist<\\/div>\\r\\n<div class=\\\"about-brief-text-row-2\\\">specializing in<div class=\\\"about-brief-industry\\\"><div>Animation,<\\/div><div>Compositing,<\\/div><div>Motion Graphics<\\/div><div>...<\\/div><\\/div><\\/div>\",\"48\":\"2014, MFA Computer Art\\r\\nSchool of Visual Arts, New York\",\"49\":{\"271\":{\"type\":\"experience\",\"enabled\":\"1\",\"fields\":{\"period\":\"2015-present\",\"position\":\"Compositor and Motion graphics Artist, Freelance\",\"place\":\"Companies include Hornet, Gretel, Mighty Oak, Ghost Robot, Ogilvy & Mather...\\r\\nNew York\"}},\"272\":{\"type\":\"experience\",\"enabled\":\"1\",\"fields\":{\"period\":\"2014\\/9-2015\\/5\",\"position\":\"Compositor, full-time Intern\",\"place\":\"Hornet Inc. New York\"}},\"273\":{\"type\":\"experience\",\"enabled\":\"1\",\"fields\":{\"period\":\"2014\\/6-8\",\"position\":\"Compositor, full-time Freelance\",\"place\":\"Eastern TV, New York\"}},\"274\":{\"type\":\"experience\",\"enabled\":\"1\",\"fields\":{\"period\":\"2012-2014\",\"position\":\"Stop-motion Artist\",\"place\":\"Flick Book Studio, New York\"}}},\"56\":\"<p><br><\\/p>\\r\\n<p><br><\\/p>\\r\\n<p>Animation allows me to live out my fantasy.<\\/p>\\r\\n<p><br><\\/p>\\r\\n<p><br><\\/p>\\r\\n<p><br><\\/p>\\r\\n<p><br><\\/p>\\r\\n<p>\\u771f\\u5b9e\\u7684\\u81ea\\u6211\\uff0c\\u548c\\u4e16\\u754c\\u62e5\\u62b1\\u3002<br><\\/p>\\r\\n<p>I believe that we are all different and unique, but there is no distance between us.&nbsp;<\\/p>\\r\\n<p>\\u6211\\u4eec\\u4e0d\\u4e00\\u6837 \\u4f46\\u6ca1\\u6709\\u5206\\u522b\\u3002<\\/p>\",\"53\":{\"268\":{\"type\":\"skill\",\"enabled\":\"1\",\"fields\":{\"heading\":\"AE Compositing\",\"details\":\"VFX, Tracking, Color Keying, Color Shading, Stabilization,  Clean up, Rotoscoping..\"}},\"269\":{\"type\":\"skill\",\"enabled\":\"1\",\"fields\":{\"heading\":\"Motion Graphics\",\"details\":\"After Effects, Premiere, Photoshop, Illustrator\"}},\"270\":{\"type\":\"skill\",\"enabled\":\"1\",\"fields\":{\"heading\":\"Stop Motion\",\"details\":\"Dragon Frame\"}}},\"59\":[\"312\"]}}', '2019-01-14 02:41:31', '2019-01-14 02:41:31', 'e880eb12-0901-4f6e-bd2c-c5d542cb6c95'),
 ('309', '264', '7', '1', 'en_us', '27', '', '{\"typeId\":null,\"authorId\":null,\"title\":\"About Page\",\"slug\":\"about-page\",\"postDate\":1545848687,\"expiryDate\":null,\"enabled\":1,\"parentId\":null,\"fields\":{\"58\":[\"320\"],\"46\":\"Raised in Beijing China, Xiaoxiao now works based in New York, as a freelance compositor and motion graphics artist with brand list including Google, Amazon, Apple, Dell, Samsung, Bosch, Ford, McDonald\\u2019s, ESPN, Nickelodeon, Cartoon Network, Sesame Studios, VH1 TV, Hanes, Footlocker, CVS, Navy Federal Credit Union, etc. Her animated film \\\"Rock is not an Attitude\\\" has been official selected and screened in numerous international festivals, including ANIMAYO International Film Festival, Athens International Film Festival, CutOut Fest, 56th Zl\\u00edn Film Festival, Brooklyn Film Festival, Adobe Design Achievement Awards to name a few. When creating as an independent artist, Xiaoxiao loves stop-motion animation and is particularly interested in its ability to allow a deeper expression based on its direct physical foundation.\",\"57\":[\"318\"],\"47\":\"<div class=\\\"about-brief-text-row-1\\\">Hi, My name is <div class=\\\"about-brief-name\\\">Xiaoxiao Tang<\\/div>, a Multimedia Artist<\\/div>\\r\\n<div class=\\\"about-brief-text-row-2\\\">specializing in<div class=\\\"about-brief-industry\\\"><div>Animation,<\\/div><div>Compositing,<\\/div><div>Motion Graphics<\\/div><div>...<\\/div><\\/div><\\/div>\",\"48\":\"2014, MFA Computer Art\\r\\nSchool of Visual Arts, New York\",\"49\":{\"271\":{\"type\":\"experience\",\"enabled\":\"1\",\"fields\":{\"period\":\"2015-present\",\"position\":\"Compositor and Motion graphics Artist, Freelance\",\"place\":\"Companies include Hornet, Gretel, Mighty Oak, Ghost Robot, Ogilvy & Mather...\\r\\nNew York\"}},\"272\":{\"type\":\"experience\",\"enabled\":\"1\",\"fields\":{\"period\":\"2014\\/9-2015\\/5\",\"position\":\"Compositor, full-time Intern\",\"place\":\"Hornet Inc. New York\"}},\"273\":{\"type\":\"experience\",\"enabled\":\"1\",\"fields\":{\"period\":\"2014\\/6-8\",\"position\":\"Compositor, full-time Freelance\",\"place\":\"Eastern TV, New York\"}},\"274\":{\"type\":\"experience\",\"enabled\":\"1\",\"fields\":{\"period\":\"2012-2014\",\"position\":\"Stop-motion Artist\",\"place\":\"Flick Book Studio, New York\"}}},\"56\":\"<p><br><\\/p>\\r\\n<p><br><\\/p>\\r\\n<p>Animation allows me to live out my fantasy.<\\/p>\\r\\n<p><br><\\/p>\\r\\n<p><br><\\/p>\\r\\n<p><br><\\/p>\\r\\n<p><br><\\/p>\\r\\n<p>\\u771f\\u5b9e\\u7684\\u81ea\\u6211\\uff0c\\u548c\\u4e16\\u754c\\u62e5\\u62b1\\u3002<br><\\/p>\\r\\n<p>I believe that we are all different and unique, but there is no distance between us.&nbsp;<\\/p>\\r\\n<p>\\u6211\\u4eec\\u4e0d\\u4e00\\u6837 \\u4f46\\u6ca1\\u6709\\u5206\\u522b\\u3002<\\/p>\",\"53\":{\"268\":{\"type\":\"skill\",\"enabled\":\"1\",\"fields\":{\"heading\":\"AE Compositing\",\"details\":\"VFX, Tracking, Color Keying, Color Shading, Stabilization,  Clean up, Rotoscoping..\"}},\"269\":{\"type\":\"skill\",\"enabled\":\"1\",\"fields\":{\"heading\":\"Motion Graphics\",\"details\":\"After Effects, Premiere, Photoshop, Illustrator\"}},\"270\":{\"type\":\"skill\",\"enabled\":\"1\",\"fields\":{\"heading\":\"Stop Motion\",\"details\":\"Dragon Frame\"}}},\"59\":[\"321\"]}}', '2019-01-14 03:32:32', '2019-01-14 03:32:32', 'b765d006-9238-4869-b6d6-e77bbdbea2d9'),
 ('310', '275', '9', '1', 'en_us', '52', '', '{\"typeId\":null,\"authorId\":null,\"title\":\"Home Page\",\"slug\":\"home-page\",\"postDate\":1546732564,\"expiryDate\":null,\"enabled\":1,\"parentId\":null,\"fields\":{\"65\":[\"281\"],\"61\":{\"298\":{\"type\":\"element\",\"enabled\":\"1\",\"fields\":{\"image\":[\"293\"],\"css\":\"position: absolute;\\r\\nbottom: 0;\\r\\nleft: 50%;\\r\\nheight: 82%;\\r\\ntransform: translateX(-50%);\",\"depth\":\"0\"}},\"303\":{\"type\":\"element\",\"enabled\":\"1\",\"fields\":{\"image\":[\"297\"],\"css\":\"    position: absolute;\\r\\n    top: 0;\\r\\n    left: 50%;\\r\\n    height: 6%;\\r\\n    transform: translate(35%,240%);\",\"depth\":\"0\"}},\"299\":{\"type\":\"element\",\"enabled\":\"1\",\"fields\":{\"image\":[\"283\"],\"css\":\"    position: absolute;\\r\\n    top: 0;\\r\\n    left: 50%;\\r\\n    height: 20%;\\r\\n    transform: translate(-170%,20%);\",\"depth\":\"0\"}},\"309\":{\"type\":\"element\",\"enabled\":\"1\",\"fields\":{\"image\":[\"282\"],\"css\":\"    position: absolute;\\r\\n    bottom: 0;\\r\\n    left: 50%;\\r\\n    height: 15%;\\r\\n    transform: translate(-30%,-20%);\",\"depth\":\"0\"}},\"300\":{\"type\":\"element\",\"enabled\":\"1\",\"fields\":{\"image\":[\"285\"],\"css\":\"    position: absolute;\\r\\n    bottom: 0;\\r\\n    left: 50%;\\r\\n    height: 12%;\\r\\n    transform: translate(-500%,-100%);\",\"depth\":\"0\"}},\"310\":{\"type\":\"element\",\"enabled\":\"1\",\"fields\":{\"image\":[\"284\"],\"css\":\"    position: absolute;\\r\\n    bottom: 0;\\r\\n    left: 50%;\\r\\n    height: 8%;\\r\\n    transform: translate(500%,-400%);\",\"depth\":\"0\"}},\"304\":{\"type\":\"element\",\"enabled\":\"1\",\"fields\":{\"image\":[\"287\"],\"css\":\"    position: absolute;\\r\\n    bottom: 0;\\r\\n    left: 50%;\\r\\n    height: 8%;\\r\\n    transform: translate(-100%,-200%);\",\"depth\":\"0\"}},\"301\":{\"type\":\"element\",\"enabled\":\"1\",\"fields\":{\"image\":[\"286\"],\"css\":\"    position: absolute;\\r\\n    top: 0;\\r\\n    left: 50%;\\r\\n    height: 8%;\\r\\n    transform: translate(-100%,-200%);\",\"depth\":\"0\"}},\"305\":{\"type\":\"element\",\"enabled\":\"1\",\"fields\":{\"image\":[\"289\"],\"css\":\"position: absolute;\\r\\ntop: 50%;\\r\\nleft: 50%;\\r\\nwidth: 5%;\",\"depth\":\"0\"}},\"302\":{\"type\":\"element\",\"enabled\":\"1\",\"fields\":{\"image\":[\"288\"],\"css\":\"position: absolute;\\r\\ntop: 10%;\\r\\nleft: 0%;\\r\\nwidth: 5%;\",\"depth\":\"0\"}},\"306\":{\"type\":\"element\",\"enabled\":\"1\",\"fields\":{\"image\":[\"291\"],\"css\":\"position: absolute;\\r\\ntop: 50%;\\r\\nright: 2%;\\r\\nwidth: 10%;\",\"depth\":\"0\"}},\"307\":{\"type\":\"element\",\"enabled\":\"1\",\"fields\":{\"image\":[\"290\"],\"css\":\"position: absolute;\\r\\ntop: 20%;\\r\\nleft: 20%;\\r\\nwidth: 5%;\",\"depth\":\"0\"}},\"308\":{\"type\":\"element\",\"enabled\":\"1\",\"fields\":{\"image\":[\"292\"],\"css\":\"position: absolute;\\r\\ntop: 5%;\\r\\nright: 0%;\\r\\nwidth: 10%;\",\"depth\":\"0\"}}}}}', '2019-01-15 02:03:29', '2019-01-15 02:03:29', '8bb8e75e-8afe-46fa-944e-17df34e11a52'),
 ('311', '275', '9', '1', 'en_us', '53', '', '{\"typeId\":null,\"authorId\":null,\"title\":\"Home Page\",\"slug\":\"home-page\",\"postDate\":1546732564,\"expiryDate\":null,\"enabled\":1,\"parentId\":null,\"fields\":{\"65\":[\"281\"],\"61\":{\"298\":{\"type\":\"element\",\"enabled\":\"1\",\"fields\":{\"image\":[\"293\"],\"css\":\"position: absolute;\\r\\nbottom: 0;\\r\\nleft: 50%;\\r\\nheight: 82%;\\r\\ntransform: translateX(-50%);\",\"depth\":\"0\"}},\"303\":{\"type\":\"element\",\"enabled\":\"1\",\"fields\":{\"image\":[\"297\"],\"css\":\"    position: absolute;\\r\\n    top: 0;\\r\\n    left: 50%;\\r\\n    height: 6%;\\r\\n    transform: translate(35%,240%);\",\"depth\":\"0\"}},\"299\":{\"type\":\"element\",\"enabled\":\"1\",\"fields\":{\"image\":[\"283\"],\"css\":\"    position: absolute;\\r\\n    top: 0;\\r\\n    left: 50%;\\r\\n    height: 20%;\\r\\n    transform: translate(-170%,20%);\",\"depth\":\"0\"}},\"309\":{\"type\":\"element\",\"enabled\":\"1\",\"fields\":{\"image\":[\"282\"],\"css\":\"    position: absolute;\\r\\n    bottom: 0;\\r\\n    left: 50%;\\r\\n    height: 15%;\\r\\n    transform: translate(-30%,-20%);\",\"depth\":\"0\"}},\"300\":{\"type\":\"element\",\"enabled\":\"1\",\"fields\":{\"image\":[\"285\"],\"css\":\"    position: absolute;\\r\\n    bottom: 0;\\r\\n    left: 50%;\\r\\n    height: 12%;\\r\\n    transform: translate(-500%,-100%);\",\"depth\":\"0\"}},\"310\":{\"type\":\"element\",\"enabled\":\"1\",\"fields\":{\"image\":[\"284\"],\"css\":\"    position: absolute;\\r\\n    bottom: 0;\\r\\n    left: 50%;\\r\\n    height: 8%;\\r\\n    transform: translate(500%,-400%);\",\"depth\":\"0\"}},\"304\":{\"type\":\"element\",\"enabled\":\"1\",\"fields\":{\"image\":[\"287\"],\"css\":\"    position: absolute;\\r\\n    bottom: 0;\\r\\n    left: 50%;\\r\\n    height: 8%;\\r\\n    transform: translate(-100%,-200%);\",\"depth\":\"0\"}},\"301\":{\"type\":\"element\",\"enabled\":\"1\",\"fields\":{\"image\":[\"286\"],\"css\":\"    position: absolute;\\r\\n    top: 0;\\r\\n    left: 50%;\\r\\n    height: 12%;\\r\\n    transform: translate(-100%, 200%);\",\"depth\":\"0\"}},\"305\":{\"type\":\"element\",\"enabled\":\"1\",\"fields\":{\"image\":[\"289\"],\"css\":\"position: absolute;\\r\\ntop: 50%;\\r\\nleft: 50%;\\r\\nwidth: 5%;\",\"depth\":\"0\"}},\"302\":{\"type\":\"element\",\"enabled\":\"1\",\"fields\":{\"image\":[\"288\"],\"css\":\"position: absolute;\\r\\ntop: 10%;\\r\\nleft: 0%;\\r\\nwidth: 5%;\",\"depth\":\"0\"}},\"306\":{\"type\":\"element\",\"enabled\":\"1\",\"fields\":{\"image\":[\"291\"],\"css\":\"position: absolute;\\r\\ntop: 50%;\\r\\nright: 2%;\\r\\nwidth: 10%;\",\"depth\":\"0\"}},\"307\":{\"type\":\"element\",\"enabled\":\"1\",\"fields\":{\"image\":[\"290\"],\"css\":\"position: absolute;\\r\\ntop: 20%;\\r\\nleft: 20%;\\r\\nwidth: 5%;\",\"depth\":\"0\"}},\"308\":{\"type\":\"element\",\"enabled\":\"1\",\"fields\":{\"image\":[\"292\"],\"css\":\"position: absolute;\\r\\ntop: 5%;\\r\\nright: 0%;\\r\\nwidth: 10%;\",\"depth\":\"0\"}}}}}', '2019-01-15 02:04:48', '2019-01-15 02:04:48', '8e28647a-86de-4039-8372-1224ec0d3e92'),
 ('312', '275', '9', '1', 'en_us', '54', '', '{\"typeId\":null,\"authorId\":null,\"title\":\"Home Page\",\"slug\":\"home-page\",\"postDate\":1546732564,\"expiryDate\":null,\"enabled\":1,\"parentId\":null,\"fields\":{\"65\":[\"281\"],\"61\":{\"298\":{\"type\":\"element\",\"enabled\":\"1\",\"fields\":{\"image\":[\"293\"],\"css\":\"position: absolute;\\r\\nbottom: 0;\\r\\nleft: 50%;\\r\\nheight: 82%;\\r\\ntransform: translateX(-50%);\",\"depth\":\"0\"}},\"303\":{\"type\":\"element\",\"enabled\":\"1\",\"fields\":{\"image\":[\"297\"],\"css\":\"    position: absolute;\\r\\n    top: 0;\\r\\n    left: 50%;\\r\\n    height: 6%;\\r\\n    transform: translate(35%,240%);\",\"depth\":\"0\"}},\"299\":{\"type\":\"element\",\"enabled\":\"1\",\"fields\":{\"image\":[\"283\"],\"css\":\"    position: absolute;\\r\\n    top: 0;\\r\\n    left: 50%;\\r\\n    height: 20%;\\r\\n    transform: translate(-170%,20%);\",\"depth\":\"0\"}},\"309\":{\"type\":\"element\",\"enabled\":\"1\",\"fields\":{\"image\":[\"282\"],\"css\":\"    position: absolute;\\r\\n    bottom: 0;\\r\\n    left: 50%;\\r\\n    height: 15%;\\r\\n    transform: translate(-30%,-20%);\",\"depth\":\"0\"}},\"300\":{\"type\":\"element\",\"enabled\":\"1\",\"fields\":{\"image\":[\"285\"],\"css\":\"    position: absolute;\\r\\n    bottom: 0;\\r\\n    left: 50%;\\r\\n    height: 12%;\\r\\n    transform: translate(-500%,-100%);\",\"depth\":\"0\"}},\"310\":{\"type\":\"element\",\"enabled\":\"1\",\"fields\":{\"image\":[\"284\"],\"css\":\"    position: absolute;\\r\\n    bottom: 0;\\r\\n    left: 50%;\\r\\n    height: 8%;\\r\\n    transform: translate(500%,-400%);\",\"depth\":\"0\"}},\"304\":{\"type\":\"element\",\"enabled\":\"1\",\"fields\":{\"image\":[\"287\"],\"css\":\"    position: absolute;\\r\\n    bottom: 0;\\r\\n    left: 50%;\\r\\n    height: 8%;\\r\\n    transform: translate(-100%,-200%);\",\"depth\":\"0\"}},\"301\":{\"type\":\"element\",\"enabled\":\"1\",\"fields\":{\"image\":[\"286\"],\"css\":\"    position: absolute;\\r\\n    top: 0;\\r\\n    left: 50%;\\r\\n    height: 12%;\\r\\n    transform: translate(-100%, 200%);\",\"depth\":\"0\"}},\"305\":{\"type\":\"element\",\"enabled\":\"1\",\"fields\":{\"image\":[\"289\"],\"css\":\"position: absolute;\\r\\ntop: 50%;\\r\\nleft: 50%;\\r\\nwidth: 5%;\",\"depth\":\"0\"}},\"302\":{\"type\":\"element\",\"enabled\":\"1\",\"fields\":{\"image\":[\"288\"],\"css\":\"position: absolute;\\r\\ntop: 10%;\\r\\nleft: 0%;\\r\\nwidth: 5%;\",\"depth\":\"0\"}},\"306\":{\"type\":\"element\",\"enabled\":\"1\",\"fields\":{\"image\":[\"291\"],\"css\":\"position: absolute;\\r\\ntop: 0;\\r\\nright: 0;\\r\\nwidth: 10%;\",\"depth\":\"0\"}},\"307\":{\"type\":\"element\",\"enabled\":\"1\",\"fields\":{\"image\":[\"290\"],\"css\":\"position: absolute;\\r\\ntop: 20%;\\r\\nleft: 20%;\\r\\nwidth: 5%;\",\"depth\":\"0\"}},\"308\":{\"type\":\"element\",\"enabled\":\"1\",\"fields\":{\"image\":[\"292\"],\"css\":\"position: absolute;\\r\\ntop: 5%;\\r\\nright: 0%;\\r\\nwidth: 10%;\",\"depth\":\"0\"}}}}}', '2019-01-15 02:05:33', '2019-01-15 02:05:33', 'd4e213a7-96b9-4731-97ff-2885ab847bf9'),
 ('313', '275', '9', '1', 'en_us', '55', '', '{\"typeId\":null,\"authorId\":null,\"title\":\"Home Page\",\"slug\":\"home-page\",\"postDate\":1546732564,\"expiryDate\":null,\"enabled\":1,\"parentId\":null,\"fields\":{\"65\":[\"281\"],\"61\":{\"298\":{\"type\":\"element\",\"enabled\":\"1\",\"fields\":{\"image\":[\"293\"],\"css\":\"position: absolute;\\r\\nbottom: 0;\\r\\nleft: 50%;\\r\\nheight: 82%;\\r\\ntransform: translateX(-50%);\",\"depth\":\"0\"}},\"303\":{\"type\":\"element\",\"enabled\":\"1\",\"fields\":{\"image\":[\"297\"],\"css\":\"    position: absolute;\\r\\n    top: 0;\\r\\n    left: 50%;\\r\\n    height: 6%;\\r\\n    transform: translate(35%,240%);\",\"depth\":\"0\"}},\"299\":{\"type\":\"element\",\"enabled\":\"1\",\"fields\":{\"image\":[\"283\"],\"css\":\"    position: absolute;\\r\\n    top: 0;\\r\\n    left: 50%;\\r\\n    height: 20%;\\r\\n    transform: translate(-170%,20%);\",\"depth\":\"0\"}},\"309\":{\"type\":\"element\",\"enabled\":\"1\",\"fields\":{\"image\":[\"282\"],\"css\":\"    position: absolute;\\r\\n    bottom: 0;\\r\\n    left: 50%;\\r\\n    height: 15%;\\r\\n    transform: translate(-30%,-20%);\",\"depth\":\"0\"}},\"300\":{\"type\":\"element\",\"enabled\":\"1\",\"fields\":{\"image\":[\"285\"],\"css\":\"    position: absolute;\\r\\n    bottom: 0;\\r\\n    left: 50%;\\r\\n    height: 12%;\\r\\n    transform: translate(-500%,-100%);\",\"depth\":\"0\"}},\"310\":{\"type\":\"element\",\"enabled\":\"1\",\"fields\":{\"image\":[\"284\"],\"css\":\"    position: absolute;\\r\\n    bottom: 0;\\r\\n    left: 50%;\\r\\n    height: 8%;\\r\\n    transform: translate(500%,-400%);\",\"depth\":\"0\"}},\"304\":{\"type\":\"element\",\"enabled\":\"1\",\"fields\":{\"image\":[\"287\"],\"css\":\"    position: absolute;\\r\\n    bottom: 0;\\r\\n    left: 50%;\\r\\n    height: 8%;\\r\\n    transform: translate(-100%,-200%);\",\"depth\":\"0\"}},\"301\":{\"type\":\"element\",\"enabled\":\"1\",\"fields\":{\"image\":[\"286\"],\"css\":\"    position: absolute;\\r\\n    top: 0;\\r\\n    left: 50%;\\r\\n    height: 12%;\\r\\n    transform: translate(-100%, 200%);\",\"depth\":\"0\"}},\"305\":{\"type\":\"element\",\"enabled\":\"1\",\"fields\":{\"image\":[\"289\"],\"css\":\"position: absolute;\\r\\ntop: 50%;\\r\\nleft: 50%;\\r\\nwidth: 5%;\",\"depth\":\"0\"}},\"302\":{\"type\":\"element\",\"enabled\":\"1\",\"fields\":{\"image\":[\"288\"],\"css\":\"position: absolute;\\r\\ntop: 10%;\\r\\nleft: 0%;\\r\\nwidth: 5%;\",\"depth\":\"0\"}},\"306\":{\"type\":\"element\",\"enabled\":\"1\",\"fields\":{\"image\":[\"291\"],\"css\":\"position: absolute;\\r\\ntop: 0;\\r\\nright: 0;\\r\\nwidth: 10%;\",\"depth\":\"0\"}},\"307\":{\"type\":\"element\",\"enabled\":\"1\",\"fields\":{\"image\":[\"290\"],\"css\":\"position: absolute;\\r\\ntop: 0;\\r\\nright: 0;\\r\\nwidth: 10%;\",\"depth\":\"0\"}},\"308\":{\"type\":\"element\",\"enabled\":\"1\",\"fields\":{\"image\":[\"292\"],\"css\":\"position: absolute;\\r\\ntop: 5%;\\r\\nright: 0%;\\r\\nwidth: 10%;\",\"depth\":\"0\"}}}}}', '2019-01-15 02:05:57', '2019-01-15 02:05:57', 'e45ba27a-6244-40ab-8d54-1145c1a41d32'),
 ('314', '275', '9', '1', 'en_us', '56', '', '{\"typeId\":null,\"authorId\":null,\"title\":\"Home Page\",\"slug\":\"home-page\",\"postDate\":1546732564,\"expiryDate\":null,\"enabled\":1,\"parentId\":null,\"fields\":{\"65\":[\"281\"],\"61\":{\"298\":{\"type\":\"element\",\"enabled\":\"1\",\"fields\":{\"image\":[\"293\"],\"css\":\"position: absolute;\\r\\nbottom: 0;\\r\\nleft: 50%;\\r\\nheight: 82%;\\r\\ntransform: translateX(-50%);\",\"depth\":\"0\"}},\"303\":{\"type\":\"element\",\"enabled\":\"1\",\"fields\":{\"image\":[\"297\"],\"css\":\"    position: absolute;\\r\\n    top: 0;\\r\\n    left: 50%;\\r\\n    height: 6%;\\r\\n    transform: translate(35%,240%);\",\"depth\":\"0\"}},\"299\":{\"type\":\"element\",\"enabled\":\"1\",\"fields\":{\"image\":[\"283\"],\"css\":\"    position: absolute;\\r\\n    top: 0;\\r\\n    left: 50%;\\r\\n    height: 20%;\\r\\n    transform: translate(-170%,20%);\",\"depth\":\"0\"}},\"309\":{\"type\":\"element\",\"enabled\":\"1\",\"fields\":{\"image\":[\"282\"],\"css\":\"    position: absolute;\\r\\n    bottom: 0;\\r\\n    left: 50%;\\r\\n    height: 15%;\\r\\n    transform: translate(-30%,-20%);\",\"depth\":\"0\"}},\"300\":{\"type\":\"element\",\"enabled\":\"1\",\"fields\":{\"image\":[\"285\"],\"css\":\"    position: absolute;\\r\\n    bottom: 0;\\r\\n    left: 50%;\\r\\n    height: 12%;\\r\\n    transform: translate(-500%,-100%);\",\"depth\":\"0\"}},\"310\":{\"type\":\"element\",\"enabled\":\"1\",\"fields\":{\"image\":[\"284\"],\"css\":\"    position: absolute;\\r\\n    bottom: 0;\\r\\n    left: 50%;\\r\\n    height: 8%;\\r\\n    transform: translate(500%,-400%);\",\"depth\":\"0\"}},\"304\":{\"type\":\"element\",\"enabled\":\"1\",\"fields\":{\"image\":[\"287\"],\"css\":\"    position: absolute;\\r\\n    bottom: 0;\\r\\n    left: 50%;\\r\\n    height: 8%;\\r\\n    transform: translate(-100%,-200%);\",\"depth\":\"0\"}},\"301\":{\"type\":\"element\",\"enabled\":\"1\",\"fields\":{\"image\":[\"286\"],\"css\":\"    position: absolute;\\r\\n    top: 0;\\r\\n    left: 50%;\\r\\n    height: 12%;\\r\\n    transform: translate(-400%, 120%);\",\"depth\":\"0\"}},\"305\":{\"type\":\"element\",\"enabled\":\"1\",\"fields\":{\"image\":[\"289\"],\"css\":\"position: absolute;\\r\\ntop: 50%;\\r\\nleft: 50%;\\r\\nwidth: 5%;\",\"depth\":\"0\"}},\"302\":{\"type\":\"element\",\"enabled\":\"1\",\"fields\":{\"image\":[\"288\"],\"css\":\"position: absolute;\\r\\ntop: 10%;\\r\\nleft: 0%;\\r\\nwidth: 5%;\",\"depth\":\"0\"}},\"306\":{\"type\":\"element\",\"enabled\":\"1\",\"fields\":{\"image\":[\"291\"],\"css\":\"position: absolute;\\r\\ntop: 0;\\r\\nright: 0;\\r\\nwidth: 10%;\",\"depth\":\"0\"}},\"307\":{\"type\":\"element\",\"enabled\":\"1\",\"fields\":{\"image\":[\"290\"],\"css\":\"position: absolute;\\r\\ntop: 0;\\r\\nright: 0;\\r\\nwidth: 10%;\",\"depth\":\"0\"}},\"308\":{\"type\":\"element\",\"enabled\":\"1\",\"fields\":{\"image\":[\"292\"],\"css\":\"position: absolute;\\r\\ntop: 5%;\\r\\nright: 0%;\\r\\nwidth: 10%;\",\"depth\":\"0\"}}}}}', '2019-01-15 02:07:28', '2019-01-15 02:07:28', 'b56fd8bf-ba42-4e90-b478-e706eeb79bbb'),
 ('315', '275', '9', '1', 'en_us', '57', '', '{\"typeId\":null,\"authorId\":null,\"title\":\"Home Page\",\"slug\":\"home-page\",\"postDate\":1546732564,\"expiryDate\":null,\"enabled\":1,\"parentId\":null,\"fields\":{\"65\":[\"281\"],\"61\":{\"298\":{\"type\":\"element\",\"enabled\":\"1\",\"fields\":{\"image\":[\"293\"],\"css\":\"position: absolute;\\r\\nbottom: 0;\\r\\nleft: 50%;\\r\\nheight: 82%;\\r\\ntransform: translateX(-50%);\",\"depth\":\"0\"}},\"303\":{\"type\":\"element\",\"enabled\":\"1\",\"fields\":{\"image\":[\"297\"],\"css\":\"    position: absolute;\\r\\n    top: 0;\\r\\n    left: 50%;\\r\\n    height: 6%;\\r\\n    transform: translate(35%,240%);\",\"depth\":\"0\"}},\"299\":{\"type\":\"element\",\"enabled\":\"1\",\"fields\":{\"image\":[\"283\"],\"css\":\"    position: absolute;\\r\\n    top: 0;\\r\\n    left: 50%;\\r\\n    height: 20%;\\r\\n    transform: translate(-170%,20%);\",\"depth\":\"0\"}},\"309\":{\"type\":\"element\",\"enabled\":\"1\",\"fields\":{\"image\":[\"282\"],\"css\":\"    position: absolute;\\r\\n    bottom: 0;\\r\\n    left: 50%;\\r\\n    height: 15%;\\r\\n    transform: translate(-30%,-20%);\",\"depth\":\"0\"}},\"300\":{\"type\":\"element\",\"enabled\":\"1\",\"fields\":{\"image\":[\"285\"],\"css\":\"    position: absolute;\\r\\n    bottom: 0;\\r\\n    left: 50%;\\r\\n    height: 12%;\\r\\n    transform: translate(-500%,-100%);\",\"depth\":\"0\"}},\"310\":{\"type\":\"element\",\"enabled\":\"1\",\"fields\":{\"image\":[\"284\"],\"css\":\"    position: absolute;\\r\\n    bottom: 0;\\r\\n    left: 50%;\\r\\n    height: 8%;\\r\\n    transform: translate(500%,-400%);\",\"depth\":\"0\"}},\"304\":{\"type\":\"element\",\"enabled\":\"1\",\"fields\":{\"image\":[\"287\"],\"css\":\"    position: absolute;\\r\\n    bottom: 0;\\r\\n    left: 50%;\\r\\n    height: 8%;\\r\\n    transform: translate(-100%,-200%);\",\"depth\":\"0\"}},\"301\":{\"type\":\"element\",\"enabled\":\"1\",\"fields\":{\"image\":[\"286\"],\"css\":\"    position: absolute;\\r\\n    top: 0;\\r\\n    left: 50%;\\r\\n    height: 12%;\\r\\n    transform: translate(-400%, 120%);\",\"depth\":\"0\"}},\"305\":{\"type\":\"element\",\"enabled\":\"1\",\"fields\":{\"image\":[\"289\"],\"css\":\"    position: absolute;\\r\\n    top: 50%;\\r\\n    left: 50%;\\r\\n    height: 12%;\\r\\n    transform: translate(-10%, 30%);\",\"depth\":\"0\"}},\"302\":{\"type\":\"element\",\"enabled\":\"1\",\"fields\":{\"image\":[\"288\"],\"css\":\"position: absolute;\\r\\ntop: 10%;\\r\\nleft: 0%;\\r\\nwidth: 5%;\",\"depth\":\"0\"}},\"306\":{\"type\":\"element\",\"enabled\":\"1\",\"fields\":{\"image\":[\"291\"],\"css\":\"position: absolute;\\r\\ntop: 0;\\r\\nright: 0;\\r\\nwidth: 10%;\",\"depth\":\"0\"}},\"307\":{\"type\":\"element\",\"enabled\":\"1\",\"fields\":{\"image\":[\"290\"],\"css\":\"position: absolute;\\r\\ntop: 0;\\r\\nright: 0;\\r\\nwidth: 10%;\",\"depth\":\"0\"}},\"308\":{\"type\":\"element\",\"enabled\":\"1\",\"fields\":{\"image\":[\"292\"],\"css\":\"position: absolute;\\r\\ntop: 5%;\\r\\nright: 0%;\\r\\nwidth: 10%;\",\"depth\":\"0\"}}}}}', '2019-01-15 02:14:30', '2019-01-15 02:14:30', 'a3c1aefc-9453-4e45-a322-cdd9cf669be8');
INSERT INTO `craft_entryversions` (`id`, `entryId`, `sectionId`, `creatorId`, `locale`, `num`, `notes`, `data`, `dateCreated`, `dateUpdated`, `uid`) VALUES
 ('316', '275', '9', '1', 'en_us', '58', '', '{\"typeId\":null,\"authorId\":null,\"title\":\"Home Page\",\"slug\":\"home-page\",\"postDate\":1546732564,\"expiryDate\":null,\"enabled\":1,\"parentId\":null,\"fields\":{\"65\":[\"281\"],\"61\":{\"298\":{\"type\":\"element\",\"enabled\":\"1\",\"fields\":{\"image\":[\"293\"],\"css\":\"position: absolute;\\r\\nbottom: 0;\\r\\nleft: 50%;\\r\\nheight: 82%;\\r\\ntransform: translateX(-50%);\",\"depth\":\"0\"}},\"303\":{\"type\":\"element\",\"enabled\":\"1\",\"fields\":{\"image\":[\"297\"],\"css\":\"    position: absolute;\\r\\n    top: 0;\\r\\n    left: 50%;\\r\\n    height: 6%;\\r\\n    transform: translate(35%,240%);\",\"depth\":\"0\"}},\"299\":{\"type\":\"element\",\"enabled\":\"1\",\"fields\":{\"image\":[\"283\"],\"css\":\"    position: absolute;\\r\\n    top: 0;\\r\\n    left: 50%;\\r\\n    height: 20%;\\r\\n    transform: translate(-170%,20%);\",\"depth\":\"0\"}},\"309\":{\"type\":\"element\",\"enabled\":\"1\",\"fields\":{\"image\":[\"282\"],\"css\":\"    position: absolute;\\r\\n    bottom: 0;\\r\\n    left: 50%;\\r\\n    height: 15%;\\r\\n    transform: translate(-30%,-20%);\",\"depth\":\"0\"}},\"300\":{\"type\":\"element\",\"enabled\":\"1\",\"fields\":{\"image\":[\"285\"],\"css\":\"    position: absolute;\\r\\n    bottom: 0;\\r\\n    left: 50%;\\r\\n    height: 12%;\\r\\n    transform: translate(-500%,-100%);\",\"depth\":\"0\"}},\"310\":{\"type\":\"element\",\"enabled\":\"1\",\"fields\":{\"image\":[\"284\"],\"css\":\"    position: absolute;\\r\\n    bottom: 0;\\r\\n    left: 50%;\\r\\n    height: 8%;\\r\\n    transform: translate(500%,-400%);\",\"depth\":\"0\"}},\"304\":{\"type\":\"element\",\"enabled\":\"1\",\"fields\":{\"image\":[\"287\"],\"css\":\"    position: absolute;\\r\\n    bottom: 0;\\r\\n    left: 50%;\\r\\n    height: 8%;\\r\\n    transform: translate(-100%,-200%);\",\"depth\":\"0\"}},\"301\":{\"type\":\"element\",\"enabled\":\"1\",\"fields\":{\"image\":[\"286\"],\"css\":\"    position: absolute;\\r\\n    top: 0;\\r\\n    left: 50%;\\r\\n    height: 12%;\\r\\n    transform: translate(-400%, 120%);\",\"depth\":\"0\"}},\"305\":{\"type\":\"element\",\"enabled\":\"1\",\"fields\":{\"image\":[\"289\"],\"css\":\"    position: absolute;\\r\\n    top: 50%;\\r\\n    left: 50%;\\r\\n    height: 12%;\\r\\n    transform: translate(-10%, 30%);\",\"depth\":\"0\"}},\"302\":{\"type\":\"element\",\"enabled\":\"1\",\"fields\":{\"image\":[\"288\"],\"css\":\"    position: absolute;\\r\\n    top: 0;\\r\\n    left: 50%;\\r\\n    height: 6%;\\r\\n    transform: translate(-1130%, 350%);\",\"depth\":\"0\"}},\"306\":{\"type\":\"element\",\"enabled\":\"1\",\"fields\":{\"image\":[\"291\"],\"css\":\"position: absolute;\\r\\ntop: 0;\\r\\nright: 0;\\r\\nwidth: 10%;\",\"depth\":\"0\"}},\"307\":{\"type\":\"element\",\"enabled\":\"1\",\"fields\":{\"image\":[\"290\"],\"css\":\"position: absolute;\\r\\ntop: 0;\\r\\nright: 0;\\r\\nwidth: 10%;\",\"depth\":\"0\"}},\"308\":{\"type\":\"element\",\"enabled\":\"1\",\"fields\":{\"image\":[\"292\"],\"css\":\"position: absolute;\\r\\ntop: 5%;\\r\\nright: 0%;\\r\\nwidth: 10%;\",\"depth\":\"0\"}}}}}', '2019-01-15 02:21:04', '2019-01-15 02:21:04', '1f2b1dea-d13f-4ec0-9a88-dbe3fd5ba437'),
 ('317', '275', '9', '1', 'en_us', '59', '', '{\"typeId\":null,\"authorId\":null,\"title\":\"Home Page\",\"slug\":\"home-page\",\"postDate\":1546732564,\"expiryDate\":null,\"enabled\":1,\"parentId\":null,\"fields\":{\"65\":[\"281\"],\"61\":{\"298\":{\"type\":\"element\",\"enabled\":\"1\",\"fields\":{\"image\":[\"293\"],\"css\":\"position: absolute;\\r\\nbottom: 0;\\r\\nleft: 50%;\\r\\nheight: 82%;\\r\\ntransform: translateX(-50%);\",\"depth\":\"0\"}},\"303\":{\"type\":\"element\",\"enabled\":\"1\",\"fields\":{\"image\":[\"297\"],\"css\":\"    position: absolute;\\r\\n    top: 0;\\r\\n    left: 50%;\\r\\n    height: 6%;\\r\\n    transform: translate(35%,240%);\",\"depth\":\"0\"}},\"299\":{\"type\":\"element\",\"enabled\":\"1\",\"fields\":{\"image\":[\"283\"],\"css\":\"    position: absolute;\\r\\n    top: 0;\\r\\n    left: 50%;\\r\\n    height: 20%;\\r\\n    transform: translate(-170%,20%);\",\"depth\":\"0\"}},\"309\":{\"type\":\"element\",\"enabled\":\"1\",\"fields\":{\"image\":[\"282\"],\"css\":\"    position: absolute;\\r\\n    bottom: 0;\\r\\n    left: 50%;\\r\\n    height: 15%;\\r\\n    transform: translate(-30%,-20%);\",\"depth\":\"0\"}},\"300\":{\"type\":\"element\",\"enabled\":\"1\",\"fields\":{\"image\":[\"285\"],\"css\":\"    position: absolute;\\r\\n    bottom: 0;\\r\\n    left: 50%;\\r\\n    height: 12%;\\r\\n    transform: translate(-500%,-100%);\",\"depth\":\"0\"}},\"310\":{\"type\":\"element\",\"enabled\":\"1\",\"fields\":{\"image\":[\"284\"],\"css\":\"    position: absolute;\\r\\n    bottom: 0;\\r\\n    left: 50%;\\r\\n    height: 8%;\\r\\n    transform: translate(500%,-400%);\",\"depth\":\"0\"}},\"304\":{\"type\":\"element\",\"enabled\":\"1\",\"fields\":{\"image\":[\"287\"],\"css\":\"    position: absolute;\\r\\n    bottom: 0;\\r\\n    left: 50%;\\r\\n    height: 12%;\\r\\n    transform: translate(-100%,-200%);\",\"depth\":\"0\"}},\"301\":{\"type\":\"element\",\"enabled\":\"1\",\"fields\":{\"image\":[\"286\"],\"css\":\"    position: absolute;\\r\\n    top: 0;\\r\\n    left: 50%;\\r\\n    height: 12%;\\r\\n    transform: translate(-400%, 120%);\",\"depth\":\"0\"}},\"305\":{\"type\":\"element\",\"enabled\":\"1\",\"fields\":{\"image\":[\"289\"],\"css\":\"    position: absolute;\\r\\n    top: 50%;\\r\\n    left: 50%;\\r\\n    height: 12%;\\r\\n    transform: translate(-10%, 30%);\",\"depth\":\"0\"}},\"302\":{\"type\":\"element\",\"enabled\":\"1\",\"fields\":{\"image\":[\"288\"],\"css\":\"    position: absolute;\\r\\n    top: 0;\\r\\n    left: 50%;\\r\\n    height: 6%;\\r\\n    transform: translate(-1130%, 350%);\",\"depth\":\"0\"}},\"306\":{\"type\":\"element\",\"enabled\":\"1\",\"fields\":{\"image\":[\"291\"],\"css\":\"position: absolute;\\r\\ntop: 0;\\r\\nright: 0;\\r\\nwidth: 10%;\",\"depth\":\"0\"}},\"307\":{\"type\":\"element\",\"enabled\":\"1\",\"fields\":{\"image\":[\"290\"],\"css\":\"position: absolute;\\r\\ntop: 0;\\r\\nright: 0;\\r\\nwidth: 10%;\",\"depth\":\"0\"}},\"308\":{\"type\":\"element\",\"enabled\":\"1\",\"fields\":{\"image\":[\"292\"],\"css\":\"position: absolute;\\r\\ntop: 5%;\\r\\nright: 0%;\\r\\nwidth: 10%;\",\"depth\":\"0\"}}}}}', '2019-01-15 02:23:34', '2019-01-15 02:23:34', 'a86e005d-82ef-43a4-8456-d5490a01935d'),
 ('318', '275', '9', '1', 'en_us', '60', '', '{\"typeId\":null,\"authorId\":null,\"title\":\"Home Page\",\"slug\":\"home-page\",\"postDate\":1546732564,\"expiryDate\":null,\"enabled\":1,\"parentId\":null,\"fields\":{\"65\":[\"281\"],\"61\":{\"298\":{\"type\":\"element\",\"enabled\":\"1\",\"fields\":{\"image\":[\"293\"],\"css\":\"position: absolute;\\r\\nbottom: 0;\\r\\nleft: 50%;\\r\\nheight: 82%;\\r\\ntransform: translateX(-50%);\",\"depth\":\"0\"}},\"303\":{\"type\":\"element\",\"enabled\":\"1\",\"fields\":{\"image\":[\"297\"],\"css\":\"    position: absolute;\\r\\n    top: 0;\\r\\n    left: 50%;\\r\\n    height: 6%;\\r\\n    transform: translate(35%,240%);\",\"depth\":\"0\"}},\"299\":{\"type\":\"element\",\"enabled\":\"1\",\"fields\":{\"image\":[\"283\"],\"css\":\"    position: absolute;\\r\\n    top: 0;\\r\\n    left: 50%;\\r\\n    height: 20%;\\r\\n    transform: translate(-170%,20%);\",\"depth\":\"0\"}},\"309\":{\"type\":\"element\",\"enabled\":\"1\",\"fields\":{\"image\":[\"282\"],\"css\":\"    position: absolute;\\r\\n    bottom: 0;\\r\\n    left: 50%;\\r\\n    height: 15%;\\r\\n    transform: translate(-30%,-20%);\",\"depth\":\"0\"}},\"300\":{\"type\":\"element\",\"enabled\":\"1\",\"fields\":{\"image\":[\"285\"],\"css\":\"    position: absolute;\\r\\n    bottom: 0;\\r\\n    left: 50%;\\r\\n    height: 12%;\\r\\n    transform: translate(-500%,-100%);\",\"depth\":\"0\"}},\"310\":{\"type\":\"element\",\"enabled\":\"1\",\"fields\":{\"image\":[\"284\"],\"css\":\"    position: absolute;\\r\\n    bottom: 0;\\r\\n    left: 50%;\\r\\n    height: 8%;\\r\\n    transform: translate(500%,-400%);\",\"depth\":\"0\"}},\"304\":{\"type\":\"element\",\"enabled\":\"1\",\"fields\":{\"image\":[\"287\"],\"css\":\"    position: absolute;\\r\\n    bottom: 0;\\r\\n    left: 50%;\\r\\n    height: 15%;\\r\\n    transform: translate(-150%,-100%);\",\"depth\":\"0\"}},\"301\":{\"type\":\"element\",\"enabled\":\"1\",\"fields\":{\"image\":[\"286\"],\"css\":\"    position: absolute;\\r\\n    top: 0;\\r\\n    left: 50%;\\r\\n    height: 12%;\\r\\n    transform: translate(-400%, 120%);\",\"depth\":\"0\"}},\"305\":{\"type\":\"element\",\"enabled\":\"1\",\"fields\":{\"image\":[\"289\"],\"css\":\"    position: absolute;\\r\\n    top: 50%;\\r\\n    left: 50%;\\r\\n    height: 12%;\\r\\n    transform: translate(-10%, 30%);\",\"depth\":\"0\"}},\"302\":{\"type\":\"element\",\"enabled\":\"1\",\"fields\":{\"image\":[\"288\"],\"css\":\"    position: absolute;\\r\\n    top: 0;\\r\\n    left: 50%;\\r\\n    height: 6%;\\r\\n    transform: translate(-1130%, 350%);\",\"depth\":\"0\"}},\"306\":{\"type\":\"element\",\"enabled\":\"1\",\"fields\":{\"image\":[\"291\"],\"css\":\"position: absolute;\\r\\ntop: 0;\\r\\nright: 0;\\r\\nwidth: 10%;\",\"depth\":\"0\"}},\"307\":{\"type\":\"element\",\"enabled\":\"1\",\"fields\":{\"image\":[\"290\"],\"css\":\"position: absolute;\\r\\ntop: 0;\\r\\nright: 0;\\r\\nwidth: 10%;\",\"depth\":\"0\"}},\"308\":{\"type\":\"element\",\"enabled\":\"1\",\"fields\":{\"image\":[\"292\"],\"css\":\"position: absolute;\\r\\ntop: 5%;\\r\\nright: 0%;\\r\\nwidth: 10%;\",\"depth\":\"0\"}}}}}', '2019-01-15 02:25:40', '2019-01-15 02:25:40', '9ddd4575-7866-4a22-9fa0-799f61ec05f4'),
 ('319', '275', '9', '1', 'en_us', '61', '', '{\"typeId\":null,\"authorId\":null,\"title\":\"Home Page\",\"slug\":\"home-page\",\"postDate\":1546732564,\"expiryDate\":null,\"enabled\":1,\"parentId\":null,\"fields\":{\"65\":[\"281\"],\"61\":{\"298\":{\"type\":\"element\",\"enabled\":\"1\",\"fields\":{\"image\":[\"293\"],\"css\":\"position: absolute;\\r\\nbottom: 0;\\r\\nleft: 50%;\\r\\nheight: 82%;\\r\\ntransform: translateX(-50%);\",\"depth\":\"0\"}},\"303\":{\"type\":\"element\",\"enabled\":\"1\",\"fields\":{\"image\":[\"297\"],\"css\":\"    position: absolute;\\r\\n    top: 0;\\r\\n    left: 50%;\\r\\n    height: 6%;\\r\\n    transform: translate(35%,240%);\",\"depth\":\"0\"}},\"299\":{\"type\":\"element\",\"enabled\":\"1\",\"fields\":{\"image\":[\"283\"],\"css\":\"    position: absolute;\\r\\n    top: 0;\\r\\n    left: 50%;\\r\\n    height: 20%;\\r\\n    transform: translate(-170%,20%);\",\"depth\":\"0\"}},\"309\":{\"type\":\"element\",\"enabled\":\"1\",\"fields\":{\"image\":[\"282\"],\"css\":\"    position: absolute;\\r\\n    bottom: 0;\\r\\n    left: 50%;\\r\\n    height: 15%;\\r\\n    transform: translate(-30%,-20%);\",\"depth\":\"0\"}},\"300\":{\"type\":\"element\",\"enabled\":\"1\",\"fields\":{\"image\":[\"285\"],\"css\":\"    position: absolute;\\r\\n    bottom: 0;\\r\\n    left: 50%;\\r\\n    height: 12%;\\r\\n    transform: translate(-500%,-100%);\",\"depth\":\"0\"}},\"310\":{\"type\":\"element\",\"enabled\":\"1\",\"fields\":{\"image\":[\"284\"],\"css\":\"    position: absolute;\\r\\n    bottom: 0;\\r\\n    left: 50%;\\r\\n    height: 8%;\\r\\n    transform: translate(500%,-400%);\",\"depth\":\"0\"}},\"304\":{\"type\":\"element\",\"enabled\":\"1\",\"fields\":{\"image\":[\"287\"],\"css\":\"    position: absolute;\\r\\n    bottom: 0;\\r\\n    left: 50%;\\r\\n    height: 15%;\\r\\n    transform: translate(-150%,-100%);\",\"depth\":\"0\"}},\"301\":{\"type\":\"element\",\"enabled\":\"1\",\"fields\":{\"image\":[\"286\"],\"css\":\"    position: absolute;\\r\\n    top: 0;\\r\\n    left: 50%;\\r\\n    height: 12%;\\r\\n    transform: translate(-400%, 120%);\",\"depth\":\"0\"}},\"305\":{\"type\":\"element\",\"enabled\":\"1\",\"fields\":{\"image\":[\"289\"],\"css\":\"    position: absolute;\\r\\n    top: 50%;\\r\\n    left: 50%;\\r\\n    height: 12%;\\r\\n    transform: translate(-10%, 30%);\",\"depth\":\"0\"}},\"302\":{\"type\":\"element\",\"enabled\":\"1\",\"fields\":{\"image\":[\"288\"],\"css\":\"    position: absolute;\\r\\n    top: 0;\\r\\n    left: 50%;\\r\\n    height: 6%;\\r\\n    transform: translate(-1130%, 350%);\",\"depth\":\"0\"}},\"306\":{\"type\":\"element\",\"enabled\":\"1\",\"fields\":{\"image\":[\"291\"],\"css\":\"    position: absolute;\\r\\n    bottom: 0;\\r\\n    left: 50%;\\r\\n    height: 12%;\\r\\n    transform: translate(325%,-242%);\",\"depth\":\"0\"}},\"307\":{\"type\":\"element\",\"enabled\":\"1\",\"fields\":{\"image\":[\"290\"],\"css\":\"position: absolute;\\r\\ntop: 0;\\r\\nright: 0;\\r\\nwidth: 10%;\",\"depth\":\"0\"}},\"308\":{\"type\":\"element\",\"enabled\":\"1\",\"fields\":{\"image\":[\"292\"],\"css\":\"position: absolute;\\r\\ntop: 5%;\\r\\nright: 0%;\\r\\nwidth: 10%;\",\"depth\":\"0\"}}}}}', '2019-01-15 02:29:56', '2019-01-15 02:29:56', '40efcf57-71d5-486a-9445-1499f450021b'),
 ('320', '275', '9', '1', 'en_us', '62', '', '{\"typeId\":null,\"authorId\":null,\"title\":\"Home Page\",\"slug\":\"home-page\",\"postDate\":1546732564,\"expiryDate\":null,\"enabled\":1,\"parentId\":null,\"fields\":{\"65\":[\"281\"],\"61\":{\"298\":{\"type\":\"element\",\"enabled\":\"1\",\"fields\":{\"image\":[\"293\"],\"css\":\"position: absolute;\\r\\nbottom: 0;\\r\\nleft: 50%;\\r\\nheight: 82%;\\r\\ntransform: translateX(-50%);\",\"depth\":\"0\"}},\"303\":{\"type\":\"element\",\"enabled\":\"1\",\"fields\":{\"image\":[\"297\"],\"css\":\"    position: absolute;\\r\\n    top: 0;\\r\\n    left: 50%;\\r\\n    height: 6%;\\r\\n    transform: translate(35%,240%);\",\"depth\":\"0\"}},\"299\":{\"type\":\"element\",\"enabled\":\"1\",\"fields\":{\"image\":[\"283\"],\"css\":\"    position: absolute;\\r\\n    top: 0;\\r\\n    left: 50%;\\r\\n    height: 20%;\\r\\n    transform: translate(-170%,20%);\",\"depth\":\"0\"}},\"309\":{\"type\":\"element\",\"enabled\":\"1\",\"fields\":{\"image\":[\"282\"],\"css\":\"    position: absolute;\\r\\n    bottom: 0;\\r\\n    left: 50%;\\r\\n    height: 15%;\\r\\n    transform: translate(-30%,-20%);\",\"depth\":\"0\"}},\"300\":{\"type\":\"element\",\"enabled\":\"1\",\"fields\":{\"image\":[\"285\"],\"css\":\"    position: absolute;\\r\\n    bottom: 0;\\r\\n    left: 50%;\\r\\n    height: 12%;\\r\\n    transform: translate(-500%,-100%);\",\"depth\":\"0\"}},\"310\":{\"type\":\"element\",\"enabled\":\"1\",\"fields\":{\"image\":[\"284\"],\"css\":\"    position: absolute;\\r\\n    bottom: 0;\\r\\n    left: 50%;\\r\\n    height: 8%;\\r\\n    transform: translate(500%,-400%);\",\"depth\":\"0\"}},\"304\":{\"type\":\"element\",\"enabled\":\"1\",\"fields\":{\"image\":[\"287\"],\"css\":\"    position: absolute;\\r\\n    bottom: 0;\\r\\n    left: 50%;\\r\\n    height: 15%;\\r\\n    transform: translate(-150%,-100%);\",\"depth\":\"0\"}},\"301\":{\"type\":\"element\",\"enabled\":\"1\",\"fields\":{\"image\":[\"286\"],\"css\":\"    position: absolute;\\r\\n    top: 0;\\r\\n    left: 50%;\\r\\n    height: 12%;\\r\\n    transform: translate(-400%, 120%);\",\"depth\":\"0\"}},\"305\":{\"type\":\"element\",\"enabled\":\"1\",\"fields\":{\"image\":[\"289\"],\"css\":\"    position: absolute;\\r\\n    top: 50%;\\r\\n    left: 50%;\\r\\n    height: 12%;\\r\\n    transform: translate(-10%, 30%);\",\"depth\":\"0\"}},\"302\":{\"type\":\"element\",\"enabled\":\"1\",\"fields\":{\"image\":[\"288\"],\"css\":\"    position: absolute;\\r\\n    top: 0;\\r\\n    left: 50%;\\r\\n    height: 6%;\\r\\n    transform: translate(-1130%, 350%);\",\"depth\":\"0\"}},\"306\":{\"type\":\"element\",\"enabled\":\"1\",\"fields\":{\"image\":[\"291\"],\"css\":\"    position: absolute;\\r\\n    bottom: 0;\\r\\n    left: 50%;\\r\\n    height: 12%;\\r\\n    transform: translate(325%,-242%);\",\"depth\":\"0\"}},\"307\":{\"type\":\"element\",\"enabled\":\"1\",\"fields\":{\"image\":[\"290\"],\"css\":\"    position: absolute;\\r\\n    top: 50%;\\r\\n    left: 50%;\\r\\n    height: 6%;\\r\\n    transform: translate(-540%,-50%);\",\"depth\":\"0\"}},\"308\":{\"type\":\"element\",\"enabled\":\"1\",\"fields\":{\"image\":[\"292\"],\"css\":\"position: absolute;\\r\\ntop: 5%;\\r\\nright: 0%;\\r\\nwidth: 10%;\",\"depth\":\"0\"}}}}}', '2019-01-15 02:33:26', '2019-01-15 02:33:26', 'f938b7d8-d270-4b21-bbb7-75a03c844bac'),
 ('321', '275', '9', '1', 'en_us', '63', '', '{\"typeId\":null,\"authorId\":null,\"title\":\"Home Page\",\"slug\":\"home-page\",\"postDate\":1546732564,\"expiryDate\":null,\"enabled\":1,\"parentId\":null,\"fields\":{\"65\":[\"281\"],\"61\":{\"298\":{\"type\":\"element\",\"enabled\":\"1\",\"fields\":{\"image\":[\"293\"],\"css\":\"position: absolute;\\r\\nbottom: 0;\\r\\nleft: 50%;\\r\\nheight: 82%;\\r\\ntransform: translateX(-50%);\",\"depth\":\"0\"}},\"303\":{\"type\":\"element\",\"enabled\":\"1\",\"fields\":{\"image\":[\"297\"],\"css\":\"    position: absolute;\\r\\n    top: 0;\\r\\n    left: 50%;\\r\\n    height: 6%;\\r\\n    transform: translate(35%,240%);\",\"depth\":\"0\"}},\"299\":{\"type\":\"element\",\"enabled\":\"1\",\"fields\":{\"image\":[\"283\"],\"css\":\"    position: absolute;\\r\\n    top: 0;\\r\\n    left: 50%;\\r\\n    height: 20%;\\r\\n    transform: translate(-170%,20%);\",\"depth\":\"0\"}},\"309\":{\"type\":\"element\",\"enabled\":\"1\",\"fields\":{\"image\":[\"282\"],\"css\":\"    position: absolute;\\r\\n    bottom: 0;\\r\\n    left: 50%;\\r\\n    height: 15%;\\r\\n    transform: translate(-30%,-20%);\",\"depth\":\"0\"}},\"300\":{\"type\":\"element\",\"enabled\":\"1\",\"fields\":{\"image\":[\"285\"],\"css\":\"    position: absolute;\\r\\n    bottom: 0;\\r\\n    left: 50%;\\r\\n    height: 12%;\\r\\n    transform: translate(-500%,-100%);\",\"depth\":\"0\"}},\"310\":{\"type\":\"element\",\"enabled\":\"1\",\"fields\":{\"image\":[\"284\"],\"css\":\"    position: absolute;\\r\\n    bottom: 0;\\r\\n    left: 50%;\\r\\n    height: 8%;\\r\\n    transform: translate(500%,-400%);\",\"depth\":\"0\"}},\"304\":{\"type\":\"element\",\"enabled\":\"1\",\"fields\":{\"image\":[\"287\"],\"css\":\"    position: absolute;\\r\\n    bottom: 0;\\r\\n    left: 50%;\\r\\n    height: 15%;\\r\\n    transform: translate(-150%,-100%);\",\"depth\":\"0\"}},\"301\":{\"type\":\"element\",\"enabled\":\"1\",\"fields\":{\"image\":[\"286\"],\"css\":\"    position: absolute;\\r\\n    top: 0;\\r\\n    left: 50%;\\r\\n    height: 12%;\\r\\n    transform: translate(-400%, 120%);\",\"depth\":\"0\"}},\"305\":{\"type\":\"element\",\"enabled\":\"1\",\"fields\":{\"image\":[\"289\"],\"css\":\"    position: absolute;\\r\\n    top: 50%;\\r\\n    left: 50%;\\r\\n    height: 12%;\\r\\n    transform: translate(-10%, 30%);\",\"depth\":\"0\"}},\"302\":{\"type\":\"element\",\"enabled\":\"1\",\"fields\":{\"image\":[\"288\"],\"css\":\"    position: absolute;\\r\\n    top: 0;\\r\\n    left: 50%;\\r\\n    height: 6%;\\r\\n    transform: translate(-1130%, 350%);\",\"depth\":\"0\"}},\"306\":{\"type\":\"element\",\"enabled\":\"1\",\"fields\":{\"image\":[\"291\"],\"css\":\"    position: absolute;\\r\\n    bottom: 0;\\r\\n    left: 50%;\\r\\n    height: 12%;\\r\\n    transform: translate(325%,-242%);\",\"depth\":\"0\"}},\"307\":{\"type\":\"element\",\"enabled\":\"1\",\"fields\":{\"image\":[\"290\"],\"css\":\"    position: absolute;\\r\\n    top: 50%;\\r\\n    left: 50%;\\r\\n    height: 6%;\\r\\n    transform: translate(-540%,-50%);\",\"depth\":\"0\"}},\"308\":{\"type\":\"element\",\"enabled\":\"1\",\"fields\":{\"image\":[\"292\"],\"css\":\"    position: absolute;\\r\\n    top: 0;\\r\\n    left: 50%;\\r\\n    height: 12%;\\r\\n    transform: translate(800%,30%);\",\"depth\":\"0\"}}}}}', '2019-01-15 02:38:07', '2019-01-15 02:38:07', '240ace51-faaa-43e4-948c-4faa038b0100'),
 ('322', '275', '9', '1', 'en_us', '64', '', '{\"typeId\":null,\"authorId\":null,\"title\":\"Home Page\",\"slug\":\"home-page\",\"postDate\":1546732564,\"expiryDate\":null,\"enabled\":1,\"parentId\":null,\"fields\":{\"65\":[\"281\"],\"61\":{\"298\":{\"type\":\"element\",\"enabled\":\"1\",\"fields\":{\"image\":[\"293\"],\"css\":\"position: absolute;\\r\\nbottom: 0;\\r\\nleft: 50%;\\r\\nheight: 82%;\\r\\ntransform: translateX(-50%);\",\"depth\":\"0\"}},\"303\":{\"type\":\"element\",\"enabled\":\"1\",\"fields\":{\"image\":[\"297\"],\"css\":\"    position: absolute;\\r\\n    top: 0;\\r\\n    left: 50%;\\r\\n    height: 6%;\\r\\n    transform: translate(35%,240%);\",\"depth\":\"0\"}},\"299\":{\"type\":\"element\",\"enabled\":\"1\",\"fields\":{\"image\":[\"283\"],\"css\":\"    position: absolute;\\r\\n    top: 0;\\r\\n    left: 50%;\\r\\n    height: 20%;\\r\\n    transform: translate(-170%,20%);\",\"depth\":\"0\"}},\"309\":{\"type\":\"element\",\"enabled\":\"1\",\"fields\":{\"image\":[\"282\"],\"css\":\"    position: absolute;\\r\\n    bottom: 0;\\r\\n    left: 50%;\\r\\n    height: 15%;\\r\\n    transform: translate(-30%,-20%);\",\"depth\":\"0\"}},\"300\":{\"type\":\"element\",\"enabled\":\"1\",\"fields\":{\"image\":[\"285\"],\"css\":\"    position: absolute;\\r\\n    bottom: 0;\\r\\n    left: 50%;\\r\\n    height: 12%;\\r\\n    transform: translate(-500%,-100%);\",\"depth\":\"0\"}},\"310\":{\"type\":\"element\",\"enabled\":\"1\",\"fields\":{\"image\":[\"284\"],\"css\":\"    position: absolute;\\r\\n    bottom: 0;\\r\\n    left: 50%;\\r\\n    height: 8%;\\r\\n    transform: translate(500%,-400%);\",\"depth\":\"0\"}},\"304\":{\"type\":\"element\",\"enabled\":\"1\",\"fields\":{\"image\":[\"287\"],\"css\":\"    position: absolute;\\r\\n    bottom: 0;\\r\\n    left: 50%;\\r\\n    height: 15%;\\r\\n    transform: translate(-150%,-100%);\",\"depth\":\"0\"}},\"301\":{\"type\":\"element\",\"enabled\":\"1\",\"fields\":{\"image\":[\"286\"],\"css\":\"    position: absolute;\\r\\n    top: 0;\\r\\n    left: 50%;\\r\\n    height: 12%;\\r\\n    transform: translate(-400%, 120%);\",\"depth\":\"0\"}},\"322\":{\"type\":\"element\",\"enabled\":\"1\",\"fields\":{\"image\":[\"286\"],\"css\":\"    position: absolute;\\r\\n    top: 0;\\r\\n    left: 50%;\\r\\n    height: 12%;\\r\\n    transform: translate(800%,30%);\",\"depth\":\"0\"}},\"305\":{\"type\":\"element\",\"enabled\":\"1\",\"fields\":{\"image\":[\"289\"],\"css\":\"    position: absolute;\\r\\n    top: 50%;\\r\\n    left: 50%;\\r\\n    height: 12%;\\r\\n    transform: translate(-10%, 30%);\",\"depth\":\"0\"}},\"302\":{\"type\":\"element\",\"enabled\":\"1\",\"fields\":{\"image\":[\"288\"],\"css\":\"    position: absolute;\\r\\n    top: 0;\\r\\n    left: 50%;\\r\\n    height: 6%;\\r\\n    transform: translate(-1130%, 350%);\",\"depth\":\"0\"}},\"306\":{\"type\":\"element\",\"enabled\":\"1\",\"fields\":{\"image\":[\"291\"],\"css\":\"    position: absolute;\\r\\n    bottom: 0;\\r\\n    left: 50%;\\r\\n    height: 12%;\\r\\n    transform: translate(325%,-242%);\",\"depth\":\"0\"}},\"307\":{\"type\":\"element\",\"enabled\":\"1\",\"fields\":{\"image\":[\"290\"],\"css\":\"    position: absolute;\\r\\n    top: 50%;\\r\\n    left: 50%;\\r\\n    height: 6%;\\r\\n    transform: translate(-540%,-50%);\",\"depth\":\"0\"}},\"308\":{\"type\":\"element\",\"enabled\":\"1\",\"fields\":{\"image\":[\"292\"],\"css\":\"    position: absolute;\\r\\n    top: 0;\\r\\n    left: 50%;\\r\\n    height: 12%;\\r\\n    transform: translate(800%,30%);\",\"depth\":\"0\"}}}}}', '2019-01-15 02:39:08', '2019-01-15 02:39:08', '9125e666-a8b9-4e8e-be88-f5cb549cb260'),
 ('323', '275', '9', '1', 'en_us', '65', '', '{\"typeId\":null,\"authorId\":null,\"title\":\"Home Page\",\"slug\":\"home-page\",\"postDate\":1546732564,\"expiryDate\":null,\"enabled\":1,\"parentId\":null,\"fields\":{\"65\":[\"281\"],\"61\":{\"298\":{\"type\":\"element\",\"enabled\":\"1\",\"fields\":{\"image\":[\"293\"],\"css\":\"position: absolute;\\r\\nbottom: 0;\\r\\nleft: 50%;\\r\\nheight: 82%;\\r\\ntransform: translateX(-50%);\",\"depth\":\"0\"}},\"303\":{\"type\":\"element\",\"enabled\":\"1\",\"fields\":{\"image\":[\"297\"],\"css\":\"    position: absolute;\\r\\n    top: 0;\\r\\n    left: 50%;\\r\\n    height: 6%;\\r\\n    transform: translate(35%,240%);\",\"depth\":\"0\"}},\"299\":{\"type\":\"element\",\"enabled\":\"1\",\"fields\":{\"image\":[\"283\"],\"css\":\"    position: absolute;\\r\\n    top: 0;\\r\\n    left: 50%;\\r\\n    height: 20%;\\r\\n    transform: translate(-170%,20%);\",\"depth\":\"0\"}},\"309\":{\"type\":\"element\",\"enabled\":\"1\",\"fields\":{\"image\":[\"282\"],\"css\":\"    position: absolute;\\r\\n    bottom: 0;\\r\\n    left: 50%;\\r\\n    height: 15%;\\r\\n    transform: translate(-30%,-20%);\",\"depth\":\"0\"}},\"300\":{\"type\":\"element\",\"enabled\":\"1\",\"fields\":{\"image\":[\"285\"],\"css\":\"    position: absolute;\\r\\n    bottom: 0;\\r\\n    left: 50%;\\r\\n    height: 12%;\\r\\n    transform: translate(-500%,-100%);\",\"depth\":\"0\"}},\"310\":{\"type\":\"element\",\"enabled\":\"1\",\"fields\":{\"image\":[\"284\"],\"css\":\"    position: absolute;\\r\\n    bottom: 0;\\r\\n    left: 50%;\\r\\n    height: 8%;\\r\\n    transform: translate(500%,-400%);\",\"depth\":\"0\"}},\"304\":{\"type\":\"element\",\"enabled\":\"1\",\"fields\":{\"image\":[\"287\"],\"css\":\"    position: absolute;\\r\\n    bottom: 0;\\r\\n    left: 50%;\\r\\n    height: 15%;\\r\\n    transform: translate(-150%,-100%);\",\"depth\":\"0\"}},\"301\":{\"type\":\"element\",\"enabled\":\"1\",\"fields\":{\"image\":[\"286\"],\"css\":\"    position: absolute;\\r\\n    top: 0;\\r\\n    left: 50%;\\r\\n    height: 12%;\\r\\n    transform: translate(-400%, 120%);\",\"depth\":\"0\"}},\"322\":{\"type\":\"element\",\"enabled\":\"1\",\"fields\":{\"image\":[\"286\"],\"css\":\"    position: absolute;\\r\\n    top: 0;\\r\\n    left: 50%;\\r\\n    height: 12%;\\r\\n    transform: translate(100%,30%);\",\"depth\":\"0\"}},\"305\":{\"type\":\"element\",\"enabled\":\"1\",\"fields\":{\"image\":[\"289\"],\"css\":\"    position: absolute;\\r\\n    top: 50%;\\r\\n    left: 50%;\\r\\n    height: 12%;\\r\\n    transform: translate(-10%, 30%);\",\"depth\":\"0\"}},\"302\":{\"type\":\"element\",\"enabled\":\"1\",\"fields\":{\"image\":[\"288\"],\"css\":\"    position: absolute;\\r\\n    top: 0;\\r\\n    left: 50%;\\r\\n    height: 6%;\\r\\n    transform: translate(-1130%, 350%);\",\"depth\":\"0\"}},\"306\":{\"type\":\"element\",\"enabled\":\"1\",\"fields\":{\"image\":[\"291\"],\"css\":\"    position: absolute;\\r\\n    bottom: 0;\\r\\n    left: 50%;\\r\\n    height: 12%;\\r\\n    transform: translate(325%,-242%);\",\"depth\":\"0\"}},\"307\":{\"type\":\"element\",\"enabled\":\"1\",\"fields\":{\"image\":[\"290\"],\"css\":\"    position: absolute;\\r\\n    top: 50%;\\r\\n    left: 50%;\\r\\n    height: 6%;\\r\\n    transform: translate(-540%,-50%);\",\"depth\":\"0\"}},\"308\":{\"type\":\"element\",\"enabled\":\"1\",\"fields\":{\"image\":[\"292\"],\"css\":\"    position: absolute;\\r\\n    top: 0;\\r\\n    left: 50%;\\r\\n    height: 12%;\\r\\n    transform: translate(800%,30%);\",\"depth\":\"0\"}}}}}', '2019-01-15 02:39:43', '2019-01-15 02:39:43', 'ff538e30-2e86-49cf-b969-f4d7a7c5d2b6'),
 ('324', '275', '9', '1', 'en_us', '66', '', '{\"typeId\":null,\"authorId\":null,\"title\":\"Home Page\",\"slug\":\"home-page\",\"postDate\":1546732564,\"expiryDate\":null,\"enabled\":1,\"parentId\":null,\"fields\":{\"65\":[\"281\"],\"61\":{\"298\":{\"type\":\"element\",\"enabled\":\"1\",\"fields\":{\"image\":[\"293\"],\"css\":\"position: absolute;\\r\\nbottom: 0;\\r\\nleft: 50%;\\r\\nheight: 82%;\\r\\ntransform: translateX(-50%);\",\"depth\":\"0\"}},\"303\":{\"type\":\"element\",\"enabled\":\"1\",\"fields\":{\"image\":[\"297\"],\"css\":\"    position: absolute;\\r\\n    top: 0;\\r\\n    left: 50%;\\r\\n    height: 6%;\\r\\n    transform: translate(35%,240%);\",\"depth\":\"0\"}},\"299\":{\"type\":\"element\",\"enabled\":\"1\",\"fields\":{\"image\":[\"283\"],\"css\":\"    position: absolute;\\r\\n    top: 0;\\r\\n    left: 50%;\\r\\n    height: 20%;\\r\\n    transform: translate(-170%,20%);\",\"depth\":\"0\"}},\"309\":{\"type\":\"element\",\"enabled\":\"1\",\"fields\":{\"image\":[\"282\"],\"css\":\"    position: absolute;\\r\\n    bottom: 0;\\r\\n    left: 50%;\\r\\n    height: 15%;\\r\\n    transform: translate(-30%,-20%);\",\"depth\":\"0\"}},\"300\":{\"type\":\"element\",\"enabled\":\"1\",\"fields\":{\"image\":[\"285\"],\"css\":\"    position: absolute;\\r\\n    bottom: 0;\\r\\n    left: 50%;\\r\\n    height: 12%;\\r\\n    transform: translate(-500%,-100%);\",\"depth\":\"0\"}},\"310\":{\"type\":\"element\",\"enabled\":\"1\",\"fields\":{\"image\":[\"284\"],\"css\":\"    position: absolute;\\r\\n    bottom: 0;\\r\\n    left: 50%;\\r\\n    height: 8%;\\r\\n    transform: translate(500%,-400%);\",\"depth\":\"0\"}},\"304\":{\"type\":\"element\",\"enabled\":\"1\",\"fields\":{\"image\":[\"287\"],\"css\":\"    position: absolute;\\r\\n    bottom: 0;\\r\\n    left: 50%;\\r\\n    height: 15%;\\r\\n    transform: translate(-150%,-100%);\",\"depth\":\"0\"}},\"301\":{\"type\":\"element\",\"enabled\":\"1\",\"fields\":{\"image\":[\"286\"],\"css\":\"    position: absolute;\\r\\n    top: 0;\\r\\n    left: 50%;\\r\\n    height: 12%;\\r\\n    transform: translate(-400%, 120%);\",\"depth\":\"0\"}},\"322\":{\"type\":\"element\",\"enabled\":\"1\",\"fields\":{\"image\":[\"286\"],\"css\":\"    position: absolute;\\r\\n    top: 0;\\r\\n    left: 50%;\\r\\n    height: 10%;\\r\\n    transform: translate(500%,70%);\",\"depth\":\"0\"}},\"305\":{\"type\":\"element\",\"enabled\":\"1\",\"fields\":{\"image\":[\"289\"],\"css\":\"    position: absolute;\\r\\n    top: 50%;\\r\\n    left: 50%;\\r\\n    height: 12%;\\r\\n    transform: translate(-10%, 30%);\",\"depth\":\"0\"}},\"302\":{\"type\":\"element\",\"enabled\":\"1\",\"fields\":{\"image\":[\"288\"],\"css\":\"    position: absolute;\\r\\n    top: 0;\\r\\n    left: 50%;\\r\\n    height: 6%;\\r\\n    transform: translate(-1130%, 350%);\",\"depth\":\"0\"}},\"306\":{\"type\":\"element\",\"enabled\":\"1\",\"fields\":{\"image\":[\"291\"],\"css\":\"    position: absolute;\\r\\n    bottom: 0;\\r\\n    left: 50%;\\r\\n    height: 12%;\\r\\n    transform: translate(325%,-242%);\",\"depth\":\"0\"}},\"307\":{\"type\":\"element\",\"enabled\":\"1\",\"fields\":{\"image\":[\"290\"],\"css\":\"    position: absolute;\\r\\n    top: 50%;\\r\\n    left: 50%;\\r\\n    height: 6%;\\r\\n    transform: translate(-540%,-50%);\",\"depth\":\"0\"}},\"308\":{\"type\":\"element\",\"enabled\":\"1\",\"fields\":{\"image\":[\"292\"],\"css\":\"    position: absolute;\\r\\n    top: 0;\\r\\n    left: 50%;\\r\\n    height: 12%;\\r\\n    transform: translate(800%,30%);\",\"depth\":\"0\"}}}}}', '2019-01-15 02:43:59', '2019-01-15 02:43:59', '037660bc-ef92-4e9a-b7a1-cc0a9fcd321d'),
 ('325', '275', '9', '1', 'en_us', '67', '', '{\"typeId\":null,\"authorId\":null,\"title\":\"Home Page\",\"slug\":\"home-page\",\"postDate\":1546732564,\"expiryDate\":null,\"enabled\":1,\"parentId\":null,\"fields\":{\"65\":[\"281\"],\"61\":{\"298\":{\"type\":\"element\",\"enabled\":\"1\",\"fields\":{\"image\":[\"293\"],\"css\":\"position: absolute;\\r\\nbottom: 0;\\r\\nleft: 50%;\\r\\nheight: 82%;\\r\\ntransform: translateX(-50%);\",\"depth\":\"0\"}},\"303\":{\"type\":\"element\",\"enabled\":\"1\",\"fields\":{\"image\":[\"297\"],\"css\":\"    position: absolute;\\r\\n    top: 0;\\r\\n    left: 50%;\\r\\n    height: 6%;\\r\\n    transform: translate(35%,240%);\",\"depth\":\"0\"}},\"299\":{\"type\":\"element\",\"enabled\":\"1\",\"fields\":{\"image\":[\"283\"],\"css\":\"    position: absolute;\\r\\n    top: 0;\\r\\n    left: 50%;\\r\\n    height: 20%;\\r\\n    transform: translate(-170%,20%);\",\"depth\":\"0\"}},\"309\":{\"type\":\"element\",\"enabled\":\"1\",\"fields\":{\"image\":[\"282\"],\"css\":\"    position: absolute;\\r\\n    bottom: 0;\\r\\n    left: 50%;\\r\\n    height: 15%;\\r\\n    transform: translate(-30%,-20%);\",\"depth\":\"0\"}},\"300\":{\"type\":\"element\",\"enabled\":\"1\",\"fields\":{\"image\":[\"285\"],\"css\":\"    position: absolute;\\r\\n    bottom: 0;\\r\\n    left: 50%;\\r\\n    height: 12%;\\r\\n    transform: translate(-500%,-100%);\",\"depth\":\"0\"}},\"310\":{\"type\":\"element\",\"enabled\":\"1\",\"fields\":{\"image\":[\"284\"],\"css\":\"    position: absolute;\\r\\n    bottom: 0;\\r\\n    left: 50%;\\r\\n    height: 8%;\\r\\n    transform: translate(500%,-400%);\",\"depth\":\"0\"}},\"304\":{\"type\":\"element\",\"enabled\":\"1\",\"fields\":{\"image\":[\"287\"],\"css\":\"    position: absolute;\\r\\n    bottom: 0;\\r\\n    left: 50%;\\r\\n    height: 15%;\\r\\n    transform: translate(-150%,-100%);\",\"depth\":\"0\"}},\"301\":{\"type\":\"element\",\"enabled\":\"1\",\"fields\":{\"image\":[\"286\"],\"css\":\"    position: absolute;\\r\\n    top: 0;\\r\\n    left: 50%;\\r\\n    height: 12%;\\r\\n    transform: translate(-400%, 120%);\",\"depth\":\"0\"}},\"322\":{\"type\":\"element\",\"enabled\":\"1\",\"fields\":{\"image\":[\"286\"],\"css\":\"    position: absolute;\\r\\n    top: 0;\\r\\n    left: 50%;\\r\\n    height: 10%;\\r\\n    transform: translate(500%,70%);\",\"depth\":\"0\"}},\"305\":{\"type\":\"element\",\"enabled\":\"1\",\"fields\":{\"image\":[\"289\"],\"css\":\"    position: absolute;\\r\\n    top: 50%;\\r\\n    left: 50%;\\r\\n    height: 12%;\\r\\n    transform: translate(-10%, 30%);\",\"depth\":\"0\"}},\"302\":{\"type\":\"element\",\"enabled\":\"1\",\"fields\":{\"image\":[\"288\"],\"css\":\"    position: absolute;\\r\\n    top: 0;\\r\\n    left: 50%;\\r\\n    height: 6%;\\r\\n    transform: translate(-1130%, 350%);\",\"depth\":\"0\"}},\"306\":{\"type\":\"element\",\"enabled\":\"1\",\"fields\":{\"image\":[\"291\"],\"css\":\"    position: absolute;\\r\\n    bottom: 0;\\r\\n    left: 50%;\\r\\n    height: 12%;\\r\\n    transform: translate(325%,-242%);\",\"depth\":\"0\"}},\"307\":{\"type\":\"element\",\"enabled\":\"1\",\"fields\":{\"image\":[\"290\"],\"css\":\"    position: absolute;\\r\\n    top: 50%;\\r\\n    left: 50%;\\r\\n    height: 6%;\\r\\n    transform: translate(-540%,-50%);\",\"depth\":\"0\"}},\"308\":{\"type\":\"element\",\"enabled\":\"1\",\"fields\":{\"image\":[\"292\"],\"css\":\"    position: absolute;\\r\\n    top: 0;\\r\\n    left: 50%;\\r\\n    height: 12%;\\r\\n    transform: translate(800%,110%);\",\"depth\":\"0\"}}}}}', '2019-01-15 02:44:49', '2019-01-15 02:44:49', '4e08e89a-7f32-4b3a-84bb-5a3e9b40df28'),
 ('326', '275', '9', '1', 'en_us', '68', '', '{\"typeId\":null,\"authorId\":null,\"title\":\"Home Page\",\"slug\":\"home-page\",\"postDate\":1546732564,\"expiryDate\":null,\"enabled\":1,\"parentId\":null,\"fields\":{\"65\":[\"281\"],\"61\":{\"298\":{\"type\":\"element\",\"enabled\":\"1\",\"fields\":{\"image\":[\"293\"],\"css\":\"position: absolute;\\r\\nbottom: 0;\\r\\nleft: 50%;\\r\\nheight: 82%;\\r\\ntransform: translateX(-50%);\",\"depth\":\"0\"}},\"303\":{\"type\":\"element\",\"enabled\":\"1\",\"fields\":{\"image\":[\"297\"],\"css\":\"    position: absolute;\\r\\n    top: 0;\\r\\n    left: 50%;\\r\\n    height: 6%;\\r\\n    transform: translate(35%,240%);\",\"depth\":\"0\"}},\"299\":{\"type\":\"element\",\"enabled\":\"1\",\"fields\":{\"image\":[\"283\"],\"css\":\"    position: absolute;\\r\\n    top: 0;\\r\\n    left: 50%;\\r\\n    height: 20%;\\r\\n    transform: translate(-170%,20%);\",\"depth\":\"0.5\"}},\"309\":{\"type\":\"element\",\"enabled\":\"1\",\"fields\":{\"image\":[\"282\"],\"css\":\"    position: absolute;\\r\\n    bottom: 0;\\r\\n    left: 50%;\\r\\n    height: 15%;\\r\\n    transform: translate(-30%,-20%);\",\"depth\":\"0.3\"}},\"300\":{\"type\":\"element\",\"enabled\":\"1\",\"fields\":{\"image\":[\"285\"],\"css\":\"    position: absolute;\\r\\n    bottom: 0;\\r\\n    left: 50%;\\r\\n    height: 12%;\\r\\n    transform: translate(-500%,-100%);\",\"depth\":\"0.3\"}},\"310\":{\"type\":\"element\",\"enabled\":\"1\",\"fields\":{\"image\":[\"284\"],\"css\":\"    position: absolute;\\r\\n    bottom: 0;\\r\\n    left: 50%;\\r\\n    height: 8%;\\r\\n    transform: translate(500%,-400%);\",\"depth\":\"0\"}},\"304\":{\"type\":\"element\",\"enabled\":\"1\",\"fields\":{\"image\":[\"287\"],\"css\":\"    position: absolute;\\r\\n    bottom: 0;\\r\\n    left: 50%;\\r\\n    height: 15%;\\r\\n    transform: translate(-150%,-100%);\",\"depth\":\"0.4\"}},\"301\":{\"type\":\"element\",\"enabled\":\"1\",\"fields\":{\"image\":[\"286\"],\"css\":\"    position: absolute;\\r\\n    top: 0;\\r\\n    left: 50%;\\r\\n    height: 12%;\\r\\n    transform: translate(-400%, 120%);\",\"depth\":\"0.3\"}},\"322\":{\"type\":\"element\",\"enabled\":\"1\",\"fields\":{\"image\":[\"286\"],\"css\":\"    position: absolute;\\r\\n    top: 0;\\r\\n    left: 50%;\\r\\n    height: 10%;\\r\\n    transform: translate(500%,70%);\",\"depth\":\"0.2\"}},\"305\":{\"type\":\"element\",\"enabled\":\"1\",\"fields\":{\"image\":[\"289\"],\"css\":\"    position: absolute;\\r\\n    top: 50%;\\r\\n    left: 50%;\\r\\n    height: 12%;\\r\\n    transform: translate(-10%, 30%);\",\"depth\":\"0.2\"}},\"302\":{\"type\":\"element\",\"enabled\":\"1\",\"fields\":{\"image\":[\"288\"],\"css\":\"    position: absolute;\\r\\n    top: 0;\\r\\n    left: 50%;\\r\\n    height: 6%;\\r\\n    transform: translate(-1130%, 350%);\",\"depth\":\"0.1\"}},\"306\":{\"type\":\"element\",\"enabled\":\"1\",\"fields\":{\"image\":[\"291\"],\"css\":\"    position: absolute;\\r\\n    bottom: 0;\\r\\n    left: 50%;\\r\\n    height: 12%;\\r\\n    transform: translate(325%,-242%);\",\"depth\":\"0.5\"}},\"307\":{\"type\":\"element\",\"enabled\":\"1\",\"fields\":{\"image\":[\"290\"],\"css\":\"    position: absolute;\\r\\n    top: 50%;\\r\\n    left: 50%;\\r\\n    height: 6%;\\r\\n    transform: translate(-540%,-50%);\",\"depth\":\"0.1\"}},\"308\":{\"type\":\"element\",\"enabled\":\"1\",\"fields\":{\"image\":[\"292\"],\"css\":\"    position: absolute;\\r\\n    top: 0;\\r\\n    left: 50%;\\r\\n    height: 12%;\\r\\n    transform: translate(800%,110%);\",\"depth\":\"0.2\"}}}}}', '2019-01-15 02:49:41', '2019-01-15 02:49:41', 'ee384c86-e1c5-4ce3-ac1e-d0f6e04b0706'),
 ('327', '275', '9', '1', 'en_us', '69', '', '{\"typeId\":null,\"authorId\":null,\"title\":\"Home Page\",\"slug\":\"home-page\",\"postDate\":1546732564,\"expiryDate\":null,\"enabled\":1,\"parentId\":null,\"fields\":{\"65\":[\"281\"],\"61\":{\"298\":{\"type\":\"element\",\"enabled\":\"1\",\"fields\":{\"image\":[\"293\"],\"css\":\"position: absolute;\\r\\nbottom: 0;\\r\\nleft: 50%;\\r\\nheight: 82%;\\r\\ntransform: translateX(-50%);\",\"depth\":\"0\"}},\"303\":{\"type\":\"element\",\"enabled\":\"1\",\"fields\":{\"image\":[\"297\"],\"css\":\"    position: absolute;\\r\\n    top: 0;\\r\\n    left: 50%;\\r\\n    height: 6%;\\r\\n    transform: translate(35%,240%);\",\"depth\":\"0\"}},\"299\":{\"type\":\"element\",\"enabled\":\"1\",\"fields\":{\"image\":[\"283\"],\"css\":\"    position: absolute;\\r\\n    top: 0;\\r\\n    left: 50%;\\r\\n    height: 20%;\\r\\n    transform: translate(-170%,20%);\",\"depth\":\"0.5\"}},\"309\":{\"type\":\"element\",\"enabled\":\"1\",\"fields\":{\"image\":[\"282\"],\"css\":\"    position: absolute;\\r\\n    bottom: 0;\\r\\n    left: 50%;\\r\\n    height: 15%;\\r\\n    transform: translate(-30%,-20%);\",\"depth\":\"0.3\"}},\"300\":{\"type\":\"element\",\"enabled\":\"1\",\"fields\":{\"image\":[\"285\"],\"css\":\"    position: absolute;\\r\\n    bottom: 0;\\r\\n    left: 50%;\\r\\n    height: 12%;\\r\\n    transform: translate(-500%,-100%);\",\"depth\":\"0.3\"}},\"310\":{\"type\":\"element\",\"enabled\":\"1\",\"fields\":{\"image\":[\"284\"],\"css\":\"    position: absolute;\\r\\n    bottom: 0;\\r\\n    left: 50%;\\r\\n    height: 8%;\\r\\n    transform: translate(500%,-400%);\",\"depth\":\"0.1\"}},\"304\":{\"type\":\"element\",\"enabled\":\"1\",\"fields\":{\"image\":[\"287\"],\"css\":\"    position: absolute;\\r\\n    bottom: 0;\\r\\n    left: 50%;\\r\\n    height: 15%;\\r\\n    transform: translate(-150%,-100%);\",\"depth\":\"0.4\"}},\"301\":{\"type\":\"element\",\"enabled\":\"1\",\"fields\":{\"image\":[\"286\"],\"css\":\"    position: absolute;\\r\\n    top: 0;\\r\\n    left: 50%;\\r\\n    height: 12%;\\r\\n    transform: translate(-400%, 120%);\",\"depth\":\"0.3\"}},\"322\":{\"type\":\"element\",\"enabled\":\"1\",\"fields\":{\"image\":[\"286\"],\"css\":\"    position: absolute;\\r\\n    top: 0;\\r\\n    left: 50%;\\r\\n    height: 10%;\\r\\n    transform: translate(500%,70%);\",\"depth\":\"0.2\"}},\"305\":{\"type\":\"element\",\"enabled\":\"1\",\"fields\":{\"image\":[\"289\"],\"css\":\"    position: absolute;\\r\\n    top: 50%;\\r\\n    left: 50%;\\r\\n    height: 12%;\\r\\n    transform: translate(-10%, 30%);\",\"depth\":\"0.2\"}},\"302\":{\"type\":\"element\",\"enabled\":\"1\",\"fields\":{\"image\":[\"288\"],\"css\":\"    position: absolute;\\r\\n    top: 0;\\r\\n    left: 50%;\\r\\n    height: 6%;\\r\\n    transform: translate(-1130%, 350%);\",\"depth\":\"0.1\"}},\"306\":{\"type\":\"element\",\"enabled\":\"1\",\"fields\":{\"image\":[\"291\"],\"css\":\"    position: absolute;\\r\\n    bottom: 0;\\r\\n    left: 50%;\\r\\n    height: 12%;\\r\\n    transform: translate(325%,-242%);\",\"depth\":\"0.5\"}},\"307\":{\"type\":\"element\",\"enabled\":\"1\",\"fields\":{\"image\":[\"290\"],\"css\":\"    position: absolute;\\r\\n    top: 50%;\\r\\n    left: 50%;\\r\\n    height: 6%;\\r\\n    transform: translate(-540%,-50%);\",\"depth\":\"0.1\"}},\"308\":{\"type\":\"element\",\"enabled\":\"1\",\"fields\":{\"image\":[\"292\"],\"css\":\"    position: absolute;\\r\\n    top: 0;\\r\\n    left: 50%;\\r\\n    height: 12%;\\r\\n    transform: translate(800%,110%);\",\"depth\":\"0.2\"}}}}}', '2019-01-15 02:51:05', '2019-01-15 02:51:05', '651e46f5-6573-4adc-8c8c-27b684a4bba3'),
 ('328', '275', '9', '1', 'en_us', '70', '', '{\"typeId\":null,\"authorId\":null,\"title\":\"Home Page\",\"slug\":\"home-page\",\"postDate\":1546732564,\"expiryDate\":null,\"enabled\":1,\"parentId\":null,\"fields\":{\"65\":[\"281\"],\"61\":{\"298\":{\"type\":\"element\",\"enabled\":\"1\",\"fields\":{\"image\":[\"293\"],\"css\":\"position: absolute;\\r\\nbottom: 0;\\r\\nleft: 50%;\\r\\nheight: 82%;\\r\\ntransform: translateX(-50%);\",\"depth\":\"0\"}},\"303\":{\"type\":\"element\",\"enabled\":\"1\",\"fields\":{\"image\":[\"297\"],\"css\":\"    position: absolute;\\r\\n    top: 0;\\r\\n    left: 50%;\\r\\n    height: 6%;\\r\\n    transform: translate(35%,240%);\",\"depth\":\"0\"}},\"299\":{\"type\":\"element\",\"enabled\":\"1\",\"fields\":{\"image\":[\"283\"],\"css\":\"    position: absolute;\\r\\n    top: 0;\\r\\n    left: 50%;\\r\\n    height: 20%;\\r\\n    transform: translate(-170%,20%);\",\"depth\":\"0.5\"}},\"309\":{\"type\":\"element\",\"enabled\":\"1\",\"fields\":{\"image\":[\"282\"],\"css\":\"    position: absolute;\\r\\n    bottom: 0;\\r\\n    left: 50%;\\r\\n    height: 15%;\\r\\n    transform: translate(-30%,-20%);\",\"depth\":\"0.3\"}},\"300\":{\"type\":\"element\",\"enabled\":\"1\",\"fields\":{\"image\":[\"285\"],\"css\":\"    position: absolute;\\r\\n    bottom: 0;\\r\\n    left: 50%;\\r\\n    height: 12%;\\r\\n    transform: translate(-500%,-100%);\",\"depth\":\"0.3\"}},\"310\":{\"type\":\"element\",\"enabled\":\"1\",\"fields\":{\"image\":[\"284\"],\"css\":\"    position: absolute;\\r\\n    bottom: 0;\\r\\n    left: 50%;\\r\\n    height: 8%;\\r\\n    transform: translate(500%,-400%);\",\"depth\":\"0.1\"}},\"304\":{\"type\":\"element\",\"enabled\":\"1\",\"fields\":{\"image\":[\"287\"],\"css\":\"    position: absolute;\\r\\n    bottom: 0;\\r\\n    left: 50%;\\r\\n    height: 15%;\\r\\n    transform: translate(-150%,-100%);\",\"depth\":\"0.4\"}},\"301\":{\"type\":\"element\",\"enabled\":\"1\",\"fields\":{\"image\":[\"286\"],\"css\":\"    position: absolute;\\r\\n    top: 0;\\r\\n    left: 50%;\\r\\n    height: 12%;\\r\\n    transform: translate(-400%, 120%);\",\"depth\":\"0.3\"}},\"322\":{\"type\":\"element\",\"enabled\":\"1\",\"fields\":{\"image\":[\"286\"],\"css\":\"    position: absolute;\\r\\n    top: 0;\\r\\n    left: 50%;\\r\\n    height: 10%;\\r\\n    transform: translate(500%,70%);\",\"depth\":\"0.2\"}},\"305\":{\"type\":\"element\",\"enabled\":\"1\",\"fields\":{\"image\":[\"289\"],\"css\":\"    position: absolute;\\r\\n    top: 50%;\\r\\n    left: 50%;\\r\\n    height: 12%;\\r\\n    transform: translate(-10%, 30%);\",\"depth\":\"0.2\"}},\"302\":{\"type\":\"element\",\"enabled\":\"1\",\"fields\":{\"image\":[\"288\"],\"css\":\"    position: absolute;\\r\\n    top: 0;\\r\\n    left: 50%;\\r\\n    height: 6%;\\r\\n    transform: translate(-1130%, 350%);\",\"depth\":\"0.1\"}},\"306\":{\"type\":\"element\",\"enabled\":\"1\",\"fields\":{\"image\":[\"291\"],\"css\":\"    position: absolute;\\r\\n    bottom: 0;\\r\\n    left: 50%;\\r\\n    height: 12%;\\r\\n    transform: translate(325%,-242%);\",\"depth\":\"0.5\"}},\"307\":{\"type\":\"element\",\"enabled\":\"1\",\"fields\":{\"image\":[\"290\"],\"css\":\"    position: absolute;\\r\\n    top: 50%;\\r\\n    left: 50%;\\r\\n    height: 6%;\\r\\n    transform: translate(-540%,-50%);\",\"depth\":\"0.1\"}},\"308\":{\"type\":\"element\",\"enabled\":\"1\",\"fields\":{\"image\":[\"292\"],\"css\":\"    position: absolute;\\r\\n    top: 0;\\r\\n    left: 50%;\\r\\n    height: 12%;\\r\\n    transform: translate(820%,110%);\",\"depth\":\"0.2\"}}}}}', '2019-01-15 02:52:33', '2019-01-15 02:52:33', 'e9076151-5030-45b6-b8f6-f3ea51a4d95e'),
 ('329', '275', '9', '1', 'en_us', '71', '', '{\"typeId\":null,\"authorId\":null,\"title\":\"Home Page\",\"slug\":\"home-page\",\"postDate\":1546732564,\"expiryDate\":null,\"enabled\":1,\"parentId\":null,\"fields\":{\"65\":[\"281\"],\"61\":{\"298\":{\"type\":\"element\",\"enabled\":\"1\",\"fields\":{\"image\":[\"293\"],\"css\":\"position: absolute;\\r\\nbottom: 0;\\r\\nleft: 50%;\\r\\nheight: 82%;\\r\\ntransform: translateX(-50%);\",\"depth\":\"0\"}},\"303\":{\"type\":\"element\",\"enabled\":\"1\",\"fields\":{\"image\":[\"297\"],\"css\":\"    position: absolute;\\r\\n    top: 0;\\r\\n    left: 50%;\\r\\n    height: 6%;\\r\\n    transform: translate(35%,240%);\",\"depth\":\"0\"}},\"299\":{\"type\":\"element\",\"enabled\":\"1\",\"fields\":{\"image\":[\"283\"],\"css\":\"    position: absolute;\\r\\n    top: 0;\\r\\n    left: 50%;\\r\\n    height: 20%;\\r\\n    transform: translate(-170%,20%);\",\"depth\":\"0.5\"}},\"309\":{\"type\":\"element\",\"enabled\":\"1\",\"fields\":{\"image\":[\"282\"],\"css\":\"    position: absolute;\\r\\n    bottom: 0;\\r\\n    left: 50%;\\r\\n    height: 15%;\\r\\n    transform: translate(-30%,-20%);\",\"depth\":\"0.3\"}},\"300\":{\"type\":\"element\",\"enabled\":\"1\",\"fields\":{\"image\":[\"285\"],\"css\":\"    position: absolute;\\r\\n    bottom: 0;\\r\\n    left: 50%;\\r\\n    height: 12%;\\r\\n    transform: translate(-500%,-100%);\",\"depth\":\"0.3\"}},\"310\":{\"type\":\"element\",\"enabled\":\"1\",\"fields\":{\"image\":[\"284\"],\"css\":\"    position: absolute;\\r\\n    bottom: 0;\\r\\n    left: 50%;\\r\\n    height: 8%;\\r\\n    transform: translate(500%,-400%);\",\"depth\":\"0.1\"}},\"304\":{\"type\":\"element\",\"enabled\":\"1\",\"fields\":{\"image\":[\"287\"],\"css\":\"    position: absolute;\\r\\n    bottom: 0;\\r\\n    left: 50%;\\r\\n    height: 15%;\\r\\n    transform: translate(-150%,-100%);\",\"depth\":\"0.4\"}},\"301\":{\"type\":\"element\",\"enabled\":\"1\",\"fields\":{\"image\":[\"286\"],\"css\":\"    position: absolute;\\r\\n    top: 0;\\r\\n    left: 50%;\\r\\n    height: 12%;\\r\\n    transform: translate(-400%, 120%);\",\"depth\":\"0.3\"}},\"322\":{\"type\":\"element\",\"enabled\":\"1\",\"fields\":{\"image\":[\"286\"],\"css\":\"    position: absolute;\\r\\n    top: 0;\\r\\n    left: 50%;\\r\\n    height: 10%;\\r\\n    transform: translate(500%,70%);\",\"depth\":\"0.2\"}},\"305\":{\"type\":\"element\",\"enabled\":\"1\",\"fields\":{\"image\":[\"289\"],\"css\":\"    position: absolute;\\r\\n    top: 50%;\\r\\n    left: 50%;\\r\\n    height: 12%;\\r\\n    transform: translate(-10%, 30%);\",\"depth\":\"0.2\"}},\"302\":{\"type\":\"element\",\"enabled\":\"1\",\"fields\":{\"image\":[\"288\"],\"css\":\"    position: absolute;\\r\\n    top: 0;\\r\\n    left: 50%;\\r\\n    height: 6%;\\r\\n    transform: translate(-1130%, 350%);\",\"depth\":\"0.1\"}},\"306\":{\"type\":\"element\",\"enabled\":\"1\",\"fields\":{\"image\":[\"291\"],\"css\":\"    position: absolute;\\r\\n    bottom: 0;\\r\\n    left: 50%;\\r\\n    height: 12%;\\r\\n    transform: translate(325%,-242%);\",\"depth\":\"0.5\"}},\"307\":{\"type\":\"element\",\"enabled\":\"1\",\"fields\":{\"image\":[\"290\"],\"css\":\"    position: absolute;\\r\\n    top: 50%;\\r\\n    left: 50%;\\r\\n    height: 6%;\\r\\n    transform: translate(-540%,-50%);\",\"depth\":\"0.1\"}},\"308\":{\"type\":\"element\",\"enabled\":\"1\",\"fields\":{\"image\":[\"292\"],\"css\":\"    position: absolute;\\r\\n    top: 0;\\r\\n    left: 50%;\\r\\n    height: 12%;\\r\\n    transform: translate(810%,110%);\",\"depth\":\"0.1\"}}}}}', '2019-01-15 02:53:02', '2019-01-15 02:53:02', '0b273417-1121-468e-b487-cae0c165b24a'),
 ('330', '275', '9', '1', 'en_us', '72', '', '{\"typeId\":null,\"authorId\":null,\"title\":\"Home Page\",\"slug\":\"home-page\",\"postDate\":1546732564,\"expiryDate\":null,\"enabled\":1,\"parentId\":null,\"fields\":{\"65\":[\"281\"],\"61\":{\"298\":{\"type\":\"element\",\"enabled\":\"1\",\"fields\":{\"image\":[\"293\"],\"css\":\"position: absolute;\\r\\nbottom: 0;\\r\\nleft: 50%;\\r\\nheight: 82%;\\r\\ntransform: translateX(-50%);\",\"depth\":\"0\"}},\"303\":{\"type\":\"element\",\"enabled\":\"1\",\"fields\":{\"image\":[\"297\"],\"css\":\"    position: absolute;\\r\\n    top: 0;\\r\\n    left: 50%;\\r\\n    height: 6%;\\r\\n    transform: translate(35%,240%);\",\"depth\":\"0\"}},\"299\":{\"type\":\"element\",\"enabled\":\"1\",\"fields\":{\"image\":[\"283\"],\"css\":\"    position: absolute;\\r\\n    z-index: 1;\\r\\n    top: 0;\\r\\n    left: 50%;\\r\\n    height: 20%;\\r\\n    transform: translate(-170%,20%);\",\"depth\":\"0.5\"}},\"309\":{\"type\":\"element\",\"enabled\":\"1\",\"fields\":{\"image\":[\"282\"],\"css\":\"    position: absolute;\\r\\n    bottom: 0;\\r\\n    left: 50%;\\r\\n    height: 15%;\\r\\n    transform: translate(-30%,-20%);\",\"depth\":\"0.3\"}},\"300\":{\"type\":\"element\",\"enabled\":\"1\",\"fields\":{\"image\":[\"285\"],\"css\":\"    position: absolute;\\r\\n    bottom: 0;\\r\\n    left: 50%;\\r\\n    height: 12%;\\r\\n    transform: translate(-500%,-100%);\",\"depth\":\"0.3\"}},\"310\":{\"type\":\"element\",\"enabled\":\"1\",\"fields\":{\"image\":[\"284\"],\"css\":\"    position: absolute;\\r\\n    bottom: 0;\\r\\n    left: 50%;\\r\\n    height: 8%;\\r\\n    transform: translate(500%,-400%);\",\"depth\":\"0.1\"}},\"304\":{\"type\":\"element\",\"enabled\":\"1\",\"fields\":{\"image\":[\"287\"],\"css\":\"    position: absolute;\\r\\n    bottom: 0;\\r\\n    left: 50%;\\r\\n    height: 15%;\\r\\n    transform: translate(-150%,-100%);\",\"depth\":\"0.4\"}},\"301\":{\"type\":\"element\",\"enabled\":\"1\",\"fields\":{\"image\":[\"286\"],\"css\":\"    position: absolute;\\r\\n    top: 0;\\r\\n    left: 50%;\\r\\n    height: 12%;\\r\\n    transform: translate(-400%, 120%);\",\"depth\":\"0.3\"}},\"322\":{\"type\":\"element\",\"enabled\":\"1\",\"fields\":{\"image\":[\"286\"],\"css\":\"    position: absolute;\\r\\n    top: 0;\\r\\n    left: 50%;\\r\\n    height: 10%;\\r\\n    transform: translate(500%,70%);\",\"depth\":\"0.2\"}},\"305\":{\"type\":\"element\",\"enabled\":\"1\",\"fields\":{\"image\":[\"289\"],\"css\":\"    position: absolute;\\r\\n    top: 50%;\\r\\n    left: 50%;\\r\\n    height: 12%;\\r\\n    transform: translate(-10%, 30%);\",\"depth\":\"0.2\"}},\"302\":{\"type\":\"element\",\"enabled\":\"1\",\"fields\":{\"image\":[\"288\"],\"css\":\"    position: absolute;\\r\\n    top: 0;\\r\\n    left: 50%;\\r\\n    height: 6%;\\r\\n    transform: translate(-1130%, 350%);\",\"depth\":\"0.1\"}},\"306\":{\"type\":\"element\",\"enabled\":\"1\",\"fields\":{\"image\":[\"291\"],\"css\":\"    position: absolute;\\r\\n    bottom: 0;\\r\\n    left: 50%;\\r\\n    height: 12%;\\r\\n    transform: translate(325%,-242%);\",\"depth\":\"0.5\"}},\"307\":{\"type\":\"element\",\"enabled\":\"1\",\"fields\":{\"image\":[\"290\"],\"css\":\"    position: absolute;\\r\\n    top: 50%;\\r\\n    left: 50%;\\r\\n    height: 6%;\\r\\n    transform: translate(-540%,-50%);\",\"depth\":\"0.1\"}},\"308\":{\"type\":\"element\",\"enabled\":\"1\",\"fields\":{\"image\":[\"292\"],\"css\":\"    position: absolute;\\r\\n    top: 0;\\r\\n    left: 50%;\\r\\n    height: 12%;\\r\\n    transform: translate(810%,110%);\",\"depth\":\"0.1\"}}}}}', '2019-01-15 03:22:18', '2019-01-15 03:22:18', '497a91f1-ffb0-4855-9330-4521f2625a95'),
 ('331', '275', '9', '1', 'en_us', '73', '', '{\"typeId\":null,\"authorId\":null,\"title\":\"Home Page\",\"slug\":\"home-page\",\"postDate\":1546732564,\"expiryDate\":null,\"enabled\":1,\"parentId\":null,\"fields\":{\"65\":[\"281\"],\"61\":{\"298\":{\"type\":\"element\",\"enabled\":\"1\",\"fields\":{\"image\":[\"293\"],\"css\":\"position: absolute;\\r\\nbottom: 0;\\r\\nleft: 50%;\\r\\nheight: 82%;\\r\\ntransform: translateX(-50%);\",\"depth\":\"0\"}},\"303\":{\"type\":\"element\",\"enabled\":\"1\",\"fields\":{\"image\":[\"297\"],\"css\":\"    position: absolute;\\r\\n    top: 0;\\r\\n    left: 50%;\\r\\n    height: 6%;\\r\\n    transform: translate(35%,240%);\",\"depth\":\"0\"}},\"299\":{\"type\":\"element\",\"enabled\":\"1\",\"fields\":{\"image\":[\"283\"],\"css\":\"    position: absolute;\\r\\n    top: 0;\\r\\n    left: 50%;\\r\\n    height: 20%;\\r\\n    transform: translate(-170%,20%);\",\"depth\":\"0.5\"}},\"309\":{\"type\":\"element\",\"enabled\":\"1\",\"fields\":{\"image\":[\"282\"],\"css\":\"    position: absolute;\\r\\n    bottom: 0;\\r\\n    left: 50%;\\r\\n    height: 15%;\\r\\n    transform: translate(-30%,-20%);\",\"depth\":\"0.3\"}},\"300\":{\"type\":\"element\",\"enabled\":\"1\",\"fields\":{\"image\":[\"285\"],\"css\":\"    position: absolute;\\r\\n    bottom: 0;\\r\\n    left: 50%;\\r\\n    height: 12%;\\r\\n    transform: translate(-500%,-100%);\",\"depth\":\"0.3\"}},\"310\":{\"type\":\"element\",\"enabled\":\"1\",\"fields\":{\"image\":[\"284\"],\"css\":\"    position: absolute;\\r\\n    bottom: 0;\\r\\n    left: 50%;\\r\\n    height: 8%;\\r\\n    transform: translate(500%,-400%);\",\"depth\":\"0.1\"}},\"304\":{\"type\":\"element\",\"enabled\":\"1\",\"fields\":{\"image\":[\"287\"],\"css\":\"    position: absolute;\\r\\n    bottom: 0;\\r\\n    left: 50%;\\r\\n    height: 15%;\\r\\n    transform: translate(-150%,-100%);\",\"depth\":\"0.4\"}},\"301\":{\"type\":\"element\",\"enabled\":\"1\",\"fields\":{\"image\":[\"286\"],\"css\":\"    position: absolute;\\r\\n    top: 0;\\r\\n    left: 50%;\\r\\n    height: 12%;\\r\\n    transform: translate(-400%, 120%);\",\"depth\":\"0.3\"}},\"322\":{\"type\":\"element\",\"enabled\":\"1\",\"fields\":{\"image\":[\"286\"],\"css\":\"    position: absolute;\\r\\n    top: 0;\\r\\n    left: 50%;\\r\\n    height: 10%;\\r\\n    transform: translate(500%,70%);\",\"depth\":\"0.2\"}},\"305\":{\"type\":\"element\",\"enabled\":\"1\",\"fields\":{\"image\":[\"289\"],\"css\":\"    position: absolute;\\r\\n    top: 50%;\\r\\n    left: 50%;\\r\\n    height: 12%;\\r\\n    transform: translate(-10%, 30%);\",\"depth\":\"0.2\"}},\"302\":{\"type\":\"element\",\"enabled\":\"1\",\"fields\":{\"image\":[\"288\"],\"css\":\"    position: absolute;\\r\\n    top: 0;\\r\\n    left: 50%;\\r\\n    height: 6%;\\r\\n    transform: translate(-1130%, 350%);\",\"depth\":\"0.1\"}},\"306\":{\"type\":\"element\",\"enabled\":\"1\",\"fields\":{\"image\":[\"291\"],\"css\":\"    position: absolute;\\r\\n    bottom: 0;\\r\\n    left: 50%;\\r\\n    height: 12%;\\r\\n    transform: translate(325%,-242%);\",\"depth\":\"0.5\"}},\"307\":{\"type\":\"element\",\"enabled\":\"1\",\"fields\":{\"image\":[\"290\"],\"css\":\"    position: absolute;\\r\\n    top: 50%;\\r\\n    left: 50%;\\r\\n    height: 6%;\\r\\n    transform: translate(-540%,-50%);\",\"depth\":\"0.1\"}},\"308\":{\"type\":\"element\",\"enabled\":\"1\",\"fields\":{\"image\":[\"292\"],\"css\":\"    position: absolute;\\r\\n    top: 0;\\r\\n    left: 50%;\\r\\n    height: 12%;\\r\\n    transform: translate(810%,110%);\",\"depth\":\"0.1\"}}}}}', '2019-01-15 03:23:14', '2019-01-15 03:23:14', '04ada771-df3a-4df2-a939-a24b02666225'),
 ('332', '275', '9', '1', 'en_us', '74', '', '{\"typeId\":null,\"authorId\":null,\"title\":\"Home Page\",\"slug\":\"home-page\",\"postDate\":1546732564,\"expiryDate\":null,\"enabled\":1,\"parentId\":null,\"fields\":{\"65\":[\"281\"],\"61\":{\"298\":{\"type\":\"element\",\"enabled\":\"1\",\"fields\":{\"image\":[\"293\"],\"css\":\"position: absolute;\\r\\nbottom: 0;\\r\\nleft: 50%;\\r\\nheight: 82%;\\r\\ntransform: translateX(-50%);\",\"depth\":\"0\"}},\"303\":{\"type\":\"element\",\"enabled\":\"1\",\"fields\":{\"image\":[\"297\"],\"css\":\"    position: absolute;\\r\\n    top: 0;\\r\\n    left: 50%;\\r\\n    height: 6%;\\r\\n    transform: translate(35%,240%);\",\"depth\":\"0\"}},\"309\":{\"type\":\"element\",\"enabled\":\"1\",\"fields\":{\"image\":[\"282\"],\"css\":\"    position: absolute;\\r\\n    bottom: 0;\\r\\n    left: 50%;\\r\\n    height: 15%;\\r\\n    transform: translate(-30%,-20%);\",\"depth\":\"0.3\"}},\"299\":{\"type\":\"element\",\"enabled\":\"1\",\"fields\":{\"image\":[\"283\"],\"css\":\"    position: absolute;\\r\\n    top: 0;\\r\\n    left: 50%;\\r\\n    height: 20%;\\r\\n    transform: translate(-170%,20%);\",\"depth\":\"0.5\"}},\"300\":{\"type\":\"element\",\"enabled\":\"1\",\"fields\":{\"image\":[\"285\"],\"css\":\"    position: absolute;\\r\\n    bottom: 0;\\r\\n    left: 50%;\\r\\n    height: 12%;\\r\\n    transform: translate(-500%,-100%);\",\"depth\":\"0.3\"}},\"310\":{\"type\":\"element\",\"enabled\":\"1\",\"fields\":{\"image\":[\"284\"],\"css\":\"    position: absolute;\\r\\n    bottom: 0;\\r\\n    left: 50%;\\r\\n    height: 8%;\\r\\n    transform: translate(500%,-400%);\",\"depth\":\"0.1\"}},\"304\":{\"type\":\"element\",\"enabled\":\"1\",\"fields\":{\"image\":[\"287\"],\"css\":\"    position: absolute;\\r\\n    bottom: 0;\\r\\n    left: 50%;\\r\\n    height: 15%;\\r\\n    transform: translate(-150%,-100%);\",\"depth\":\"0.4\"}},\"301\":{\"type\":\"element\",\"enabled\":\"1\",\"fields\":{\"image\":[\"286\"],\"css\":\"    position: absolute;\\r\\n    top: 0;\\r\\n    left: 50%;\\r\\n    height: 12%;\\r\\n    transform: translate(-400%, 120%);\",\"depth\":\"0.3\"}},\"322\":{\"type\":\"element\",\"enabled\":\"1\",\"fields\":{\"image\":[\"286\"],\"css\":\"    position: absolute;\\r\\n    top: 0;\\r\\n    left: 50%;\\r\\n    height: 10%;\\r\\n    transform: translate(500%,70%);\",\"depth\":\"0.2\"}},\"305\":{\"type\":\"element\",\"enabled\":\"1\",\"fields\":{\"image\":[\"289\"],\"css\":\"    position: absolute;\\r\\n    top: 50%;\\r\\n    left: 50%;\\r\\n    height: 12%;\\r\\n    transform: translate(-10%, 30%);\",\"depth\":\"0.2\"}},\"302\":{\"type\":\"element\",\"enabled\":\"1\",\"fields\":{\"image\":[\"288\"],\"css\":\"    position: absolute;\\r\\n    top: 0;\\r\\n    left: 50%;\\r\\n    height: 6%;\\r\\n    transform: translate(-1130%, 350%);\",\"depth\":\"0.1\"}},\"306\":{\"type\":\"element\",\"enabled\":\"1\",\"fields\":{\"image\":[\"291\"],\"css\":\"    position: absolute;\\r\\n    bottom: 0;\\r\\n    left: 50%;\\r\\n    height: 12%;\\r\\n    transform: translate(325%,-242%);\",\"depth\":\"0.5\"}},\"307\":{\"type\":\"element\",\"enabled\":\"1\",\"fields\":{\"image\":[\"290\"],\"css\":\"    position: absolute;\\r\\n    top: 50%;\\r\\n    left: 50%;\\r\\n    height: 6%;\\r\\n    transform: translate(-540%,-50%);\",\"depth\":\"0.1\"}},\"308\":{\"type\":\"element\",\"enabled\":\"1\",\"fields\":{\"image\":[\"292\"],\"css\":\"    position: absolute;\\r\\n    top: 0;\\r\\n    left: 50%;\\r\\n    height: 12%;\\r\\n    transform: translate(810%,110%);\",\"depth\":\"0.1\"}}}}}', '2019-01-15 03:23:35', '2019-01-15 03:23:35', 'acf94fea-fb3c-4308-89e7-f6c3589162e3'),
 ('333', '275', '9', '1', 'en_us', '75', '', '{\"typeId\":null,\"authorId\":null,\"title\":\"Home Page\",\"slug\":\"home-page\",\"postDate\":1546732564,\"expiryDate\":null,\"enabled\":1,\"parentId\":null,\"fields\":{\"65\":[\"281\"],\"61\":{\"298\":{\"type\":\"element\",\"enabled\":\"1\",\"fields\":{\"image\":[\"293\"],\"css\":\"position: absolute;\\r\\nbottom: 0;\\r\\nleft: 50%;\\r\\nheight: 82%;\\r\\ntransform: translateX(-50%);\",\"depth\":\"0\"}},\"303\":{\"type\":\"element\",\"enabled\":\"1\",\"fields\":{\"image\":[\"297\"],\"css\":\"    position: absolute;\\r\\n    top: 0;\\r\\n    left: 50%;\\r\\n    height: 6%;\\r\\n    transform: translate(35%,240%);\",\"depth\":\"0\"}},\"309\":{\"type\":\"element\",\"enabled\":\"1\",\"fields\":{\"image\":[\"282\"],\"css\":\"    position: absolute;\\r\\n    bottom: 0;\\r\\n    left: 50%;\\r\\n    height: 15%;\\r\\n    transform: translate(-30%,-20%);\",\"depth\":\"0.3\"}},\"300\":{\"type\":\"element\",\"enabled\":\"1\",\"fields\":{\"image\":[\"285\"],\"css\":\"    position: absolute;\\r\\n    bottom: 0;\\r\\n    left: 50%;\\r\\n    height: 12%;\\r\\n    transform: translate(-500%,-100%);\",\"depth\":\"0.3\"}},\"310\":{\"type\":\"element\",\"enabled\":\"1\",\"fields\":{\"image\":[\"284\"],\"css\":\"    position: absolute;\\r\\n    bottom: 0;\\r\\n    left: 50%;\\r\\n    height: 8%;\\r\\n    transform: translate(500%,-400%);\",\"depth\":\"0.1\"}},\"304\":{\"type\":\"element\",\"enabled\":\"1\",\"fields\":{\"image\":[\"287\"],\"css\":\"    position: absolute;\\r\\n    bottom: 0;\\r\\n    left: 50%;\\r\\n    height: 15%;\\r\\n    transform: translate(-150%,-100%);\",\"depth\":\"0.4\"}},\"301\":{\"type\":\"element\",\"enabled\":\"1\",\"fields\":{\"image\":[\"286\"],\"css\":\"    position: absolute;\\r\\n    top: 0;\\r\\n    left: 50%;\\r\\n    height: 12%;\\r\\n    transform: translate(-400%, 120%);\",\"depth\":\"0.3\"}},\"322\":{\"type\":\"element\",\"enabled\":\"1\",\"fields\":{\"image\":[\"286\"],\"css\":\"    position: absolute;\\r\\n    top: 0;\\r\\n    left: 50%;\\r\\n    height: 10%;\\r\\n    transform: translate(500%,70%);\",\"depth\":\"0.2\"}},\"299\":{\"type\":\"element\",\"enabled\":\"1\",\"fields\":{\"image\":[\"283\"],\"css\":\"    position: absolute;\\r\\n    top: 0;\\r\\n    left: 50%;\\r\\n    height: 20%;\\r\\n    transform: translate(-170%,20%);\",\"depth\":\"0.5\"}},\"305\":{\"type\":\"element\",\"enabled\":\"1\",\"fields\":{\"image\":[\"289\"],\"css\":\"    position: absolute;\\r\\n    top: 50%;\\r\\n    left: 50%;\\r\\n    height: 12%;\\r\\n    transform: translate(-10%, 30%);\",\"depth\":\"0.2\"}},\"302\":{\"type\":\"element\",\"enabled\":\"1\",\"fields\":{\"image\":[\"288\"],\"css\":\"    position: absolute;\\r\\n    top: 0;\\r\\n    left: 50%;\\r\\n    height: 6%;\\r\\n    transform: translate(-1130%, 350%);\",\"depth\":\"0.1\"}},\"306\":{\"type\":\"element\",\"enabled\":\"1\",\"fields\":{\"image\":[\"291\"],\"css\":\"    position: absolute;\\r\\n    bottom: 0;\\r\\n    left: 50%;\\r\\n    height: 12%;\\r\\n    transform: translate(325%,-242%);\",\"depth\":\"0.5\"}},\"307\":{\"type\":\"element\",\"enabled\":\"1\",\"fields\":{\"image\":[\"290\"],\"css\":\"    position: absolute;\\r\\n    top: 50%;\\r\\n    left: 50%;\\r\\n    height: 6%;\\r\\n    transform: translate(-540%,-50%);\",\"depth\":\"0.1\"}},\"308\":{\"type\":\"element\",\"enabled\":\"1\",\"fields\":{\"image\":[\"292\"],\"css\":\"    position: absolute;\\r\\n    top: 0;\\r\\n    left: 50%;\\r\\n    height: 12%;\\r\\n    transform: translate(810%,110%);\",\"depth\":\"0.1\"}}}}}', '2019-01-15 03:25:09', '2019-01-15 03:25:09', '2f1f1d2e-2762-4955-8c35-e63189f396cc'),
 ('334', '275', '9', '1', 'en_us', '76', '', '{\"typeId\":null,\"authorId\":null,\"title\":\"Home Page\",\"slug\":\"home-page\",\"postDate\":1546732564,\"expiryDate\":null,\"enabled\":1,\"parentId\":null,\"fields\":{\"65\":[\"281\"],\"61\":{\"298\":{\"type\":\"element\",\"enabled\":\"1\",\"fields\":{\"image\":[\"293\"],\"css\":\"position: absolute;\\r\\nbottom: 0;\\r\\nleft: 50%;\\r\\nheight: 82%;\\r\\ntransform: translateX(-50%);\",\"depth\":\"0.05\"}},\"303\":{\"type\":\"element\",\"enabled\":\"1\",\"fields\":{\"image\":[\"297\"],\"css\":\"    position: absolute;\\r\\n    top: 0;\\r\\n    left: 50%;\\r\\n    height: 6%;\\r\\n    transform: translate(35%,240%);\",\"depth\":\"0.05\"}},\"309\":{\"type\":\"element\",\"enabled\":\"1\",\"fields\":{\"image\":[\"282\"],\"css\":\"    position: absolute;\\r\\n    bottom: 0;\\r\\n    left: 50%;\\r\\n    height: 15%;\\r\\n    transform: translate(-30%,-20%);\",\"depth\":\"0.3\"}},\"300\":{\"type\":\"element\",\"enabled\":\"1\",\"fields\":{\"image\":[\"285\"],\"css\":\"    position: absolute;\\r\\n    bottom: 0;\\r\\n    left: 50%;\\r\\n    height: 12%;\\r\\n    transform: translate(-500%,-100%);\",\"depth\":\"0.3\"}},\"310\":{\"type\":\"element\",\"enabled\":\"1\",\"fields\":{\"image\":[\"284\"],\"css\":\"    position: absolute;\\r\\n    bottom: 0;\\r\\n    left: 50%;\\r\\n    height: 8%;\\r\\n    transform: translate(500%,-400%);\",\"depth\":\"0.1\"}},\"304\":{\"type\":\"element\",\"enabled\":\"1\",\"fields\":{\"image\":[\"287\"],\"css\":\"    position: absolute;\\r\\n    bottom: 0;\\r\\n    left: 50%;\\r\\n    height: 15%;\\r\\n    transform: translate(-150%,-100%);\",\"depth\":\"0.4\"}},\"301\":{\"type\":\"element\",\"enabled\":\"1\",\"fields\":{\"image\":[\"286\"],\"css\":\"    position: absolute;\\r\\n    top: 0;\\r\\n    left: 50%;\\r\\n    height: 12%;\\r\\n    transform: translate(-400%, 120%);\",\"depth\":\"0.3\"}},\"322\":{\"type\":\"element\",\"enabled\":\"1\",\"fields\":{\"image\":[\"286\"],\"css\":\"    position: absolute;\\r\\n    top: 0;\\r\\n    left: 50%;\\r\\n    height: 10%;\\r\\n    transform: translate(500%,70%);\",\"depth\":\"0.2\"}},\"299\":{\"type\":\"element\",\"enabled\":\"1\",\"fields\":{\"image\":[\"283\"],\"css\":\"    position: absolute;\\r\\n    top: 0;\\r\\n    left: 50%;\\r\\n    height: 20%;\\r\\n    transform: translate(-170%,20%);\",\"depth\":\"0.5\"}},\"305\":{\"type\":\"element\",\"enabled\":\"1\",\"fields\":{\"image\":[\"289\"],\"css\":\"    position: absolute;\\r\\n    top: 50%;\\r\\n    left: 50%;\\r\\n    height: 12%;\\r\\n    transform: translate(-10%, 30%);\",\"depth\":\"0.2\"}},\"302\":{\"type\":\"element\",\"enabled\":\"1\",\"fields\":{\"image\":[\"288\"],\"css\":\"    position: absolute;\\r\\n    top: 0;\\r\\n    left: 50%;\\r\\n    height: 6%;\\r\\n    transform: translate(-1130%, 350%);\",\"depth\":\"0.1\"}},\"306\":{\"type\":\"element\",\"enabled\":\"1\",\"fields\":{\"image\":[\"291\"],\"css\":\"    position: absolute;\\r\\n    bottom: 0;\\r\\n    left: 50%;\\r\\n    height: 12%;\\r\\n    transform: translate(325%,-242%);\",\"depth\":\"0.5\"}},\"307\":{\"type\":\"element\",\"enabled\":\"1\",\"fields\":{\"image\":[\"290\"],\"css\":\"    position: absolute;\\r\\n    top: 50%;\\r\\n    left: 50%;\\r\\n    height: 6%;\\r\\n    transform: translate(-540%,-50%);\",\"depth\":\"0.1\"}},\"308\":{\"type\":\"element\",\"enabled\":\"1\",\"fields\":{\"image\":[\"292\"],\"css\":\"    position: absolute;\\r\\n    top: 0;\\r\\n    left: 50%;\\r\\n    height: 12%;\\r\\n    transform: translate(810%,110%);\",\"depth\":\"0.1\"}}}}}', '2019-01-15 03:28:31', '2019-01-15 03:28:31', '64f0a169-a9dd-43e0-b79c-297285ac8576'),
 ('335', '275', '9', '1', 'en_us', '77', '', '{\"typeId\":null,\"authorId\":null,\"title\":\"Home Page\",\"slug\":\"home-page\",\"postDate\":1546732564,\"expiryDate\":null,\"enabled\":1,\"parentId\":null,\"fields\":{\"65\":[\"281\"],\"61\":{\"298\":{\"type\":\"element\",\"enabled\":\"1\",\"fields\":{\"image\":[\"293\"],\"css\":\"position: absolute;\\r\\nbottom: 0;\\r\\nleft: 50%;\\r\\nheight: 82%;\\r\\ntransform: translateX(-50%);\",\"depth\":\"0.01\"}},\"303\":{\"type\":\"element\",\"enabled\":\"1\",\"fields\":{\"image\":[\"297\"],\"css\":\"    position: absolute;\\r\\n    top: 0;\\r\\n    left: 50%;\\r\\n    height: 6%;\\r\\n    transform: translate(35%,240%);\",\"depth\":\"0\"}},\"309\":{\"type\":\"element\",\"enabled\":\"1\",\"fields\":{\"image\":[\"282\"],\"css\":\"    position: absolute;\\r\\n    bottom: 0;\\r\\n    left: 50%;\\r\\n    height: 15%;\\r\\n    transform: translate(-30%,-20%);\",\"depth\":\"0\"}},\"300\":{\"type\":\"element\",\"enabled\":\"1\",\"fields\":{\"image\":[\"285\"],\"css\":\"    position: absolute;\\r\\n    bottom: 0;\\r\\n    left: 50%;\\r\\n    height: 12%;\\r\\n    transform: translate(-500%,-100%);\",\"depth\":\"0\"}},\"310\":{\"type\":\"element\",\"enabled\":\"1\",\"fields\":{\"image\":[\"284\"],\"css\":\"    position: absolute;\\r\\n    bottom: 0;\\r\\n    left: 50%;\\r\\n    height: 8%;\\r\\n    transform: translate(500%,-400%);\",\"depth\":\"0\"}},\"304\":{\"type\":\"element\",\"enabled\":\"1\",\"fields\":{\"image\":[\"287\"],\"css\":\"    position: absolute;\\r\\n    bottom: 0;\\r\\n    left: 50%;\\r\\n    height: 15%;\\r\\n    transform: translate(-150%,-100%);\",\"depth\":\"0\"}},\"301\":{\"type\":\"element\",\"enabled\":\"1\",\"fields\":{\"image\":[\"286\"],\"css\":\"    position: absolute;\\r\\n    top: 0;\\r\\n    left: 50%;\\r\\n    height: 12%;\\r\\n    transform: translate(-400%, 120%);\",\"depth\":\"0\"}},\"322\":{\"type\":\"element\",\"enabled\":\"1\",\"fields\":{\"image\":[\"286\"],\"css\":\"    position: absolute;\\r\\n    top: 0;\\r\\n    left: 50%;\\r\\n    height: 10%;\\r\\n    transform: translate(500%,70%);\",\"depth\":\"0\"}},\"299\":{\"type\":\"element\",\"enabled\":\"1\",\"fields\":{\"image\":[\"283\"],\"css\":\"    position: absolute;\\r\\n    top: 0;\\r\\n    left: 50%;\\r\\n    height: 20%;\\r\\n    transform: translate(-170%,20%);\",\"depth\":\"1\"}},\"305\":{\"type\":\"element\",\"enabled\":\"1\",\"fields\":{\"image\":[\"289\"],\"css\":\"    position: absolute;\\r\\n    top: 50%;\\r\\n    left: 50%;\\r\\n    height: 12%;\\r\\n    transform: translate(-10%, 30%);\",\"depth\":\"0\"}},\"302\":{\"type\":\"element\",\"enabled\":\"1\",\"fields\":{\"image\":[\"288\"],\"css\":\"    position: absolute;\\r\\n    top: 0;\\r\\n    left: 50%;\\r\\n    height: 6%;\\r\\n    transform: translate(-1130%, 350%);\",\"depth\":\"0\"}},\"306\":{\"type\":\"element\",\"enabled\":\"1\",\"fields\":{\"image\":[\"291\"],\"css\":\"    position: absolute;\\r\\n    bottom: 0;\\r\\n    left: 50%;\\r\\n    height: 12%;\\r\\n    transform: translate(325%,-242%);\",\"depth\":\"1\"}},\"307\":{\"type\":\"element\",\"enabled\":\"1\",\"fields\":{\"image\":[\"290\"],\"css\":\"    position: absolute;\\r\\n    top: 50%;\\r\\n    left: 50%;\\r\\n    height: 6%;\\r\\n    transform: translate(-540%,-50%);\",\"depth\":\"0\"}},\"308\":{\"type\":\"element\",\"enabled\":\"1\",\"fields\":{\"image\":[\"292\"],\"css\":\"    position: absolute;\\r\\n    top: 0;\\r\\n    left: 50%;\\r\\n    height: 12%;\\r\\n    transform: translate(810%,110%);\",\"depth\":\"0\"}}}}}', '2019-01-15 03:32:57', '2019-01-15 03:32:57', '08accaea-eb09-4e7e-9c40-d08878fd266e'),
 ('336', '275', '9', '1', 'en_us', '78', '', '{\"typeId\":null,\"authorId\":null,\"title\":\"Home Page\",\"slug\":\"home-page\",\"postDate\":1546732564,\"expiryDate\":null,\"enabled\":1,\"parentId\":null,\"fields\":{\"65\":[\"281\"],\"61\":{\"298\":{\"type\":\"element\",\"enabled\":\"1\",\"fields\":{\"image\":[\"293\"],\"css\":\"position: absolute;\\r\\nbottom: 0;\\r\\nleft: 50%;\\r\\nheight: 82%;\\r\\ntransform: translateX(-50%);\",\"depth\":\"0.05\"}},\"303\":{\"type\":\"element\",\"enabled\":\"1\",\"fields\":{\"image\":[\"297\"],\"css\":\"    position: absolute;\\r\\n    top: 0;\\r\\n    left: 50%;\\r\\n    height: 6%;\\r\\n    transform: translate(35%,240%);\",\"depth\":\"0\"}},\"309\":{\"type\":\"element\",\"enabled\":\"1\",\"fields\":{\"image\":[\"282\"],\"css\":\"    position: absolute;\\r\\n    bottom: 0;\\r\\n    left: 50%;\\r\\n    height: 15%;\\r\\n    transform: translate(-30%,-20%);\",\"depth\":\"0\"}},\"300\":{\"type\":\"element\",\"enabled\":\"1\",\"fields\":{\"image\":[\"285\"],\"css\":\"    position: absolute;\\r\\n    bottom: 0;\\r\\n    left: 50%;\\r\\n    height: 12%;\\r\\n    transform: translate(-500%,-100%);\",\"depth\":\"0\"}},\"310\":{\"type\":\"element\",\"enabled\":\"1\",\"fields\":{\"image\":[\"284\"],\"css\":\"    position: absolute;\\r\\n    bottom: 0;\\r\\n    left: 50%;\\r\\n    height: 8%;\\r\\n    transform: translate(500%,-400%);\",\"depth\":\"0\"}},\"304\":{\"type\":\"element\",\"enabled\":\"1\",\"fields\":{\"image\":[\"287\"],\"css\":\"    position: absolute;\\r\\n    bottom: 0;\\r\\n    left: 50%;\\r\\n    height: 15%;\\r\\n    transform: translate(-150%,-100%);\",\"depth\":\"0\"}},\"301\":{\"type\":\"element\",\"enabled\":\"1\",\"fields\":{\"image\":[\"286\"],\"css\":\"    position: absolute;\\r\\n    top: 0;\\r\\n    left: 50%;\\r\\n    height: 12%;\\r\\n    transform: translate(-400%, 120%);\",\"depth\":\"0\"}},\"322\":{\"type\":\"element\",\"enabled\":\"1\",\"fields\":{\"image\":[\"286\"],\"css\":\"    position: absolute;\\r\\n    top: 0;\\r\\n    left: 50%;\\r\\n    height: 10%;\\r\\n    transform: translate(500%,70%);\",\"depth\":\"0\"}},\"299\":{\"type\":\"element\",\"enabled\":\"1\",\"fields\":{\"image\":[\"283\"],\"css\":\"    position: absolute;\\r\\n    top: 0;\\r\\n    left: 50%;\\r\\n    height: 20%;\\r\\n    transform: translate(-170%,20%);\",\"depth\":\"1\"}},\"305\":{\"type\":\"element\",\"enabled\":\"1\",\"fields\":{\"image\":[\"289\"],\"css\":\"    position: absolute;\\r\\n    top: 50%;\\r\\n    left: 50%;\\r\\n    height: 12%;\\r\\n    transform: translate(-10%, 30%);\",\"depth\":\"0\"}},\"302\":{\"type\":\"element\",\"enabled\":\"1\",\"fields\":{\"image\":[\"288\"],\"css\":\"    position: absolute;\\r\\n    top: 0;\\r\\n    left: 50%;\\r\\n    height: 6%;\\r\\n    transform: translate(-1130%, 350%);\",\"depth\":\"0\"}},\"306\":{\"type\":\"element\",\"enabled\":\"1\",\"fields\":{\"image\":[\"291\"],\"css\":\"    position: absolute;\\r\\n    bottom: 0;\\r\\n    left: 50%;\\r\\n    height: 12%;\\r\\n    transform: translate(325%,-242%);\",\"depth\":\"1\"}},\"307\":{\"type\":\"element\",\"enabled\":\"1\",\"fields\":{\"image\":[\"290\"],\"css\":\"    position: absolute;\\r\\n    top: 50%;\\r\\n    left: 50%;\\r\\n    height: 6%;\\r\\n    transform: translate(-540%,-50%);\",\"depth\":\"0\"}},\"308\":{\"type\":\"element\",\"enabled\":\"1\",\"fields\":{\"image\":[\"292\"],\"css\":\"    position: absolute;\\r\\n    top: 0;\\r\\n    left: 50%;\\r\\n    height: 12%;\\r\\n    transform: translate(810%,110%);\",\"depth\":\"0\"}}}}}', '2019-01-15 03:33:16', '2019-01-15 03:33:16', '58ab524b-d23e-4b42-b1f7-d1e182f471f0'),
 ('337', '275', '9', '1', 'en_us', '79', '', '{\"typeId\":null,\"authorId\":null,\"title\":\"Home Page\",\"slug\":\"home-page\",\"postDate\":1546732564,\"expiryDate\":null,\"enabled\":1,\"parentId\":null,\"fields\":{\"65\":[\"281\"],\"61\":{\"298\":{\"type\":\"element\",\"enabled\":\"1\",\"fields\":{\"image\":[\"293\"],\"css\":\"position: absolute;\\r\\nbottom: 0;\\r\\nleft: 50%;\\r\\nheight: 82%;\\r\\ntransform: translateX(-50%);\",\"depth\":\"0.05\"}},\"303\":{\"type\":\"element\",\"enabled\":\"1\",\"fields\":{\"image\":[\"297\"],\"css\":\"    position: absolute;\\r\\n    top: 0;\\r\\n    left: 50%;\\r\\n    height: 6%;\\r\\n    transform: translate(35%,240%);\",\"depth\":\"0.05\"}},\"309\":{\"type\":\"element\",\"enabled\":\"1\",\"fields\":{\"image\":[\"282\"],\"css\":\"    position: absolute;\\r\\n    bottom: 0;\\r\\n    left: 50%;\\r\\n    height: 15%;\\r\\n    transform: translate(-30%,-20%);\",\"depth\":\"0\"}},\"300\":{\"type\":\"element\",\"enabled\":\"1\",\"fields\":{\"image\":[\"285\"],\"css\":\"    position: absolute;\\r\\n    bottom: 0;\\r\\n    left: 50%;\\r\\n    height: 12%;\\r\\n    transform: translate(-500%,-100%);\",\"depth\":\"0\"}},\"310\":{\"type\":\"element\",\"enabled\":\"1\",\"fields\":{\"image\":[\"284\"],\"css\":\"    position: absolute;\\r\\n    bottom: 0;\\r\\n    left: 50%;\\r\\n    height: 8%;\\r\\n    transform: translate(500%,-400%);\",\"depth\":\"0\"}},\"304\":{\"type\":\"element\",\"enabled\":\"1\",\"fields\":{\"image\":[\"287\"],\"css\":\"    position: absolute;\\r\\n    bottom: 0;\\r\\n    left: 50%;\\r\\n    height: 15%;\\r\\n    transform: translate(-150%,-100%);\",\"depth\":\"0\"}},\"301\":{\"type\":\"element\",\"enabled\":\"1\",\"fields\":{\"image\":[\"286\"],\"css\":\"    position: absolute;\\r\\n    top: 0;\\r\\n    left: 50%;\\r\\n    height: 12%;\\r\\n    transform: translate(-400%, 120%);\",\"depth\":\"0\"}},\"322\":{\"type\":\"element\",\"enabled\":\"1\",\"fields\":{\"image\":[\"286\"],\"css\":\"    position: absolute;\\r\\n    top: 0;\\r\\n    left: 50%;\\r\\n    height: 10%;\\r\\n    transform: translate(500%,70%);\",\"depth\":\"0\"}},\"299\":{\"type\":\"element\",\"enabled\":\"1\",\"fields\":{\"image\":[\"283\"],\"css\":\"    position: absolute;\\r\\n    top: 0;\\r\\n    left: 50%;\\r\\n    height: 20%;\\r\\n    transform: translate(-170%,20%);\",\"depth\":\"1\"}},\"305\":{\"type\":\"element\",\"enabled\":\"1\",\"fields\":{\"image\":[\"289\"],\"css\":\"    position: absolute;\\r\\n    top: 50%;\\r\\n    left: 50%;\\r\\n    height: 12%;\\r\\n    transform: translate(-10%, 30%);\",\"depth\":\"0\"}},\"302\":{\"type\":\"element\",\"enabled\":\"1\",\"fields\":{\"image\":[\"288\"],\"css\":\"    position: absolute;\\r\\n    top: 0;\\r\\n    left: 50%;\\r\\n    height: 6%;\\r\\n    transform: translate(-1130%, 350%);\",\"depth\":\"0\"}},\"306\":{\"type\":\"element\",\"enabled\":\"1\",\"fields\":{\"image\":[\"291\"],\"css\":\"    position: absolute;\\r\\n    bottom: 0;\\r\\n    left: 50%;\\r\\n    height: 12%;\\r\\n    transform: translate(325%,-242%);\",\"depth\":\"1\"}},\"307\":{\"type\":\"element\",\"enabled\":\"1\",\"fields\":{\"image\":[\"290\"],\"css\":\"    position: absolute;\\r\\n    top: 50%;\\r\\n    left: 50%;\\r\\n    height: 6%;\\r\\n    transform: translate(-540%,-50%);\",\"depth\":\"0\"}},\"308\":{\"type\":\"element\",\"enabled\":\"1\",\"fields\":{\"image\":[\"292\"],\"css\":\"    position: absolute;\\r\\n    top: 0;\\r\\n    left: 50%;\\r\\n    height: 12%;\\r\\n    transform: translate(810%,110%);\",\"depth\":\"0\"}}}}}', '2019-01-15 03:35:59', '2019-01-15 03:35:59', '0c853166-5fc5-4c0d-adc1-56e2f95bc61a'),
 ('338', '275', '9', '1', 'en_us', '80', '', '{\"typeId\":null,\"authorId\":null,\"title\":\"Home Page\",\"slug\":\"home-page\",\"postDate\":1546732564,\"expiryDate\":null,\"enabled\":1,\"parentId\":null,\"fields\":{\"65\":[\"281\"],\"61\":{\"298\":{\"type\":\"element\",\"enabled\":\"1\",\"fields\":{\"image\":[\"293\"],\"css\":\"position: absolute;\\r\\nbottom: 0;\\r\\nleft: 50%;\\r\\nheight: 82%;\\r\\ntransform: translateX(-50%);\",\"depth\":\"0.05\"}},\"303\":{\"type\":\"element\",\"enabled\":\"1\",\"fields\":{\"image\":[\"297\"],\"css\":\"    position: absolute;\\r\\n    top: 0;\\r\\n    left: 50%;\\r\\n    height: 6%;\\r\\n    transform: translate(35%,240%);\",\"depth\":\"0.05\"}},\"309\":{\"type\":\"element\",\"enabled\":\"1\",\"fields\":{\"image\":[\"282\"],\"css\":\"    position: absolute;\\r\\n    bottom: 0;\\r\\n    left: 50%;\\r\\n    height: 15%;\\r\\n    transform: translate(-30%,-20%);\",\"depth\":\"0.2\"}},\"300\":{\"type\":\"element\",\"enabled\":\"1\",\"fields\":{\"image\":[\"285\"],\"css\":\"    position: absolute;\\r\\n    bottom: 0;\\r\\n    left: 50%;\\r\\n    height: 12%;\\r\\n    transform: translate(-500%,-100%);\",\"depth\":\"0.3\"}},\"310\":{\"type\":\"element\",\"enabled\":\"1\",\"fields\":{\"image\":[\"284\"],\"css\":\"    position: absolute;\\r\\n    bottom: 0;\\r\\n    left: 50%;\\r\\n    height: 8%;\\r\\n    transform: translate(500%,-400%);\",\"depth\":\"0.1\"}},\"304\":{\"type\":\"element\",\"enabled\":\"1\",\"fields\":{\"image\":[\"287\"],\"css\":\"    position: absolute;\\r\\n    bottom: 0;\\r\\n    left: 50%;\\r\\n    height: 15%;\\r\\n    transform: translate(-150%,-100%);\",\"depth\":\"0.3\"}},\"301\":{\"type\":\"element\",\"enabled\":\"1\",\"fields\":{\"image\":[\"286\"],\"css\":\"    position: absolute;\\r\\n    top: 0;\\r\\n    left: 50%;\\r\\n    height: 12%;\\r\\n    transform: translate(-400%, 120%);\",\"depth\":\"0.2\"}},\"322\":{\"type\":\"element\",\"enabled\":\"1\",\"fields\":{\"image\":[\"286\"],\"css\":\"    position: absolute;\\r\\n    top: 0;\\r\\n    left: 50%;\\r\\n    height: 10%;\\r\\n    transform: translate(500%,70%);\",\"depth\":\"0.2\"}},\"299\":{\"type\":\"element\",\"enabled\":\"1\",\"fields\":{\"image\":[\"283\"],\"css\":\"    position: absolute;\\r\\n    top: 0;\\r\\n    left: 50%;\\r\\n    height: 20%;\\r\\n    transform: translate(-170%,20%);\",\"depth\":\"0.4\"}},\"305\":{\"type\":\"element\",\"enabled\":\"1\",\"fields\":{\"image\":[\"289\"],\"css\":\"    position: absolute;\\r\\n    top: 50%;\\r\\n    left: 50%;\\r\\n    height: 12%;\\r\\n    transform: translate(-10%, 30%);\",\"depth\":\"0.2\"}},\"302\":{\"type\":\"element\",\"enabled\":\"1\",\"fields\":{\"image\":[\"288\"],\"css\":\"    position: absolute;\\r\\n    top: 0;\\r\\n    left: 50%;\\r\\n    height: 6%;\\r\\n    transform: translate(-1130%, 350%);\",\"depth\":\"0.1\"}},\"306\":{\"type\":\"element\",\"enabled\":\"1\",\"fields\":{\"image\":[\"291\"],\"css\":\"    position: absolute;\\r\\n    bottom: 0;\\r\\n    left: 50%;\\r\\n    height: 12%;\\r\\n    transform: translate(325%,-242%);\",\"depth\":\"0.3\"}},\"307\":{\"type\":\"element\",\"enabled\":\"1\",\"fields\":{\"image\":[\"290\"],\"css\":\"    position: absolute;\\r\\n    top: 50%;\\r\\n    left: 50%;\\r\\n    height: 6%;\\r\\n    transform: translate(-540%,-50%);\",\"depth\":\"0.1\"}},\"308\":{\"type\":\"element\",\"enabled\":\"1\",\"fields\":{\"image\":[\"292\"],\"css\":\"    position: absolute;\\r\\n    top: 0;\\r\\n    left: 50%;\\r\\n    height: 12%;\\r\\n    transform: translate(810%,110%);\",\"depth\":\"0.1\"}}}}}', '2019-01-15 03:51:23', '2019-01-15 03:51:23', 'ba7ab966-cce1-4b55-97b4-228ee0ec2809'),
 ('339', '275', '9', '1', 'en_us', '81', '', '{\"typeId\":null,\"authorId\":null,\"title\":\"Home Page\",\"slug\":\"home-page\",\"postDate\":1546732564,\"expiryDate\":null,\"enabled\":1,\"parentId\":null,\"fields\":{\"65\":[\"281\"],\"61\":{\"298\":{\"type\":\"element\",\"enabled\":\"1\",\"fields\":{\"image\":[\"293\"],\"css\":\"position: absolute;\\r\\nbottom: 0;\\r\\nleft: 50%;\\r\\nheight: 82%;\\r\\ntransform: translateX(-50%);\",\"depth\":\"0.4\"}},\"303\":{\"type\":\"element\",\"enabled\":\"1\",\"fields\":{\"image\":[\"297\"],\"css\":\"    position: absolute;\\r\\n    top: 0;\\r\\n    left: 50%;\\r\\n    height: 6%;\\r\\n    transform: translate(35%,240%);\",\"depth\":\"0.05\"}},\"309\":{\"type\":\"element\",\"enabled\":\"1\",\"fields\":{\"image\":[\"282\"],\"css\":\"    position: absolute;\\r\\n    bottom: 0;\\r\\n    left: 50%;\\r\\n    height: 15%;\\r\\n    transform: translate(-30%,-20%);\",\"depth\":\"0.2\"}},\"300\":{\"type\":\"element\",\"enabled\":\"1\",\"fields\":{\"image\":[\"285\"],\"css\":\"    position: absolute;\\r\\n    bottom: 0;\\r\\n    left: 50%;\\r\\n    height: 12%;\\r\\n    transform: translate(-500%,-100%);\",\"depth\":\"0.3\"}},\"310\":{\"type\":\"element\",\"enabled\":\"1\",\"fields\":{\"image\":[\"284\"],\"css\":\"    position: absolute;\\r\\n    bottom: 0;\\r\\n    left: 50%;\\r\\n    height: 8%;\\r\\n    transform: translate(500%,-400%);\",\"depth\":\"0.1\"}},\"304\":{\"type\":\"element\",\"enabled\":\"1\",\"fields\":{\"image\":[\"287\"],\"css\":\"    position: absolute;\\r\\n    bottom: 0;\\r\\n    left: 50%;\\r\\n    height: 15%;\\r\\n    transform: translate(-150%,-100%);\",\"depth\":\"0.3\"}},\"301\":{\"type\":\"element\",\"enabled\":\"1\",\"fields\":{\"image\":[\"286\"],\"css\":\"    position: absolute;\\r\\n    top: 0;\\r\\n    left: 50%;\\r\\n    height: 12%;\\r\\n    transform: translate(-400%, 120%);\",\"depth\":\"0.2\"}},\"322\":{\"type\":\"element\",\"enabled\":\"1\",\"fields\":{\"image\":[\"286\"],\"css\":\"    position: absolute;\\r\\n    top: 0;\\r\\n    left: 50%;\\r\\n    height: 10%;\\r\\n    transform: translate(500%,70%);\",\"depth\":\"0.2\"}},\"299\":{\"type\":\"element\",\"enabled\":\"1\",\"fields\":{\"image\":[\"283\"],\"css\":\"    position: absolute;\\r\\n    top: 0;\\r\\n    left: 50%;\\r\\n    height: 20%;\\r\\n    transform: translate(-170%,20%);\",\"depth\":\"0.4\"}},\"305\":{\"type\":\"element\",\"enabled\":\"1\",\"fields\":{\"image\":[\"289\"],\"css\":\"    position: absolute;\\r\\n    top: 50%;\\r\\n    left: 50%;\\r\\n    height: 12%;\\r\\n    transform: translate(-10%, 30%);\",\"depth\":\"0.2\"}},\"302\":{\"type\":\"element\",\"enabled\":\"1\",\"fields\":{\"image\":[\"288\"],\"css\":\"    position: absolute;\\r\\n    top: 0;\\r\\n    left: 50%;\\r\\n    height: 6%;\\r\\n    transform: translate(-1130%, 350%);\",\"depth\":\"0.1\"}},\"306\":{\"type\":\"element\",\"enabled\":\"1\",\"fields\":{\"image\":[\"291\"],\"css\":\"    position: absolute;\\r\\n    bottom: 0;\\r\\n    left: 50%;\\r\\n    height: 12%;\\r\\n    transform: translate(325%,-242%);\",\"depth\":\"0.3\"}},\"307\":{\"type\":\"element\",\"enabled\":\"1\",\"fields\":{\"image\":[\"290\"],\"css\":\"    position: absolute;\\r\\n    top: 50%;\\r\\n    left: 50%;\\r\\n    height: 6%;\\r\\n    transform: translate(-540%,-50%);\",\"depth\":\"0.1\"}},\"308\":{\"type\":\"element\",\"enabled\":\"1\",\"fields\":{\"image\":[\"292\"],\"css\":\"    position: absolute;\\r\\n    top: 0;\\r\\n    left: 50%;\\r\\n    height: 12%;\\r\\n    transform: translate(810%,110%);\",\"depth\":\"0.1\"}}}}}', '2019-01-15 03:51:46', '2019-01-15 03:51:46', 'a016ade8-a41c-46aa-9046-ee1017267198'),
 ('340', '275', '9', '1', 'en_us', '82', '', '{\"typeId\":null,\"authorId\":null,\"title\":\"Home Page\",\"slug\":\"home-page\",\"postDate\":1546732564,\"expiryDate\":null,\"enabled\":1,\"parentId\":null,\"fields\":{\"65\":[\"281\"],\"61\":{\"298\":{\"type\":\"element\",\"enabled\":\"1\",\"fields\":{\"image\":[\"293\"],\"css\":\"position: absolute;\\r\\nbottom: 0;\\r\\nleft: 50%;\\r\\nheight: 82%;\\r\\ntransform: translateX(-50%);\",\"depth\":\"0.3\"}},\"303\":{\"type\":\"element\",\"enabled\":\"1\",\"fields\":{\"image\":[\"297\"],\"css\":\"    position: absolute;\\r\\n    top: 0;\\r\\n    left: 50%;\\r\\n    height: 6%;\\r\\n    transform: translate(35%,240%);\",\"depth\":\"0.05\"}},\"309\":{\"type\":\"element\",\"enabled\":\"1\",\"fields\":{\"image\":[\"282\"],\"css\":\"    position: absolute;\\r\\n    bottom: 0;\\r\\n    left: 50%;\\r\\n    height: 15%;\\r\\n    transform: translate(-30%,-20%);\",\"depth\":\"0.2\"}},\"300\":{\"type\":\"element\",\"enabled\":\"1\",\"fields\":{\"image\":[\"285\"],\"css\":\"    position: absolute;\\r\\n    bottom: 0;\\r\\n    left: 50%;\\r\\n    height: 12%;\\r\\n    transform: translate(-500%,-100%);\",\"depth\":\"0.3\"}},\"310\":{\"type\":\"element\",\"enabled\":\"1\",\"fields\":{\"image\":[\"284\"],\"css\":\"    position: absolute;\\r\\n    bottom: 0;\\r\\n    left: 50%;\\r\\n    height: 8%;\\r\\n    transform: translate(500%,-400%);\",\"depth\":\"0.1\"}},\"304\":{\"type\":\"element\",\"enabled\":\"1\",\"fields\":{\"image\":[\"287\"],\"css\":\"    position: absolute;\\r\\n    bottom: 0;\\r\\n    left: 50%;\\r\\n    height: 15%;\\r\\n    transform: translate(-150%,-100%);\",\"depth\":\"0.3\"}},\"301\":{\"type\":\"element\",\"enabled\":\"1\",\"fields\":{\"image\":[\"286\"],\"css\":\"    position: absolute;\\r\\n    top: 0;\\r\\n    left: 50%;\\r\\n    height: 12%;\\r\\n    transform: translate(-400%, 120%);\",\"depth\":\"0.2\"}},\"322\":{\"type\":\"element\",\"enabled\":\"1\",\"fields\":{\"image\":[\"286\"],\"css\":\"    position: absolute;\\r\\n    top: 0;\\r\\n    left: 50%;\\r\\n    height: 10%;\\r\\n    transform: translate(500%,70%);\",\"depth\":\"0.2\"}},\"299\":{\"type\":\"element\",\"enabled\":\"1\",\"fields\":{\"image\":[\"283\"],\"css\":\"    position: absolute;\\r\\n    top: 0;\\r\\n    left: 50%;\\r\\n    height: 20%;\\r\\n    transform: translate(-170%,20%);\",\"depth\":\"0.4\"}},\"305\":{\"type\":\"element\",\"enabled\":\"1\",\"fields\":{\"image\":[\"289\"],\"css\":\"    position: absolute;\\r\\n    top: 50%;\\r\\n    left: 50%;\\r\\n    height: 12%;\\r\\n    transform: translate(-10%, 30%);\",\"depth\":\"0.2\"}},\"302\":{\"type\":\"element\",\"enabled\":\"1\",\"fields\":{\"image\":[\"288\"],\"css\":\"    position: absolute;\\r\\n    top: 0;\\r\\n    left: 50%;\\r\\n    height: 6%;\\r\\n    transform: translate(-1130%, 350%);\",\"depth\":\"0.1\"}},\"306\":{\"type\":\"element\",\"enabled\":\"1\",\"fields\":{\"image\":[\"291\"],\"css\":\"    position: absolute;\\r\\n    bottom: 0;\\r\\n    left: 50%;\\r\\n    height: 12%;\\r\\n    transform: translate(325%,-242%);\",\"depth\":\"0.3\"}},\"307\":{\"type\":\"element\",\"enabled\":\"1\",\"fields\":{\"image\":[\"290\"],\"css\":\"    position: absolute;\\r\\n    top: 50%;\\r\\n    left: 50%;\\r\\n    height: 6%;\\r\\n    transform: translate(-540%,-50%);\",\"depth\":\"0.1\"}},\"308\":{\"type\":\"element\",\"enabled\":\"1\",\"fields\":{\"image\":[\"292\"],\"css\":\"    position: absolute;\\r\\n    top: 0;\\r\\n    left: 50%;\\r\\n    height: 12%;\\r\\n    transform: translate(810%,110%);\",\"depth\":\"0.1\"}}}}}', '2019-01-15 03:52:05', '2019-01-15 03:52:05', 'e7016561-4946-4e59-ac99-ab6fa5f20b9c'),
 ('341', '275', '9', '1', 'en_us', '83', '', '{\"typeId\":null,\"authorId\":null,\"title\":\"Home Page\",\"slug\":\"home-page\",\"postDate\":1546732564,\"expiryDate\":null,\"enabled\":1,\"parentId\":null,\"fields\":{\"65\":[\"281\"],\"61\":{\"298\":{\"type\":\"element\",\"enabled\":\"1\",\"fields\":{\"image\":[\"293\"],\"css\":\"position: absolute;\\r\\nbottom: 0;\\r\\nleft: 50%;\\r\\nheight: 82%;\\r\\ntransform: translateX(-50%);\",\"depth\":\"0.4\"}},\"303\":{\"type\":\"element\",\"enabled\":\"1\",\"fields\":{\"image\":[\"297\"],\"css\":\"    position: absolute;\\r\\n    top: 0;\\r\\n    left: 50%;\\r\\n    height: 6%;\\r\\n    transform: translate(35%,240%);\",\"depth\":\"0.05\"}},\"309\":{\"type\":\"element\",\"enabled\":\"1\",\"fields\":{\"image\":[\"282\"],\"css\":\"    position: absolute;\\r\\n    bottom: 0;\\r\\n    left: 50%;\\r\\n    height: 15%;\\r\\n    transform: translate(-30%,-20%);\",\"depth\":\"0.2\"}},\"300\":{\"type\":\"element\",\"enabled\":\"1\",\"fields\":{\"image\":[\"285\"],\"css\":\"    position: absolute;\\r\\n    bottom: 0;\\r\\n    left: 50%;\\r\\n    height: 12%;\\r\\n    transform: translate(-500%,-100%);\",\"depth\":\"0.3\"}},\"310\":{\"type\":\"element\",\"enabled\":\"1\",\"fields\":{\"image\":[\"284\"],\"css\":\"    position: absolute;\\r\\n    bottom: 0;\\r\\n    left: 50%;\\r\\n    height: 8%;\\r\\n    transform: translate(500%,-400%);\",\"depth\":\"0.1\"}},\"304\":{\"type\":\"element\",\"enabled\":\"1\",\"fields\":{\"image\":[\"287\"],\"css\":\"    position: absolute;\\r\\n    bottom: 0;\\r\\n    left: 50%;\\r\\n    height: 15%;\\r\\n    transform: translate(-150%,-100%);\",\"depth\":\"0.3\"}},\"301\":{\"type\":\"element\",\"enabled\":\"1\",\"fields\":{\"image\":[\"286\"],\"css\":\"    position: absolute;\\r\\n    top: 0;\\r\\n    left: 50%;\\r\\n    height: 12%;\\r\\n    transform: translate(-400%, 120%);\",\"depth\":\"0.2\"}},\"322\":{\"type\":\"element\",\"enabled\":\"1\",\"fields\":{\"image\":[\"286\"],\"css\":\"    position: absolute;\\r\\n    top: 0;\\r\\n    left: 50%;\\r\\n    height: 10%;\\r\\n    transform: translate(500%,70%);\",\"depth\":\"0.2\"}},\"299\":{\"type\":\"element\",\"enabled\":\"1\",\"fields\":{\"image\":[\"283\"],\"css\":\"    position: absolute;\\r\\n    top: 0;\\r\\n    left: 50%;\\r\\n    height: 20%;\\r\\n    transform: translate(-170%,20%);\",\"depth\":\"0.4\"}},\"305\":{\"type\":\"element\",\"enabled\":\"1\",\"fields\":{\"image\":[\"289\"],\"css\":\"    position: absolute;\\r\\n    top: 50%;\\r\\n    left: 50%;\\r\\n    height: 12%;\\r\\n    transform: translate(-10%, 30%);\",\"depth\":\"0.2\"}},\"302\":{\"type\":\"element\",\"enabled\":\"1\",\"fields\":{\"image\":[\"288\"],\"css\":\"    position: absolute;\\r\\n    top: 0;\\r\\n    left: 50%;\\r\\n    height: 6%;\\r\\n    transform: translate(-1130%, 350%);\",\"depth\":\"0.1\"}},\"306\":{\"type\":\"element\",\"enabled\":\"1\",\"fields\":{\"image\":[\"291\"],\"css\":\"    position: absolute;\\r\\n    bottom: 0;\\r\\n    left: 50%;\\r\\n    height: 12%;\\r\\n    transform: translate(325%,-242%);\",\"depth\":\"0.3\"}},\"307\":{\"type\":\"element\",\"enabled\":\"1\",\"fields\":{\"image\":[\"290\"],\"css\":\"    position: absolute;\\r\\n    top: 50%;\\r\\n    left: 50%;\\r\\n    height: 6%;\\r\\n    transform: translate(-540%,-50%);\",\"depth\":\"0.1\"}},\"308\":{\"type\":\"element\",\"enabled\":\"1\",\"fields\":{\"image\":[\"292\"],\"css\":\"    position: absolute;\\r\\n    top: 0;\\r\\n    left: 50%;\\r\\n    height: 12%;\\r\\n    transform: translate(810%,110%);\",\"depth\":\"0.1\"}}}}}', '2019-01-15 03:52:19', '2019-01-15 03:52:19', 'c0803d46-0734-4c06-97f3-5cf4c733f694'),
 ('342', '275', '9', '1', 'en_us', '84', '', '{\"typeId\":null,\"authorId\":null,\"title\":\"Home Page\",\"slug\":\"home-page\",\"postDate\":1546732564,\"expiryDate\":null,\"enabled\":1,\"parentId\":null,\"fields\":{\"65\":[\"281\"],\"61\":{\"298\":{\"type\":\"element\",\"enabled\":\"1\",\"fields\":{\"image\":[\"293\"],\"css\":\"position: absolute;\\r\\nbottom: 0;\\r\\nleft: 50%;\\r\\nheight: 82%;\\r\\ntransform: translate(-50%,2%);\",\"depth\":\"0.4\"}},\"303\":{\"type\":\"element\",\"enabled\":\"1\",\"fields\":{\"image\":[\"297\"],\"css\":\"    position: absolute;\\r\\n    top: 0;\\r\\n    left: 50%;\\r\\n    height: 6%;\\r\\n    transform: translate(35%,240%);\",\"depth\":\"0.05\"}},\"309\":{\"type\":\"element\",\"enabled\":\"1\",\"fields\":{\"image\":[\"282\"],\"css\":\"    position: absolute;\\r\\n    bottom: 0;\\r\\n    left: 50%;\\r\\n    height: 15%;\\r\\n    transform: translate(-30%,-20%);\",\"depth\":\"0.2\"}},\"300\":{\"type\":\"element\",\"enabled\":\"1\",\"fields\":{\"image\":[\"285\"],\"css\":\"    position: absolute;\\r\\n    bottom: 0;\\r\\n    left: 50%;\\r\\n    height: 12%;\\r\\n    transform: translate(-500%,-100%);\",\"depth\":\"0.3\"}},\"310\":{\"type\":\"element\",\"enabled\":\"1\",\"fields\":{\"image\":[\"284\"],\"css\":\"    position: absolute;\\r\\n    bottom: 0;\\r\\n    left: 50%;\\r\\n    height: 8%;\\r\\n    transform: translate(500%,-400%);\",\"depth\":\"0.1\"}},\"304\":{\"type\":\"element\",\"enabled\":\"1\",\"fields\":{\"image\":[\"287\"],\"css\":\"    position: absolute;\\r\\n    bottom: 0;\\r\\n    left: 50%;\\r\\n    height: 15%;\\r\\n    transform: translate(-150%,-100%);\",\"depth\":\"0.3\"}},\"301\":{\"type\":\"element\",\"enabled\":\"1\",\"fields\":{\"image\":[\"286\"],\"css\":\"    position: absolute;\\r\\n    top: 0;\\r\\n    left: 50%;\\r\\n    height: 12%;\\r\\n    transform: translate(-400%, 120%);\",\"depth\":\"0.2\"}},\"322\":{\"type\":\"element\",\"enabled\":\"1\",\"fields\":{\"image\":[\"286\"],\"css\":\"    position: absolute;\\r\\n    top: 0;\\r\\n    left: 50%;\\r\\n    height: 10%;\\r\\n    transform: translate(500%,70%);\",\"depth\":\"0.2\"}},\"299\":{\"type\":\"element\",\"enabled\":\"1\",\"fields\":{\"image\":[\"283\"],\"css\":\"    position: absolute;\\r\\n    top: 0;\\r\\n    left: 50%;\\r\\n    height: 20%;\\r\\n    transform: translate(-170%,20%);\",\"depth\":\"0.4\"}},\"305\":{\"type\":\"element\",\"enabled\":\"1\",\"fields\":{\"image\":[\"289\"],\"css\":\"    position: absolute;\\r\\n    top: 50%;\\r\\n    left: 50%;\\r\\n    height: 12%;\\r\\n    transform: translate(-10%, 30%);\",\"depth\":\"0.2\"}},\"302\":{\"type\":\"element\",\"enabled\":\"1\",\"fields\":{\"image\":[\"288\"],\"css\":\"    position: absolute;\\r\\n    top: 0;\\r\\n    left: 50%;\\r\\n    height: 6%;\\r\\n    transform: translate(-1130%, 350%);\",\"depth\":\"0.1\"}},\"306\":{\"type\":\"element\",\"enabled\":\"1\",\"fields\":{\"image\":[\"291\"],\"css\":\"    position: absolute;\\r\\n    bottom: 0;\\r\\n    left: 50%;\\r\\n    height: 12%;\\r\\n    transform: translate(325%,-242%);\",\"depth\":\"0.3\"}},\"307\":{\"type\":\"element\",\"enabled\":\"1\",\"fields\":{\"image\":[\"290\"],\"css\":\"    position: absolute;\\r\\n    top: 50%;\\r\\n    left: 50%;\\r\\n    height: 6%;\\r\\n    transform: translate(-540%,-50%);\",\"depth\":\"0.1\"}},\"308\":{\"type\":\"element\",\"enabled\":\"1\",\"fields\":{\"image\":[\"292\"],\"css\":\"    position: absolute;\\r\\n    top: 0;\\r\\n    left: 50%;\\r\\n    height: 12%;\\r\\n    transform: translate(810%,110%);\",\"depth\":\"0.1\"}}}}}', '2019-01-15 03:52:43', '2019-01-15 03:52:43', '8b9dd0cd-08a9-4ba1-888d-d982defc423c'),
 ('343', '275', '9', '1', 'en_us', '85', '', '{\"typeId\":null,\"authorId\":null,\"title\":\"Home Page\",\"slug\":\"home-page\",\"postDate\":1546732564,\"expiryDate\":null,\"enabled\":1,\"parentId\":null,\"fields\":{\"65\":[\"281\"],\"61\":{\"298\":{\"type\":\"element\",\"enabled\":\"1\",\"fields\":{\"image\":[\"293\"],\"css\":\"position: absolute;\\r\\nbottom: 0;\\r\\nleft: 50%;\\r\\nheight: 82%;\\r\\ntransform: translate(-50%,5%);\",\"depth\":\"0.4\"}},\"303\":{\"type\":\"element\",\"enabled\":\"1\",\"fields\":{\"image\":[\"297\"],\"css\":\"    position: absolute;\\r\\n    top: 0;\\r\\n    left: 50%;\\r\\n    height: 6%;\\r\\n    transform: translate(35%,240%);\",\"depth\":\"0.05\"}},\"309\":{\"type\":\"element\",\"enabled\":\"1\",\"fields\":{\"image\":[\"282\"],\"css\":\"    position: absolute;\\r\\n    bottom: 0;\\r\\n    left: 50%;\\r\\n    height: 15%;\\r\\n    transform: translate(-30%,-20%);\",\"depth\":\"0.2\"}},\"300\":{\"type\":\"element\",\"enabled\":\"1\",\"fields\":{\"image\":[\"285\"],\"css\":\"    position: absolute;\\r\\n    bottom: 0;\\r\\n    left: 50%;\\r\\n    height: 12%;\\r\\n    transform: translate(-500%,-100%);\",\"depth\":\"0.3\"}},\"310\":{\"type\":\"element\",\"enabled\":\"1\",\"fields\":{\"image\":[\"284\"],\"css\":\"    position: absolute;\\r\\n    bottom: 0;\\r\\n    left: 50%;\\r\\n    height: 8%;\\r\\n    transform: translate(500%,-400%);\",\"depth\":\"0.1\"}},\"304\":{\"type\":\"element\",\"enabled\":\"1\",\"fields\":{\"image\":[\"287\"],\"css\":\"    position: absolute;\\r\\n    bottom: 0;\\r\\n    left: 50%;\\r\\n    height: 15%;\\r\\n    transform: translate(-150%,-100%);\",\"depth\":\"0.3\"}},\"301\":{\"type\":\"element\",\"enabled\":\"1\",\"fields\":{\"image\":[\"286\"],\"css\":\"    position: absolute;\\r\\n    top: 0;\\r\\n    left: 50%;\\r\\n    height: 12%;\\r\\n    transform: translate(-400%, 120%);\",\"depth\":\"0.2\"}},\"322\":{\"type\":\"element\",\"enabled\":\"1\",\"fields\":{\"image\":[\"286\"],\"css\":\"    position: absolute;\\r\\n    top: 0;\\r\\n    left: 50%;\\r\\n    height: 10%;\\r\\n    transform: translate(500%,70%);\",\"depth\":\"0.2\"}},\"299\":{\"type\":\"element\",\"enabled\":\"1\",\"fields\":{\"image\":[\"283\"],\"css\":\"    position: absolute;\\r\\n    top: 0;\\r\\n    left: 50%;\\r\\n    height: 20%;\\r\\n    transform: translate(-170%,20%);\",\"depth\":\"0.4\"}},\"305\":{\"type\":\"element\",\"enabled\":\"1\",\"fields\":{\"image\":[\"289\"],\"css\":\"    position: absolute;\\r\\n    top: 50%;\\r\\n    left: 50%;\\r\\n    height: 12%;\\r\\n    transform: translate(-10%, 30%);\",\"depth\":\"0.2\"}},\"302\":{\"type\":\"element\",\"enabled\":\"1\",\"fields\":{\"image\":[\"288\"],\"css\":\"    position: absolute;\\r\\n    top: 0;\\r\\n    left: 50%;\\r\\n    height: 6%;\\r\\n    transform: translate(-1130%, 350%);\",\"depth\":\"0.1\"}},\"306\":{\"type\":\"element\",\"enabled\":\"1\",\"fields\":{\"image\":[\"291\"],\"css\":\"    position: absolute;\\r\\n    bottom: 0;\\r\\n    left: 50%;\\r\\n    height: 12%;\\r\\n    transform: translate(325%,-242%);\",\"depth\":\"0.3\"}},\"307\":{\"type\":\"element\",\"enabled\":\"1\",\"fields\":{\"image\":[\"290\"],\"css\":\"    position: absolute;\\r\\n    top: 50%;\\r\\n    left: 50%;\\r\\n    height: 6%;\\r\\n    transform: translate(-540%,-50%);\",\"depth\":\"0.1\"}},\"308\":{\"type\":\"element\",\"enabled\":\"1\",\"fields\":{\"image\":[\"292\"],\"css\":\"    position: absolute;\\r\\n    top: 0;\\r\\n    left: 50%;\\r\\n    height: 12%;\\r\\n    transform: translate(810%,110%);\",\"depth\":\"0.1\"}}}}}', '2019-01-15 03:52:54', '2019-01-15 03:52:54', 'b44df127-7cd7-4b6c-b88a-1f3942ecfe29'),
 ('344', '275', '9', '1', 'en_us', '86', '', '{\"typeId\":null,\"authorId\":null,\"title\":\"Home Page\",\"slug\":\"home-page\",\"postDate\":1546732564,\"expiryDate\":null,\"enabled\":1,\"parentId\":null,\"fields\":{\"65\":[\"281\"],\"61\":{\"298\":{\"type\":\"element\",\"enabled\":\"1\",\"fields\":{\"image\":[\"293\"],\"css\":\"position: absolute;\\r\\nbottom: 0;\\r\\nleft: 50%;\\r\\nheight: 82%;\\r\\ntransform: translate(-50%,3%);\",\"depth\":\"0.4\"}},\"303\":{\"type\":\"element\",\"enabled\":\"1\",\"fields\":{\"image\":[\"297\"],\"css\":\"    position: absolute;\\r\\n    top: 0;\\r\\n    left: 50%;\\r\\n    height: 6%;\\r\\n    transform: translate(35%,240%);\",\"depth\":\"0.05\"}},\"309\":{\"type\":\"element\",\"enabled\":\"1\",\"fields\":{\"image\":[\"282\"],\"css\":\"    position: absolute;\\r\\n    bottom: 0;\\r\\n    left: 50%;\\r\\n    height: 15%;\\r\\n    transform: translate(-30%,-20%);\",\"depth\":\"0.2\"}},\"300\":{\"type\":\"element\",\"enabled\":\"1\",\"fields\":{\"image\":[\"285\"],\"css\":\"    position: absolute;\\r\\n    bottom: 0;\\r\\n    left: 50%;\\r\\n    height: 12%;\\r\\n    transform: translate(-500%,-100%);\",\"depth\":\"0.3\"}},\"310\":{\"type\":\"element\",\"enabled\":\"1\",\"fields\":{\"image\":[\"284\"],\"css\":\"    position: absolute;\\r\\n    bottom: 0;\\r\\n    left: 50%;\\r\\n    height: 8%;\\r\\n    transform: translate(500%,-400%);\",\"depth\":\"0.1\"}},\"304\":{\"type\":\"element\",\"enabled\":\"1\",\"fields\":{\"image\":[\"287\"],\"css\":\"    position: absolute;\\r\\n    bottom: 0;\\r\\n    left: 50%;\\r\\n    height: 15%;\\r\\n    transform: translate(-150%,-100%);\",\"depth\":\"0.3\"}},\"301\":{\"type\":\"element\",\"enabled\":\"1\",\"fields\":{\"image\":[\"286\"],\"css\":\"    position: absolute;\\r\\n    top: 0;\\r\\n    left: 50%;\\r\\n    height: 12%;\\r\\n    transform: translate(-400%, 120%);\",\"depth\":\"0.2\"}},\"322\":{\"type\":\"element\",\"enabled\":\"1\",\"fields\":{\"image\":[\"286\"],\"css\":\"    position: absolute;\\r\\n    top: 0;\\r\\n    left: 50%;\\r\\n    height: 10%;\\r\\n    transform: translate(500%,70%);\",\"depth\":\"0.2\"}},\"299\":{\"type\":\"element\",\"enabled\":\"1\",\"fields\":{\"image\":[\"283\"],\"css\":\"    position: absolute;\\r\\n    top: 0;\\r\\n    left: 50%;\\r\\n    height: 20%;\\r\\n    transform: translate(-170%,20%);\",\"depth\":\"0.4\"}},\"305\":{\"type\":\"element\",\"enabled\":\"1\",\"fields\":{\"image\":[\"289\"],\"css\":\"    position: absolute;\\r\\n    top: 50%;\\r\\n    left: 50%;\\r\\n    height: 12%;\\r\\n    transform: translate(-10%, 30%);\",\"depth\":\"0.2\"}},\"302\":{\"type\":\"element\",\"enabled\":\"1\",\"fields\":{\"image\":[\"288\"],\"css\":\"    position: absolute;\\r\\n    top: 0;\\r\\n    left: 50%;\\r\\n    height: 6%;\\r\\n    transform: translate(-1130%, 350%);\",\"depth\":\"0.1\"}},\"306\":{\"type\":\"element\",\"enabled\":\"1\",\"fields\":{\"image\":[\"291\"],\"css\":\"    position: absolute;\\r\\n    bottom: 0;\\r\\n    left: 50%;\\r\\n    height: 12%;\\r\\n    transform: translate(325%,-242%);\",\"depth\":\"0.3\"}},\"307\":{\"type\":\"element\",\"enabled\":\"1\",\"fields\":{\"image\":[\"290\"],\"css\":\"    position: absolute;\\r\\n    top: 50%;\\r\\n    left: 50%;\\r\\n    height: 6%;\\r\\n    transform: translate(-540%,-50%);\",\"depth\":\"0.1\"}},\"308\":{\"type\":\"element\",\"enabled\":\"1\",\"fields\":{\"image\":[\"292\"],\"css\":\"    position: absolute;\\r\\n    top: 0;\\r\\n    left: 50%;\\r\\n    height: 12%;\\r\\n    transform: translate(810%,110%);\",\"depth\":\"0.1\"}}}}}', '2019-01-15 03:53:06', '2019-01-15 03:53:06', '9d0f6c95-2e2d-4217-b40e-d7acfce3d306'),
 ('345', '275', '9', '1', 'en_us', '87', '', '{\"typeId\":null,\"authorId\":null,\"title\":\"Home Page\",\"slug\":\"home-page\",\"postDate\":1546732564,\"expiryDate\":null,\"enabled\":1,\"parentId\":null,\"fields\":{\"65\":[\"281\"],\"61\":{\"298\":{\"type\":\"element\",\"enabled\":\"1\",\"fields\":{\"image\":[\"293\"],\"css\":\"position: absolute;\\r\\nbottom: 0;\\r\\nleft: 50%;\\r\\nheight: 82%;\\r\\ntransform: translate(-50%,4%);\",\"depth\":\"0.4\"}},\"303\":{\"type\":\"element\",\"enabled\":\"1\",\"fields\":{\"image\":[\"297\"],\"css\":\"    position: absolute;\\r\\n    top: 0;\\r\\n    left: 50%;\\r\\n    height: 6%;\\r\\n    transform: translate(35%,240%);\",\"depth\":\"0.05\"}},\"309\":{\"type\":\"element\",\"enabled\":\"1\",\"fields\":{\"image\":[\"282\"],\"css\":\"    position: absolute;\\r\\n    bottom: 0;\\r\\n    left: 50%;\\r\\n    height: 15%;\\r\\n    transform: translate(-30%,-20%);\",\"depth\":\"0.2\"}},\"300\":{\"type\":\"element\",\"enabled\":\"1\",\"fields\":{\"image\":[\"285\"],\"css\":\"    position: absolute;\\r\\n    bottom: 0;\\r\\n    left: 50%;\\r\\n    height: 12%;\\r\\n    transform: translate(-500%,-100%);\",\"depth\":\"0.3\"}},\"310\":{\"type\":\"element\",\"enabled\":\"1\",\"fields\":{\"image\":[\"284\"],\"css\":\"    position: absolute;\\r\\n    bottom: 0;\\r\\n    left: 50%;\\r\\n    height: 8%;\\r\\n    transform: translate(500%,-400%);\",\"depth\":\"0.1\"}},\"304\":{\"type\":\"element\",\"enabled\":\"1\",\"fields\":{\"image\":[\"287\"],\"css\":\"    position: absolute;\\r\\n    bottom: 0;\\r\\n    left: 50%;\\r\\n    height: 15%;\\r\\n    transform: translate(-150%,-100%);\",\"depth\":\"0.3\"}},\"301\":{\"type\":\"element\",\"enabled\":\"1\",\"fields\":{\"image\":[\"286\"],\"css\":\"    position: absolute;\\r\\n    top: 0;\\r\\n    left: 50%;\\r\\n    height: 12%;\\r\\n    transform: translate(-400%, 120%);\",\"depth\":\"0.2\"}},\"322\":{\"type\":\"element\",\"enabled\":\"1\",\"fields\":{\"image\":[\"286\"],\"css\":\"    position: absolute;\\r\\n    top: 0;\\r\\n    left: 50%;\\r\\n    height: 10%;\\r\\n    transform: translate(500%,70%);\",\"depth\":\"0.2\"}},\"299\":{\"type\":\"element\",\"enabled\":\"1\",\"fields\":{\"image\":[\"283\"],\"css\":\"    position: absolute;\\r\\n    top: 0;\\r\\n    left: 50%;\\r\\n    height: 20%;\\r\\n    transform: translate(-170%,20%);\",\"depth\":\"0.4\"}},\"305\":{\"type\":\"element\",\"enabled\":\"1\",\"fields\":{\"image\":[\"289\"],\"css\":\"    position: absolute;\\r\\n    top: 50%;\\r\\n    left: 50%;\\r\\n    height: 12%;\\r\\n    transform: translate(-10%, 30%);\",\"depth\":\"0.2\"}},\"302\":{\"type\":\"element\",\"enabled\":\"1\",\"fields\":{\"image\":[\"288\"],\"css\":\"    position: absolute;\\r\\n    top: 0;\\r\\n    left: 50%;\\r\\n    height: 6%;\\r\\n    transform: translate(-1130%, 350%);\",\"depth\":\"0.1\"}},\"306\":{\"type\":\"element\",\"enabled\":\"1\",\"fields\":{\"image\":[\"291\"],\"css\":\"    position: absolute;\\r\\n    bottom: 0;\\r\\n    left: 50%;\\r\\n    height: 12%;\\r\\n    transform: translate(325%,-242%);\",\"depth\":\"0.3\"}},\"307\":{\"type\":\"element\",\"enabled\":\"1\",\"fields\":{\"image\":[\"290\"],\"css\":\"    position: absolute;\\r\\n    top: 50%;\\r\\n    left: 50%;\\r\\n    height: 6%;\\r\\n    transform: translate(-540%,-50%);\",\"depth\":\"0.1\"}},\"308\":{\"type\":\"element\",\"enabled\":\"1\",\"fields\":{\"image\":[\"292\"],\"css\":\"    position: absolute;\\r\\n    top: 0;\\r\\n    left: 50%;\\r\\n    height: 12%;\\r\\n    transform: translate(810%,110%);\",\"depth\":\"0.1\"}}}}}', '2019-01-15 03:53:19', '2019-01-15 03:53:19', '29912367-fa6e-4c32-9e79-2579ed7d1c9b'),
 ('346', '275', '9', '1', 'en_us', '88', '', '{\"typeId\":null,\"authorId\":null,\"title\":\"Home Page\",\"slug\":\"home-page\",\"postDate\":1546732564,\"expiryDate\":null,\"enabled\":1,\"parentId\":null,\"fields\":{\"65\":[\"281\"],\"61\":{\"298\":{\"type\":\"element\",\"enabled\":\"1\",\"fields\":{\"image\":[\"293\"],\"css\":\"position: absolute;\\r\\nbottom: 0;\\r\\nleft: 50%;\\r\\nheight: 82%;\\r\\ntransform: translate(-50%,1%);\",\"depth\":\"0.1\"}},\"303\":{\"type\":\"element\",\"enabled\":\"1\",\"fields\":{\"image\":[\"297\"],\"css\":\"    position: absolute;\\r\\n    top: 0;\\r\\n    left: 50%;\\r\\n    height: 6%;\\r\\n    transform: translate(35%,240%);\",\"depth\":\"0.05\"}},\"309\":{\"type\":\"element\",\"enabled\":\"1\",\"fields\":{\"image\":[\"282\"],\"css\":\"    position: absolute;\\r\\n    bottom: 0;\\r\\n    left: 50%;\\r\\n    height: 15%;\\r\\n    transform: translate(-30%,-20%);\",\"depth\":\"0.2\"}},\"300\":{\"type\":\"element\",\"enabled\":\"1\",\"fields\":{\"image\":[\"285\"],\"css\":\"    position: absolute;\\r\\n    bottom: 0;\\r\\n    left: 50%;\\r\\n    height: 12%;\\r\\n    transform: translate(-500%,-100%);\",\"depth\":\"0.3\"}},\"310\":{\"type\":\"element\",\"enabled\":\"1\",\"fields\":{\"image\":[\"284\"],\"css\":\"    position: absolute;\\r\\n    bottom: 0;\\r\\n    left: 50%;\\r\\n    height: 8%;\\r\\n    transform: translate(500%,-400%);\",\"depth\":\"0.1\"}},\"304\":{\"type\":\"element\",\"enabled\":\"1\",\"fields\":{\"image\":[\"287\"],\"css\":\"    position: absolute;\\r\\n    bottom: 0;\\r\\n    left: 50%;\\r\\n    height: 15%;\\r\\n    transform: translate(-150%,-100%);\",\"depth\":\"0.3\"}},\"301\":{\"type\":\"element\",\"enabled\":\"1\",\"fields\":{\"image\":[\"286\"],\"css\":\"    position: absolute;\\r\\n    top: 0;\\r\\n    left: 50%;\\r\\n    height: 12%;\\r\\n    transform: translate(-400%, 120%);\",\"depth\":\"0.2\"}},\"322\":{\"type\":\"element\",\"enabled\":\"1\",\"fields\":{\"image\":[\"286\"],\"css\":\"    position: absolute;\\r\\n    top: 0;\\r\\n    left: 50%;\\r\\n    height: 10%;\\r\\n    transform: translate(500%,70%);\",\"depth\":\"0.2\"}},\"299\":{\"type\":\"element\",\"enabled\":\"1\",\"fields\":{\"image\":[\"283\"],\"css\":\"    position: absolute;\\r\\n    top: 0;\\r\\n    left: 50%;\\r\\n    height: 20%;\\r\\n    transform: translate(-170%,20%);\",\"depth\":\"0.4\"}},\"305\":{\"type\":\"element\",\"enabled\":\"1\",\"fields\":{\"image\":[\"289\"],\"css\":\"    position: absolute;\\r\\n    top: 50%;\\r\\n    left: 50%;\\r\\n    height: 12%;\\r\\n    transform: translate(-10%, 30%);\",\"depth\":\"0.2\"}},\"302\":{\"type\":\"element\",\"enabled\":\"1\",\"fields\":{\"image\":[\"288\"],\"css\":\"    position: absolute;\\r\\n    top: 0;\\r\\n    left: 50%;\\r\\n    height: 6%;\\r\\n    transform: translate(-1130%, 350%);\",\"depth\":\"0.1\"}},\"306\":{\"type\":\"element\",\"enabled\":\"1\",\"fields\":{\"image\":[\"291\"],\"css\":\"    position: absolute;\\r\\n    bottom: 0;\\r\\n    left: 50%;\\r\\n    height: 12%;\\r\\n    transform: translate(325%,-242%);\",\"depth\":\"0.3\"}},\"307\":{\"type\":\"element\",\"enabled\":\"1\",\"fields\":{\"image\":[\"290\"],\"css\":\"    position: absolute;\\r\\n    top: 50%;\\r\\n    left: 50%;\\r\\n    height: 6%;\\r\\n    transform: translate(-540%,-50%);\",\"depth\":\"0.1\"}},\"308\":{\"type\":\"element\",\"enabled\":\"1\",\"fields\":{\"image\":[\"292\"],\"css\":\"    position: absolute;\\r\\n    top: 0;\\r\\n    left: 50%;\\r\\n    height: 12%;\\r\\n    transform: translate(810%,110%);\",\"depth\":\"0.1\"}}}}}', '2019-01-15 03:53:39', '2019-01-15 03:53:39', '6c37bfdc-f3d1-4f6b-947b-10b999166c04'),
 ('347', '275', '9', '1', 'en_us', '89', '', '{\"typeId\":null,\"authorId\":null,\"title\":\"Home Page\",\"slug\":\"home-page\",\"postDate\":1546732564,\"expiryDate\":null,\"enabled\":1,\"parentId\":null,\"fields\":{\"65\":[\"281\"],\"61\":{\"298\":{\"type\":\"element\",\"enabled\":\"1\",\"fields\":{\"image\":[\"293\"],\"css\":\"position: absolute;\\r\\nbottom: 0;\\r\\nleft: 50%;\\r\\nheight: 82%;\\r\\ntransform: translate(-50%,1%);\",\"depth\":\"0.1\"}},\"303\":{\"type\":\"element\",\"enabled\":\"1\",\"fields\":{\"image\":[\"297\"],\"css\":\"    position: absolute;\\r\\n    top: 0;\\r\\n    left: 50%;\\r\\n    height: 6%;\\r\\n    transform: translate(35%,240%);\",\"depth\":\"0.05\"}},\"309\":{\"type\":\"element\",\"enabled\":\"1\",\"fields\":{\"image\":[\"282\"],\"css\":\"    position: absolute;\\r\\n    bottom: 0;\\r\\n    left: 50%;\\r\\n    height: 15%;\\r\\n    transform: translate(-30%,-20%);\",\"depth\":\"0.2\"}},\"300\":{\"type\":\"element\",\"enabled\":\"1\",\"fields\":{\"image\":[\"285\"],\"css\":\"    position: absolute;\\r\\n    bottom: 0;\\r\\n    left: 50%;\\r\\n    height: 12%;\\r\\n    transform: translate(-500%,-100%);\",\"depth\":\"0.3\"}},\"310\":{\"type\":\"element\",\"enabled\":\"1\",\"fields\":{\"image\":[\"284\"],\"css\":\"    position: absolute;\\r\\n    bottom: 0;\\r\\n    left: 50%;\\r\\n    height: 8%;\\r\\n    transform: translate(500%,-400%);\",\"depth\":\"0.1\"}},\"304\":{\"type\":\"element\",\"enabled\":\"1\",\"fields\":{\"image\":[\"287\"],\"css\":\"    position: absolute;\\r\\n    bottom: 0;\\r\\n    left: 50%;\\r\\n    height: 15%;\\r\\n    transform: translate(-150%,-100%);\",\"depth\":\"0.3\"}},\"301\":{\"type\":\"element\",\"enabled\":\"1\",\"fields\":{\"image\":[\"286\"],\"css\":\"    position: absolute;\\r\\n    top: 0;\\r\\n    left: 50%;\\r\\n    height: 12%;\\r\\n    transform: translate(-400%, 120%);\",\"depth\":\"0.2\"}},\"322\":{\"type\":\"element\",\"enabled\":\"1\",\"fields\":{\"image\":[\"286\"],\"css\":\"    position: absolute;\\r\\n    top: 0;\\r\\n    left: 50%;\\r\\n    height: 10%;\\r\\n    transform: translate(500%,70%);\",\"depth\":\"0.2\"}},\"299\":{\"type\":\"element\",\"enabled\":\"1\",\"fields\":{\"image\":[\"283\"],\"css\":\"    position: absolute;\\r\\n    top: 0;\\r\\n    left: 50%;\\r\\n    height: 20%;\\r\\n    transform: translate(-170%,20%);\",\"depth\":\"0.4\"}},\"305\":{\"type\":\"element\",\"enabled\":\"1\",\"fields\":{\"image\":[\"289\"],\"css\":\"    position: absolute;\\r\\n    top: 50%;\\r\\n    left: 50%;\\r\\n    height: 12%;\\r\\n    transform: translate(-10%, 30%);\",\"depth\":\"0.2\"}},\"302\":{\"type\":\"element\",\"enabled\":\"1\",\"fields\":{\"image\":[\"288\"],\"css\":\"    position: absolute;\\r\\n    top: 0;\\r\\n    left: 50%;\\r\\n    height: 6%;\\r\\n    transform: translate(-1130%, 350%);\",\"depth\":\"0.1\"}},\"306\":{\"type\":\"element\",\"enabled\":\"1\",\"fields\":{\"image\":[\"291\"],\"css\":\"    position: absolute;\\r\\n    bottom: 0;\\r\\n    left: 50%;\\r\\n    height: 12%;\\r\\n    transform: translate(325%,-242%);\",\"depth\":\"0.3\"}},\"307\":{\"type\":\"element\",\"enabled\":\"1\",\"fields\":{\"image\":[\"290\"],\"css\":\"    position: absolute;\\r\\n    top: 50%;\\r\\n    left: 50%;\\r\\n    height: 6%;\\r\\n    transform: translate(-540%,-50%);\",\"depth\":\"0.1\"}},\"308\":{\"type\":\"element\",\"enabled\":\"1\",\"fields\":{\"image\":[\"292\"],\"css\":\"    position: absolute;\\r\\n    top: 0;\\r\\n    left: 50%;\\r\\n    height: 12%;\\r\\n    transform: translate(830%,110%);\",\"depth\":\"0.1\"}}}}}', '2019-01-16 14:35:49', '2019-01-16 14:35:49', '1308243f-1d04-4637-945b-8371a46197e7'),
 ('348', '275', '9', '1', 'en_us', '90', '', '{\"typeId\":null,\"authorId\":null,\"title\":\"Home Page\",\"slug\":\"home-page\",\"postDate\":1546732564,\"expiryDate\":null,\"enabled\":1,\"parentId\":null,\"fields\":{\"65\":[\"281\"],\"61\":{\"298\":{\"type\":\"element\",\"enabled\":\"1\",\"fields\":{\"image\":[\"293\"],\"css\":\"position: absolute;\\r\\nbottom: 0;\\r\\nleft: 50%;\\r\\nheight: 82%;\\r\\ntransform: translate(-50%,1%);\",\"depth\":\"0.1\"}},\"303\":{\"type\":\"element\",\"enabled\":\"1\",\"fields\":{\"image\":[\"297\"],\"css\":\"    position: absolute;\\r\\n    top: 0;\\r\\n    left: 50%;\\r\\n    height: 6%;\\r\\n    transform: translate(35%,240%);\",\"depth\":\"0.05\"}},\"309\":{\"type\":\"element\",\"enabled\":\"1\",\"fields\":{\"image\":[\"282\"],\"css\":\"    position: absolute;\\r\\n    bottom: 0;\\r\\n    left: 50%;\\r\\n    height: 15%;\\r\\n    transform: translate(-30%,-20%);\",\"depth\":\"0.2\"}},\"300\":{\"type\":\"element\",\"enabled\":\"1\",\"fields\":{\"image\":[\"285\"],\"css\":\"    position: absolute;\\r\\n    bottom: 0;\\r\\n    left: 50%;\\r\\n    height: 12%;\\r\\n    transform: translate(-500%,-100%);\",\"depth\":\"0.3\"}},\"310\":{\"type\":\"element\",\"enabled\":\"1\",\"fields\":{\"image\":[\"284\"],\"css\":\"    position: absolute;\\r\\n    bottom: 0;\\r\\n    left: 50%;\\r\\n    height: 8%;\\r\\n    transform: translate(500%,-400%);\",\"depth\":\"0.1\"}},\"304\":{\"type\":\"element\",\"enabled\":\"1\",\"fields\":{\"image\":[\"287\"],\"css\":\"    position: absolute;\\r\\n    bottom: 0;\\r\\n    left: 50%;\\r\\n    height: 15%;\\r\\n    transform: translate(-150%,-100%);\",\"depth\":\"0.3\"}},\"301\":{\"type\":\"element\",\"enabled\":\"1\",\"fields\":{\"image\":[\"286\"],\"css\":\"    position: absolute;\\r\\n    top: 0;\\r\\n    left: 50%;\\r\\n    height: 12%;\\r\\n    transform: translate(-400%, 120%);\",\"depth\":\"0.2\"}},\"322\":{\"type\":\"element\",\"enabled\":\"1\",\"fields\":{\"image\":[\"286\"],\"css\":\"    position: absolute;\\r\\n    top: 0;\\r\\n    left: 50%;\\r\\n    height: 10%;\\r\\n    transform: translate(500%,70%);\",\"depth\":\"0.2\"}},\"299\":{\"type\":\"element\",\"enabled\":\"1\",\"fields\":{\"image\":[\"283\"],\"css\":\"    position: absolute;\\r\\n    top: 0;\\r\\n    left: 50%;\\r\\n    height: 20%;\\r\\n    transform: translate(-170%,20%);\",\"depth\":\"0.4\"}},\"305\":{\"type\":\"element\",\"enabled\":\"1\",\"fields\":{\"image\":[\"289\"],\"css\":\"    position: absolute;\\r\\n    top: 50%;\\r\\n    left: 50%;\\r\\n    height: 12%;\\r\\n    transform: translate(-10%, 30%);\",\"depth\":\"0.2\"}},\"302\":{\"type\":\"element\",\"enabled\":\"1\",\"fields\":{\"image\":[\"288\"],\"css\":\"    position: absolute;\\r\\n    top: 0;\\r\\n    left: 50%;\\r\\n    height: 6%;\\r\\n    transform: translate(-1130%, 350%);\",\"depth\":\"0.1\"}},\"306\":{\"type\":\"element\",\"enabled\":\"1\",\"fields\":{\"image\":[\"291\"],\"css\":\"    position: absolute;\\r\\n    bottom: 0;\\r\\n    left: 50%;\\r\\n    height: 12%;\\r\\n    transform: translate(325%,-242%);\",\"depth\":\"0.3\"}},\"307\":{\"type\":\"element\",\"enabled\":\"1\",\"fields\":{\"image\":[\"290\"],\"css\":\"    position: absolute;\\r\\n    top: 50%;\\r\\n    left: 50%;\\r\\n    height: 6%;\\r\\n    transform: translate(-540%,-50%);\",\"depth\":\"0.1\"}},\"308\":{\"type\":\"element\",\"enabled\":\"1\",\"fields\":{\"image\":[\"292\"],\"css\":\"    position: absolute;\\r\\n    top: 0;\\r\\n    left: 50%;\\r\\n    height: 12%;\\r\\n    transform: translate(850%,110%);\",\"depth\":\"0.1\"}}}}}', '2019-01-16 14:36:07', '2019-01-16 14:36:07', '6554c3c4-49cf-4106-89a1-309f010df2c9'),
 ('349', '275', '9', '1', 'en_us', '91', '', '{\"typeId\":null,\"authorId\":null,\"title\":\"Home Page\",\"slug\":\"home-page\",\"postDate\":1546732564,\"expiryDate\":null,\"enabled\":1,\"parentId\":null,\"fields\":{\"65\":[\"281\"],\"61\":{\"298\":{\"type\":\"element\",\"enabled\":\"1\",\"fields\":{\"image\":[\"293\"],\"css\":\"position: absolute;\\r\\nbottom: 0;\\r\\nleft: 50%;\\r\\nheight: 82%;\\r\\ntransform: translate(-50%,1%);\",\"depth\":\"0.1\"}},\"303\":{\"type\":\"element\",\"enabled\":\"1\",\"fields\":{\"image\":[\"297\"],\"css\":\"    position: absolute;\\r\\n    top: 0;\\r\\n    left: 50%;\\r\\n    height: 6%;\\r\\n    transform: translate(35%,240%);\",\"depth\":\"0.02\"}},\"309\":{\"type\":\"element\",\"enabled\":\"1\",\"fields\":{\"image\":[\"282\"],\"css\":\"    position: absolute;\\r\\n    bottom: 0;\\r\\n    left: 50%;\\r\\n    height: 15%;\\r\\n    transform: translate(-30%,-20%);\",\"depth\":\"0.2\"}},\"300\":{\"type\":\"element\",\"enabled\":\"1\",\"fields\":{\"image\":[\"285\"],\"css\":\"    position: absolute;\\r\\n    bottom: 0;\\r\\n    left: 50%;\\r\\n    height: 12%;\\r\\n    transform: translate(-500%,-100%);\",\"depth\":\"0.3\"}},\"310\":{\"type\":\"element\",\"enabled\":\"1\",\"fields\":{\"image\":[\"284\"],\"css\":\"    position: absolute;\\r\\n    bottom: 0;\\r\\n    left: 50%;\\r\\n    height: 8%;\\r\\n    transform: translate(500%,-400%);\",\"depth\":\"0.1\"}},\"304\":{\"type\":\"element\",\"enabled\":\"1\",\"fields\":{\"image\":[\"287\"],\"css\":\"    position: absolute;\\r\\n    bottom: 0;\\r\\n    left: 50%;\\r\\n    height: 15%;\\r\\n    transform: translate(-150%,-100%);\",\"depth\":\"0.3\"}},\"301\":{\"type\":\"element\",\"enabled\":\"1\",\"fields\":{\"image\":[\"286\"],\"css\":\"    position: absolute;\\r\\n    top: 0;\\r\\n    left: 50%;\\r\\n    height: 12%;\\r\\n    transform: translate(-400%, 120%);\",\"depth\":\"0.2\"}},\"322\":{\"type\":\"element\",\"enabled\":\"1\",\"fields\":{\"image\":[\"286\"],\"css\":\"    position: absolute;\\r\\n    top: 0;\\r\\n    left: 50%;\\r\\n    height: 10%;\\r\\n    transform: translate(500%,70%);\",\"depth\":\"0.2\"}},\"299\":{\"type\":\"element\",\"enabled\":\"1\",\"fields\":{\"image\":[\"283\"],\"css\":\"    position: absolute;\\r\\n    top: 0;\\r\\n    left: 50%;\\r\\n    height: 20%;\\r\\n    transform: translate(-170%,20%);\",\"depth\":\"0.4\"}},\"305\":{\"type\":\"element\",\"enabled\":\"1\",\"fields\":{\"image\":[\"289\"],\"css\":\"    position: absolute;\\r\\n    top: 50%;\\r\\n    left: 50%;\\r\\n    height: 12%;\\r\\n    transform: translate(-10%, 30%);\",\"depth\":\"0.2\"}},\"302\":{\"type\":\"element\",\"enabled\":\"1\",\"fields\":{\"image\":[\"288\"],\"css\":\"    position: absolute;\\r\\n    top: 0;\\r\\n    left: 50%;\\r\\n    height: 6%;\\r\\n    transform: translate(-1130%, 350%);\",\"depth\":\"0.1\"}},\"306\":{\"type\":\"element\",\"enabled\":\"1\",\"fields\":{\"image\":[\"291\"],\"css\":\"    position: absolute;\\r\\n    bottom: 0;\\r\\n    left: 50%;\\r\\n    height: 12%;\\r\\n    transform: translate(325%,-242%);\",\"depth\":\"0.3\"}},\"307\":{\"type\":\"element\",\"enabled\":\"1\",\"fields\":{\"image\":[\"290\"],\"css\":\"    position: absolute;\\r\\n    top: 50%;\\r\\n    left: 50%;\\r\\n    height: 6%;\\r\\n    transform: translate(-540%,-50%);\",\"depth\":\"0.1\"}},\"308\":{\"type\":\"element\",\"enabled\":\"1\",\"fields\":{\"image\":[\"292\"],\"css\":\"    position: absolute;\\r\\n    top: 0;\\r\\n    left: 50%;\\r\\n    height: 12%;\\r\\n    transform: translate(850%,110%);\",\"depth\":\"0.1\"}}}}}', '2019-01-22 03:57:55', '2019-01-22 03:57:55', '956c956c-4946-49db-b70e-1f9bc860959b'),
 ('350', '275', '9', '1', 'en_us', '92', '', '{\"typeId\":null,\"authorId\":null,\"title\":\"Home Page\",\"slug\":\"home-page\",\"postDate\":1546732564,\"expiryDate\":null,\"enabled\":1,\"parentId\":null,\"fields\":{\"65\":[\"281\"],\"61\":{\"298\":{\"type\":\"element\",\"enabled\":\"1\",\"fields\":{\"image\":[\"293\"],\"css\":\"position: absolute;\\r\\nbottom: 0;\\r\\nleft: 50%;\\r\\nheight: 82%;\\r\\ntransform: translate(-50%,1%);\",\"depth\":\"0.1\"}},\"303\":{\"type\":\"element\",\"enabled\":\"1\",\"fields\":{\"image\":[\"297\"],\"css\":\"    position: absolute;\\r\\n    top: 0;\\r\\n    left: 50%;\\r\\n    height: 6%;\\r\\n    transform: translate(35%,240%);\",\"depth\":\"0.03\"}},\"309\":{\"type\":\"element\",\"enabled\":\"1\",\"fields\":{\"image\":[\"282\"],\"css\":\"    position: absolute;\\r\\n    bottom: 0;\\r\\n    left: 50%;\\r\\n    height: 15%;\\r\\n    transform: translate(-30%,-20%);\",\"depth\":\"0.2\"}},\"300\":{\"type\":\"element\",\"enabled\":\"1\",\"fields\":{\"image\":[\"285\"],\"css\":\"    position: absolute;\\r\\n    bottom: 0;\\r\\n    left: 50%;\\r\\n    height: 12%;\\r\\n    transform: translate(-500%,-100%);\",\"depth\":\"0.3\"}},\"310\":{\"type\":\"element\",\"enabled\":\"1\",\"fields\":{\"image\":[\"284\"],\"css\":\"    position: absolute;\\r\\n    bottom: 0;\\r\\n    left: 50%;\\r\\n    height: 8%;\\r\\n    transform: translate(500%,-400%);\",\"depth\":\"0.1\"}},\"304\":{\"type\":\"element\",\"enabled\":\"1\",\"fields\":{\"image\":[\"287\"],\"css\":\"    position: absolute;\\r\\n    bottom: 0;\\r\\n    left: 50%;\\r\\n    height: 15%;\\r\\n    transform: translate(-150%,-100%);\",\"depth\":\"0.3\"}},\"301\":{\"type\":\"element\",\"enabled\":\"1\",\"fields\":{\"image\":[\"286\"],\"css\":\"    position: absolute;\\r\\n    top: 0;\\r\\n    left: 50%;\\r\\n    height: 12%;\\r\\n    transform: translate(-400%, 120%);\",\"depth\":\"0.2\"}},\"322\":{\"type\":\"element\",\"enabled\":\"1\",\"fields\":{\"image\":[\"286\"],\"css\":\"    position: absolute;\\r\\n    top: 0;\\r\\n    left: 50%;\\r\\n    height: 10%;\\r\\n    transform: translate(500%,70%);\",\"depth\":\"0.2\"}},\"299\":{\"type\":\"element\",\"enabled\":\"1\",\"fields\":{\"image\":[\"283\"],\"css\":\"    position: absolute;\\r\\n    top: 0;\\r\\n    left: 50%;\\r\\n    height: 20%;\\r\\n    transform: translate(-170%,20%);\",\"depth\":\"0.4\"}},\"305\":{\"type\":\"element\",\"enabled\":\"1\",\"fields\":{\"image\":[\"289\"],\"css\":\"    position: absolute;\\r\\n    top: 50%;\\r\\n    left: 50%;\\r\\n    height: 12%;\\r\\n    transform: translate(-10%, 30%);\",\"depth\":\"0.2\"}},\"302\":{\"type\":\"element\",\"enabled\":\"1\",\"fields\":{\"image\":[\"288\"],\"css\":\"    position: absolute;\\r\\n    top: 0;\\r\\n    left: 50%;\\r\\n    height: 6%;\\r\\n    transform: translate(-1130%, 350%);\",\"depth\":\"0.1\"}},\"306\":{\"type\":\"element\",\"enabled\":\"1\",\"fields\":{\"image\":[\"291\"],\"css\":\"    position: absolute;\\r\\n    bottom: 0;\\r\\n    left: 50%;\\r\\n    height: 12%;\\r\\n    transform: translate(325%,-242%);\",\"depth\":\"0.3\"}},\"307\":{\"type\":\"element\",\"enabled\":\"1\",\"fields\":{\"image\":[\"290\"],\"css\":\"    position: absolute;\\r\\n    top: 50%;\\r\\n    left: 50%;\\r\\n    height: 6%;\\r\\n    transform: translate(-540%,-50%);\",\"depth\":\"0.1\"}},\"308\":{\"type\":\"element\",\"enabled\":\"1\",\"fields\":{\"image\":[\"292\"],\"css\":\"    position: absolute;\\r\\n    top: 0;\\r\\n    left: 50%;\\r\\n    height: 12%;\\r\\n    transform: translate(850%,110%);\",\"depth\":\"0.1\"}}}}}', '2019-01-22 03:58:13', '2019-01-22 03:58:13', '171befd7-b032-4aef-a52f-40653ad1d03f'),
 ('351', '275', '9', '1', 'en_us', '93', '', '{\"typeId\":null,\"authorId\":null,\"title\":\"Home Page\",\"slug\":\"home-page\",\"postDate\":1546732564,\"expiryDate\":null,\"enabled\":1,\"parentId\":null,\"fields\":{\"65\":[\"281\"],\"61\":{\"298\":{\"type\":\"element\",\"enabled\":\"1\",\"fields\":{\"image\":[\"293\"],\"css\":\"position: absolute;\\r\\nbottom: 0;\\r\\nleft: 50%;\\r\\nheight: 82%;\\r\\ntransform: translate(-50%,1%);\",\"depth\":\"0.06\"}},\"303\":{\"type\":\"element\",\"enabled\":\"1\",\"fields\":{\"image\":[\"297\"],\"css\":\"    position: absolute;\\r\\n    top: 0;\\r\\n    left: 50%;\\r\\n    height: 6%;\\r\\n    transform: translate(35%,240%);\",\"depth\":\"0.03\"}},\"309\":{\"type\":\"element\",\"enabled\":\"1\",\"fields\":{\"image\":[\"282\"],\"css\":\"    position: absolute;\\r\\n    bottom: 0;\\r\\n    left: 50%;\\r\\n    height: 15%;\\r\\n    transform: translate(-30%,-20%);\",\"depth\":\"0.2\"}},\"300\":{\"type\":\"element\",\"enabled\":\"1\",\"fields\":{\"image\":[\"285\"],\"css\":\"    position: absolute;\\r\\n    bottom: 0;\\r\\n    left: 50%;\\r\\n    height: 12%;\\r\\n    transform: translate(-500%,-100%);\",\"depth\":\"0.3\"}},\"310\":{\"type\":\"element\",\"enabled\":\"1\",\"fields\":{\"image\":[\"284\"],\"css\":\"    position: absolute;\\r\\n    bottom: 0;\\r\\n    left: 50%;\\r\\n    height: 8%;\\r\\n    transform: translate(500%,-400%);\",\"depth\":\"0.1\"}},\"304\":{\"type\":\"element\",\"enabled\":\"1\",\"fields\":{\"image\":[\"287\"],\"css\":\"    position: absolute;\\r\\n    bottom: 0;\\r\\n    left: 50%;\\r\\n    height: 15%;\\r\\n    transform: translate(-150%,-100%);\",\"depth\":\"0.3\"}},\"301\":{\"type\":\"element\",\"enabled\":\"1\",\"fields\":{\"image\":[\"286\"],\"css\":\"    position: absolute;\\r\\n    top: 0;\\r\\n    left: 50%;\\r\\n    height: 12%;\\r\\n    transform: translate(-400%, 120%);\",\"depth\":\"0.2\"}},\"322\":{\"type\":\"element\",\"enabled\":\"1\",\"fields\":{\"image\":[\"286\"],\"css\":\"    position: absolute;\\r\\n    top: 0;\\r\\n    left: 50%;\\r\\n    height: 10%;\\r\\n    transform: translate(500%,70%);\",\"depth\":\"0.2\"}},\"299\":{\"type\":\"element\",\"enabled\":\"1\",\"fields\":{\"image\":[\"283\"],\"css\":\"    position: absolute;\\r\\n    top: 0;\\r\\n    left: 50%;\\r\\n    height: 20%;\\r\\n    transform: translate(-170%,20%);\",\"depth\":\"0.4\"}},\"305\":{\"type\":\"element\",\"enabled\":\"1\",\"fields\":{\"image\":[\"289\"],\"css\":\"    position: absolute;\\r\\n    top: 50%;\\r\\n    left: 50%;\\r\\n    height: 12%;\\r\\n    transform: translate(-10%, 30%);\",\"depth\":\"0.2\"}},\"302\":{\"type\":\"element\",\"enabled\":\"1\",\"fields\":{\"image\":[\"288\"],\"css\":\"    position: absolute;\\r\\n    top: 0;\\r\\n    left: 50%;\\r\\n    height: 6%;\\r\\n    transform: translate(-1130%, 350%);\",\"depth\":\"0.1\"}},\"306\":{\"type\":\"element\",\"enabled\":\"1\",\"fields\":{\"image\":[\"291\"],\"css\":\"    position: absolute;\\r\\n    bottom: 0;\\r\\n    left: 50%;\\r\\n    height: 12%;\\r\\n    transform: translate(325%,-242%);\",\"depth\":\"0.3\"}},\"307\":{\"type\":\"element\",\"enabled\":\"1\",\"fields\":{\"image\":[\"290\"],\"css\":\"    position: absolute;\\r\\n    top: 50%;\\r\\n    left: 50%;\\r\\n    height: 6%;\\r\\n    transform: translate(-540%,-50%);\",\"depth\":\"0.1\"}},\"308\":{\"type\":\"element\",\"enabled\":\"1\",\"fields\":{\"image\":[\"292\"],\"css\":\"    position: absolute;\\r\\n    top: 0;\\r\\n    left: 50%;\\r\\n    height: 12%;\\r\\n    transform: translate(850%,110%);\",\"depth\":\"0.1\"}}}}}', '2019-01-22 04:00:10', '2019-01-22 04:00:10', '4b5232ed-a015-4d82-8f50-8ad15deec693'),
 ('352', '323', '10', '1', 'en_us', '1', '', '{\"typeId\":null,\"authorId\":\"1\",\"title\":\"Commercial Reel\",\"slug\":\"commercial-reel\",\"postDate\":1548178012,\"expiryDate\":null,\"enabled\":1,\"parentId\":null,\"fields\":{\"69\":[],\"67\":\"\",\"68\":\"\",\"66\":\"\"}}', '2019-01-22 17:26:52', '2019-01-22 17:26:52', '2a5f7003-aabd-46cd-bb0e-7eb6c48ad5f2'),
 ('353', '323', '10', '1', 'en_us', '2', '', '{\"typeId\":\"15\",\"authorId\":\"1\",\"title\":\"Commercial Reel\",\"slug\":\"commercial-reel\",\"postDate\":1548177960,\"expiryDate\":null,\"enabled\":1,\"parentId\":null,\"fields\":{\"69\":[],\"67\":\"\",\"68\":\"\",\"66\":\"https:\\/\\/vimeo.com\\/180208039\"}}', '2019-01-22 17:31:43', '2019-01-22 17:31:43', 'af621bbd-c24c-41f7-92e1-6b73699d0b1c'),
 ('354', '323', '10', '1', 'en_us', '3', '', '{\"typeId\":\"15\",\"authorId\":\"1\",\"title\":\"Commercial Reel\",\"slug\":\"commercial-reel\",\"postDate\":1548177960,\"expiryDate\":null,\"enabled\":1,\"parentId\":null,\"fields\":{\"69\":{\"324\":{\"type\":\"breakdown\",\"enabled\":\"1\",\"fields\":{\"time\":\"01:42 - 01:43\",\"image\":\"\",\"client\":\"BOSCH\",\"project\":\"Stop The RoadKill\",\"keywords\":\"Compositing | Rotoscoping | Clean up\"}}},\"67\":\"AE Animation | Compositing | Motion Graphics\",\"68\":\"\",\"66\":\"https:\\/\\/vimeo.com\\/180208039\"}}', '2019-01-22 17:33:23', '2019-01-22 17:33:23', '25f77dae-9713-4585-8f72-f5fad6ad0b32'),
 ('355', '323', '10', '1', 'en_us', '4', '', '{\"typeId\":\"15\",\"authorId\":\"1\",\"title\":\"Commercial Reel\",\"slug\":\"commercial-reel\",\"postDate\":1548177960,\"expiryDate\":null,\"enabled\":1,\"parentId\":null,\"fields\":{\"69\":{\"324\":{\"type\":\"breakdown\",\"enabled\":\"1\",\"fields\":{\"image\":[\"113\"],\"time\":\"01:42 - 01:43\",\"client\":\"BOSCH\",\"project\":\"Stop The RoadKill\",\"keywords\":\"Compositing | Rotoscoping | Clean up\"}}},\"67\":\"AE Animation | Compositing | Motion Graphics\",\"68\":\"\",\"66\":\"https:\\/\\/vimeo.com\\/180208039\"}}', '2019-01-22 17:34:10', '2019-01-22 17:34:10', '63f4b9d7-2d4a-4cce-b453-c932f7f9aa32');



DROP TABLE IF EXISTS `craft_fieldgroups`;


--
-- Schema for table `craft_fieldgroups`
--
CREATE TABLE `craft_fieldgroups` (
  `id` int(11) NOT NULL AUTO_INCREMENT,
  `name` varchar(255) COLLATE utf8_unicode_ci NOT NULL,
  `dateCreated` datetime NOT NULL,
  `dateUpdated` datetime NOT NULL,
  `uid` char(36) COLLATE utf8_unicode_ci NOT NULL DEFAULT '0',
  PRIMARY KEY (`id`),
  UNIQUE KEY `craft_fieldgroups_name_unq_idx` (`name`)
) ENGINE=InnoDB AUTO_INCREMENT=10 DEFAULT CHARSET=utf8 COLLATE=utf8_unicode_ci;

--
-- Data for table `craft_fieldgroups`
--

INSERT INTO `craft_fieldgroups` (`id`, `name`, `dateCreated`, `dateUpdated`, `uid`) VALUES
 ('2', 'Work Fields', '2016-08-22 02:17:53', '2017-03-21 03:13:13', '804af9b3-dd48-42db-b7af-af2cf1daea66'),
 ('3', 'Indie Work Fields', '2017-12-01 00:44:43', '2017-12-01 00:44:43', 'c30adb03-b1b2-438b-b852-93ae5527f40b'),
 ('4', 'Comml Work Fields', '2017-12-01 00:45:00', '2017-12-01 00:45:00', 'ad0089ac-edce-485c-915a-b0c1b15f162f'),
 ('5', 'Other Fields', '2018-12-27 03:47:46', '2018-12-27 19:50:31', '89356e9b-ab46-44e8-a07a-8d4dee483b39'),
 ('6', 'About Fields', '2018-12-28 21:47:20', '2018-12-28 21:47:20', '27ac0fe7-6f0a-4109-b848-07fcada53351'),
 ('7', 'Contact Fields', '2019-01-03 18:35:15', '2019-01-03 18:35:15', 'ff356dd2-5e4a-4ea1-a2ef-4fecb3a57472'),
 ('8', 'Home Fields', '2019-01-05 23:56:19', '2019-01-05 23:56:19', '4dfa4f2a-36a7-4b2d-9012-bb2fc4c272ae'),
 ('9', 'Reel Fields', '2019-01-22 04:15:02', '2019-01-22 04:15:02', '2dd43785-068d-4a76-bb39-91a0af0fb390');



DROP TABLE IF EXISTS `craft_fieldlayoutfields`;


--
-- Schema for table `craft_fieldlayoutfields`
--
CREATE TABLE `craft_fieldlayoutfields` (
  `id` int(11) NOT NULL AUTO_INCREMENT,
  `layoutId` int(11) NOT NULL,
  `tabId` int(11) NOT NULL,
  `fieldId` int(11) NOT NULL,
  `required` tinyint(1) unsigned NOT NULL DEFAULT '0',
  `sortOrder` smallint(6) unsigned DEFAULT NULL,
  `dateCreated` datetime NOT NULL,
  `dateUpdated` datetime NOT NULL,
  `uid` char(36) COLLATE utf8_unicode_ci NOT NULL DEFAULT '0',
  PRIMARY KEY (`id`),
  UNIQUE KEY `craft_fieldlayoutfields_layoutId_fieldId_unq_idx` (`layoutId`,`fieldId`),
  KEY `craft_fieldlayoutfields_sortOrder_idx` (`sortOrder`),
  KEY `craft_fieldlayoutfields_tabId_fk` (`tabId`),
  KEY `craft_fieldlayoutfields_fieldId_fk` (`fieldId`)
) ENGINE=InnoDB AUTO_INCREMENT=709 DEFAULT CHARSET=utf8 COLLATE=utf8_unicode_ci;

--
-- Data for table `craft_fieldlayoutfields`
--

INSERT INTO `craft_fieldlayoutfields` (`id`, `layoutId`, `tabId`, `fieldId`, `required`, `sortOrder`, `dateCreated`, `dateUpdated`, `uid`) VALUES
 ('311', '65', '76', '36', '0', '1', '2017-12-02 03:25:49', '2017-12-02 03:25:49', 'b51d9e6c-dbdb-4aaf-820a-e11629c25a7e'),
 ('335', '68', '81', '37', '0', '1', '2017-12-02 04:54:04', '2017-12-02 04:54:04', '6e0a2b44-7635-407a-b07d-4103e785c811'),
 ('482', '90', '121', '40', '0', '1', '2018-12-25 21:27:47', '2018-12-25 21:27:47', '5518113e-f9ed-4d20-ba37-263655e6b785'),
 ('483', '91', '122', '39', '0', '1', '2018-12-25 21:27:47', '2018-12-25 21:27:47', '3c382d5d-8ab0-41bb-b4b8-2eece7ee45fa'),
 ('546', '101', '137', '4', '0', '1', '2018-12-27 20:12:19', '2018-12-27 20:12:19', '0ccb5310-130e-4ba5-84e8-9fb86631601c'),
 ('547', '101', '137', '31', '0', '2', '2018-12-27 20:12:19', '2018-12-27 20:12:19', 'ece80164-de21-4948-8546-d7d1cf2b65a9'),
 ('548', '101', '137', '38', '0', '3', '2018-12-27 20:12:19', '2018-12-27 20:12:19', '38f9d4a9-282a-4d87-9c1b-1d13d3e242f9'),
 ('549', '101', '138', '12', '0', '1', '2018-12-27 20:12:19', '2018-12-27 20:12:19', '6515adcd-822a-499b-9ae7-881cf3e5c3f0'),
 ('550', '101', '138', '20', '0', '2', '2018-12-27 20:12:19', '2018-12-27 20:12:19', 'ded2fa79-c457-4220-a0f6-a95048441390'),
 ('551', '101', '138', '10', '0', '3', '2018-12-27 20:12:19', '2018-12-27 20:12:19', 'f1dac588-590c-4e2f-a6ed-e30dc3d23cfd'),
 ('552', '101', '138', '11', '0', '4', '2018-12-27 20:12:19', '2018-12-27 20:12:19', 'b2e4637f-bf2d-4c92-b373-5b8e263607ea'),
 ('553', '101', '138', '21', '0', '5', '2018-12-27 20:12:19', '2018-12-27 20:12:19', 'f5816f23-7b3d-458c-b4c6-a870cb288a12'),
 ('554', '101', '138', '22', '0', '6', '2018-12-27 20:12:19', '2018-12-27 20:12:19', '231b5abf-a269-4f0b-8fe6-e26f7d2925be'),
 ('555', '101', '139', '45', '0', '1', '2018-12-27 20:12:19', '2018-12-27 20:12:19', '9bc07779-3261-49dc-9bd7-96650ca207ca'),
 ('556', '101', '139', '29', '0', '2', '2018-12-27 20:12:19', '2018-12-27 20:12:19', '1c0ddf79-b294-4d33-a321-3a582439188f'),
 ('557', '101', '139', '32', '0', '3', '2018-12-27 20:12:19', '2018-12-27 20:12:19', '5b00aa49-7af4-4534-accb-0072ba19fc5b'),
 ('558', '101', '139', '30', '0', '4', '2018-12-27 20:12:19', '2018-12-27 20:12:19', '6d862012-ca9f-4af0-81e1-a46fd2167553'),
 ('559', '101', '139', '33', '0', '5', '2018-12-27 20:12:19', '2018-12-27 20:12:19', '0d249c61-4b4c-40c8-a956-ce6883dbeee0'),
 ('560', '101', '139', '34', '0', '6', '2018-12-27 20:12:19', '2018-12-27 20:12:19', '5743d8ca-1646-471a-86ca-f05e775dc3b7'),
 ('561', '101', '139', '35', '0', '7', '2018-12-27 20:12:19', '2018-12-27 20:12:19', '228dffcf-3553-423f-bffb-dccf8a8013b7'),
 ('562', '101', '139', '23', '0', '8', '2018-12-27 20:12:19', '2018-12-27 20:12:19', '704048e1-46f6-48ec-9182-b57a582a098d'),
 ('563', '101', '139', '24', '0', '9', '2018-12-27 20:12:19', '2018-12-27 20:12:19', 'eb121bda-7144-4702-b8cb-e0f74cf308ab'),
 ('564', '101', '139', '25', '0', '10', '2018-12-27 20:12:19', '2018-12-27 20:12:19', '51e0c30f-66c3-4743-a15d-bce2776bed7c'),
 ('565', '101', '139', '26', '0', '11', '2018-12-27 20:12:19', '2018-12-27 20:12:19', '03db7a61-103b-41f8-95f4-881834b0a066'),
 ('566', '101', '139', '27', '0', '12', '2018-12-27 20:12:19', '2018-12-27 20:12:19', '9fda7bd2-6fec-47b5-836b-755f7a957106'),
 ('567', '101', '139', '28', '0', '13', '2018-12-27 20:12:19', '2018-12-27 20:12:19', 'af42bc3a-89b9-4ceb-9e26-92eb8d153816'),
 ('568', '102', '140', '4', '0', '1', '2018-12-27 20:12:30', '2018-12-27 20:12:30', '74c474b6-f1a9-4983-83ce-084753c368b3'),
 ('569', '102', '140', '38', '0', '2', '2018-12-27 20:12:30', '2018-12-27 20:12:30', '001bf1a8-cd20-44dd-b3a9-a5afd3b48371'),
 ('570', '102', '140', '15', '0', '3', '2018-12-27 20:12:30', '2018-12-27 20:12:30', 'fbd6607c-97ef-4361-ae3b-271576c5a960'),
 ('571', '102', '141', '6', '0', '1', '2018-12-27 20:12:30', '2018-12-27 20:12:30', '8a912889-ad18-4736-a22c-46d1a9f1e681'),
 ('572', '102', '142', '45', '0', '1', '2018-12-27 20:12:30', '2018-12-27 20:12:30', 'ccd3bc56-1eea-4776-af6f-c4086a81213a'),
 ('573', '102', '142', '8', '0', '2', '2018-12-27 20:12:30', '2018-12-27 20:12:30', '9b5aa8e9-4187-41d6-b041-24039f4d3018'),
 ('574', '102', '142', '9', '0', '3', '2018-12-27 20:12:30', '2018-12-27 20:12:30', 'a807c9ff-0aa1-4a94-85ed-97f7acb4c4f0'),
 ('641', '123', '171', '54', '0', '1', '2019-01-06 00:17:08', '2019-01-06 00:17:08', '84c1b739-30c8-4650-b97a-5262215986ad'),
 ('642', '123', '171', '55', '0', '2', '2019-01-06 00:17:08', '2019-01-06 00:17:08', '26756dea-8892-4932-bd25-944a33274b75'),
 ('643', '124', '172', '50', '0', '1', '2019-01-06 00:17:23', '2019-01-06 00:17:23', 'b4635d83-3eed-463b-825b-679acd520b03'),
 ('644', '124', '172', '51', '0', '2', '2019-01-06 00:17:23', '2019-01-06 00:17:23', '7482d3f0-6eeb-4f92-bb86-89896c747576'),
 ('645', '124', '172', '52', '0', '3', '2019-01-06 00:17:23', '2019-01-06 00:17:23', '9e4a4f44-efbc-40b3-ac73-25f993d8b034'),
 ('646', '125', '173', '57', '0', '1', '2019-01-06 00:21:22', '2019-01-06 00:21:22', '109e1b0d-5caf-4f7f-a53c-fa43e36f6973'),
 ('647', '125', '173', '47', '0', '2', '2019-01-06 00:21:22', '2019-01-06 00:21:22', 'a893cf4a-5160-4142-a9bd-f076ca62999f'),
 ('648', '125', '174', '58', '0', '1', '2019-01-06 00:21:22', '2019-01-06 00:21:22', 'e6dcd58e-e80f-4b09-b524-bfb0f715ebf5'),
 ('649', '125', '174', '46', '0', '2', '2019-01-06 00:21:22', '2019-01-06 00:21:22', '9808e81a-d012-4015-801f-115645b99f11'),
 ('650', '125', '175', '53', '0', '1', '2019-01-06 00:21:22', '2019-01-06 00:21:22', '7f6146fb-efdc-4d7f-bacf-1379d1bdf307'),
 ('651', '125', '175', '49', '0', '2', '2019-01-06 00:21:22', '2019-01-06 00:21:22', '159e4b29-b325-490a-97a7-692b8850348b'),
 ('652', '125', '175', '48', '0', '3', '2019-01-06 00:21:22', '2019-01-06 00:21:22', 'f7d1e4a2-3f72-460d-be5c-1b9144eead91'),
 ('653', '125', '176', '59', '0', '1', '2019-01-06 00:21:22', '2019-01-06 00:21:22', 'd75a82e4-c805-401e-9619-4d1a83a74fc1'),
 ('654', '125', '176', '56', '0', '2', '2019-01-06 00:21:22', '2019-01-06 00:21:22', '4c76732a-f621-4cf0-8a8e-52b5a691ccc3'),
 ('655', '126', '177', '60', '0', '1', '2019-01-06 00:34:58', '2019-01-06 00:34:58', 'ed08dfc8-c80a-4733-afc8-88dee001d4f2'),
 ('665', '132', '183', '65', '0', '1', '2019-01-06 00:49:41', '2019-01-06 00:49:41', '128a4ff9-9359-41be-bd31-4e0dfd3a81b1'),
 ('666', '132', '183', '61', '0', '2', '2019-01-06 00:49:41', '2019-01-06 00:49:41', '3fbba316-4462-4f5e-9971-0ba415d81480'),
 ('679', '137', '188', '62', '0', '1', '2019-01-15 03:47:31', '2019-01-15 03:47:31', '922ff14f-6bd1-4e13-9820-687b073f511c'),
 ('680', '137', '188', '63', '0', '2', '2019-01-15 03:47:31', '2019-01-15 03:47:31', '4c67c198-9bcc-4824-8159-8957f1cc2869'),
 ('681', '137', '188', '64', '0', '3', '2019-01-15 03:47:31', '2019-01-15 03:47:31', '1137ca4f-8060-4cd3-a7f2-dbac254ad400'),
 ('700', '145', '194', '66', '0', '1', '2019-01-22 17:25:47', '2019-01-22 17:25:47', 'c7dce6d6-77a5-4140-9901-f2df438df13a'),
 ('701', '145', '194', '67', '0', '2', '2019-01-22 17:25:47', '2019-01-22 17:25:47', '0f0ffd32-ab01-406b-9bf8-aadd19a7dbd6'),
 ('702', '145', '194', '68', '0', '3', '2019-01-22 17:25:47', '2019-01-22 17:25:47', '0cbe479b-7c91-47a7-afde-896858fdfa1a'),
 ('703', '145', '194', '69', '0', '4', '2019-01-22 17:25:47', '2019-01-22 17:25:47', '4f647c2e-942a-480d-bef0-5121239e6f69'),
 ('704', '146', '195', '70', '0', '1', '2019-01-22 17:33:36', '2019-01-22 17:33:36', 'e946fb32-094c-4429-b94e-7e2d71ef30a1'),
 ('705', '146', '195', '74', '0', '2', '2019-01-22 17:33:36', '2019-01-22 17:33:36', '7b47031c-df98-43fe-a65d-df0405bf966c'),
 ('706', '146', '195', '71', '0', '3', '2019-01-22 17:33:36', '2019-01-22 17:33:36', '7d445c90-56ce-4536-bb1c-b619e9820d39'),
 ('707', '146', '195', '72', '0', '4', '2019-01-22 17:33:36', '2019-01-22 17:33:36', '76e446fe-01a1-4a20-ab73-a3d0920ccf9b'),
 ('708', '146', '195', '73', '0', '5', '2019-01-22 17:33:36', '2019-01-22 17:33:36', '3358bc26-56bf-4c50-b7a0-ba5c15679225');



DROP TABLE IF EXISTS `craft_fieldlayouts`;


--
-- Schema for table `craft_fieldlayouts`
--
CREATE TABLE `craft_fieldlayouts` (
  `id` int(11) NOT NULL AUTO_INCREMENT,
  `type` varchar(150) COLLATE utf8_unicode_ci NOT NULL,
  `dateCreated` datetime NOT NULL,
  `dateUpdated` datetime NOT NULL,
  `uid` char(36) COLLATE utf8_unicode_ci NOT NULL DEFAULT '0',
  PRIMARY KEY (`id`),
  KEY `craft_fieldlayouts_type_idx` (`type`)
) ENGINE=InnoDB AUTO_INCREMENT=147 DEFAULT CHARSET=utf8 COLLATE=utf8_unicode_ci;

--
-- Data for table `craft_fieldlayouts`
--

INSERT INTO `craft_fieldlayouts` (`id`, `type`, `dateCreated`, `dateUpdated`, `uid`) VALUES
 ('31', 'Tag', '2016-08-23 19:46:29', '2016-08-23 19:46:29', '18f4c04f-7d3e-4719-8069-1128204ee237'),
 ('40', 'Asset', '2017-03-21 03:26:34', '2017-03-21 03:26:34', '7b93a01c-5811-4122-b331-b83f753e5c2e'),
 ('41', 'Asset', '2017-03-21 03:28:07', '2017-03-21 03:28:07', 'c8dc587b-6c2f-4239-88b1-c1a7c1de67c9'),
 ('44', 'Asset', '2017-03-21 04:17:56', '2017-03-21 04:17:56', '565ecaa8-aff7-417d-bb08-f2da78028285'),
 ('53', 'Category', '2017-11-30 18:10:41', '2017-11-30 18:10:41', '5efcf04b-d3e7-4047-8501-e8ee930f6335'),
 ('65', 'MatrixBlock', '2017-12-02 03:25:49', '2017-12-02 03:25:49', 'c94e3fdc-6a70-4d3e-9bcb-a84c6a16032e'),
 ('68', 'MatrixBlock', '2017-12-02 04:54:04', '2017-12-02 04:54:04', '818ab490-1e23-4d82-a54e-90ae6889dcbc'),
 ('90', 'MatrixBlock', '2018-12-25 21:27:47', '2018-12-25 21:27:47', 'f2d50a54-2743-448d-b5d5-aa1e0d089bfd'),
 ('91', 'MatrixBlock', '2018-12-25 21:27:47', '2018-12-25 21:27:47', '704eb6de-f586-4aff-b3fc-5f1f494cf262'),
 ('94', 'Navee_Node', '2018-12-26 18:17:43', '2018-12-26 18:17:43', '7ef0904b-6e0c-4edd-9b11-fbab193efbfe'),
 ('101', 'Entry', '2018-12-27 20:12:19', '2018-12-27 20:12:19', 'cb712e6c-17d8-44b1-81ab-e0d572904a80'),
 ('102', 'Entry', '2018-12-27 20:12:30', '2018-12-27 20:12:30', 'dc761e96-63e7-4c22-8877-ae4b881247c1'),
 ('119', 'Entry', '2019-01-06 00:08:03', '2019-01-06 00:08:03', 'ec8a99e6-b6d5-4ba5-a2da-f077257fa5a0'),
 ('120', 'Entry', '2019-01-06 00:08:12', '2019-01-06 00:08:12', '1b4e6dfe-04f2-4500-aec3-30c409827c28'),
 ('123', 'MatrixBlock', '2019-01-06 00:17:08', '2019-01-06 00:17:08', '116fbc5a-7c60-4a13-9fa3-00f503bab9a3'),
 ('124', 'MatrixBlock', '2019-01-06 00:17:23', '2019-01-06 00:17:23', 'cb2759b2-49bb-4596-a008-3d82abb93c0a'),
 ('125', 'Entry', '2019-01-06 00:21:22', '2019-01-06 00:21:22', 'cca987e3-61ac-4d9d-9cf2-17da35e6b15d'),
 ('126', 'Entry', '2019-01-06 00:34:58', '2019-01-06 00:34:58', 'adfada6c-bb2d-4126-b9f6-e57a148684ad'),
 ('132', 'Entry', '2019-01-06 00:49:41', '2019-01-06 00:49:41', '389af7a6-c64a-4e93-bb80-b91d065c29ab'),
 ('137', 'MatrixBlock', '2019-01-15 03:47:31', '2019-01-15 03:47:31', 'c8a2a031-22c8-498f-b170-0d33514af95f'),
 ('145', 'Entry', '2019-01-22 17:25:47', '2019-01-22 17:25:47', '9b9ee31a-b9da-4e8a-a06b-388b3eb47be8'),
 ('146', 'MatrixBlock', '2019-01-22 17:33:36', '2019-01-22 17:33:36', '44bd7790-07ac-4435-8d39-e1d6170f1e0a');



DROP TABLE IF EXISTS `craft_fieldlayouttabs`;


--
-- Schema for table `craft_fieldlayouttabs`
--
CREATE TABLE `craft_fieldlayouttabs` (
  `id` int(11) NOT NULL AUTO_INCREMENT,
  `layoutId` int(11) NOT NULL,
  `name` varchar(255) COLLATE utf8_unicode_ci NOT NULL,
  `sortOrder` smallint(6) unsigned DEFAULT NULL,
  `dateCreated` datetime NOT NULL,
  `dateUpdated` datetime NOT NULL,
  `uid` char(36) COLLATE utf8_unicode_ci NOT NULL DEFAULT '0',
  PRIMARY KEY (`id`),
  KEY `craft_fieldlayouttabs_sortOrder_idx` (`sortOrder`),
  KEY `craft_fieldlayouttabs_layoutId_fk` (`layoutId`)
) ENGINE=InnoDB AUTO_INCREMENT=196 DEFAULT CHARSET=utf8 COLLATE=utf8_unicode_ci;

--
-- Data for table `craft_fieldlayouttabs`
--

INSERT INTO `craft_fieldlayouttabs` (`id`, `layoutId`, `name`, `sortOrder`, `dateCreated`, `dateUpdated`, `uid`) VALUES
 ('76', '65', 'Content', '1', '2017-12-02 03:25:49', '2017-12-02 03:25:49', 'd214ae52-8182-4507-bd57-779137bcf5ee'),
 ('81', '68', 'Content', '1', '2017-12-02 04:54:04', '2017-12-02 04:54:04', '2bff974c-7732-451b-9ee3-cd1c558dcbba'),
 ('121', '90', 'Content', '1', '2018-12-25 21:27:47', '2018-12-25 21:27:47', '575ec4bf-e263-43cd-8899-70e5bd3395f9'),
 ('122', '91', 'Content', '1', '2018-12-25 21:27:47', '2018-12-25 21:27:47', 'd62d9680-e952-4199-8182-f9855fe8ef3e'),
 ('137', '101', 'Media Fields', '1', '2018-12-27 20:12:19', '2018-12-27 20:12:19', '115d137d-f1fd-47cc-ab7c-9c676a8d8ed0'),
 ('138', '101', 'Text Fields', '2', '2018-12-27 20:12:19', '2018-12-27 20:12:19', 'bcb19137-48f8-4ca8-8711-f56dde3a29a0'),
 ('139', '101', 'Color Fields', '3', '2018-12-27 20:12:19', '2018-12-27 20:12:19', 'e971e1ce-bdc6-4465-8dbf-84a87cfa0492'),
 ('140', '102', 'Media Fields', '1', '2018-12-27 20:12:30', '2018-12-27 20:12:30', 'd3f02d7c-1f22-4b59-b085-b9bfcda2f359'),
 ('141', '102', 'Text Fields', '2', '2018-12-27 20:12:30', '2018-12-27 20:12:30', '863ca560-9f10-4924-89c8-0f92eef1626a'),
 ('142', '102', 'Color Fields', '3', '2018-12-27 20:12:30', '2018-12-27 20:12:30', '48c70c6c-8345-4a37-9c0d-d7f44f958eb9'),
 ('171', '123', 'Content', '1', '2019-01-06 00:17:08', '2019-01-06 00:17:08', '4f1826bd-3f2a-4d4d-9f70-0fb90cbd5807'),
 ('172', '124', 'Content', '1', '2019-01-06 00:17:23', '2019-01-06 00:17:23', '2d1ec63d-7526-49c1-b98b-4e319c4a8965'),
 ('173', '125', 'Section 1', '1', '2019-01-06 00:21:22', '2019-01-06 00:21:22', '8b4f01a0-56f3-420c-8546-44fbc0e9815d'),
 ('174', '125', 'Section 2', '2', '2019-01-06 00:21:22', '2019-01-06 00:21:22', 'eca0921b-bd5e-4b80-ba1f-dc5847a0b515'),
 ('175', '125', 'Section 3', '3', '2019-01-06 00:21:22', '2019-01-06 00:21:22', '35e9a950-3e9e-4eb6-b466-a24208cf0cff'),
 ('176', '125', 'Section 4', '4', '2019-01-06 00:21:22', '2019-01-06 00:21:22', '44dca080-5cda-4663-99dd-3232f8bc3634'),
 ('177', '126', 'Fields', '1', '2019-01-06 00:34:58', '2019-01-06 00:34:58', 'f679e42b-5c60-4ad8-b347-7c9b2df6ab9e'),
 ('183', '132', 'Fields', '1', '2019-01-06 00:49:41', '2019-01-06 00:49:41', '46774d84-d04b-44a9-8cdb-6042a559f7b5'),
 ('188', '137', 'Content', '1', '2019-01-15 03:47:31', '2019-01-15 03:47:31', '2e4a64ca-41ad-4243-a07f-b247f0f66532'),
 ('194', '145', 'Reel Fields', '1', '2019-01-22 17:25:47', '2019-01-22 17:25:47', 'fec48c04-0d44-4209-959e-0dbe74e77f56'),
 ('195', '146', 'Content', '1', '2019-01-22 17:33:36', '2019-01-22 17:33:36', '236ddfaa-9844-4411-80ad-23248590e9f2');



DROP TABLE IF EXISTS `craft_fields`;


--
-- Schema for table `craft_fields`
--
CREATE TABLE `craft_fields` (
  `id` int(11) NOT NULL AUTO_INCREMENT,
  `groupId` int(11) DEFAULT NULL,
  `name` varchar(255) COLLATE utf8_unicode_ci NOT NULL,
  `handle` varchar(58) COLLATE utf8_unicode_ci NOT NULL,
  `context` varchar(255) COLLATE utf8_unicode_ci NOT NULL DEFAULT 'global',
  `instructions` text COLLATE utf8_unicode_ci,
  `translatable` tinyint(1) unsigned NOT NULL DEFAULT '0',
  `type` varchar(150) COLLATE utf8_unicode_ci NOT NULL,
  `settings` text COLLATE utf8_unicode_ci,
  `dateCreated` datetime NOT NULL,
  `dateUpdated` datetime NOT NULL,
  `uid` char(36) COLLATE utf8_unicode_ci NOT NULL DEFAULT '0',
  PRIMARY KEY (`id`),
  UNIQUE KEY `craft_fields_handle_context_unq_idx` (`handle`,`context`),
  KEY `craft_fields_context_idx` (`context`),
  KEY `craft_fields_groupId_fk` (`groupId`)
) ENGINE=InnoDB AUTO_INCREMENT=75 DEFAULT CHARSET=utf8 COLLATE=utf8_unicode_ci;

--
-- Data for table `craft_fields`
--

INSERT INTO `craft_fields` (`id`, `groupId`, `name`, `handle`, `context`, `instructions`, `translatable`, `type`, `settings`, `dateCreated`, `dateUpdated`, `uid`) VALUES
 ('4', '2', 'Work Card Image', 'workCardImage', 'global', '', '0', 'Assets', '{\"useSingleFolder\":\"\",\"sources\":\"*\",\"defaultUploadLocationSource\":\"1\",\"defaultUploadLocationSubpath\":\"\",\"singleUploadLocationSource\":\"1\",\"singleUploadLocationSubpath\":\"\",\"restrictFiles\":\"1\",\"allowedKinds\":[\"image\"],\"limit\":\"1\",\"viewMode\":\"large\",\"selectionLabel\":\"Add an image\"}', '2016-08-22 02:34:01', '2017-11-30 18:18:07', 'f0d3b3fb-51d9-4f91-ad42-4c08f8113b3d'),
 ('6', '3', 'Indie Work Description', 'indieWorkDescription', 'global', '', '0', 'RichText', '{\"configFile\":\"Basic.json\",\"availableAssetSources\":\"*\",\"availableTransforms\":\"*\",\"cleanupHtml\":\"1\",\"purifyHtml\":\"1\",\"purifierConfig\":\"\",\"columnType\":\"text\"}', '2016-08-22 02:47:47', '2017-12-01 00:46:02', 'e9062785-d483-4307-8677-85b4ce5be890'),
 ('8', '3', 'Indie Work Card BKG Color', 'indieWorkCardBkgColor', 'global', '', '0', 'Hue', '{\"defaultColor\":\"\"}', '2016-08-22 04:02:19', '2017-12-01 04:01:51', '5b2b9f4b-2eb4-48c5-848c-1fbe236bfc7d'),
 ('9', '3', 'Indie Work Card Font Color', 'indieWorkFontCardColor', 'global', '', '0', 'Hue', '{\"defaultColor\":\"\"}', '2016-08-22 04:02:32', '2017-12-01 04:01:57', '339cdb67-cc97-42a5-8e75-3522c687b5c0'),
 ('10', '4', 'Comml Work Roles', 'commlWorkRoles', 'global', '', '0', 'Matrix', '{\"maxBlocks\":null}', '2016-08-23 04:25:23', '2017-12-02 03:25:49', '3316c199-10af-441d-bab1-3f90d3baddd9'),
 ('11', '4', 'Comml Work Skills', 'commlWorkSkills', 'global', '', '0', 'Matrix', '{\"maxBlocks\":null}', '2016-08-23 04:26:26', '2017-12-02 04:54:04', '67f88ab3-35f3-450a-8f99-44415479b0e0'),
 ('12', '4', 'Comml Work Client', 'commlWorkClient', 'global', '', '0', 'PlainText', '{\"placeholder\":\"\",\"maxLength\":\"\",\"multiline\":\"\",\"initialRows\":\"4\"}', '2016-08-23 04:27:50', '2017-12-01 00:45:11', '800df3f6-48b8-41f7-86f0-61cf75d7d365'),
 ('15', '3', 'Indie Work Category', 'indieWorkCategory', 'global', '', '0', 'Categories', '{\"source\":\"group:2\",\"limit\":\"1\",\"selectionLabel\":\"Add a Category\"}', '2016-08-23 19:51:40', '2017-12-01 00:45:53', 'e6b5518d-88cd-4d85-8e87-d81d920c3d6f'),
 ('20', '4', 'Comml Work Project', 'commlWorkProject', 'global', '', '0', 'PlainText', '{\"placeholder\":\"\",\"maxLength\":\"\",\"multiline\":\"\",\"initialRows\":\"4\"}', '2017-12-01 01:05:01', '2017-12-01 01:47:14', '5b475beb-47fd-44f4-8785-f3c12217c073'),
 ('21', '4', 'Comml Work Description', 'commlWorkDescription', 'global', '', '0', 'RichText', '{\"configFile\":\"Basic.json\",\"availableAssetSources\":\"*\",\"availableTransforms\":\"*\",\"cleanupHtml\":\"1\",\"purifyHtml\":\"1\",\"purifierConfig\":\"\",\"columnType\":\"text\"}', '2017-12-01 01:07:09', '2017-12-01 01:07:09', '4bcde8ed-47a0-4484-a3d0-46ca972ca56e'),
 ('22', '4', 'Comml Work Info', 'commlWorkInfo', 'global', '', '0', 'RichText', '{\"configFile\":\"Standard.json\",\"availableAssetSources\":\"*\",\"availableTransforms\":\"*\",\"cleanupHtml\":\"1\",\"purifyHtml\":\"1\",\"purifierConfig\":\"\",\"columnType\":\"text\"}', '2017-12-01 01:17:13', '2017-12-01 02:35:16', 'f61ae763-e839-41a8-8af7-b5ed1d5ed1d9'),
 ('23', '4', 'Comml Work Header Color', 'commlWorkHeaderColor', 'global', '', '0', 'Hue', '{\"defaultColor\":\"\"}', '2017-12-01 01:18:18', '2017-12-01 04:00:28', 'a0e6e043-93d9-46c6-a535-a715cc4e8719'),
 ('24', '4', 'Comml Work List Color', 'commlWorkListColor', 'global', '', '0', 'Hue', '{\"defaultColor\":\"\"}', '2017-12-01 01:45:55', '2017-12-01 04:00:49', 'feb62fd6-f030-4a3c-b7a7-4c9c024ad28d'),
 ('25', '4', 'Comml Work Client Color', 'commlWorkClientColor', 'global', '', '0', 'Hue', '{\"defaultColor\":\"\"}', '2017-12-01 01:46:24', '2017-12-01 03:59:41', 'c352b4e3-ed83-4857-8546-d0f3a88b397f'),
 ('26', '4', 'Comml Work Project Color', 'commlWorkProjectColor', 'global', '', '0', 'Hue', '{\"defaultColor\":\"\"}', '2017-12-01 01:46:40', '2017-12-01 03:59:53', '67bedb2e-7d71-4531-bd1d-449d4bf785d8'),
 ('27', '4', 'Comml Work Description Color', 'commlWorkDescriptionColor', 'global', '', '0', 'Hue', '{\"defaultColor\":\"\"}', '2017-12-01 01:47:57', '2017-12-01 04:00:10', '1b4bafd6-fc42-4bce-928d-7af278c7734e'),
 ('28', '4', 'Comml Work Info Color', 'commlWorkInfoColor', 'global', '', '0', 'Hue', '{\"defaultColor\":\"\"}', '2017-12-01 01:48:26', '2017-12-01 04:00:36', 'b76c00c2-3ea4-4587-81cc-6c6d0a389d7a'),
 ('29', '4', 'Comml Work Card BKG Color', 'commlWorkCardBkgColor', 'global', '', '0', 'Hue', '{\"defaultColor\":\"\"}', '2017-12-01 01:59:09', '2017-12-01 03:56:53', '84cbb20e-d7f2-4f75-8c80-628188b353bd'),
 ('30', '4', 'Comml Work Card Font Color', 'commlWorkCardFontColor', 'global', '', '0', 'Hue', '{\"defaultColor\":\"\"}', '2017-12-01 02:09:12', '2017-12-01 03:57:47', '52c3bac0-276d-4150-bef7-b2c48f91fb18'),
 ('31', '4', 'Comml Work Hero Image', 'commlWorkHeroImage', 'global', '', '0', 'Assets', '{\"useSingleFolder\":\"\",\"sources\":\"*\",\"defaultUploadLocationSource\":\"1\",\"defaultUploadLocationSubpath\":\"\",\"singleUploadLocationSource\":\"1\",\"singleUploadLocationSubpath\":\"\",\"restrictFiles\":\"1\",\"allowedKinds\":[\"image\"],\"limit\":\"1\",\"viewMode\":\"large\",\"selectionLabel\":\"Add an image\"}', '2017-12-01 02:11:19', '2017-12-01 02:11:19', '837883ec-b283-432b-bd74-90560ab3dfb6'),
 ('32', '4', 'Comml Work Card BKG Opacity', 'commlWorkCardBkgOpacity', 'global', '', '0', 'Number', '{\"min\":\"0\",\"max\":\"1\",\"decimals\":\"1\"}', '2017-12-01 03:46:54', '2017-12-01 03:48:15', '68b2dd14-175c-467e-925f-0130d4722f45'),
 ('33', '4', 'Comml Work Hero BKG Color', 'commlWorkHeroBkgColor', 'global', '', '0', 'Hue', '{\"defaultColor\":\"\"}', '2017-12-01 05:10:38', '2017-12-01 05:11:28', 'c4387c69-b4b0-4a90-b968-8e136711b524'),
 ('34', '4', 'Comml Work Text BKG Color', 'commlWorkTextBkgColor', 'global', '', '0', 'Hue', '{\"defaultColor\":\"\"}', '2017-12-01 05:11:08', '2017-12-01 05:11:08', 'ae77d5e2-37bf-4148-9cec-4b41d1929b84'),
 ('35', '4', 'Comml Work Text BKG Opacity', 'commlWorkTextBkgOpacity', 'global', '', '0', 'Number', '{\"min\":\"0\",\"max\":\"1\",\"decimals\":\"1\"}', '2017-12-01 05:11:46', '2017-12-01 05:11:46', '952e7e95-f260-4802-8ca6-26fbfbc5a201'),
 ('36', NULL, 'Role', 'role', 'matrixBlockType:4', '', '0', 'PlainText', '{\"placeholder\":\"\",\"maxLength\":\"\",\"multiline\":\"\",\"initialRows\":\"4\"}', '2017-12-02 03:25:49', '2017-12-02 03:25:49', '3c90657c-65b3-4013-b5e0-d9d44316764e'),
 ('37', NULL, 'Skill', 'skill', 'matrixBlockType:5', '', '0', 'PlainText', '{\"placeholder\":\"\",\"maxLength\":\"\",\"multiline\":\"\",\"initialRows\":\"4\"}', '2017-12-02 03:27:27', '2017-12-02 04:54:04', 'a4c6dcd6-ce81-46c8-94d3-df5376936f1a'),
 ('38', '2', 'Work Media Grid', 'workMediaGrid', 'global', '', '0', 'Matrix', '{\"maxBlocks\":null}', '2018-12-25 21:11:46', '2018-12-25 21:27:47', '93d65b5c-254f-4867-96f0-11f45682bc7a'),
 ('39', NULL, 'Gallery', 'gallery', 'matrixBlockType:6', '', '0', 'Assets', '{\"useSingleFolder\":\"\",\"sources\":\"*\",\"defaultUploadLocationSource\":\"1\",\"defaultUploadLocationSubpath\":\"\",\"singleUploadLocationSource\":\"1\",\"singleUploadLocationSubpath\":\"\",\"restrictFiles\":\"1\",\"allowedKinds\":[\"image\"],\"limit\":\"\",\"viewMode\":\"large\",\"selectionLabel\":\"Add an image\"}', '2018-12-25 21:11:46', '2018-12-25 21:27:47', 'ebded60c-3c85-42a5-9898-229085e07cff'),
 ('40', NULL, 'Video', 'video', 'matrixBlockType:7', '', '0', 'Videos_Video', NULL, '2018-12-25 21:11:46', '2018-12-25 21:27:47', '320f06d9-485b-43db-93b4-044f7420db79'),
 ('43', '5', 'Navbar Background Color', 'navbarBackgroundColor', 'global', '', '0', 'Hue', '{\"defaultColor\":\"\"}', '2018-12-27 19:49:55', '2018-12-27 19:53:23', 'ad65638d-f44b-4aa8-b039-509162221f36'),
 ('44', '5', 'Navbar Text Color', 'navbarTextColor', 'global', '', '0', 'Hue', '{\"defaultColor\":\"\"}', '2018-12-27 19:50:20', '2018-12-27 19:53:31', '6c3f79db-fd09-46b8-8d17-6509b9cb8314'),
 ('45', '4', 'Comml Work Navbar Text Color', 'commlWorkNavbarTextColor', 'global', '', '0', 'RadioButtons', '{\"options\":[{\"label\":\"Black\",\"value\":\"#000\",\"default\":\"\"},{\"label\":\"White\",\"value\":\"#fff\",\"default\":\"\"}]}', '2018-12-27 20:11:04', '2018-12-27 20:22:42', '1add0e4f-43be-4420-b051-a9b23d696fb8'),
 ('46', '6', 'About Bio Text', 'aboutBioText', 'global', '', '0', 'PlainText', '{\"placeholder\":\"\",\"maxLength\":\"\",\"multiline\":\"1\",\"initialRows\":\"4\"}', '2018-12-28 21:54:30', '2019-01-06 00:17:44', '0718e2f8-80b8-47bb-b2a3-0b25222675ea'),
 ('47', '6', 'About Brief Text', 'aboutBriefText', 'global', '', '0', 'RichText', '{\"configFile\":\"Basic.json\",\"availableAssetSources\":\"*\",\"availableTransforms\":\"*\",\"cleanupHtml\":\"\",\"purifyHtml\":\"\",\"purifierConfig\":\"\",\"columnType\":\"mediumtext\"}', '2018-12-28 21:58:10', '2019-01-06 00:15:47', '339e32bc-3a9e-450d-9f20-829bd0d87a77'),
 ('48', '6', 'About Education', 'aboutEducation', 'global', '', '0', 'PlainText', '{\"placeholder\":\"\",\"maxLength\":\"\",\"multiline\":\"1\",\"initialRows\":\"4\"}', '2018-12-29 03:04:03', '2019-01-06 00:17:17', 'cb7776d2-5c59-4198-abc0-09322598028d'),
 ('49', '6', 'About Experience', 'aboutExperience', 'global', '', '0', 'Matrix', '{\"maxBlocks\":null}', '2018-12-29 03:43:54', '2019-01-06 00:17:23', '17af898d-6398-4d18-9cfb-2c787c2a7cf1'),
 ('50', NULL, 'Period', 'period', 'matrixBlockType:8', '', '0', 'PlainText', '{\"placeholder\":\"\",\"maxLength\":\"\",\"multiline\":\"\",\"initialRows\":\"4\"}', '2018-12-29 03:43:54', '2019-01-06 00:17:23', 'b5b6c4b7-3584-452d-ba6e-d7007159d7fb'),
 ('51', NULL, 'Position', 'position', 'matrixBlockType:8', '', '0', 'PlainText', '{\"placeholder\":\"\",\"maxLength\":\"\",\"multiline\":\"\",\"initialRows\":\"4\"}', '2018-12-29 03:43:54', '2019-01-06 00:17:23', '7d436b4a-7610-4b5f-ac19-3a420e6e401e'),
 ('52', NULL, 'Place', 'place', 'matrixBlockType:8', '', '0', 'PlainText', '{\"placeholder\":\"\",\"maxLength\":\"\",\"multiline\":\"1\",\"initialRows\":\"2\"}', '2018-12-29 03:43:54', '2019-01-06 00:17:23', '258b5c65-0664-46fc-b372-be165a2434c8'),
 ('53', '6', 'About Skills', 'aboutSkills', 'global', '', '0', 'Matrix', '{\"maxBlocks\":null}', '2018-12-29 03:58:58', '2019-01-06 00:17:08', 'ec6d2669-71d6-4a5f-90c4-a5f9d878a58c'),
 ('54', NULL, 'Heading', 'heading', 'matrixBlockType:9', '', '0', 'PlainText', '{\"placeholder\":\"\",\"maxLength\":\"\",\"multiline\":\"\",\"initialRows\":\"4\"}', '2018-12-29 03:58:58', '2019-01-06 00:17:08', '8bc41564-2599-456e-90b2-8c92d3a69773'),
 ('55', NULL, 'Details', 'details', 'matrixBlockType:9', '', '0', 'PlainText', '{\"placeholder\":\"\",\"maxLength\":\"\",\"multiline\":\"\",\"initialRows\":\"4\"}', '2018-12-29 03:58:58', '2019-01-06 00:17:08', '56d07206-c2be-40a1-8e58-3d675493561f'),
 ('56', '6', 'About Poem', 'aboutPoem', 'global', '', '0', 'RichText', '{\"configFile\":\"Basic.json\",\"availableAssetSources\":\"*\",\"availableTransforms\":\"*\",\"cleanupHtml\":\"\",\"purifyHtml\":\"\",\"purifierConfig\":\"\",\"columnType\":\"mediumtext\"}', '2019-01-03 16:48:54', '2019-01-06 00:17:01', '081713d4-7088-47a7-88b9-3ec279fe2c83'),
 ('57', '6', 'About Brief BKG Image', 'aboutBriefBkgImage', 'global', '', '0', 'Assets', '{\"useSingleFolder\":\"\",\"sources\":\"*\",\"defaultUploadLocationSource\":\"1\",\"defaultUploadLocationSubpath\":\"\",\"singleUploadLocationSource\":\"1\",\"singleUploadLocationSubpath\":\"\",\"restrictFiles\":\"\",\"limit\":\"1\",\"viewMode\":\"large\",\"selectionLabel\":\"Add an image\"}', '2019-01-06 00:19:19', '2019-01-06 00:22:29', '2e506e6e-c915-4a26-90ca-c09520756d3c'),
 ('58', '6', 'About Bio BKG Image', 'aboutBioBkgImage', 'global', '', '0', 'Assets', '{\"useSingleFolder\":\"\",\"sources\":\"*\",\"defaultUploadLocationSource\":\"1\",\"defaultUploadLocationSubpath\":\"\",\"singleUploadLocationSource\":\"1\",\"singleUploadLocationSubpath\":\"\",\"restrictFiles\":\"1\",\"allowedKinds\":[\"image\"],\"limit\":\"1\",\"viewMode\":\"large\",\"selectionLabel\":\"Add an image\"}', '2019-01-06 00:19:39', '2019-01-06 00:22:04', 'a91407be-1caf-40c8-8072-ac3529d76c94'),
 ('59', '6', 'About Social BKG Image', 'aboutSocialBkgImage', 'global', '', '0', 'Assets', '{\"useSingleFolder\":\"\",\"sources\":\"*\",\"defaultUploadLocationSource\":\"1\",\"defaultUploadLocationSubpath\":\"\",\"singleUploadLocationSource\":\"1\",\"singleUploadLocationSubpath\":\"\",\"restrictFiles\":\"1\",\"allowedKinds\":[\"image\"],\"limit\":\"1\",\"viewMode\":\"large\",\"selectionLabel\":\"Add an image\"}', '2019-01-06 00:20:52', '2019-01-06 00:22:45', 'e9d08191-323b-40fc-9886-d5b686ce5aef'),
 ('60', '7', 'Contact BKG Image', 'contactBkgImage', 'global', '', '0', 'Assets', '{\"useSingleFolder\":\"\",\"sources\":\"*\",\"defaultUploadLocationSource\":\"1\",\"defaultUploadLocationSubpath\":\"\",\"singleUploadLocationSource\":\"1\",\"singleUploadLocationSubpath\":\"\",\"restrictFiles\":\"1\",\"allowedKinds\":[\"image\"],\"limit\":\"1\",\"viewMode\":\"large\",\"selectionLabel\":\"Add an image\"}', '2019-01-06 00:34:37', '2019-01-06 00:34:37', 'a0cbeafe-e2f5-4700-8acb-c2593e543dae'),
 ('61', '8', 'Sky Elements', 'skyElements', 'global', '', '0', 'Matrix', '{\"maxBlocks\":null}', '2019-01-06 00:41:26', '2019-01-15 03:47:31', '97e6a32f-0c1b-4007-9c8d-26a6713fea05'),
 ('62', NULL, 'Image', 'image', 'matrixBlockType:10', '', '0', 'Assets', '{\"useSingleFolder\":\"\",\"sources\":\"*\",\"defaultUploadLocationSource\":\"1\",\"defaultUploadLocationSubpath\":\"\",\"singleUploadLocationSource\":\"1\",\"singleUploadLocationSubpath\":\"\",\"restrictFiles\":\"1\",\"allowedKinds\":[\"image\"],\"limit\":\"1\",\"viewMode\":\"large\",\"selectionLabel\":\"Add an image\"}', '2019-01-06 00:41:26', '2019-01-15 03:47:31', 'efc1b97b-fee7-4f81-b9a7-182f9072dfdf'),
 ('63', NULL, 'CSS', 'css', 'matrixBlockType:10', '', '0', 'PlainText', '{\"placeholder\":\"\",\"maxLength\":\"\",\"multiline\":\"1\",\"initialRows\":\"4\"}', '2019-01-06 00:47:27', '2019-01-15 03:47:31', '9fa40691-f49f-4771-a0cf-bc82d66879f5'),
 ('64', NULL, 'Depth', 'depth', 'matrixBlockType:10', '', '0', 'Number', '{\"min\":\"0\",\"max\":\"1\",\"decimals\":\"2\"}', '2019-01-06 00:47:27', '2019-01-15 03:47:31', '3e07930d-a00a-4364-a14a-dd3ec7bd625c'),
 ('65', '8', 'Sky BKG Image', 'skyBkgImage', 'global', '', '0', 'Assets', '{\"useSingleFolder\":\"\",\"sources\":\"*\",\"defaultUploadLocationSource\":\"1\",\"defaultUploadLocationSubpath\":\"\",\"singleUploadLocationSource\":\"1\",\"singleUploadLocationSubpath\":\"\",\"restrictFiles\":\"1\",\"allowedKinds\":[\"image\"],\"limit\":\"1\",\"viewMode\":\"large\",\"selectionLabel\":\"Add an image\"}', '2019-01-06 00:49:20', '2019-01-06 00:49:26', '8ff77824-aa05-466b-9e39-a9af0e4b93bc'),
 ('66', '9', 'Reel Video', 'reelVideo', 'global', '', '0', 'Videos_Video', NULL, '2019-01-22 04:17:06', '2019-01-22 04:17:06', '33f34331-2712-4c45-8295-1a1185e4c8fb'),
 ('67', '9', 'Reel Keywords', 'reelKeywords', 'global', '', '0', 'PlainText', '{\"placeholder\":\"\",\"maxLength\":\"\",\"multiline\":\"\",\"initialRows\":\"4\"}', '2019-01-22 04:20:36', '2019-01-22 04:20:43', '2d81471d-8596-4091-ace5-6897527386cd'),
 ('68', '9', 'Reel PDF', 'reelPdf', 'global', '', '0', 'Assets', '{\"useSingleFolder\":\"\",\"sources\":\"*\",\"defaultUploadLocationSource\":\"1\",\"defaultUploadLocationSubpath\":\"\",\"singleUploadLocationSource\":\"1\",\"singleUploadLocationSubpath\":\"\",\"restrictFiles\":\"1\",\"allowedKinds\":[\"pdf\"],\"limit\":\"1\",\"viewMode\":\"large\",\"selectionLabel\":\"Add a pdf\"}', '2019-01-22 04:22:02', '2019-01-22 04:22:22', '5bae9b3b-4676-406f-99e5-35183ea89bca'),
 ('69', '9', 'Reel Breakdown', 'reelBreakdown', 'global', '', '0', 'Matrix', '{\"maxBlocks\":null}', '2019-01-22 04:24:27', '2019-01-22 17:33:36', 'e2b1773c-597f-43e2-9540-d550f874059c'),
 ('70', NULL, 'Image', 'image', 'matrixBlockType:11', '', '0', 'Assets', '{\"useSingleFolder\":\"\",\"sources\":\"*\",\"defaultUploadLocationSource\":\"1\",\"defaultUploadLocationSubpath\":\"\",\"singleUploadLocationSource\":\"1\",\"singleUploadLocationSubpath\":\"\",\"restrictFiles\":\"1\",\"allowedKinds\":[\"image\"],\"limit\":\"1\",\"viewMode\":\"large\",\"selectionLabel\":\"Add an image\"}', '2019-01-22 04:24:27', '2019-01-22 17:33:36', '8dbc92f0-2d84-40e2-aedd-f77025cde7ca'),
 ('71', NULL, 'Client', 'client', 'matrixBlockType:11', '', '0', 'PlainText', '{\"placeholder\":\"\",\"maxLength\":\"\",\"multiline\":\"\",\"initialRows\":\"4\"}', '2019-01-22 17:17:49', '2019-01-22 17:33:36', '4efb03c0-7831-4c29-b95a-a40ffea63896'),
 ('72', NULL, 'Project', 'project', 'matrixBlockType:11', '', '0', 'PlainText', '{\"placeholder\":\"\",\"maxLength\":\"\",\"multiline\":\"\",\"initialRows\":\"4\"}', '2019-01-22 17:17:49', '2019-01-22 17:33:36', '6d8a6950-5984-40c2-926a-73aa754ec549'),
 ('73', NULL, 'Keywords', 'keywords', 'matrixBlockType:11', '', '0', 'PlainText', '{\"placeholder\":\"\",\"maxLength\":\"\",\"multiline\":\"\",\"initialRows\":\"4\"}', '2019-01-22 17:18:37', '2019-01-22 17:33:36', '7d70168c-6f86-42b0-b9b7-7ca57eba0118'),
 ('74', NULL, 'Time', 'time', 'matrixBlockType:11', '', '0', 'PlainText', '{\"placeholder\":\"\",\"maxLength\":\"\",\"multiline\":\"\",\"initialRows\":\"4\"}', '2019-01-22 17:21:38', '2019-01-22 17:33:36', '72b388d6-0628-427b-9b95-181beb2d9a9b');



DROP TABLE IF EXISTS `craft_globalsets`;


--
-- Schema for table `craft_globalsets`
--
CREATE TABLE `craft_globalsets` (
  `id` int(11) NOT NULL,
  `name` varchar(255) COLLATE utf8_unicode_ci NOT NULL,
  `handle` varchar(255) COLLATE utf8_unicode_ci NOT NULL,
  `fieldLayoutId` int(10) DEFAULT NULL,
  `dateCreated` datetime NOT NULL,
  `dateUpdated` datetime NOT NULL,
  `uid` char(36) COLLATE utf8_unicode_ci NOT NULL DEFAULT '0',
  PRIMARY KEY (`id`),
  UNIQUE KEY `craft_globalsets_name_unq_idx` (`name`),
  UNIQUE KEY `craft_globalsets_handle_unq_idx` (`handle`),
  KEY `craft_globalsets_fieldLayoutId_fk` (`fieldLayoutId`)
) ENGINE=InnoDB DEFAULT CHARSET=utf8 COLLATE=utf8_unicode_ci;

DROP TABLE IF EXISTS `craft_info`;


--
-- Schema for table `craft_info`
--
CREATE TABLE `craft_info` (
  `id` int(11) NOT NULL AUTO_INCREMENT,
  `version` varchar(50) COLLATE utf8_unicode_ci NOT NULL,
  `schemaVersion` varchar(15) COLLATE utf8_unicode_ci NOT NULL,
  `edition` tinyint(1) unsigned NOT NULL DEFAULT '0',
  `siteName` varchar(100) COLLATE utf8_unicode_ci NOT NULL,
  `siteUrl` varchar(255) COLLATE utf8_unicode_ci NOT NULL,
  `timezone` varchar(30) COLLATE utf8_unicode_ci DEFAULT NULL,
  `on` tinyint(1) unsigned NOT NULL DEFAULT '0',
  `maintenance` tinyint(1) unsigned NOT NULL DEFAULT '0',
  `dateCreated` datetime NOT NULL,
  `dateUpdated` datetime NOT NULL,
  `uid` char(36) COLLATE utf8_unicode_ci NOT NULL DEFAULT '0',
  PRIMARY KEY (`id`)
) ENGINE=InnoDB AUTO_INCREMENT=2 DEFAULT CHARSET=utf8 COLLATE=utf8_unicode_ci;

--
-- Data for table `craft_info`
--

INSERT INTO `craft_info` (`id`, `version`, `schemaVersion`, `edition`, `siteName`, `siteUrl`, `timezone`, `on`, `maintenance`, `dateCreated`, `dateUpdated`, `uid`) VALUES
 ('1', '2.7.4', '2.6.14', '0', 'Xiaoxiao', 'http://soup.yi.works', 'America/New_York', '1', '1', '2016-08-20 17:42:11', '2019-02-27 01:48:09', '5a44bfb8-f02a-4a41-97da-51bda94f8117');



DROP TABLE IF EXISTS `craft_locales`;


--
-- Schema for table `craft_locales`
--
CREATE TABLE `craft_locales` (
  `locale` char(12) COLLATE utf8_unicode_ci NOT NULL,
  `sortOrder` smallint(6) unsigned DEFAULT NULL,
  `dateCreated` datetime NOT NULL,
  `dateUpdated` datetime NOT NULL,
  `uid` char(36) COLLATE utf8_unicode_ci NOT NULL DEFAULT '0',
  PRIMARY KEY (`locale`),
  KEY `craft_locales_sortOrder_idx` (`sortOrder`)
) ENGINE=InnoDB DEFAULT CHARSET=utf8 COLLATE=utf8_unicode_ci;

--
-- Data for table `craft_locales`
--

INSERT INTO `craft_locales` (`locale`, `sortOrder`, `dateCreated`, `dateUpdated`, `uid`) VALUES
 ('en_us', '1', '2016-08-20 17:42:12', '2016-08-20 17:42:12', 'b316a19a-228b-4ff7-bec9-8506372d1702');



DROP TABLE IF EXISTS `craft_matrixblocks`;


--
-- Schema for table `craft_matrixblocks`
--
CREATE TABLE `craft_matrixblocks` (
  `id` int(11) NOT NULL,
  `ownerId` int(11) NOT NULL,
  `fieldId` int(11) NOT NULL,
  `typeId` int(11) DEFAULT NULL,
  `sortOrder` smallint(6) unsigned DEFAULT NULL,
  `ownerLocale` char(12) COLLATE utf8_unicode_ci DEFAULT NULL,
  `dateCreated` datetime NOT NULL,
  `dateUpdated` datetime NOT NULL,
  `uid` char(36) COLLATE utf8_unicode_ci NOT NULL DEFAULT '0',
  PRIMARY KEY (`id`),
  KEY `craft_matrixblocks_ownerId_idx` (`ownerId`),
  KEY `craft_matrixblocks_fieldId_idx` (`fieldId`),
  KEY `craft_matrixblocks_typeId_idx` (`typeId`),
  KEY `craft_matrixblocks_sortOrder_idx` (`sortOrder`),
  KEY `craft_matrixblocks_ownerLocale_fk` (`ownerLocale`)
) ENGINE=InnoDB DEFAULT CHARSET=utf8 COLLATE=utf8_unicode_ci;

--
-- Data for table `craft_matrixblocks`
--

INSERT INTO `craft_matrixblocks` (`id`, `ownerId`, `fieldId`, `typeId`, `sortOrder`, `ownerLocale`, `dateCreated`, `dateUpdated`, `uid`) VALUES
 ('206', '153', '10', '4', '1', NULL, '2017-12-02 03:26:38', '2018-12-27 20:12:52', 'b7cc3c26-94be-4134-9e88-70664c5e0b29'),
 ('207', '153', '10', '4', '2', NULL, '2017-12-02 03:26:38', '2018-12-27 20:12:52', '9efc69d8-07c9-4ece-b343-bcbac204e9b6'),
 ('208', '153', '11', '5', '1', NULL, '2017-12-02 03:28:07', '2018-12-27 20:12:52', 'b07b9e1d-da47-42f1-a320-b004a7e532f1'),
 ('209', '153', '11', '5', '2', NULL, '2017-12-02 03:28:07', '2018-12-27 20:12:52', '54e7acd5-d5c3-4478-a199-151370812916'),
 ('211', '210', '10', '4', '1', NULL, '2017-12-03 04:00:36', '2018-12-27 20:12:46', '4bd51de7-8c6a-4767-8f65-f8bd02038206'),
 ('212', '210', '11', '5', '1', NULL, '2017-12-03 04:00:36', '2018-12-27 20:12:46', 'a052a810-58d5-4db9-9511-83dc8359a685'),
 ('213', '210', '11', '5', '2', NULL, '2017-12-03 04:00:36', '2018-12-27 20:12:46', 'f695cd6e-0e8e-46fd-b5aa-72baa7ccdf6f'),
 ('214', '210', '11', '5', '3', NULL, '2017-12-03 04:00:36', '2018-12-27 20:12:46', '50e12fe8-e3e3-4df1-8af5-6847c67534ff'),
 ('215', '210', '11', '5', '4', NULL, '2017-12-03 04:00:36', '2018-12-27 20:12:46', 'e9ad7bc0-7e2a-4e76-aa59-fc2837916b42'),
 ('216', '210', '11', '5', '5', NULL, '2017-12-03 04:00:36', '2018-12-27 20:12:46', 'b45d4580-8fca-4089-b188-2e60d309d3e3'),
 ('243', '210', '38', '7', '1', NULL, '2018-12-25 21:30:46', '2018-12-27 20:12:46', 'c803498b-b413-402d-8682-a21eda219d4d'),
 ('244', '210', '38', '6', '2', NULL, '2018-12-25 21:30:46', '2018-12-27 20:12:46', 'e2da1284-a41b-4285-8c52-33baea062a39'),
 ('245', '210', '38', '6', '3', NULL, '2018-12-25 21:30:46', '2018-12-27 20:12:46', 'ae3aec35-db88-4f73-9c42-419a2b9c7cc9'),
 ('246', '153', '38', '6', '1', NULL, '2018-12-25 21:33:15', '2018-12-27 20:12:52', '74e58bd7-f30a-4efb-8e50-cfdb02d905b3'),
 ('247', '153', '38', '7', '3', NULL, '2018-12-25 21:33:15', '2018-12-27 20:12:52', '7f2b9a35-9b2a-4f6d-a8df-49c60b8472e3'),
 ('248', '153', '38', '6', '2', NULL, '2018-12-25 21:33:15', '2018-12-27 20:12:52', '986b333b-0dc0-44b3-942b-d6742492a9b7'),
 ('249', '177', '38', '6', '1', NULL, '2018-12-25 23:13:03', '2018-12-25 23:13:03', '877fbab9-66a9-47cd-b4aa-9df294330153'),
 ('250', '176', '38', '6', '1', NULL, '2018-12-25 23:13:23', '2018-12-25 23:13:23', '4ce0b2b9-1c37-4a4f-934f-cdef78a1b3a0'),
 ('251', '187', '38', '6', '1', NULL, '2018-12-25 23:13:51', '2018-12-25 23:13:51', 'c7c8ea71-06a3-4bd2-8565-5a0f3965c42b'),
 ('252', '179', '38', '6', '1', NULL, '2018-12-26 01:45:19', '2018-12-26 03:50:05', 'd55cba80-1b97-4022-be45-f3256ed88a01'),
 ('253', '180', '38', '7', '1', NULL, '2018-12-26 03:09:11', '2018-12-26 03:09:11', '22c6d413-0f5e-48fd-9d23-c6767c44e18b'),
 ('254', '179', '38', '7', '2', NULL, '2018-12-26 03:50:05', '2018-12-26 03:50:05', '319cade7-63f5-4043-8b65-60a2a74c21b2'),
 ('255', '188', '38', '6', '1', NULL, '2018-12-26 17:05:03', '2018-12-26 17:05:03', 'b2a37c04-fd26-4caa-9ed5-62afd2b92032'),
 ('256', '178', '38', '6', '1', NULL, '2018-12-26 17:05:42', '2018-12-26 17:05:42', '010ad023-db04-4645-819b-04fb9fa3d676'),
 ('257', '186', '38', '6', '1', NULL, '2018-12-26 17:06:06', '2018-12-26 17:06:06', 'b7b6454a-f5ef-4181-b5c8-5f96d7760009'),
 ('258', '189', '38', '6', '1', NULL, '2018-12-26 17:06:25', '2018-12-26 17:06:28', 'a7fafbd6-ca15-4b1b-8135-3396437c9142'),
 ('259', '190', '38', '6', '1', NULL, '2018-12-26 17:06:44', '2018-12-26 17:06:44', 'dc7c4b9d-2747-40ed-b436-0cbc07cbe21a'),
 ('266', '154', '38', '7', '1', NULL, '2018-12-27 20:14:19', '2018-12-27 20:28:53', '44b1c143-b98b-4a3c-9137-d282e1711a29'),
 ('267', '154', '38', '6', '2', NULL, '2018-12-27 20:14:19', '2018-12-27 20:28:53', 'ffe2710d-af19-4021-afc0-fbcd42cbdd2a'),
 ('268', '264', '53', '9', '1', NULL, '2018-12-29 04:06:09', '2019-01-14 03:32:32', 'c7e19a83-6837-4728-9b6f-253aa5ffb5f8'),
 ('269', '264', '53', '9', '2', NULL, '2018-12-29 04:06:09', '2019-01-14 03:32:32', 'b96ff6c4-9344-435d-bd41-4c51d41d8810'),
 ('270', '264', '53', '9', '3', NULL, '2018-12-29 04:06:09', '2019-01-14 03:32:32', 'ddcf6923-0d46-4f2c-b547-7039c3979861'),
 ('271', '264', '49', '8', '1', NULL, '2018-12-29 04:11:50', '2019-01-14 03:32:32', 'a31c914a-c9ed-4a29-835d-4d044bdc621c'),
 ('272', '264', '49', '8', '2', NULL, '2018-12-29 04:11:50', '2019-01-14 03:32:32', '3a86026a-e031-44f0-bef2-68c447f9c320'),
 ('273', '264', '49', '8', '3', NULL, '2018-12-29 04:11:50', '2019-01-14 03:32:32', '665a5ae7-6501-4d84-a8a4-9b4a2f32b930'),
 ('274', '264', '49', '8', '4', NULL, '2018-12-29 04:11:50', '2019-01-14 03:32:32', '5cd8d4b1-057c-4d4d-922d-7fc14d1a16a2'),
 ('298', '275', '61', '10', '1', NULL, '2019-01-06 01:02:52', '2019-01-22 04:00:10', '15eac91a-aa41-4f6e-abb6-3fef6231b6c7'),
 ('299', '275', '61', '10', '9', NULL, '2019-01-06 01:02:52', '2019-01-22 04:00:10', '4da650f0-4787-4cab-b792-532d866fbb57'),
 ('300', '275', '61', '10', '4', NULL, '2019-01-06 01:06:06', '2019-01-22 04:00:10', '5e326488-e96c-4e5e-8b00-6a545cf57635'),
 ('301', '275', '61', '10', '7', NULL, '2019-01-06 01:06:06', '2019-01-22 04:00:10', 'dbabde1d-98d1-48bb-985f-f7170b8bc846'),
 ('302', '275', '61', '10', '11', NULL, '2019-01-06 01:06:06', '2019-01-22 04:00:10', '4c4d32ed-52f0-40d8-876d-2a80256cc947'),
 ('303', '275', '61', '10', '2', NULL, '2019-01-06 01:07:12', '2019-01-22 04:00:10', '18ab492e-38f6-44ef-9ec9-905f9c7a1537'),
 ('304', '275', '61', '10', '6', NULL, '2019-01-06 01:11:48', '2019-01-22 04:00:10', 'd05fc149-4b0f-47c3-b579-57db2f270003'),
 ('305', '275', '61', '10', '10', NULL, '2019-01-06 01:11:49', '2019-01-22 04:00:10', '5d91cea2-5a1c-4f60-a36b-d1a17915a38a'),
 ('306', '275', '61', '10', '12', NULL, '2019-01-06 01:11:49', '2019-01-22 04:00:10', '0f6e2ea5-6a58-4328-9e5e-4206be889c73'),
 ('307', '275', '61', '10', '13', NULL, '2019-01-06 01:11:49', '2019-01-22 04:00:10', '906a8ff4-365d-4df3-a8f7-c82306464498'),
 ('308', '275', '61', '10', '14', NULL, '2019-01-06 01:11:49', '2019-01-22 04:00:10', 'db433473-049c-462d-8ea3-bf41b4af21ba'),
 ('309', '275', '61', '10', '3', NULL, '2019-01-06 01:12:33', '2019-01-22 04:00:10', '812208da-8803-45ee-a7f0-5141e664b9a2'),
 ('310', '275', '61', '10', '5', NULL, '2019-01-06 01:13:15', '2019-01-22 04:00:10', '21df0f14-b348-4fb1-9957-6a5fc5f7d4f5'),
 ('322', '275', '61', '10', '8', NULL, '2019-01-15 02:39:08', '2019-01-22 04:00:10', '041cdeb3-6099-4a69-97f1-885ea0f49423'),
 ('324', '323', '69', '11', '1', NULL, '2019-01-22 17:33:23', '2019-01-22 17:34:10', 'cf62cfa2-83d5-44bb-a1ff-07f0a770772c');



DROP TABLE IF EXISTS `craft_matrixblocktypes`;


--
-- Schema for table `craft_matrixblocktypes`
--
CREATE TABLE `craft_matrixblocktypes` (
  `id` int(11) NOT NULL AUTO_INCREMENT,
  `fieldId` int(11) NOT NULL,
  `fieldLayoutId` int(11) DEFAULT NULL,
  `name` varchar(255) COLLATE utf8_unicode_ci NOT NULL,
  `handle` varchar(255) COLLATE utf8_unicode_ci NOT NULL,
  `sortOrder` smallint(6) unsigned DEFAULT NULL,
  `dateCreated` datetime NOT NULL,
  `dateUpdated` datetime NOT NULL,
  `uid` char(36) COLLATE utf8_unicode_ci NOT NULL DEFAULT '0',
  PRIMARY KEY (`id`),
  UNIQUE KEY `craft_matrixblocktypes_name_fieldId_unq_idx` (`name`,`fieldId`),
  UNIQUE KEY `craft_matrixblocktypes_handle_fieldId_unq_idx` (`handle`,`fieldId`),
  KEY `craft_matrixblocktypes_fieldId_fk` (`fieldId`),
  KEY `craft_matrixblocktypes_fieldLayoutId_fk` (`fieldLayoutId`)
) ENGINE=InnoDB AUTO_INCREMENT=12 DEFAULT CHARSET=utf8 COLLATE=utf8_unicode_ci;

--
-- Data for table `craft_matrixblocktypes`
--

INSERT INTO `craft_matrixblocktypes` (`id`, `fieldId`, `fieldLayoutId`, `name`, `handle`, `sortOrder`, `dateCreated`, `dateUpdated`, `uid`) VALUES
 ('4', '10', '65', 'Role', 'role', '1', '2017-12-02 03:25:49', '2017-12-02 03:25:49', '30113334-fcf9-4b84-a6f4-2d89889d6ae3'),
 ('5', '11', '68', 'Skill', 'skill', '1', '2017-12-02 03:27:27', '2017-12-02 04:54:04', 'c296c85f-4c1d-4664-88d9-9f9ea9344150'),
 ('6', '38', '91', 'Gallery', 'gallery', '2', '2018-12-25 21:11:46', '2018-12-25 21:27:47', '32a209df-254c-45fb-b13b-064941b01def'),
 ('7', '38', '90', 'Video', 'video', '1', '2018-12-25 21:11:46', '2018-12-25 21:27:47', '53b89b25-fc3c-4385-a1f0-c64664280d7c'),
 ('8', '49', '124', 'Experience', 'experience', '1', '2018-12-29 03:43:54', '2019-01-06 00:17:23', 'c785fdf8-046e-44ba-af33-ef749d4c7d02'),
 ('9', '53', '123', 'Skill', 'skill', '1', '2018-12-29 03:58:58', '2019-01-06 00:17:08', 'a65ec998-dbb5-48a1-a45c-6c810ecbd286'),
 ('10', '61', '137', 'element', 'element', '1', '2019-01-06 00:41:26', '2019-01-15 03:47:31', '5562fcd5-b438-4cb9-9508-b530e454a62c'),
 ('11', '69', '146', 'Breakdown', 'breakdown', '1', '2019-01-22 04:24:27', '2019-01-22 17:33:36', 'ca7523a5-8001-40ab-8228-2b12f1c9a1e9');



DROP TABLE IF EXISTS `craft_matrixcontent_aboutexperience`;


--
-- Schema for table `craft_matrixcontent_aboutexperience`
--
CREATE TABLE `craft_matrixcontent_aboutexperience` (
  `id` int(11) NOT NULL AUTO_INCREMENT,
  `elementId` int(11) NOT NULL,
  `locale` char(12) COLLATE utf8_unicode_ci NOT NULL,
  `field_experience_period` text COLLATE utf8_unicode_ci,
  `field_experience_position` text COLLATE utf8_unicode_ci,
  `field_experience_place` text COLLATE utf8_unicode_ci,
  `dateCreated` datetime NOT NULL,
  `dateUpdated` datetime NOT NULL,
  `uid` char(36) COLLATE utf8_unicode_ci NOT NULL DEFAULT '0',
  PRIMARY KEY (`id`),
  UNIQUE KEY `craft_matrixcontent_aboutexperience_elementId_locale_unq_idx` (`elementId`,`locale`),
  KEY `craft_matrixcontent_aboutexperience_locale_idx` (`locale`)
) ENGINE=InnoDB AUTO_INCREMENT=5 DEFAULT CHARSET=utf8 COLLATE=utf8_unicode_ci;

--
-- Data for table `craft_matrixcontent_aboutexperience`
--

INSERT INTO `craft_matrixcontent_aboutexperience` (`id`, `elementId`, `locale`, `field_experience_period`, `field_experience_position`, `field_experience_place`, `dateCreated`, `dateUpdated`, `uid`) VALUES
 ('1', '271', 'en_us', '2015-present', 'Compositor and Motion graphics Artist, Freelance', 'Companies include Hornet, Gretel, Mighty Oak, Ghost Robot, Ogilvy & Mather...\r\nNew York', '2018-12-29 04:11:50', '2019-01-14 03:32:32', '55e46bdb-a0e5-43ad-aa40-0c5e33de16f2'),
 ('2', '272', 'en_us', '2014/9-2015/5', 'Compositor, full-time Intern', 'Hornet Inc. New York', '2018-12-29 04:11:50', '2019-01-14 03:32:32', 'b6f72238-57ec-42f8-9f1a-eb4a7639f05d'),
 ('3', '273', 'en_us', '2014/6-8', 'Compositor, full-time Freelance', 'Eastern TV, New York', '2018-12-29 04:11:50', '2019-01-14 03:32:32', 'f3ca181a-7ca3-41b8-b7e5-7cbcd1c130d1'),
 ('4', '274', 'en_us', '2012-2014', 'Stop-motion Artist', 'Flick Book Studio, New York', '2018-12-29 04:11:50', '2019-01-14 03:32:32', '9bca4edc-26ee-4641-8141-d3bd287c03be');



DROP TABLE IF EXISTS `craft_matrixcontent_aboutskills`;


--
-- Schema for table `craft_matrixcontent_aboutskills`
--
CREATE TABLE `craft_matrixcontent_aboutskills` (
  `id` int(11) NOT NULL AUTO_INCREMENT,
  `elementId` int(11) NOT NULL,
  `locale` char(12) COLLATE utf8_unicode_ci NOT NULL,
  `field_skill_heading` text COLLATE utf8_unicode_ci,
  `field_skill_details` text COLLATE utf8_unicode_ci,
  `dateCreated` datetime NOT NULL,
  `dateUpdated` datetime NOT NULL,
  `uid` char(36) COLLATE utf8_unicode_ci NOT NULL DEFAULT '0',
  PRIMARY KEY (`id`),
  UNIQUE KEY `craft_matrixcontent_aboutskills_elementId_locale_unq_idx` (`elementId`,`locale`),
  KEY `craft_matrixcontent_aboutskills_locale_idx` (`locale`)
) ENGINE=InnoDB AUTO_INCREMENT=4 DEFAULT CHARSET=utf8 COLLATE=utf8_unicode_ci;

--
-- Data for table `craft_matrixcontent_aboutskills`
--

INSERT INTO `craft_matrixcontent_aboutskills` (`id`, `elementId`, `locale`, `field_skill_heading`, `field_skill_details`, `dateCreated`, `dateUpdated`, `uid`) VALUES
 ('1', '268', 'en_us', 'AE Compositing', 'VFX, Tracking, Color Keying, Color Shading, Stabilization,  Clean up, Rotoscoping..', '2018-12-29 04:06:09', '2019-01-14 03:32:32', 'ed2a8977-1314-4dff-9b51-1119b3a7766d'),
 ('2', '269', 'en_us', 'Motion Graphics', 'After Effects, Premiere, Photoshop, Illustrator', '2018-12-29 04:06:09', '2019-01-14 03:32:32', '8d0a7109-d15b-464c-a1ef-7e75dcb24835'),
 ('3', '270', 'en_us', 'Stop Motion', 'Dragon Frame', '2018-12-29 04:06:09', '2019-01-14 03:32:32', 'f8664651-66b2-427a-a378-37513ae09ec9');



DROP TABLE IF EXISTS `craft_matrixcontent_commlworkrolelist`;


--
-- Schema for table `craft_matrixcontent_commlworkrolelist`
--
CREATE TABLE `craft_matrixcontent_commlworkrolelist` (
  `id` int(11) NOT NULL AUTO_INCREMENT,
  `elementId` int(11) NOT NULL,
  `locale` char(12) COLLATE utf8_unicode_ci NOT NULL,
  `field_role_role` text COLLATE utf8_unicode_ci,
  `dateCreated` datetime NOT NULL,
  `dateUpdated` datetime NOT NULL,
  `uid` char(36) COLLATE utf8_unicode_ci NOT NULL DEFAULT '0',
  PRIMARY KEY (`id`),
  UNIQUE KEY `craft_matrixcontent_commlworkrolelist_elementId_locale_unq_idx` (`elementId`,`locale`),
  KEY `craft_matrixcontent_commlworkrolelist_locale_idx` (`locale`)
) ENGINE=InnoDB DEFAULT CHARSET=utf8 COLLATE=utf8_unicode_ci;

DROP TABLE IF EXISTS `craft_matrixcontent_commlworkroles`;


--
-- Schema for table `craft_matrixcontent_commlworkroles`
--
CREATE TABLE `craft_matrixcontent_commlworkroles` (
  `id` int(11) NOT NULL AUTO_INCREMENT,
  `elementId` int(11) NOT NULL,
  `locale` char(12) COLLATE utf8_unicode_ci NOT NULL,
  `field_role_role` text COLLATE utf8_unicode_ci,
  `dateCreated` datetime NOT NULL,
  `dateUpdated` datetime NOT NULL,
  `uid` char(36) COLLATE utf8_unicode_ci NOT NULL DEFAULT '0',
  PRIMARY KEY (`id`),
  UNIQUE KEY `craft_matrixcontent_commlworkroles_elementId_locale_unq_idx` (`elementId`,`locale`),
  KEY `craft_matrixcontent_commlworkroles_locale_fk` (`locale`)
) ENGINE=InnoDB AUTO_INCREMENT=4 DEFAULT CHARSET=utf8 COLLATE=utf8_unicode_ci;

--
-- Data for table `craft_matrixcontent_commlworkroles`
--

INSERT INTO `craft_matrixcontent_commlworkroles` (`id`, `elementId`, `locale`, `field_role_role`, `dateCreated`, `dateUpdated`, `uid`) VALUES
 ('1', '206', 'en_us', 'Compositor', '2017-12-02 03:26:38', '2018-12-27 20:12:52', '58304df3-61f4-4712-b64a-1a842016677c'),
 ('2', '207', 'en_us', 'Colorist', '2017-12-02 03:26:38', '2018-12-27 20:12:52', '426c8abb-2819-49c3-9c15-7819429bd9b2'),
 ('3', '211', 'en_us', 'Compositor', '2017-12-03 04:00:36', '2018-12-27 20:12:46', '6ff89913-0931-4bed-b2cf-87b444b785f8');



DROP TABLE IF EXISTS `craft_matrixcontent_commlworkskilllist`;


--
-- Schema for table `craft_matrixcontent_commlworkskilllist`
--
CREATE TABLE `craft_matrixcontent_commlworkskilllist` (
  `id` int(11) NOT NULL AUTO_INCREMENT,
  `elementId` int(11) NOT NULL,
  `locale` char(12) COLLATE utf8_unicode_ci NOT NULL,
  `field_skill_skill` text COLLATE utf8_unicode_ci,
  `dateCreated` datetime NOT NULL,
  `dateUpdated` datetime NOT NULL,
  `uid` char(36) COLLATE utf8_unicode_ci NOT NULL DEFAULT '0',
  PRIMARY KEY (`id`),
  UNIQUE KEY `craft_matrixcontent_commlworkskilllist_elementId_locale_unq_idx` (`elementId`,`locale`),
  KEY `craft_matrixcontent_commlworkskilllist_locale_fk` (`locale`)
) ENGINE=InnoDB DEFAULT CHARSET=utf8 COLLATE=utf8_unicode_ci;

DROP TABLE IF EXISTS `craft_matrixcontent_commlworkskills`;


--
-- Schema for table `craft_matrixcontent_commlworkskills`
--
CREATE TABLE `craft_matrixcontent_commlworkskills` (
  `id` int(11) NOT NULL AUTO_INCREMENT,
  `elementId` int(11) NOT NULL,
  `locale` char(12) COLLATE utf8_unicode_ci NOT NULL,
  `field_skill_skill` text COLLATE utf8_unicode_ci,
  `dateCreated` datetime NOT NULL,
  `dateUpdated` datetime NOT NULL,
  `uid` char(36) COLLATE utf8_unicode_ci NOT NULL DEFAULT '0',
  PRIMARY KEY (`id`),
  UNIQUE KEY `craft_matrixcontent_commlworkskills_elementId_locale_unq_idx` (`elementId`,`locale`),
  KEY `craft_matrixcontent_commlworkskills_locale_idx` (`locale`)
) ENGINE=InnoDB AUTO_INCREMENT=8 DEFAULT CHARSET=utf8 COLLATE=utf8_unicode_ci;

--
-- Data for table `craft_matrixcontent_commlworkskills`
--

INSERT INTO `craft_matrixcontent_commlworkskills` (`id`, `elementId`, `locale`, `field_skill_skill`, `dateCreated`, `dateUpdated`, `uid`) VALUES
 ('1', '208', 'en_us', '2D Animation', '2017-12-02 03:28:07', '2018-12-27 20:12:52', 'f05a95f9-b871-4373-982e-f351b60f0f5f'),
 ('2', '209', 'en_us', 'Short Films', '2017-12-02 03:28:07', '2018-12-27 20:12:52', '402b9f79-791f-46b5-9dfc-6c9324a15a74'),
 ('3', '212', 'en_us', 'AE Compositing', '2017-12-03 04:00:36', '2018-12-27 20:12:46', 'b5f726f2-36e5-4f9a-bd6f-9282063adfd5'),
 ('4', '213', 'en_us', 'Tracking', '2017-12-03 04:00:36', '2018-12-27 20:12:46', '2a9e7e48-9adc-4cfc-a6db-6052760b8aa2'),
 ('5', '214', 'en_us', 'Green Screen', '2017-12-03 04:00:36', '2018-12-27 20:12:46', 'd8b230ff-4591-4a02-8141-f127ea9e3cdf'),
 ('6', '215', 'en_us', 'Clean Up', '2017-12-03 04:00:36', '2018-12-27 20:12:46', '9cfe078d-f120-4564-9446-f5fcc27ff533'),
 ('7', '216', 'en_us', 'VFX', '2017-12-03 04:00:36', '2018-12-27 20:12:46', '3d01e1ec-6f4e-4d24-b9ea-ebd86f56c96a');



DROP TABLE IF EXISTS `craft_matrixcontent_reelbreakdown`;


--
-- Schema for table `craft_matrixcontent_reelbreakdown`
--
CREATE TABLE `craft_matrixcontent_reelbreakdown` (
  `id` int(11) NOT NULL AUTO_INCREMENT,
  `elementId` int(11) NOT NULL,
  `locale` char(12) COLLATE utf8_unicode_ci NOT NULL,
  `field_breakdown_client` text COLLATE utf8_unicode_ci,
  `field_breakdown_project` text COLLATE utf8_unicode_ci,
  `field_breakdown_keywords` text COLLATE utf8_unicode_ci,
  `field_breakdown_time` text COLLATE utf8_unicode_ci,
  `dateCreated` datetime NOT NULL,
  `dateUpdated` datetime NOT NULL,
  `uid` char(36) COLLATE utf8_unicode_ci NOT NULL DEFAULT '0',
  PRIMARY KEY (`id`),
  UNIQUE KEY `craft_matrixcontent_reelbreakdown_elementId_locale_unq_idx` (`elementId`,`locale`),
  KEY `craft_matrixcontent_reelbreakdown_locale_fk` (`locale`)
) ENGINE=InnoDB AUTO_INCREMENT=2 DEFAULT CHARSET=utf8 COLLATE=utf8_unicode_ci;

--
-- Data for table `craft_matrixcontent_reelbreakdown`
--

INSERT INTO `craft_matrixcontent_reelbreakdown` (`id`, `elementId`, `locale`, `field_breakdown_client`, `field_breakdown_project`, `field_breakdown_keywords`, `field_breakdown_time`, `dateCreated`, `dateUpdated`, `uid`) VALUES
 ('1', '324', 'en_us', 'BOSCH', 'Stop The RoadKill', 'Compositing | Rotoscoping | Clean up', '01:42 - 01:43', '2019-01-22 17:33:23', '2019-01-22 17:34:10', 'eb37e0a2-8a29-4cf0-b78e-9b23aec7c89a');



DROP TABLE IF EXISTS `craft_matrixcontent_skyelements`;


--
-- Schema for table `craft_matrixcontent_skyelements`
--
CREATE TABLE `craft_matrixcontent_skyelements` (
  `id` int(11) NOT NULL AUTO_INCREMENT,
  `elementId` int(11) NOT NULL,
  `locale` char(12) COLLATE utf8_unicode_ci NOT NULL,
  `field_element_css` text COLLATE utf8_unicode_ci,
  `field_element_depth` decimal(3,2) unsigned DEFAULT '0.00',
  `dateCreated` datetime NOT NULL,
  `dateUpdated` datetime NOT NULL,
  `uid` char(36) COLLATE utf8_unicode_ci NOT NULL DEFAULT '0',
  PRIMARY KEY (`id`),
  UNIQUE KEY `craft_matrixcontent_skyelements_elementId_locale_unq_idx` (`elementId`,`locale`),
  KEY `craft_matrixcontent_skyelements_locale_fk` (`locale`)
) ENGINE=InnoDB AUTO_INCREMENT=16 DEFAULT CHARSET=utf8 COLLATE=utf8_unicode_ci;

--
-- Data for table `craft_matrixcontent_skyelements`
--

INSERT INTO `craft_matrixcontent_skyelements` (`id`, `elementId`, `locale`, `field_element_css`, `field_element_depth`, `dateCreated`, `dateUpdated`, `uid`) VALUES
 ('2', '298', 'en_us', 'position: absolute;\r\nbottom: 0;\r\nleft: 50%;\r\nheight: 82%;\r\ntransform: translate(-50%,1%);', '0.06', '2019-01-06 01:02:52', '2019-01-22 04:00:10', 'a784deea-d96c-4bfe-875d-e9fbf7eed951'),
 ('3', '299', 'en_us', '    position: absolute;\r\n    top: 0;\r\n    left: 50%;\r\n    height: 20%;\r\n    transform: translate(-170%,20%);', '0.40', '2019-01-06 01:02:52', '2019-01-22 04:00:10', '118460fe-59bf-44bf-9868-dfbac4622da9'),
 ('4', '300', 'en_us', '    position: absolute;\r\n    bottom: 0;\r\n    left: 50%;\r\n    height: 12%;\r\n    transform: translate(-500%,-100%);', '0.30', '2019-01-06 01:06:06', '2019-01-22 04:00:10', '0875b641-e412-4387-a809-a8fef899874d'),
 ('5', '301', 'en_us', '    position: absolute;\r\n    top: 0;\r\n    left: 50%;\r\n    height: 12%;\r\n    transform: translate(-400%, 120%);', '0.20', '2019-01-06 01:06:06', '2019-01-22 04:00:10', '5683e207-864c-4821-9671-9c1b1aec83ad'),
 ('6', '302', 'en_us', '    position: absolute;\r\n    top: 0;\r\n    left: 50%;\r\n    height: 6%;\r\n    transform: translate(-1130%, 350%);', '0.10', '2019-01-06 01:06:06', '2019-01-22 04:00:10', '4f3554e6-7daa-4b69-a145-a91a9838145f'),
 ('7', '303', 'en_us', '    position: absolute;\r\n    top: 0;\r\n    left: 50%;\r\n    height: 6%;\r\n    transform: translate(35%,240%);', '0.03', '2019-01-06 01:07:12', '2019-01-22 04:00:10', '6600e4ad-3b11-40da-8521-517c4a2b89a1'),
 ('8', '304', 'en_us', '    position: absolute;\r\n    bottom: 0;\r\n    left: 50%;\r\n    height: 15%;\r\n    transform: translate(-150%,-100%);', '0.30', '2019-01-06 01:11:48', '2019-01-22 04:00:10', 'c2c4531d-7261-4b17-8f50-2a5084524b13'),
 ('9', '305', 'en_us', '    position: absolute;\r\n    top: 50%;\r\n    left: 50%;\r\n    height: 12%;\r\n    transform: translate(-10%, 30%);', '0.20', '2019-01-06 01:11:49', '2019-01-22 04:00:10', '062ba092-2a8e-4242-893c-7eef482204b7'),
 ('10', '306', 'en_us', '    position: absolute;\r\n    bottom: 0;\r\n    left: 50%;\r\n    height: 12%;\r\n    transform: translate(325%,-242%);', '0.30', '2019-01-06 01:11:49', '2019-01-22 04:00:10', 'e5a2e232-49ff-40c6-8dd5-5d914038c2bb'),
 ('11', '307', 'en_us', '    position: absolute;\r\n    top: 50%;\r\n    left: 50%;\r\n    height: 6%;\r\n    transform: translate(-540%,-50%);', '0.10', '2019-01-06 01:11:49', '2019-01-22 04:00:10', '83828465-f0b6-441d-96a6-7acb09b9cdb9'),
 ('12', '308', 'en_us', '    position: absolute;\r\n    top: 0;\r\n    left: 50%;\r\n    height: 12%;\r\n    transform: translate(850%,110%);', '0.10', '2019-01-06 01:11:49', '2019-01-22 04:00:10', 'eefdf696-1e38-4a6a-99e7-23ce2c080c22'),
 ('13', '309', 'en_us', '    position: absolute;\r\n    bottom: 0;\r\n    left: 50%;\r\n    height: 15%;\r\n    transform: translate(-30%,-20%);', '0.20', '2019-01-06 01:12:33', '2019-01-22 04:00:10', 'c9e75136-7de2-4284-9550-b16db5b7f35c'),
 ('14', '310', 'en_us', '    position: absolute;\r\n    bottom: 0;\r\n    left: 50%;\r\n    height: 8%;\r\n    transform: translate(500%,-400%);', '0.10', '2019-01-06 01:13:15', '2019-01-22 04:00:10', '875a066a-a5b9-4110-8471-5e3ba67a3339'),
 ('15', '322', 'en_us', '    position: absolute;\r\n    top: 0;\r\n    left: 50%;\r\n    height: 10%;\r\n    transform: translate(500%,70%);', '0.20', '2019-01-15 02:39:08', '2019-01-22 04:00:10', 'cccdcd65-f8ad-4b50-83fd-88b034099ae5');



DROP TABLE IF EXISTS `craft_matrixcontent_workmediagrid`;


--
-- Schema for table `craft_matrixcontent_workmediagrid`
--
CREATE TABLE `craft_matrixcontent_workmediagrid` (
  `id` int(11) NOT NULL AUTO_INCREMENT,
  `elementId` int(11) NOT NULL,
  `locale` char(12) COLLATE utf8_unicode_ci NOT NULL,
  `field_video_video` varchar(255) COLLATE utf8_unicode_ci DEFAULT NULL,
  `dateCreated` datetime NOT NULL,
  `dateUpdated` datetime NOT NULL,
  `uid` char(36) COLLATE utf8_unicode_ci NOT NULL DEFAULT '0',
  PRIMARY KEY (`id`),
  UNIQUE KEY `craft_matrixcontent_workmediagrid_elementId_locale_unq_idx` (`elementId`,`locale`),
  KEY `craft_matrixcontent_workmediagrid_locale_idx` (`locale`)
) ENGINE=InnoDB AUTO_INCREMENT=20 DEFAULT CHARSET=utf8 COLLATE=utf8_unicode_ci;

--
-- Data for table `craft_matrixcontent_workmediagrid`
--

INSERT INTO `craft_matrixcontent_workmediagrid` (`id`, `elementId`, `locale`, `field_video_video`, `dateCreated`, `dateUpdated`, `uid`) VALUES
 ('1', '243', 'en_us', 'https://vimeo.com/191876455', '2018-12-25 21:30:46', '2018-12-27 20:12:45', 'abc654a6-e96d-434d-979c-e5eadd8d94ad'),
 ('2', '244', 'en_us', NULL, '2018-12-25 21:30:46', '2018-12-27 20:12:46', '4fade5b8-8933-4ae7-9381-1e44de6449c8'),
 ('3', '245', 'en_us', NULL, '2018-12-25 21:30:46', '2018-12-27 20:12:46', 'dd681297-6a9f-4b94-ad67-1f2f20ee8b12'),
 ('4', '246', 'en_us', NULL, '2018-12-25 21:33:15', '2018-12-27 20:12:52', '54d4819a-392d-4c9b-997d-86bba9a9f130'),
 ('5', '247', 'en_us', 'https://vimeo.com/45515295', '2018-12-25 21:33:15', '2018-12-27 20:12:52', '4f3547b6-0799-4860-a7e5-38d9d706898b'),
 ('6', '248', 'en_us', NULL, '2018-12-25 21:33:15', '2018-12-27 20:12:52', '2f112c7b-634a-44ef-9725-0cc67fd90d83'),
 ('7', '249', 'en_us', NULL, '2018-12-25 23:13:03', '2018-12-25 23:13:03', '84dabaad-4788-4dfb-9ed1-76ae19ed7de3'),
 ('8', '250', 'en_us', NULL, '2018-12-25 23:13:23', '2018-12-25 23:13:23', '0f123b8c-5f00-439c-a7a8-a2824438da8d'),
 ('9', '251', 'en_us', NULL, '2018-12-25 23:13:51', '2018-12-25 23:13:51', '18266633-8da0-4857-84ee-950c1a08b7ba'),
 ('10', '252', 'en_us', NULL, '2018-12-26 01:45:19', '2018-12-26 03:50:05', 'bb703f21-74f2-4501-8f3b-46a0b9265eeb'),
 ('11', '253', 'en_us', 'https://vimeo.com/39172872', '2018-12-26 03:09:11', '2018-12-26 03:09:11', '36cb6f19-f881-4727-a69b-b917e7b1ad42'),
 ('12', '254', 'en_us', 'https://vimeo.com/39172872', '2018-12-26 03:50:05', '2018-12-26 03:50:05', '58d175cc-0261-479f-8970-c7937289c75d'),
 ('13', '255', 'en_us', NULL, '2018-12-26 17:05:03', '2018-12-26 17:05:03', 'b4f6639c-e32b-4ecd-a66a-e8fddb72713b'),
 ('14', '256', 'en_us', NULL, '2018-12-26 17:05:42', '2018-12-26 17:05:42', '47f46d78-0e71-4271-a689-6231d72f8f95'),
 ('15', '257', 'en_us', NULL, '2018-12-26 17:06:06', '2018-12-26 17:06:06', '9afffbd9-084c-4c78-8ab7-fdb5bd0484e9'),
 ('16', '258', 'en_us', NULL, '2018-12-26 17:06:25', '2018-12-26 17:06:28', '62f9175e-24a1-447c-855f-6a8aafc6769c'),
 ('17', '259', 'en_us', NULL, '2018-12-26 17:06:44', '2018-12-26 17:06:44', '45471b32-b751-42c2-aaf4-5c2c892aa8fa'),
 ('18', '266', 'en_us', 'https://vimeo.com/125408376', '2018-12-27 20:14:19', '2018-12-27 20:28:53', 'cb6008a8-2b3d-4d06-b2ae-d87957318a79'),
 ('19', '267', 'en_us', NULL, '2018-12-27 20:14:19', '2018-12-27 20:28:53', 'a939546f-9984-4a55-a4d4-e7dcd5e4c443');



DROP TABLE IF EXISTS `craft_migrations`;


--
-- Schema for table `craft_migrations`
--
CREATE TABLE `craft_migrations` (
  `id` int(11) NOT NULL AUTO_INCREMENT,
  `pluginId` int(11) DEFAULT NULL,
  `version` varchar(255) COLLATE utf8_unicode_ci NOT NULL,
  `applyTime` datetime NOT NULL,
  `dateCreated` datetime NOT NULL,
  `dateUpdated` datetime NOT NULL,
  `uid` char(36) COLLATE utf8_unicode_ci NOT NULL DEFAULT '0',
  PRIMARY KEY (`id`),
  UNIQUE KEY `craft_migrations_version_unq_idx` (`version`),
  KEY `craft_migrations_pluginId_fk` (`pluginId`)
) ENGINE=InnoDB AUTO_INCREMENT=64 DEFAULT CHARSET=utf8 COLLATE=utf8_unicode_ci;

--
-- Data for table `craft_migrations`
--

INSERT INTO `craft_migrations` (`id`, `pluginId`, `version`, `applyTime`, `dateCreated`, `dateUpdated`, `uid`) VALUES
 ('1', NULL, 'm000000_000000_base', '2016-08-20 17:42:12', '2016-08-20 17:42:12', '2016-08-20 17:42:12', '26ced80c-4f23-4d8a-bb3a-2a47ddf5ca8f'),
 ('2', NULL, 'm140730_000001_add_filename_and_format_to_transformindex', '2016-08-20 17:42:12', '2016-08-20 17:42:12', '2016-08-20 17:42:12', '501b0156-c44e-42ce-929c-85fe4bd34d39'),
 ('3', NULL, 'm140815_000001_add_format_to_transforms', '2016-08-20 17:42:12', '2016-08-20 17:42:12', '2016-08-20 17:42:12', '5b9475a4-567f-43f8-8f1f-e69e3d020899'),
 ('4', NULL, 'm140822_000001_allow_more_than_128_items_per_field', '2016-08-20 17:42:12', '2016-08-20 17:42:12', '2016-08-20 17:42:12', '779147d3-f89c-4951-8876-76c43974db26'),
 ('5', NULL, 'm140829_000001_single_title_formats', '2016-08-20 17:42:12', '2016-08-20 17:42:12', '2016-08-20 17:42:12', '32bcbb8f-ecc2-407f-9148-5971dffc1eb1'),
 ('6', NULL, 'm140831_000001_extended_cache_keys', '2016-08-20 17:42:12', '2016-08-20 17:42:12', '2016-08-20 17:42:12', 'd453ae56-31f9-4700-919f-b16868782cc5'),
 ('7', NULL, 'm140922_000001_delete_orphaned_matrix_blocks', '2016-08-20 17:42:12', '2016-08-20 17:42:12', '2016-08-20 17:42:12', '26c8bea4-0ffa-4065-82d1-cc4aba7207a0'),
 ('8', NULL, 'm141008_000001_elements_index_tune', '2016-08-20 17:42:12', '2016-08-20 17:42:12', '2016-08-20 17:42:12', '59c40906-e43a-4520-a637-318b54e38bad'),
 ('9', NULL, 'm141009_000001_assets_source_handle', '2016-08-20 17:42:12', '2016-08-20 17:42:12', '2016-08-20 17:42:12', '72ff190f-f61e-429d-b1ed-2b58be688c62'),
 ('10', NULL, 'm141024_000001_field_layout_tabs', '2016-08-20 17:42:12', '2016-08-20 17:42:12', '2016-08-20 17:42:12', '96d5bfbb-fa29-4ac8-a698-9fa4a0e581a9'),
 ('11', NULL, 'm141030_000000_plugin_schema_versions', '2016-08-20 17:42:12', '2016-08-20 17:42:12', '2016-08-20 17:42:12', 'c7542801-9ca0-46ac-b29e-cd7b83130028'),
 ('12', NULL, 'm141030_000001_drop_structure_move_permission', '2016-08-20 17:42:12', '2016-08-20 17:42:12', '2016-08-20 17:42:12', '1737ca41-3e6c-4d3b-aaf3-359d5e029c44'),
 ('13', NULL, 'm141103_000001_tag_titles', '2016-08-20 17:42:12', '2016-08-20 17:42:12', '2016-08-20 17:42:12', 'd81b71a3-b85d-4b40-9927-d6ed42ed44a5'),
 ('14', NULL, 'm141109_000001_user_status_shuffle', '2016-08-20 17:42:12', '2016-08-20 17:42:12', '2016-08-20 17:42:12', '224aa46c-b83f-4fbe-8daf-f7361d9b976c'),
 ('15', NULL, 'm141126_000001_user_week_start_day', '2016-08-20 17:42:12', '2016-08-20 17:42:12', '2016-08-20 17:42:12', '59dde728-737c-4cdd-9bbe-ca59816d462c'),
 ('16', NULL, 'm150210_000001_adjust_user_photo_size', '2016-08-20 17:42:12', '2016-08-20 17:42:12', '2016-08-20 17:42:12', '0c312312-fe76-4c68-a6b0-a194241e8162'),
 ('17', NULL, 'm150724_000001_adjust_quality_settings', '2016-08-20 17:42:12', '2016-08-20 17:42:12', '2016-08-20 17:42:12', 'd9494281-d2e4-4869-bc80-6950b5dc035e'),
 ('18', NULL, 'm150827_000000_element_index_settings', '2016-08-20 17:42:12', '2016-08-20 17:42:12', '2016-08-20 17:42:12', '100c8e9f-182c-4176-834d-076f30ce491d'),
 ('19', NULL, 'm150918_000001_add_colspan_to_widgets', '2016-08-20 17:42:12', '2016-08-20 17:42:12', '2016-08-20 17:42:12', 'a121a5c6-a1d1-457e-9063-b17821bd282a'),
 ('20', NULL, 'm151007_000000_clear_asset_caches', '2016-08-20 17:42:12', '2016-08-20 17:42:12', '2016-08-20 17:42:12', '4132e2bd-0b39-4ee5-8bdd-b8fceb53067e'),
 ('21', NULL, 'm151109_000000_text_url_formats', '2016-08-20 17:42:12', '2016-08-20 17:42:12', '2016-08-20 17:42:12', 'c72c6b59-5a9c-4048-bf59-734401f89e90'),
 ('22', NULL, 'm151110_000000_move_logo', '2016-08-20 17:42:12', '2016-08-20 17:42:12', '2016-08-20 17:42:12', '8a94af3c-f98b-4fcc-8c32-4f13ce8fdad9'),
 ('23', NULL, 'm151117_000000_adjust_image_widthheight', '2016-08-20 17:42:12', '2016-08-20 17:42:12', '2016-08-20 17:42:12', 'c2d9de44-edbe-4e32-ba6f-0578b827b679'),
 ('24', NULL, 'm151127_000000_clear_license_key_status', '2016-08-20 17:42:12', '2016-08-20 17:42:12', '2016-08-20 17:42:12', '1983cd79-ccde-4087-983b-7791446f4749'),
 ('25', NULL, 'm151127_000000_plugin_license_keys', '2016-08-20 17:42:12', '2016-08-20 17:42:12', '2016-08-20 17:42:12', 'ad14346b-a38e-4caa-8c7c-0a9204105b81'),
 ('26', NULL, 'm151130_000000_update_pt_widget_feeds', '2016-08-20 17:42:12', '2016-08-20 17:42:12', '2016-08-20 17:42:12', '772addd0-e8fd-4911-98a0-877d291382d3'),
 ('27', NULL, 'm160114_000000_asset_sources_public_url_default_true', '2016-08-20 17:42:12', '2016-08-20 17:42:12', '2016-08-20 17:42:12', '434a9112-6b89-4987-9dfd-0c439263565d'),
 ('28', NULL, 'm160223_000000_sortorder_to_smallint', '2016-08-20 17:42:12', '2016-08-20 17:42:12', '2016-08-20 17:42:12', '61c1b473-65c5-45b7-ab55-17e5348df9ab'),
 ('29', NULL, 'm160229_000000_set_default_entry_statuses', '2016-08-20 17:42:12', '2016-08-20 17:42:12', '2016-08-20 17:42:12', '25b244ae-2617-443f-888a-0437bd0e6144'),
 ('30', NULL, 'm160304_000000_client_permissions', '2016-08-20 17:42:12', '2016-08-20 17:42:12', '2016-08-20 17:42:12', 'ddf755d8-60e5-4cb0-9017-2abe96473853'),
 ('31', NULL, 'm160322_000000_asset_filesize', '2016-08-20 17:42:12', '2016-08-20 17:42:12', '2016-08-20 17:42:12', 'aff82daf-479c-4d45-8544-4725412a64ac'),
 ('32', NULL, 'm160503_000000_orphaned_fieldlayouts', '2016-08-20 17:42:12', '2016-08-20 17:42:12', '2016-08-20 17:42:12', '47feaab9-8ef9-4c1f-ad1f-00657078b335'),
 ('33', NULL, 'm160510_000000_tasksettings', '2016-08-20 17:42:12', '2016-08-20 17:42:12', '2016-08-20 17:42:12', 'f90af25b-5413-4560-baf9-e91bcb14e824'),
 ('34', '6', 'm130715_191457_oauth_addUserMappingField', '2016-08-23 03:50:44', '2016-08-23 03:50:44', '2016-08-23 03:50:44', '9d3b4648-b358-4dc6-8719-79890f33f1f0'),
 ('35', '6', 'm130907_140340_oauth_renameOauth_providersProviderClassToClass', '2016-08-23 03:50:44', '2016-08-23 03:50:44', '2016-08-23 03:50:44', '35eb60a8-b8b7-4c20-9eea-88d373883045'),
 ('36', '6', 'm130912_153247_oauth_createTokenIndexes', '2016-08-23 03:50:44', '2016-08-23 03:50:44', '2016-08-23 03:50:44', '180ceffc-74de-4b7d-abb3-66ef2821a78d'),
 ('37', '6', 'm140417_000003_changeTokenUniqueIndexes', '2016-08-23 03:50:44', '2016-08-23 03:50:44', '2016-08-23 03:50:44', '1739437c-3562-4aa4-8824-a25ac2006089'),
 ('38', '6', 'm140623_130304_oauth_new_tokens_table', '2016-08-23 03:50:44', '2016-08-23 03:50:44', '2016-08-23 03:50:44', '2ef9ff10-9d50-4d8b-b47b-9f135a0c54d4'),
 ('39', '6', 'm150112_220705_oauth_add_token_columns', '2016-08-23 03:50:44', '2016-08-23 03:50:44', '2016-08-23 03:50:44', '285256b9-4673-4527-8dc1-c0f89e7a0425'),
 ('40', '6', 'm150311_000001_oauth_remove_old_tokens', '2016-08-23 03:50:44', '2016-08-23 03:50:44', '2016-08-23 03:50:44', '6dffcdd8-2c55-46eb-96a2-3a16c15b21af'),
 ('41', '7', 'm140620_045459_videos_transfer_token', '2016-08-23 03:50:46', '2016-08-23 03:50:46', '2016-08-23 03:50:46', '184d4a86-120f-4155-a3ec-92299e0ab9e7'),
 ('42', '8', 'm150314_144609_cpNav_addUrlSupport', '2016-08-23 20:18:12', '2016-08-23 20:18:12', '2016-08-23 20:18:12', '20ddba42-4756-4055-a2e2-97a1bb22819d'),
 ('43', '8', 'm150314_144610_cpNav_addPrevUrlSupport', '2016-08-23 20:18:12', '2016-08-23 20:18:12', '2016-08-23 20:18:12', '516ffe9d-6f59-44ba-8380-a700f7047012'),
 ('44', '8', 'm150314_144611_cpNav_addManualNavItemSupport', '2016-08-23 20:18:12', '2016-08-23 20:18:12', '2016-08-23 20:18:12', 'c7fbf7a4-d622-4d89-b02a-f993b5d721bb'),
 ('45', '8', 'm150314_144615_cpNav_layouts', '2016-08-23 20:18:12', '2016-08-23 20:18:12', '2016-08-23 20:18:12', '357564fc-45c4-4529-9e40-92f456758057'),
 ('46', '8', 'm150321_144616_cpNav_newWindow', '2016-08-23 20:18:12', '2016-08-23 20:18:12', '2016-08-23 20:18:12', '28f3920f-6c29-451e-8b58-5ea812d62acf'),
 ('47', '8', 'm151126_144611_cpNav_addIconSupport', '2016-08-23 20:18:12', '2016-08-23 20:18:12', '2016-08-23 20:18:12', 'b424f5e5-7408-4d40-8edc-570acba45ea1'),
 ('48', '8', 'm151224_144611_cpNav_populateIcons', '2016-08-23 20:18:12', '2016-08-23 20:18:12', '2016-08-23 20:18:12', '298fb80c-6487-4ef7-8914-11b20c13fbe5'),
 ('49', '8', 'm160625_000000_cpNav_addCustomIconSupport', '2016-08-23 20:18:12', '2016-08-23 20:18:12', '2016-08-23 20:18:12', '653b761d-9b3f-4e38-a1b2-4af64a5b7f02'),
 ('50', NULL, 'm160829_000000_pending_user_content_cleanup', '2017-01-20 16:08:06', '2017-01-20 16:08:06', '2017-01-20 16:08:06', '31fbde2f-220c-421a-9e2f-c2070e8bb15a'),
 ('51', NULL, 'm160830_000000_asset_index_uri_increase', '2017-01-20 16:08:06', '2017-01-20 16:08:06', '2017-01-20 16:08:06', 'f034fa5e-7ade-4650-aaea-7d5ef8cba521'),
 ('52', NULL, 'm160919_000000_usergroup_handle_title_unique', '2017-01-20 16:08:06', '2017-01-20 16:08:06', '2017-01-20 16:08:06', '34c1c4cb-ac9f-45e9-9d13-47adb990ffff'),
 ('53', NULL, 'm161108_000000_new_version_format', '2017-01-20 16:08:06', '2017-01-20 16:08:06', '2017-01-20 16:08:06', '13393e3f-cc57-42f6-a3ff-a03415559390'),
 ('54', NULL, 'm161109_000000_index_shuffle', '2017-01-20 16:08:06', '2017-01-20 16:08:06', '2017-01-20 16:08:06', '8a50b7cc-4cb6-4085-9fc1-d3dfbce424d7'),
 ('55', '6', 'm161025_000001_oauth_change_tokens_column_types', '2017-01-20 16:22:43', '2017-01-20 16:22:43', '2017-01-20 16:22:43', '760f9abc-9928-410a-ab15-f9da49689497'),
 ('57', '16', 'm140713_000000_minimee_ChangeTagToReturnSettingsFieldNames', '2017-03-21 04:32:18', '2017-03-21 04:32:18', '2017-03-21 04:32:18', 'a93648a3-0acc-4b98-aa38-dc1fd420677e'),
 ('58', NULL, 'm170612_000000_route_index_shuffle', '2017-11-27 16:36:58', '2017-11-27 16:36:58', '2017-11-27 16:36:58', '5aaefda9-ad5c-437b-9438-969885c817dd'),
 ('59', NULL, 'm171107_000000_assign_group_permissions', '2017-11-27 16:36:58', '2017-11-27 16:36:58', '2017-11-27 16:36:58', '9bfb35fa-53bb-4821-ae4c-f4d6fd5a4574'),
 ('60', NULL, 'm171117_000001_templatecache_index_tune', '2017-11-29 02:06:57', '2017-11-29 02:06:57', '2017-11-29 02:06:57', '01fc6ca6-dbff-456b-8143-35d6deb72cc7'),
 ('61', NULL, 'm171204_000001_templatecache_index_tune_deux', '2018-01-12 02:23:01', '2018-01-12 02:23:01', '2018-01-12 02:23:01', '1232b1d6-5c60-4496-b693-3e1a46b10819'),
 ('62', NULL, 'm180406_000000_pro_upgrade', '2018-12-11 20:27:44', '2018-12-11 20:27:44', '2018-12-11 20:27:44', '352077b9-9ad1-40f2-ab95-125a70626567'),
 ('63', '27', 'm160922_150924_navee_AddRegexField', '2018-12-26 18:16:39', '2018-12-26 18:16:39', '2018-12-26 18:16:39', '00ee71e2-31a6-4a1c-96e7-cbf1d3c62572');



DROP TABLE IF EXISTS `craft_navee_navigations`;


--
-- Schema for table `craft_navee_navigations`
--
CREATE TABLE `craft_navee_navigations` (
  `id` int(11) NOT NULL AUTO_INCREMENT,
  `creatorId` int(11) DEFAULT NULL,
  `name` varchar(255) COLLATE utf8_unicode_ci NOT NULL,
  `handle` varchar(255) COLLATE utf8_unicode_ci NOT NULL,
  `maxLevels` int(10) DEFAULT NULL,
  `fieldLayoutId` int(10) DEFAULT NULL,
  `structureId` int(10) DEFAULT NULL,
  `dateCreated` datetime NOT NULL,
  `dateUpdated` datetime NOT NULL,
  `uid` char(36) COLLATE utf8_unicode_ci NOT NULL DEFAULT '0',
  PRIMARY KEY (`id`),
  UNIQUE KEY `craft_navee_navigations_name_unq_idx` (`name`),
  UNIQUE KEY `craft_navee_navigations_handle_unq_idx` (`handle`),
  KEY `craft_navee_navigations_fieldLayoutId_fk` (`fieldLayoutId`),
  KEY `craft_navee_navigations_creatorId_fk` (`creatorId`)
) ENGINE=InnoDB AUTO_INCREMENT=2 DEFAULT CHARSET=utf8 COLLATE=utf8_unicode_ci;

--
-- Data for table `craft_navee_navigations`
--

INSERT INTO `craft_navee_navigations` (`id`, `creatorId`, `name`, `handle`, `maxLevels`, `fieldLayoutId`, `structureId`, `dateCreated`, `dateUpdated`, `uid`) VALUES
 ('1', '1', 'Main Nav', 'mainNav', '1', '94', '5', '2018-12-26 18:17:43', '2018-12-26 18:17:43', 'd701018b-d456-4376-ac2f-cc7adffd0a92');



DROP TABLE IF EXISTS `craft_navee_nodes`;


--
-- Schema for table `craft_navee_nodes`
--
CREATE TABLE `craft_navee_nodes` (
  `id` int(11) NOT NULL,
  `navigationId` int(11) NOT NULL,
  `linkType` enum('entryId','assetId','categoryId','customUri','none') COLLATE utf8_unicode_ci DEFAULT NULL,
  `entryId` int(10) DEFAULT NULL,
  `assetId` int(10) DEFAULT NULL,
  `categoryId` int(10) DEFAULT NULL,
  `customUri` varchar(255) COLLATE utf8_unicode_ci DEFAULT NULL,
  `class` varchar(255) COLLATE utf8_unicode_ci DEFAULT NULL,
  `idAttr` varchar(255) COLLATE utf8_unicode_ci DEFAULT NULL,
  `rel` varchar(255) COLLATE utf8_unicode_ci DEFAULT NULL,
  `name` varchar(255) COLLATE utf8_unicode_ci DEFAULT NULL,
  `titleAttr` varchar(255) COLLATE utf8_unicode_ci DEFAULT NULL,
  `accessKey` varchar(255) COLLATE utf8_unicode_ci DEFAULT NULL,
  `target` varchar(255) COLLATE utf8_unicode_ci DEFAULT NULL,
  `includeInNavigation` tinyint(1) unsigned NOT NULL DEFAULT '0',
  `passive` tinyint(1) unsigned NOT NULL DEFAULT '0',
  `userGroups` text COLLATE utf8_unicode_ci,
  `regex` varchar(255) COLLATE utf8_unicode_ci DEFAULT NULL,
  `dateCreated` datetime NOT NULL,
  `dateUpdated` datetime NOT NULL,
  `uid` char(36) COLLATE utf8_unicode_ci NOT NULL DEFAULT '0',
  PRIMARY KEY (`id`),
  KEY `craft_navee_nodes_navigationId_fk` (`navigationId`)
) ENGINE=InnoDB DEFAULT CHARSET=utf8 COLLATE=utf8_unicode_ci;

--
-- Data for table `craft_navee_nodes`
--

INSERT INTO `craft_navee_nodes` (`id`, `navigationId`, `linkType`, `entryId`, `assetId`, `categoryId`, `customUri`, `class`, `idAttr`, `rel`, `name`, `titleAttr`, `accessKey`, `target`, `includeInNavigation`, `passive`, `userGroups`, `regex`, `dateCreated`, `dateUpdated`, `uid`) VALUES
 ('260', '1', 'entryId', '264', NULL, NULL, '', '', '', '', '', '', '', '', '1', '0', '[]', '', '2018-12-26 18:18:31', '2018-12-26 18:26:19', '96b49979-6c7f-484b-b090-aad374856c18'),
 ('261', '1', 'entryId', '195', NULL, NULL, '', '', '', '', '', '', '', '', '1', '0', '[]', '', '2018-12-26 18:18:51', '2018-12-27 20:32:45', '313681da-6eac-4fea-807b-956853201e82'),
 ('262', '1', 'entryId', '196', NULL, NULL, '', '', '', '', '', '', '', '', '1', '0', '[]', '', '2018-12-26 18:21:08', '2018-12-26 18:21:08', '53c4b9d2-0822-471a-899e-d80241021702'),
 ('263', '1', 'entryId', '265', NULL, NULL, '', '', '', '', '', '', '', '', '1', '0', '[]', '', '2018-12-26 18:21:16', '2018-12-26 18:26:28', '44fff06e-6fda-4a20-a8ff-72c762add3b7');



DROP TABLE IF EXISTS `craft_oauth_providers`;


--
-- Schema for table `craft_oauth_providers`
--
CREATE TABLE `craft_oauth_providers` (
  `id` int(11) NOT NULL AUTO_INCREMENT,
  `class` varchar(255) COLLATE utf8_unicode_ci NOT NULL,
  `clientId` varchar(255) COLLATE utf8_unicode_ci DEFAULT NULL,
  `clientSecret` varchar(255) COLLATE utf8_unicode_ci DEFAULT NULL,
  `dateCreated` datetime NOT NULL,
  `dateUpdated` datetime NOT NULL,
  `uid` char(36) COLLATE utf8_unicode_ci NOT NULL DEFAULT '0',
  PRIMARY KEY (`id`),
  UNIQUE KEY `craft_oauth_providers_class_unq_idx` (`class`)
) ENGINE=InnoDB AUTO_INCREMENT=2 DEFAULT CHARSET=utf8 COLLATE=utf8_unicode_ci;

--
-- Data for table `craft_oauth_providers`
--

INSERT INTO `craft_oauth_providers` (`id`, `class`, `clientId`, `clientSecret`, `dateCreated`, `dateUpdated`, `uid`) VALUES
 ('1', 'vimeo', '96ecaf2cea62fe9eb60519c6dc3f0954d4074305', 'a2MPBTpGXubNy2FUVvnJxORplY7daULR6qQC4H2rA9S3fLsxLYP94DoQlK4kceQNZncNgi6XKxFtfdtoLGsiXAE68rvdteQHdixZAvOuz0qyjUNII1KIy9mOO4YWHUPr', '2016-08-23 03:59:55', '2016-08-23 04:06:39', 'e2dd105b-5e92-4708-b4c2-b923f1d1be1d');



DROP TABLE IF EXISTS `craft_oauth_tokens`;


--
-- Schema for table `craft_oauth_tokens`
--
CREATE TABLE `craft_oauth_tokens` (
  `id` int(11) NOT NULL AUTO_INCREMENT,
  `providerHandle` varchar(255) COLLATE utf8_unicode_ci NOT NULL,
  `pluginHandle` varchar(255) COLLATE utf8_unicode_ci NOT NULL,
  `accessToken` text COLLATE utf8_unicode_ci,
  `secret` text COLLATE utf8_unicode_ci,
  `endOfLife` varchar(255) COLLATE utf8_unicode_ci DEFAULT NULL,
  `refreshToken` text COLLATE utf8_unicode_ci,
  `dateCreated` datetime NOT NULL,
  `dateUpdated` datetime NOT NULL,
  `uid` char(36) COLLATE utf8_unicode_ci NOT NULL DEFAULT '0',
  PRIMARY KEY (`id`)
) ENGINE=InnoDB AUTO_INCREMENT=2 DEFAULT CHARSET=utf8 COLLATE=utf8_unicode_ci;

--
-- Data for table `craft_oauth_tokens`
--

INSERT INTO `craft_oauth_tokens` (`id`, `providerHandle`, `pluginHandle`, `accessToken`, `secret`, `endOfLife`, `refreshToken`, `dateCreated`, `dateUpdated`, `uid`) VALUES
 ('1', 'vimeo', 'videos', '2adc948898c790d54516ee4c05be7371', NULL, NULL, NULL, '2016-08-23 04:06:52', '2016-08-23 04:06:52', 'c52f4d6a-f90a-4ea5-9a5b-d395d0326c02');



DROP TABLE IF EXISTS `craft_plugins`;


--
-- Schema for table `craft_plugins`
--
CREATE TABLE `craft_plugins` (
  `id` int(11) NOT NULL AUTO_INCREMENT,
  `class` varchar(150) COLLATE utf8_unicode_ci NOT NULL,
  `version` varchar(15) COLLATE utf8_unicode_ci NOT NULL,
  `schemaVersion` varchar(15) COLLATE utf8_unicode_ci DEFAULT NULL,
  `licenseKey` char(24) COLLATE utf8_unicode_ci DEFAULT NULL,
  `licenseKeyStatus` enum('valid','invalid','mismatched','unknown') COLLATE utf8_unicode_ci NOT NULL DEFAULT 'unknown',
  `enabled` tinyint(1) unsigned NOT NULL DEFAULT '0',
  `settings` text COLLATE utf8_unicode_ci,
  `installDate` datetime NOT NULL,
  `dateCreated` datetime NOT NULL,
  `dateUpdated` datetime NOT NULL,
  `uid` char(36) COLLATE utf8_unicode_ci NOT NULL DEFAULT '0',
  PRIMARY KEY (`id`)
) ENGINE=InnoDB AUTO_INCREMENT=28 DEFAULT CHARSET=utf8 COLLATE=utf8_unicode_ci;

--
-- Data for table `craft_plugins`
--

INSERT INTO `craft_plugins` (`id`, `class`, `version`, `schemaVersion`, `licenseKey`, `licenseKeyStatus`, `enabled`, `settings`, `installDate`, `dateCreated`, `dateUpdated`, `uid`) VALUES
 ('2', 'ClientWidgets', '0.5', NULL, NULL, 'unknown', '1', NULL, '2016-08-20 17:42:38', '2016-08-20 17:42:38', '2019-02-27 01:48:08', '1198fb12-0029-4c27-ac44-4d9ce7b7ff08'),
 ('3', 'CpFieldLinks', '1.2.2', '1.0', NULL, 'unknown', '1', NULL, '2016-08-20 17:42:41', '2016-08-20 17:42:41', '2019-02-27 01:48:08', '2c133681-e30c-4db1-91de-de32a16fdf7f'),
 ('4', 'Detect', '1.0.2', '1.0.0', NULL, 'unknown', '1', NULL, '2016-08-20 17:42:42', '2016-08-20 17:42:42', '2019-02-27 01:48:08', '40566d45-584e-4208-a0e3-eaf73168e9a5'),
 ('6', 'Oauth', '2.1.4', '1.0.1', NULL, 'unknown', '1', NULL, '2016-08-23 03:50:44', '2016-08-23 03:50:44', '2019-02-27 01:48:08', '62f3ba80-ecbd-4332-a4d8-5c2a4fb33797'),
 ('7', 'Videos', '1.2.4', '1.0.0', NULL, 'unknown', '1', '{\"youtubeParameters\":null,\"tokens\":{\"vimeo\":\"1\"}}', '2016-08-23 03:50:46', '2016-08-23 03:50:46', '2019-02-27 01:48:08', 'ef124452-bfb1-4768-9bd3-bc4b3946aefc'),
 ('8', 'CpNav', '1.7.8', '1.1.0', NULL, 'unknown', '1', NULL, '2016-08-23 20:18:12', '2016-08-23 20:18:12', '2019-02-27 01:48:08', '3028e1bf-48ff-4809-aeab-4160ec5a24a6'),
 ('9', 'AssetUse', '0.1', NULL, NULL, 'unknown', '1', NULL, '2016-12-21 22:17:45', '2016-12-21 22:17:45', '2019-02-27 01:48:08', '0368f8d8-fc34-491f-af3d-babab7e6d475'),
 ('10', 'AssetUsage', '1.0.2', NULL, NULL, 'unknown', '1', NULL, '2017-01-20 16:23:16', '2017-01-20 16:23:16', '2019-02-27 01:48:08', '93d2f577-9a31-40fa-b3e0-30fb73454ec0'),
 ('13', 'Uninstall', '1.0.0', '1.0.0', NULL, 'unknown', '1', NULL, '2017-03-06 22:26:58', '2017-03-06 22:26:58', '2019-02-27 01:48:08', '90917941-3232-43c8-81e4-4a82358fe375'),
 ('14', 'SafeCraft', '1.0.1', '1.0.0', NULL, 'unknown', '1', NULL, '2017-03-08 21:19:08', '2017-03-08 21:19:08', '2019-02-27 01:48:08', '7aa9febd-1189-4d4b-a47e-c3b4e48f9927'),
 ('15', 'RedactorBufferButtons', '1.0', NULL, NULL, 'unknown', '1', NULL, '2017-03-21 03:09:01', '2017-03-21 03:09:01', '2019-02-27 01:48:08', 'e22b19cb-b40e-4ca4-9f3a-b3543cb00661'),
 ('16', 'Minimee', '0.9.9', '1.0.0', NULL, 'unknown', '1', '{\"cachePath\":\"{basePath}\\/minimee\",\"cacheUrl\":\"{baseUrl}\\/minimee\",\"enabled\":true,\"filesystemPath\":\"{basePath}\",\"baseUrl\":\"{baseUrl}\",\"combineCssEnabled\":true,\"combineJsEnabled\":true,\"minifyCssEnabled\":true,\"minifyJsEnabled\":true,\"cssReturnTemplate\":\"<link rel=\\\"stylesheet\\\" href=\\\"%s\\\">\",\"jsReturnTemplate\":\"<script src=\\\"%s\\\"><\\/script>\",\"returnType\":\"url\",\"cssPrependUrlEnabled\":true,\"cssPrependUrl\":\"\"}', '2017-03-21 04:32:18', '2017-03-21 04:32:18', '2019-02-27 01:48:08', '6cc7e9c8-49ef-4a39-bd14-9032a47099c5'),
 ('17', 'Sass', '1.0', NULL, NULL, 'unknown', '1', NULL, '2017-03-21 04:40:35', '2017-03-21 04:40:35', '2019-02-27 01:48:08', 'ad9e7ede-bdbc-4f76-8c27-cdd283d123a9'),
 ('18', 'TemplateSelect', '1.0', NULL, NULL, 'unknown', '1', NULL, '2017-11-27 16:53:52', '2017-11-27 16:53:52', '2019-02-27 01:48:08', 'fee3bdf8-63b0-4009-855f-599d9d4513ed'),
 ('19', 'TagManager', '0.2.0', NULL, NULL, 'unknown', '1', NULL, '2017-11-27 16:55:15', '2017-11-27 16:55:15', '2019-02-27 01:48:08', '32f71d97-17a5-45ab-9018-224bb58a0e0e'),
 ('20', 'ImageResizer', '1.0.1', '1.0.0', NULL, 'unknown', '1', '{\"enabled\":\"\",\"imageWidth\":\"2048\",\"imageHeight\":\"2048\",\"imageQuality\":\"100\",\"assetSources\":\"*\",\"assetSourceSettings\":{\"1\":{\"enabled\":\"\",\"imageWidth\":\"\",\"imageHeight\":\"\",\"imageQuality\":\"\"}},\"skipLarger\":\"1\",\"nonDestructiveResize\":\"\",\"nonDestructiveCrop\":\"\",\"croppingRatios\":[{\"name\":\"Free\",\"width\":\"none\",\"height\":\"none\"},{\"name\":\"Square\",\"width\":\"1\",\"height\":\"1\"},{\"name\":\"Constrain\",\"width\":\"relative\",\"height\":\"relative\"},{\"name\":\"4:3\",\"width\":\"4\",\"height\":\"3\"}]}', '2017-11-27 16:57:47', '2017-11-27 16:57:47', '2019-02-27 01:48:08', '46558407-c7ff-49bf-86fc-6cb95e716319'),
 ('21', 'CpSortCols', '1.1.2', '1.0', NULL, 'unknown', '1', NULL, '2017-11-27 17:00:16', '2017-11-27 17:00:16', '2019-02-27 01:48:08', 'e5bb7aa8-a82b-450a-b3d9-c0e7b1a1739a'),
 ('22', 'CategorySources', '1.1', '1.0.0', NULL, 'unknown', '1', NULL, '2017-11-27 17:01:19', '2017-11-27 17:01:19', '2019-02-27 01:48:08', '4c604ea3-7a85-45f3-97ad-eda0124fc93f'),
 ('25', 'Hue', '1.1.1', '0.0.0.0', NULL, 'unknown', '1', NULL, '2017-12-01 03:34:53', '2017-12-01 03:34:53', '2019-02-27 01:48:08', 'f4f3675f-a6f0-44ec-b531-a2e82cb5ee4e'),
 ('26', 'FieldManager', '1.5.5', '1.0.0', NULL, 'unknown', '1', NULL, '2018-12-25 21:02:52', '2018-12-25 21:02:52', '2019-02-27 01:48:08', '306eb663-dcf0-48ef-91e6-81fd86de8b32'),
 ('27', 'Navee', '1.3.0', NULL, NULL, 'unknown', '1', NULL, '2018-12-26 18:16:39', '2018-12-26 18:16:39', '2019-02-27 01:48:08', 'd3129cbc-235c-4254-a95c-cd68af6aa834');



DROP TABLE IF EXISTS `craft_rackspaceaccess`;


--
-- Schema for table `craft_rackspaceaccess`
--
CREATE TABLE `craft_rackspaceaccess` (
  `id` int(11) NOT NULL AUTO_INCREMENT,
  `connectionKey` varchar(255) COLLATE utf8_unicode_ci NOT NULL,
  `token` varchar(255) COLLATE utf8_unicode_ci NOT NULL,
  `storageUrl` varchar(255) COLLATE utf8_unicode_ci NOT NULL,
  `cdnUrl` varchar(255) COLLATE utf8_unicode_ci NOT NULL,
  `dateCreated` datetime NOT NULL,
  `dateUpdated` datetime NOT NULL,
  `uid` char(36) COLLATE utf8_unicode_ci NOT NULL DEFAULT '0',
  PRIMARY KEY (`id`),
  UNIQUE KEY `craft_rackspaceaccess_connectionKey_unq_idx` (`connectionKey`)
) ENGINE=InnoDB DEFAULT CHARSET=utf8 COLLATE=utf8_unicode_ci;

DROP TABLE IF EXISTS `craft_relations`;


--
-- Schema for table `craft_relations`
--
CREATE TABLE `craft_relations` (
  `id` int(11) NOT NULL AUTO_INCREMENT,
  `fieldId` int(11) NOT NULL,
  `sourceId` int(11) NOT NULL,
  `sourceLocale` char(12) COLLATE utf8_unicode_ci DEFAULT NULL,
  `targetId` int(11) NOT NULL,
  `sortOrder` smallint(6) DEFAULT NULL,
  `dateCreated` datetime NOT NULL,
  `dateUpdated` datetime NOT NULL,
  `uid` char(36) COLLATE utf8_unicode_ci NOT NULL DEFAULT '0',
  PRIMARY KEY (`id`),
  UNIQUE KEY `craft_relations_fieldId_sourceId_sourceLocale_targetId_unq_idx` (`fieldId`,`sourceId`,`sourceLocale`,`targetId`),
  KEY `craft_relations_sourceId_fk` (`sourceId`),
  KEY `craft_relations_sourceLocale_fk` (`sourceLocale`),
  KEY `craft_relations_targetId_fk` (`targetId`)
) ENGINE=InnoDB AUTO_INCREMENT=2146 DEFAULT CHARSET=utf8 COLLATE=utf8_unicode_ci;

--
-- Data for table `craft_relations`
--

INSERT INTO `craft_relations` (`id`, `fieldId`, `sourceId`, `sourceLocale`, `targetId`, `sortOrder`, `dateCreated`, `dateUpdated`, `uid`) VALUES
 ('21', '4', '157', NULL, '113', '1', '2016-08-23 19:13:34', '2016-08-23 19:13:34', '92177e3f-73b6-49d6-ac7c-6d48609927a2'),
 ('22', '4', '158', NULL, '121', '1', '2016-08-23 19:18:19', '2016-08-23 19:18:19', 'a4e3498b-ee6f-4247-8e8c-d0294e437aeb'),
 ('23', '4', '159', NULL, '128', '1', '2016-08-23 19:18:51', '2016-08-23 19:18:51', '37e4cbb7-6854-4554-bbeb-a9a8e9deb4bc'),
 ('24', '4', '160', NULL, '118', '1', '2016-08-23 19:20:31', '2016-08-23 19:20:31', 'bd265267-f6b8-4987-ab97-659b3a2f2edf'),
 ('25', '4', '161', NULL, '125', '1', '2016-08-23 19:22:28', '2016-08-23 19:22:28', 'f1b1fbea-4632-4fce-b340-bc404473a3f2'),
 ('27', '4', '162', NULL, '131', '1', '2016-08-23 19:23:19', '2016-08-23 19:23:19', '5b8f8e30-6473-4e50-bde2-9f110bdaeeee'),
 ('28', '4', '163', NULL, '127', '1', '2016-08-23 19:23:54', '2016-08-23 19:23:54', '40e5f0fc-6ffb-4f76-85d3-1e84178bc029'),
 ('29', '4', '164', NULL, '126', '1', '2016-08-23 19:24:27', '2016-08-23 19:24:27', '4f8b9982-8369-497b-803c-4c321d07859d'),
 ('30', '4', '165', NULL, '132', '1', '2016-08-23 19:24:50', '2016-08-23 19:24:50', 'afb50036-0c03-4414-a548-69faaa0a069b'),
 ('31', '4', '166', NULL, '122', '1', '2016-08-23 19:25:13', '2016-08-23 19:25:13', 'cc77a36f-3515-4754-ac97-4e88eabaf4c4'),
 ('32', '4', '167', NULL, '130', '1', '2016-08-23 19:25:42', '2016-08-23 19:25:42', 'c11e1611-80ee-4f75-b596-8582790c5516'),
 ('33', '4', '168', NULL, '114', '1', '2016-08-23 19:26:09', '2016-08-23 19:26:09', '8f22196b-ae87-41e6-bf05-1f2a7b5de68f'),
 ('34', '4', '169', NULL, '123', '1', '2016-08-23 19:26:39', '2016-08-23 19:26:39', 'b720a741-411c-4071-82f7-4e48c6802fd5'),
 ('35', '4', '170', NULL, '133', '1', '2016-08-23 19:27:27', '2016-08-23 19:27:27', '89aadd8b-a589-4c0e-be55-dd6503df283e'),
 ('36', '4', '171', NULL, '129', '1', '2016-08-23 19:28:02', '2016-08-23 19:28:02', '6ed83926-80a5-4d90-8cf1-949faf77cc4c'),
 ('37', '4', '172', NULL, '124', '1', '2016-08-23 19:29:31', '2016-08-23 19:29:31', '3258418c-6516-47dc-85bc-76096b8252ad'),
 ('38', '4', '173', NULL, '117', '1', '2016-08-23 19:29:57', '2016-08-23 19:29:57', 'cb300938-2b08-4ed1-ae0e-16b9e35469ff'),
 ('39', '4', '174', NULL, '115', '1', '2016-08-23 19:30:37', '2016-08-23 19:30:37', '71b2494f-76ce-4b21-ad58-90b784b1f547'),
 ('40', '4', '175', NULL, '116', '1', '2016-08-23 19:31:14', '2016-08-23 19:31:14', 'b63fdd30-26c6-42fc-8d55-6031ab0a0790'),
 ('795', '4', '177', NULL, '229', '1', '2018-12-25 23:13:03', '2018-12-25 23:13:03', '95d4bcb8-6c31-44b6-bc28-3fbd2d5fd626'),
 ('797', '39', '249', NULL, '231', '1', '2018-12-25 23:13:03', '2018-12-25 23:13:03', 'ac0423d2-1bce-40fa-9c59-3bd8a8ca33e7'),
 ('798', '15', '177', NULL, '182', '1', '2018-12-25 23:13:03', '2018-12-25 23:13:03', 'a0581b11-ff44-46b9-beb8-2ee42ae7f1ac'),
 ('799', '4', '176', NULL, '232', '1', '2018-12-25 23:13:23', '2018-12-25 23:13:23', 'bf605cba-a7a3-42a6-8a68-130ae3dc8f80'),
 ('801', '39', '250', NULL, '238', '1', '2018-12-25 23:13:23', '2018-12-25 23:13:23', '7af66e59-01f0-4d79-92cc-22345aeee77b'),
 ('802', '15', '176', NULL, '182', '1', '2018-12-25 23:13:23', '2018-12-25 23:13:23', '14bff470-124e-4538-a515-607f2f63a934'),
 ('803', '4', '187', NULL, '242', '1', '2018-12-25 23:13:51', '2018-12-25 23:13:51', '128f547b-a0ed-48e1-b6b3-51bb5f057778'),
 ('805', '39', '251', NULL, '241', '1', '2018-12-25 23:13:51', '2018-12-25 23:13:51', 'd7cff886-378d-4a66-9538-ce1101cd9e80'),
 ('806', '15', '187', NULL, '182', '1', '2018-12-25 23:13:51', '2018-12-25 23:13:51', 'f6017972-3862-44f7-9c45-9ea511f04303'),
 ('835', '4', '180', NULL, '237', '1', '2018-12-26 03:09:11', '2018-12-26 03:09:11', 'ca4ef09f-1288-42e9-96b4-a3d5eb7ba9c2'),
 ('836', '15', '180', NULL, '184', '1', '2018-12-26 03:09:11', '2018-12-26 03:09:11', '8dd9f88a-97f3-4568-8eb1-c2e2abc01153'),
 ('837', '4', '179', NULL, '102', '1', '2018-12-26 03:50:05', '2018-12-26 03:50:05', 'c9b92771-cfd0-4f6d-8810-892ad5636b56'),
 ('844', '39', '252', NULL, '139', '1', '2018-12-26 03:50:05', '2018-12-26 03:50:05', 'a81a6469-20d8-4e5e-a554-6892fabb8a6b'),
 ('845', '39', '252', NULL, '140', '2', '2018-12-26 03:50:05', '2018-12-26 03:50:05', '144245cd-4084-4089-ab04-ea7eeda2c057'),
 ('846', '39', '252', NULL, '141', '3', '2018-12-26 03:50:05', '2018-12-26 03:50:05', '818fee60-db12-4f57-a8bb-c8a905718335'),
 ('847', '39', '252', NULL, '142', '4', '2018-12-26 03:50:05', '2018-12-26 03:50:05', '72f37e1a-aaba-423d-b87c-8450d39fe620'),
 ('848', '39', '252', NULL, '143', '5', '2018-12-26 03:50:05', '2018-12-26 03:50:05', '606d6ebf-3446-4235-ac81-ad3282e69a63'),
 ('849', '39', '252', NULL, '144', '6', '2018-12-26 03:50:05', '2018-12-26 03:50:05', 'd960eabb-f6da-4f00-8546-074cea521b1d'),
 ('850', '15', '179', NULL, '183', '1', '2018-12-26 03:50:05', '2018-12-26 03:50:05', '7de831d6-82a9-4a98-a18f-157a7b3b4033'),
 ('851', '4', '188', NULL, '234', '1', '2018-12-26 17:05:03', '2018-12-26 17:05:03', '7d9c8059-da65-4110-9d1c-981b6e7a9587'),
 ('853', '39', '255', NULL, '239', '1', '2018-12-26 17:05:03', '2018-12-26 17:05:03', '44c03d24-ebf4-4d85-8761-29c8bc6b6131'),
 ('854', '15', '188', NULL, '182', '1', '2018-12-26 17:05:03', '2018-12-26 17:05:03', '0c043146-8cb3-4d3f-be49-58359615cd69'),
 ('855', '4', '178', NULL, '104', '1', '2018-12-26 17:05:42', '2018-12-26 17:05:42', 'aa2a5b60-6232-4a84-9f92-9fcb1c29990c'),
 ('857', '39', '256', NULL, '146', '1', '2018-12-26 17:05:42', '2018-12-26 17:05:42', '3a7006e0-0e44-445e-9491-b33374bbb0f7'),
 ('858', '15', '178', NULL, '182', '1', '2018-12-26 17:05:42', '2018-12-26 17:05:42', 'a8f7442a-bc4d-45c0-a460-5530b386edaa'),
 ('859', '4', '186', NULL, '107', '1', '2018-12-26 17:06:06', '2018-12-26 17:06:06', 'bf8eb59f-e670-41b6-bdcf-d7da22318ab5'),
 ('861', '39', '257', NULL, '147', '1', '2018-12-26 17:06:06', '2018-12-26 17:06:06', '2269e6fe-dae4-404d-a5ad-f2fd726bf37e'),
 ('862', '15', '186', NULL, '182', '1', '2018-12-26 17:06:06', '2018-12-26 17:06:06', 'd5f18582-587e-48c8-bdb3-afc617b7c39a'),
 ('871', '4', '189', NULL, '106', '1', '2018-12-26 17:06:28', '2018-12-26 17:06:28', 'e82410a6-89d1-4072-bc82-003ff507723d'),
 ('875', '39', '258', NULL, '135', '1', '2018-12-26 17:06:28', '2018-12-26 17:06:28', 'dbdba0e3-aa80-46eb-ad83-36a907c3a723'),
 ('876', '39', '258', NULL, '136', '2', '2018-12-26 17:06:28', '2018-12-26 17:06:28', 'ac3dcedb-0484-4cda-aff6-af1e6606210e'),
 ('877', '39', '258', NULL, '137', '3', '2018-12-26 17:06:28', '2018-12-26 17:06:28', '8d9acfdb-0f82-48d4-8280-555d46ee21b8'),
 ('878', '15', '189', NULL, '183', '1', '2018-12-26 17:06:28', '2018-12-26 17:06:28', 'c9402839-6fa8-432b-a2af-79efba1fe93e'),
 ('879', '4', '190', NULL, '105', '1', '2018-12-26 17:06:44', '2018-12-26 17:06:44', '31998e4c-344a-4661-8b7d-9ee5fa4e6bf7'),
 ('881', '39', '259', NULL, '134', '1', '2018-12-26 17:06:44', '2018-12-26 17:06:44', '567131c8-1e45-4bb9-8a1c-77bcd1fb8ea3'),
 ('882', '15', '190', NULL, '183', '1', '2018-12-26 17:06:44', '2018-12-26 17:06:44', '45c9f5a6-2653-461e-bfb5-643912f07b95'),
 ('886', '4', '155', NULL, '119', '1', '2018-12-26 20:49:57', '2018-12-26 20:49:57', '08ac81d0-a22b-4f69-894c-fd18bbea443a'),
 ('887', '4', '156', NULL, '120', '1', '2018-12-26 20:50:06', '2018-12-26 20:50:06', 'f4e0841c-d7fb-49f1-9b0a-bf03420af48a'),
 ('888', '4', '210', NULL, '217', '1', '2018-12-27 20:12:45', '2018-12-27 20:12:45', 'b3f15457-6351-4413-9744-1411b3ae5aa4'),
 ('889', '31', '210', NULL, '217', '1', '2018-12-27 20:12:45', '2018-12-27 20:12:45', '8446c8da-1aed-4eab-a742-20fb22546009'),
 ('890', '39', '244', NULL, '218', '1', '2018-12-27 20:12:46', '2018-12-27 20:12:46', 'd70f1a9b-f61c-4605-bad9-2b6ab9ecd42d'),
 ('891', '39', '244', NULL, '219', '2', '2018-12-27 20:12:46', '2018-12-27 20:12:46', '54ae5403-4607-4625-896b-4344c2220981'),
 ('892', '39', '245', NULL, '220', '1', '2018-12-27 20:12:46', '2018-12-27 20:12:46', '5021b938-344f-4b2f-a6f4-c06765d93f73'),
 ('893', '39', '245', NULL, '221', '2', '2018-12-27 20:12:46', '2018-12-27 20:12:46', 'd2ac31a3-0dce-4fea-b31b-f5cc7e57892a'),
 ('894', '39', '245', NULL, '222', '3', '2018-12-27 20:12:46', '2018-12-27 20:12:46', 'abda3442-7c59-486f-843f-af11420ec5fc'),
 ('895', '4', '153', NULL, '111', '1', '2018-12-27 20:12:52', '2018-12-27 20:12:52', 'e23ee67a-902e-41de-b7cb-fcae5db3e093'),
 ('896', '31', '153', NULL, '111', '1', '2018-12-27 20:12:52', '2018-12-27 20:12:52', '8343eb01-f404-4499-979d-0caa23ac5ac3'),
 ('897', '39', '246', NULL, '218', '1', '2018-12-27 20:12:52', '2018-12-27 20:12:52', 'c2ef5c87-c711-4c72-9755-e3649c94ff25'),
 ('898', '39', '246', NULL, '219', '2', '2018-12-27 20:12:52', '2018-12-27 20:12:52', '2775e7c6-75d7-4b2f-93d7-5be3a85482da'),
 ('899', '39', '248', NULL, '220', '1', '2018-12-27 20:12:52', '2018-12-27 20:12:52', 'a53c58e0-5e3f-4d61-959d-de35c12166f2'),
 ('900', '39', '248', NULL, '221', '2', '2018-12-27 20:12:52', '2018-12-27 20:12:52', '93c0d2b7-7df2-48fb-877e-8685bf0f18f2'),
 ('901', '39', '248', NULL, '222', '3', '2018-12-27 20:12:52', '2018-12-27 20:12:52', '924d311b-0c21-49ff-b15c-e94bbea59678'),
 ('906', '4', '154', NULL, '112', '1', '2018-12-27 20:28:53', '2018-12-27 20:28:53', '21826c4c-cf75-4adf-87f1-b34efab233b5'),
 ('907', '31', '154', NULL, '112', '1', '2018-12-27 20:28:53', '2018-12-27 20:28:53', '0e7163a1-676e-48a9-aeaf-03aa12943325'),
 ('908', '39', '267', NULL, '218', '1', '2018-12-27 20:28:53', '2018-12-27 20:28:53', 'a220f3d4-6918-4841-930b-190022bfd88c'),
 ('909', '39', '267', NULL, '219', '2', '2018-12-27 20:28:53', '2018-12-27 20:28:53', 'caedd6c4-c198-4245-8548-2267c15c8140'),
 ('916', '60', '265', NULL, '279', '1', '2019-01-06 00:35:09', '2019-01-06 00:35:09', '27b47ddc-5518-46ed-94b5-fc7550bd1fc4'),
 ('1524', '57', '264', NULL, '318', '1', '2019-01-14 03:32:32', '2019-01-14 03:32:32', '57ceec1b-5605-4969-9fde-f8038f4486d6'),
 ('1525', '58', '264', NULL, '320', '1', '2019-01-14 03:32:32', '2019-01-14 03:32:32', '40fccaa9-1b5e-40cd-bd54-ba8c8607d31d'),
 ('1526', '59', '264', NULL, '321', '1', '2019-01-14 03:32:32', '2019-01-14 03:32:32', 'edb905cc-3ff5-4d34-98e6-97a43f8ceaa9'),
 ('2130', '65', '275', NULL, '281', '1', '2019-01-22 04:00:10', '2019-01-22 04:00:10', '961a0fb2-9ad0-482f-a3f9-2506963a671a'),
 ('2131', '62', '298', NULL, '293', '1', '2019-01-22 04:00:10', '2019-01-22 04:00:10', '3562144c-1ad3-4b8a-9eef-a596dce39809'),
 ('2132', '62', '303', NULL, '297', '1', '2019-01-22 04:00:10', '2019-01-22 04:00:10', 'cd42a505-461c-40cb-a6da-4d7d45a1ce8e'),
 ('2133', '62', '309', NULL, '282', '1', '2019-01-22 04:00:10', '2019-01-22 04:00:10', '41046cf4-ed1f-4e7b-ad00-88a252b673c1'),
 ('2134', '62', '300', NULL, '285', '1', '2019-01-22 04:00:10', '2019-01-22 04:00:10', '92e1a3ee-2052-4feb-8d2a-428090d8baf1'),
 ('2135', '62', '310', NULL, '284', '1', '2019-01-22 04:00:10', '2019-01-22 04:00:10', '42df0064-573f-41a0-92f2-0151b3482004'),
 ('2136', '62', '304', NULL, '287', '1', '2019-01-22 04:00:10', '2019-01-22 04:00:10', '3d5a94f0-0e7e-4248-95d3-6f5519b8ea4e'),
 ('2137', '62', '301', NULL, '286', '1', '2019-01-22 04:00:10', '2019-01-22 04:00:10', '6d2e6860-9916-4c78-a817-fe021297523a'),
 ('2138', '62', '322', NULL, '286', '1', '2019-01-22 04:00:10', '2019-01-22 04:00:10', 'ea09fce2-fb2f-4706-ac7c-fb1cb2c191f1'),
 ('2139', '62', '299', NULL, '283', '1', '2019-01-22 04:00:10', '2019-01-22 04:00:10', '32f882ee-669b-4eae-8744-ff34694a7c41'),
 ('2140', '62', '305', NULL, '289', '1', '2019-01-22 04:00:10', '2019-01-22 04:00:10', 'a9a218ee-69ca-4995-94d0-2113d7b239ec'),
 ('2141', '62', '302', NULL, '288', '1', '2019-01-22 04:00:10', '2019-01-22 04:00:10', '5b447c03-b40a-42de-aa0d-2517a023c9ca'),
 ('2142', '62', '306', NULL, '291', '1', '2019-01-22 04:00:10', '2019-01-22 04:00:10', '490e2c72-5f1f-4a67-8f28-041e3fc801a5'),
 ('2143', '62', '307', NULL, '290', '1', '2019-01-22 04:00:10', '2019-01-22 04:00:10', 'eb31f7ab-6780-4fd4-8d59-84d48a4202e1'),
 ('2144', '62', '308', NULL, '292', '1', '2019-01-22 04:00:10', '2019-01-22 04:00:10', '953c6231-861b-494f-8139-3f666b238d5d'),
 ('2145', '70', '324', NULL, '113', '1', '2019-01-22 17:34:10', '2019-01-22 17:34:10', '66e458a5-b55c-4439-9994-34f91cc91df3');



DROP TABLE IF EXISTS `craft_routes`;


--
-- Schema for table `craft_routes`
--
CREATE TABLE `craft_routes` (
  `id` int(11) NOT NULL AUTO_INCREMENT,
  `locale` char(12) COLLATE utf8_unicode_ci DEFAULT NULL,
  `urlParts` varchar(255) COLLATE utf8_unicode_ci NOT NULL,
  `urlPattern` varchar(255) COLLATE utf8_unicode_ci NOT NULL,
  `template` varchar(255) COLLATE utf8_unicode_ci NOT NULL,
  `sortOrder` smallint(6) unsigned DEFAULT NULL,
  `dateCreated` datetime NOT NULL,
  `dateUpdated` datetime NOT NULL,
  `uid` char(36) COLLATE utf8_unicode_ci NOT NULL DEFAULT '0',
  PRIMARY KEY (`id`),
  KEY `craft_routes_locale_idx` (`locale`),
  KEY `craft_routes_urlPattern_idx` (`urlPattern`)
) ENGINE=InnoDB DEFAULT CHARSET=utf8 COLLATE=utf8_unicode_ci;

DROP TABLE IF EXISTS `craft_searchindex`;


--
-- Schema for table `craft_searchindex`
--
CREATE TABLE `craft_searchindex` (
  `elementId` int(11) NOT NULL,
  `attribute` varchar(25) COLLATE utf8_unicode_ci NOT NULL,
  `fieldId` int(11) NOT NULL,
  `locale` char(12) COLLATE utf8_unicode_ci NOT NULL,
  `keywords` text COLLATE utf8_unicode_ci NOT NULL,
  PRIMARY KEY (`elementId`,`attribute`,`fieldId`,`locale`),
  FULLTEXT KEY `craft_searchindex_keywords_idx` (`keywords`)
) ENGINE=MyISAM DEFAULT CHARSET=utf8 COLLATE=utf8_unicode_ci;

--
-- Data for table `craft_searchindex`
--

INSERT INTO `craft_searchindex` (`elementId`, `attribute`, `fieldId`, `locale`, `keywords`) VALUES
 ('237', 'kind', '0', 'en_us', ' image '),
 ('237', 'slug', '0', 'en_us', ' indie preview musical oranges '),
 ('237', 'extension', '0', 'en_us', ' jpg '),
 ('231', 'kind', '0', 'en_us', ' image '),
 ('231', 'extension', '0', 'en_us', ' jpg '),
 ('231', 'filename', '0', 'en_us', ' indie artwork_map to sva jpg '),
 ('104', 'filename', '0', 'en_us', ' indie_work_4_cover_image jpg '),
 ('104', 'extension', '0', 'en_us', ' jpg '),
 ('104', 'kind', '0', 'en_us', ' image '),
 ('104', 'slug', '0', 'en_us', ' indie work 4 cover image '),
 ('104', 'title', '0', 'en_us', ' indie work 4 cover image '),
 ('102', 'filename', '0', 'en_us', ' indie_work_2_cover_image jpg '),
 ('102', 'extension', '0', 'en_us', ' jpg '),
 ('102', 'kind', '0', 'en_us', ' image '),
 ('102', 'slug', '0', 'en_us', ' indie work 2 cover image '),
 ('102', 'title', '0', 'en_us', ' indie work 2 cover image '),
 ('105', 'filename', '0', 'en_us', ' indie_work_5_cover_image jpg '),
 ('105', 'extension', '0', 'en_us', ' jpg '),
 ('105', 'kind', '0', 'en_us', ' image '),
 ('105', 'slug', '0', 'en_us', ' indie work 5 cover image '),
 ('105', 'title', '0', 'en_us', ' indie work 5 cover image '),
 ('106', 'filename', '0', 'en_us', ' indie_work_6_cover_image jpg '),
 ('106', 'extension', '0', 'en_us', ' jpg '),
 ('106', 'kind', '0', 'en_us', ' image '),
 ('106', 'slug', '0', 'en_us', ' indie work 6 cover image '),
 ('106', 'title', '0', 'en_us', ' indie work 6 cover image '),
 ('107', 'filename', '0', 'en_us', ' indie_work_7_cover_image jpg '),
 ('107', 'extension', '0', 'en_us', ' jpg '),
 ('107', 'kind', '0', 'en_us', ' image '),
 ('107', 'slug', '0', 'en_us', ' indie work 7 cover image '),
 ('107', 'title', '0', 'en_us', ' indie work 7 cover image '),
 ('239', 'extension', '0', 'en_us', ' jpg '),
 ('237', 'title', '0', 'en_us', ' indie preview musical oranges '),
 ('109', 'filename', '0', 'en_us', ' indie_work_9_cover_image jpg '),
 ('109', 'extension', '0', 'en_us', ' jpg '),
 ('109', 'kind', '0', 'en_us', ' image '),
 ('109', 'slug', '0', 'en_us', ' indie work 9 cover image '),
 ('109', 'title', '0', 'en_us', ' indie work 9 cover image '),
 ('239', 'filename', '0', 'en_us', ' indie artwork_self tree jpg '),
 ('238', 'slug', '0', 'en_us', ' indie artwork light heavy and i '),
 ('238', 'title', '0', 'en_us', ' indie artwork light heavy and i '),
 ('111', 'filename', '0', 'en_us', ' 12days_cover_image jpg '),
 ('111', 'extension', '0', 'en_us', ' jpg '),
 ('111', 'kind', '0', 'en_us', ' image '),
 ('111', 'slug', '0', 'en_us', ' 12days cover image '),
 ('111', 'title', '0', 'en_us', ' 12days cover image '),
 ('112', 'filename', '0', 'en_us', ' 12days3_cover_image jpg '),
 ('112', 'extension', '0', 'en_us', ' jpg '),
 ('112', 'kind', '0', 'en_us', ' image '),
 ('112', 'slug', '0', 'en_us', ' 12 days3 cover image '),
 ('112', 'title', '0', 'en_us', ' 12 days3 cover image '),
 ('114', 'filename', '0', 'en_us', ' bossa_cover_image jpg '),
 ('114', 'extension', '0', 'en_us', ' jpg '),
 ('114', 'kind', '0', 'en_us', ' image '),
 ('114', 'slug', '0', 'en_us', ' bossa cover image '),
 ('114', 'title', '0', 'en_us', ' bossa cover image '),
 ('113', 'filename', '0', 'en_us', ' bosch_cover_image jpg '),
 ('113', 'extension', '0', 'en_us', ' jpg '),
 ('113', 'kind', '0', 'en_us', ' image '),
 ('113', 'slug', '0', 'en_us', ' bosch cover image '),
 ('113', 'title', '0', 'en_us', ' bosch cover image '),
 ('115', 'filename', '0', 'en_us', ' cartoonnetwork_cover_image jpg '),
 ('115', 'extension', '0', 'en_us', ' jpg '),
 ('115', 'kind', '0', 'en_us', ' image '),
 ('115', 'slug', '0', 'en_us', ' cartoon network cover image '),
 ('115', 'title', '0', 'en_us', ' cartoon network cover image '),
 ('116', 'filename', '0', 'en_us', ' cgcc_cover_image jpg '),
 ('116', 'extension', '0', 'en_us', ' jpg '),
 ('116', 'kind', '0', 'en_us', ' image '),
 ('116', 'slug', '0', 'en_us', ' cgcc cover image '),
 ('116', 'title', '0', 'en_us', ' cgcc cover image '),
 ('117', 'filename', '0', 'en_us', ' countdown_cover_image jpg '),
 ('117', 'extension', '0', 'en_us', ' jpg '),
 ('117', 'kind', '0', 'en_us', ' image '),
 ('117', 'slug', '0', 'en_us', ' count down cover image '),
 ('117', 'title', '0', 'en_us', ' count down cover image '),
 ('118', 'filename', '0', 'en_us', ' cranks_and_gulps_cover_image jpg '),
 ('118', 'extension', '0', 'en_us', ' jpg '),
 ('118', 'kind', '0', 'en_us', ' image '),
 ('118', 'slug', '0', 'en_us', ' cranks and gulps cover image '),
 ('118', 'title', '0', 'en_us', ' cranks and gulps cover image '),
 ('119', 'filename', '0', 'en_us', ' dell_cover_image jpg '),
 ('119', 'extension', '0', 'en_us', ' jpg '),
 ('119', 'kind', '0', 'en_us', ' image '),
 ('119', 'slug', '0', 'en_us', ' dell cover image '),
 ('119', 'title', '0', 'en_us', ' dell cover image '),
 ('120', 'filename', '0', 'en_us', ' espn_cover_image jpg '),
 ('120', 'extension', '0', 'en_us', ' jpg '),
 ('120', 'kind', '0', 'en_us', ' image '),
 ('120', 'slug', '0', 'en_us', ' espn cover image '),
 ('120', 'title', '0', 'en_us', ' espn cover image '),
 ('121', 'filename', '0', 'en_us', ' footlocker_cover_image jpg '),
 ('121', 'extension', '0', 'en_us', ' jpg '),
 ('121', 'kind', '0', 'en_us', ' image '),
 ('121', 'slug', '0', 'en_us', ' foot locker cover image '),
 ('121', 'title', '0', 'en_us', ' foot locker cover image '),
 ('122', 'filename', '0', 'en_us', ' googteamwork_cover_image jpg '),
 ('122', 'extension', '0', 'en_us', ' jpg '),
 ('122', 'kind', '0', 'en_us', ' image '),
 ('122', 'slug', '0', 'en_us', ' goog teamwork cover image ');
INSERT INTO `craft_searchindex` (`elementId`, `attribute`, `fieldId`, `locale`, `keywords`) VALUES
 ('122', 'title', '0', 'en_us', ' goog teamwork cover image '),
 ('123', 'filename', '0', 'en_us', ' hanessocks_cover_image jpg '),
 ('123', 'extension', '0', 'en_us', ' jpg '),
 ('123', 'kind', '0', 'en_us', ' image '),
 ('123', 'slug', '0', 'en_us', ' hanes socks cover image '),
 ('123', 'title', '0', 'en_us', ' hanes socks cover image '),
 ('124', 'filename', '0', 'en_us', ' hardboil_cover_image jpg '),
 ('124', 'extension', '0', 'en_us', ' jpg '),
 ('124', 'kind', '0', 'en_us', ' image '),
 ('124', 'slug', '0', 'en_us', ' hardboil cover image '),
 ('124', 'title', '0', 'en_us', ' hardboil cover image '),
 ('125', 'filename', '0', 'en_us', ' hermesnoel_cover_image jpg '),
 ('125', 'extension', '0', 'en_us', ' jpg '),
 ('125', 'kind', '0', 'en_us', ' image '),
 ('125', 'slug', '0', 'en_us', ' hermes noel cover image '),
 ('125', 'title', '0', 'en_us', ' hermes noel cover image '),
 ('126', 'filename', '0', 'en_us', ' mcdcracker_cover_image jpg '),
 ('126', 'extension', '0', 'en_us', ' jpg '),
 ('126', 'kind', '0', 'en_us', ' image '),
 ('126', 'slug', '0', 'en_us', ' mcd cracker cover image '),
 ('126', 'title', '0', 'en_us', ' mcd cracker cover image '),
 ('127', 'filename', '0', 'en_us', ' melvinmoon_cover_image jpg '),
 ('127', 'extension', '0', 'en_us', ' jpg '),
 ('127', 'kind', '0', 'en_us', ' image '),
 ('127', 'slug', '0', 'en_us', ' melvin moon cover image '),
 ('127', 'title', '0', 'en_us', ' melvin moon cover image '),
 ('128', 'filename', '0', 'en_us', ' navyfed_cover_image jpg '),
 ('128', 'extension', '0', 'en_us', ' jpg '),
 ('128', 'kind', '0', 'en_us', ' image '),
 ('128', 'slug', '0', 'en_us', ' navy fed cover image '),
 ('128', 'title', '0', 'en_us', ' navy fed cover image '),
 ('129', 'filename', '0', 'en_us', ' philliplim_cover_image jpg '),
 ('129', 'extension', '0', 'en_us', ' jpg '),
 ('129', 'kind', '0', 'en_us', ' image '),
 ('129', 'slug', '0', 'en_us', ' phillip lim cover image '),
 ('129', 'title', '0', 'en_us', ' phillip lim cover image '),
 ('130', 'filename', '0', 'en_us', ' randyfox_cover_image jpg '),
 ('130', 'extension', '0', 'en_us', ' jpg '),
 ('130', 'kind', '0', 'en_us', ' image '),
 ('130', 'slug', '0', 'en_us', ' randy fox cover image '),
 ('130', 'title', '0', 'en_us', ' randy fox cover image '),
 ('131', 'filename', '0', 'en_us', ' rushkitchen_cover_image jpg '),
 ('131', 'extension', '0', 'en_us', ' jpg '),
 ('131', 'kind', '0', 'en_us', ' image '),
 ('131', 'slug', '0', 'en_us', ' rushkitchen cover image '),
 ('131', 'title', '0', 'en_us', ' rushkitchen cover image '),
 ('132', 'filename', '0', 'en_us', ' timhorton_cover_image jpg '),
 ('132', 'extension', '0', 'en_us', ' jpg '),
 ('132', 'kind', '0', 'en_us', ' image '),
 ('132', 'slug', '0', 'en_us', ' tim horton cover image '),
 ('132', 'title', '0', 'en_us', ' tim horton cover image '),
 ('133', 'filename', '0', 'en_us', ' toadpipe_cover_image jpg '),
 ('133', 'extension', '0', 'en_us', ' jpg '),
 ('133', 'kind', '0', 'en_us', ' image '),
 ('133', 'slug', '0', 'en_us', ' toadpipe cover image '),
 ('133', 'title', '0', 'en_us', ' toadpipe cover image '),
 ('134', 'filename', '0', 'en_us', ' bornsmall_o jpg '),
 ('134', 'extension', '0', 'en_us', ' jpg '),
 ('134', 'kind', '0', 'en_us', ' image '),
 ('134', 'slug', '0', 'en_us', ' bornsmall o '),
 ('134', 'title', '0', 'en_us', ' bornsmall o '),
 ('135', 'filename', '0', 'en_us', ' head1_s_905_2x jpg '),
 ('135', 'extension', '0', 'en_us', ' jpg '),
 ('135', 'kind', '0', 'en_us', ' image '),
 ('135', 'slug', '0', 'en_us', ' head1 s 905 2x '),
 ('135', 'title', '0', 'en_us', ' head1 s 905 2x '),
 ('136', 'filename', '0', 'en_us', ' head2_s_905_2x jpg '),
 ('136', 'extension', '0', 'en_us', ' jpg '),
 ('136', 'kind', '0', 'en_us', ' image '),
 ('136', 'slug', '0', 'en_us', ' head2 s 905 2x '),
 ('136', 'title', '0', 'en_us', ' head2 s 905 2x '),
 ('137', 'filename', '0', 'en_us', ' head3_s_905_2x jpg '),
 ('137', 'extension', '0', 'en_us', ' jpg '),
 ('137', 'kind', '0', 'en_us', ' image '),
 ('137', 'slug', '0', 'en_us', ' head3 s 905 2x '),
 ('137', 'title', '0', 'en_us', ' head3 s 905 2x '),
 ('241', 'filename', '0', 'en_us', ' indie artwork_time jpg '),
 ('240', 'title', '0', 'en_us', ' indie preview time 01 '),
 ('240', 'slug', '0', 'en_us', ' indie preview time 01 '),
 ('139', 'filename', '0', 'en_us', ' j2_905 jpg '),
 ('139', 'extension', '0', 'en_us', ' jpg '),
 ('139', 'kind', '0', 'en_us', ' image '),
 ('139', 'slug', '0', 'en_us', ' j2 905 '),
 ('139', 'title', '0', 'en_us', ' j2 905 '),
 ('140', 'filename', '0', 'en_us', ' j3_905 jpg '),
 ('140', 'extension', '0', 'en_us', ' jpg '),
 ('140', 'kind', '0', 'en_us', ' image '),
 ('140', 'slug', '0', 'en_us', ' j3 905 '),
 ('140', 'title', '0', 'en_us', ' j3 905 '),
 ('141', 'filename', '0', 'en_us', ' j4_905 jpg '),
 ('141', 'extension', '0', 'en_us', ' jpg '),
 ('141', 'kind', '0', 'en_us', ' image '),
 ('141', 'slug', '0', 'en_us', ' j4 905 '),
 ('141', 'title', '0', 'en_us', ' j4 905 '),
 ('142', 'filename', '0', 'en_us', ' j5_905 jpg '),
 ('142', 'extension', '0', 'en_us', ' jpg '),
 ('142', 'kind', '0', 'en_us', ' image '),
 ('142', 'slug', '0', 'en_us', ' j5 905 '),
 ('142', 'title', '0', 'en_us', ' j5 905 '),
 ('143', 'filename', '0', 'en_us', ' j6_905 jpg ');
INSERT INTO `craft_searchindex` (`elementId`, `attribute`, `fieldId`, `locale`, `keywords`) VALUES
 ('143', 'extension', '0', 'en_us', ' jpg '),
 ('143', 'kind', '0', 'en_us', ' image '),
 ('143', 'slug', '0', 'en_us', ' j6 905 '),
 ('143', 'title', '0', 'en_us', ' j6 905 '),
 ('144', 'filename', '0', 'en_us', ' j7_905 jpg '),
 ('144', 'extension', '0', 'en_us', ' jpg '),
 ('144', 'kind', '0', 'en_us', ' image '),
 ('144', 'slug', '0', 'en_us', ' j7 905 '),
 ('144', 'title', '0', 'en_us', ' j7 905 '),
 ('239', 'title', '0', 'en_us', ' indie artwork self tree '),
 ('239', 'slug', '0', 'en_us', ' indie artwork self tree '),
 ('239', 'kind', '0', 'en_us', ' image '),
 ('146', 'filename', '0', 'en_us', ' purity_905 jpg '),
 ('146', 'extension', '0', 'en_us', ' jpg '),
 ('146', 'kind', '0', 'en_us', ' image '),
 ('146', 'slug', '0', 'en_us', ' purity 905 '),
 ('146', 'title', '0', 'en_us', ' purity 905 '),
 ('147', 'filename', '0', 'en_us', ' reds_small_905_2x jpg '),
 ('147', 'extension', '0', 'en_us', ' jpg '),
 ('147', 'kind', '0', 'en_us', ' image '),
 ('147', 'slug', '0', 'en_us', ' reds small 905 2x '),
 ('147', 'title', '0', 'en_us', ' reds small 905 2x '),
 ('149', 'filename', '0', 'en_us', ' time_905_2x jpg '),
 ('149', 'extension', '0', 'en_us', ' jpg '),
 ('149', 'kind', '0', 'en_us', ' image '),
 ('149', 'slug', '0', 'en_us', ' time 905 2x '),
 ('149', 'title', '0', 'en_us', ' time 905 2x '),
 ('240', 'kind', '0', 'en_us', ' image '),
 ('240', 'extension', '0', 'en_us', ' jpg '),
 ('240', 'filename', '0', 'en_us', ' indie preview_time_01 jpg '),
 ('153', 'field', '16', 'en_us', ' 12days cover image bosch cover image 12 days3 cover image 12days cover image bosch cover image '),
 ('153', 'field', '31', 'en_us', ' 12days cover image '),
 ('182', 'slug', '0', 'en_us', ' mixed media art '),
 ('182', 'title', '0', 'en_us', ' mixed media art '),
 ('183', 'slug', '0', 'en_us', ' drawing '),
 ('183', 'title', '0', 'en_us', ' drawing '),
 ('184', 'slug', '0', 'en_us', ' animation '),
 ('184', 'title', '0', 'en_us', ' animation '),
 ('185', 'slug', '0', 'en_us', ' film '),
 ('185', 'title', '0', 'en_us', ' film '),
 ('153', 'slug', '0', 'en_us', ' 12 days of elves season 2 '),
 ('153', 'title', '0', 'en_us', ' 12 days of elves season 2 '),
 ('153', 'field', '4', 'en_us', ' 12days cover image '),
 ('153', 'field', '7', 'en_us', ' 45515295 https vimeo com 45515295 vimeo vimeo 2012 07 10 184316 120 emanuel strixner https vimeo com user12481258 https i vimeocdn com video 317267272_1280 jpg https i vimeocdn com video 317267272_1280 jpg food www emanuelstrixner com a ball of dough ist taken out of the fridge it has to unfreeze before it gets cooked year 2012 director emanuel strixner production company kitchen 1280 720 '),
 ('153', 'field', '5', 'en_us', ''),
 ('153', 'field', '8', 'en_us', ' 000000 '),
 ('153', 'field', '9', 'en_us', ' 000000 '),
 ('153', 'field', '12', 'en_us', ' hornet films '),
 ('153', 'field', '10', 'en_us', ' compositor colorist '),
 ('153', 'field', '11', 'en_us', ' 2d animation short films '),
 ('153', 'field', '6', 'en_us', ''),
 ('153', 'field', '13', 'en_us', ''),
 ('154', 'slug', '0', 'en_us', ' 12 days of elves season 3 '),
 ('154', 'title', '0', 'en_us', ' 12 days of elves season 3 '),
 ('154', 'field', '4', 'en_us', ' 12 days3 cover image '),
 ('154', 'field', '7', 'en_us', ' 153983786 https vimeo com 153983786 vimeo vimeo 2016 02 02 0 248 xiaoxiao soup https vimeo com greensoup https i vimeocdn com video 554432641_1280 jpg https i vimeocdn com video 554432641_1280 jpg 12 days of elves season 3 type 2d animation short films client hornet films role lead compositor colorist 1 1920 1080 '),
 ('154', 'field', '5', 'en_us', ''),
 ('154', 'field', '8', 'en_us', ' 000000 '),
 ('154', 'field', '9', 'en_us', ' 000000 '),
 ('154', 'field', '12', 'en_us', ' hornet films '),
 ('154', 'field', '10', 'en_us', ''),
 ('154', 'field', '11', 'en_us', ''),
 ('154', 'field', '6', 'en_us', ''),
 ('154', 'field', '13', 'en_us', ''),
 ('155', 'slug', '0', 'en_us', ' dell stop motion paper cut '),
 ('155', 'title', '0', 'en_us', ' dell stop motion paper cut '),
 ('155', 'field', '4', 'en_us', ' dell cover image '),
 ('155', 'field', '7', 'en_us', ' 137547607 https vimeo com 137547607 vimeo vimeo 2015 08 27 0 10 xiaoxiao soup https vimeo com greensoup https i vimeocdn com video 532507296_1280 jpg https i vimeocdn com video 532507296_1280 jpg breakdown_dell_paper_0826 1 1280 720 '),
 ('155', 'field', '5', 'en_us', ''),
 ('155', 'field', '8', 'en_us', ' 000000 '),
 ('155', 'field', '9', 'en_us', ' 000000 '),
 ('155', 'field', '12', 'en_us', ' hornet films '),
 ('155', 'field', '10', 'en_us', ''),
 ('155', 'field', '11', 'en_us', ''),
 ('155', 'field', '6', 'en_us', ''),
 ('155', 'field', '13', 'en_us', ''),
 ('156', 'slug', '0', 'en_us', ' espn what are you doing new years eve '),
 ('156', 'title', '0', 'en_us', ' espn what are you doing new year s eve '),
 ('156', 'field', '4', 'en_us', ' espn cover image '),
 ('156', 'field', '7', 'en_us', ' 150941184 https vimeo com 150941184 vimeo vimeo 2016 01 06 0 60 xiaoxiao soup https vimeo com greensoup https i vimeocdn com video 550559649_1280 jpg https i vimeocdn com video 550559649_1280 jpg espn what are you doing new year s eve type fabrication live action and cg client espn agency wieden kennedy ny role compositor 1 1920 1080 '),
 ('156', 'field', '5', 'en_us', ''),
 ('156', 'field', '8', 'en_us', ' 000000 '),
 ('156', 'field', '9', 'en_us', ' 000000 '),
 ('156', 'field', '12', 'en_us', ' hornet films '),
 ('156', 'field', '10', 'en_us', ''),
 ('156', 'field', '11', 'en_us', ''),
 ('156', 'field', '6', 'en_us', ''),
 ('156', 'field', '13', 'en_us', ''),
 ('157', 'slug', '0', 'en_us', ' bosch stop the roadkill '),
 ('157', 'title', '0', 'en_us', ' bosch stop the roadkill '),
 ('157', 'field', '4', 'en_us', ' bosch cover image '),
 ('157', 'field', '7', 'en_us', ' 150945400 https vimeo com 150945400 vimeo vimeo 2016 01 06 1 163 xiaoxiao soup https vimeo com greensoup https i vimeocdn com video 550562316_1280 jpg https i vimeocdn com video 550562316_1280 jpg bosch stop the roadkill type puppets live action and stop motion client bosch role compositor 1 1920 1080 '),
 ('157', 'field', '5', 'en_us', ''),
 ('157', 'field', '8', 'en_us', ' 000000 '),
 ('157', 'field', '9', 'en_us', ' 000000 '),
 ('157', 'field', '12', 'en_us', ''),
 ('157', 'field', '10', 'en_us', ''),
 ('157', 'field', '11', 'en_us', ''),
 ('157', 'field', '6', 'en_us', ''),
 ('157', 'field', '13', 'en_us', '');
INSERT INTO `craft_searchindex` (`elementId`, `attribute`, `fieldId`, `locale`, `keywords`) VALUES
 ('158', 'slug', '0', 'en_us', ' foot locker endtag '),
 ('158', 'title', '0', 'en_us', ' foot locker endtag '),
 ('158', 'field', '4', 'en_us', ' foot locker cover image '),
 ('158', 'field', '7', 'en_us', ' 150948152 83787e1caa https vimeo com 150948152 83787e1caa vimeo vimeo 2016 01 06 4 3 xiaoxiao soup https vimeo com greensoup https i vimeocdn com video 550564403_1280 jpg https i vimeocdn com video 550564403_1280 jpg foot locker endtag type motion graphics client foot locker role motion graphics artist 1920 1080 '),
 ('158', 'field', '5', 'en_us', ''),
 ('158', 'field', '8', 'en_us', ' 000000 '),
 ('158', 'field', '9', 'en_us', ' 000000 '),
 ('158', 'field', '12', 'en_us', ''),
 ('158', 'field', '10', 'en_us', ''),
 ('158', 'field', '11', 'en_us', ''),
 ('158', 'field', '6', 'en_us', ''),
 ('158', 'field', '13', 'en_us', ''),
 ('159', 'slug', '0', 'en_us', ' navy federal credit union our members make us '),
 ('159', 'title', '0', 'en_us', ' navy federal credit union our members make us '),
 ('159', 'field', '4', 'en_us', ' navy fed cover image '),
 ('159', 'field', '7', 'en_us', ' 151098650 https vimeo com 151098650 vimeo vimeo 2016 01 07 2 67 xiaoxiao soup https vimeo com greensoup https i vimeocdn com video 550756963_1280 jpg https i vimeocdn com video 550756963_1280 jpg navy federal credit union our members make us type 2d animation client navy federal credit union agency fitzgerald $ co role compositor 1 1920 1080 '),
 ('159', 'field', '5', 'en_us', ''),
 ('159', 'field', '8', 'en_us', ' 000000 '),
 ('159', 'field', '9', 'en_us', ' 000000 '),
 ('159', 'field', '12', 'en_us', ''),
 ('159', 'field', '10', 'en_us', ''),
 ('159', 'field', '11', 'en_us', ''),
 ('159', 'field', '6', 'en_us', ''),
 ('159', 'field', '13', 'en_us', ''),
 ('160', 'slug', '0', 'en_us', ' cranks and gulps '),
 ('160', 'title', '0', 'en_us', ' cranks and gulps '),
 ('160', 'field', '4', 'en_us', ' cranks and gulps cover image '),
 ('160', 'field', '7', 'en_us', ' 125407982 https vimeo com 125407982 vimeo vimeo 2015 04 19 2 103 xiaoxiao soup https vimeo com greensoup https i vimeocdn com video 515507416_1280 jpg https i vimeocdn com video 515507416_1280 jpg cranks and gulps type 2d animation client new brunswick power role assisted in composting 1 1280 720 '),
 ('160', 'field', '5', 'en_us', ''),
 ('160', 'field', '8', 'en_us', ' 000000 '),
 ('160', 'field', '9', 'en_us', ' 000000 '),
 ('160', 'field', '12', 'en_us', ''),
 ('160', 'field', '10', 'en_us', ''),
 ('160', 'field', '11', 'en_us', ''),
 ('160', 'field', '6', 'en_us', ''),
 ('160', 'field', '13', 'en_us', ''),
 ('161', 'slug', '0', 'en_us', ' hermes noel '),
 ('161', 'title', '0', 'en_us', ' hermes noel '),
 ('161', 'field', '4', 'en_us', ' hermes noel cover image '),
 ('161', 'field', '7', 'en_us', ' 125408376 https vimeo com 125408376 vimeo vimeo 2015 04 19 2 55 xiaoxiao soup https vimeo com greensoup https i vimeocdn com video 515503513_1280 jpg https i vimeocdn com video 515503513_1280 jpg hermès noel type stop motion animation client hermes role junior compositor 1 1920 1080 '),
 ('161', 'field', '5', 'en_us', ''),
 ('161', 'field', '8', 'en_us', ' 000000 '),
 ('161', 'field', '9', 'en_us', ' 000000 '),
 ('161', 'field', '12', 'en_us', ''),
 ('161', 'field', '10', 'en_us', ''),
 ('161', 'field', '11', 'en_us', ''),
 ('161', 'field', '6', 'en_us', ''),
 ('161', 'field', '13', 'en_us', ''),
 ('162', 'slug', '0', 'en_us', ' rush in the kitchen '),
 ('162', 'title', '0', 'en_us', ' rush in the kitchen '),
 ('162', 'field', '4', 'en_us', ' rushkitchen cover image '),
 ('162', 'field', '7', 'en_us', ' 123798333 https vimeo com 123798333 vimeo vimeo 2015 03 31 0 30 xiaoxiao soup https vimeo com greensoup https i vimeocdn com video 513272351_1280 jpg https i vimeocdn com video 513272351_1280 jpg rush in the kitchen type 2d animation client uncle bens role assisted in composting 1 1920 1080 '),
 ('162', 'field', '5', 'en_us', ''),
 ('162', 'field', '8', 'en_us', ' 000000 '),
 ('162', 'field', '9', 'en_us', ' 000000 '),
 ('162', 'field', '12', 'en_us', ''),
 ('162', 'field', '10', 'en_us', ''),
 ('162', 'field', '11', 'en_us', ''),
 ('162', 'field', '6', 'en_us', ''),
 ('162', 'field', '13', 'en_us', ''),
 ('163', 'slug', '0', 'en_us', ' melvin in the moon '),
 ('163', 'title', '0', 'en_us', ' melvin in the moon '),
 ('163', 'field', '4', 'en_us', ' melvin moon cover image '),
 ('163', 'field', '7', 'en_us', ' 123800834 https vimeo com 123800834 vimeo vimeo 2015 03 31 3 54 xiaoxiao soup https vimeo com greensoup https i vimeocdn com video 513277478_1280 jpg https i vimeocdn com video 513277478_1280 jpg melvin in the moon type 2d animation pitch client disney channel role junior compositor 1 1920 1080 '),
 ('163', 'field', '5', 'en_us', ''),
 ('163', 'field', '8', 'en_us', ' 000000 '),
 ('163', 'field', '9', 'en_us', ' 000000 '),
 ('163', 'field', '12', 'en_us', ''),
 ('163', 'field', '10', 'en_us', ''),
 ('163', 'field', '11', 'en_us', ''),
 ('163', 'field', '6', 'en_us', ''),
 ('163', 'field', '13', 'en_us', ''),
 ('164', 'slug', '0', 'en_us', ' mcdonalds cracker '),
 ('164', 'title', '0', 'en_us', ' mcdonald s cracker '),
 ('164', 'field', '4', 'en_us', ' mcd cracker cover image '),
 ('164', 'field', '7', 'en_us', ' 123803279 https vimeo com 123803279 vimeo vimeo 2015 03 31 1 50 xiaoxiao soup https vimeo com greensoup https i vimeocdn com video 513279055_1280 jpg https i vimeocdn com video 513279055_1280 jpg mcdonald s cracker type motion graphics and cg animation client mcdonald s role motion graphics animator 1 752 334 '),
 ('164', 'field', '5', 'en_us', ''),
 ('164', 'field', '8', 'en_us', ' 000000 '),
 ('164', 'field', '9', 'en_us', ' 000000 '),
 ('164', 'field', '12', 'en_us', ''),
 ('164', 'field', '10', 'en_us', ''),
 ('164', 'field', '11', 'en_us', ''),
 ('164', 'field', '6', 'en_us', ''),
 ('164', 'field', '13', 'en_us', ''),
 ('165', 'slug', '0', 'en_us', ' tim horton ice capp think happy '),
 ('165', 'title', '0', 'en_us', ' tim horton ice capp think happy '),
 ('165', 'field', '4', 'en_us', ' tim horton cover image '),
 ('165', 'field', '7', 'en_us', ' 138810470 https vimeo com 138810470 vimeo vimeo 2015 09 09 0 10 xiaoxiao soup https vimeo com greensoup https i vimeocdn com video 534334605_1280 jpg https i vimeocdn com video 534334605_1280 jpg breakdown_timhortons_hq_0830_ori 1 1920 1080 '),
 ('165', 'field', '5', 'en_us', ''),
 ('165', 'field', '8', 'en_us', ' 000000 '),
 ('165', 'field', '9', 'en_us', ' 000000 '),
 ('165', 'field', '12', 'en_us', ''),
 ('165', 'field', '10', 'en_us', ''),
 ('165', 'field', '11', 'en_us', ''),
 ('165', 'field', '6', 'en_us', ''),
 ('165', 'field', '13', 'en_us', ''),
 ('166', 'slug', '0', 'en_us', ' google teamwork '),
 ('166', 'title', '0', 'en_us', ' google teamwork '),
 ('166', 'field', '4', 'en_us', ' goog teamwork cover image '),
 ('166', 'field', '7', 'en_us', ' 130595491 657fc44fa3 https vimeo com 130595491 657fc44fa3 vimeo vimeo 2015 06 12 8 94 xiaoxiao soup https vimeo com greensoup https i vimeocdn com video 522518063_1280 jpg https i vimeocdn com video 522518063_1280 jpg google teamwork type motion graphics client google agency jwt role motion graphics animator refer http googleforwork blogspot com 2015 02 teamwork 2015 were not just partners were in this together html 1920 1080 ');
INSERT INTO `craft_searchindex` (`elementId`, `attribute`, `fieldId`, `locale`, `keywords`) VALUES
 ('166', 'field', '5', 'en_us', ''),
 ('166', 'field', '8', 'en_us', ' 000000 '),
 ('166', 'field', '9', 'en_us', ' 000000 '),
 ('166', 'field', '12', 'en_us', ''),
 ('166', 'field', '10', 'en_us', ''),
 ('166', 'field', '11', 'en_us', ''),
 ('166', 'field', '6', 'en_us', ''),
 ('166', 'field', '13', 'en_us', ''),
 ('167', 'slug', '0', 'en_us', ' randy and fox '),
 ('167', 'title', '0', 'en_us', ' randy and fox '),
 ('167', 'field', '4', 'en_us', ' randy fox cover image '),
 ('167', 'field', '7', 'en_us', ' 130579426 https vimeo com 130579426 vimeo vimeo 2015 06 12 3 124 xiaoxiao soup https vimeo com greensoup https i vimeocdn com video 522496032_1280 jpg https i vimeocdn com video 522496032_1280 jpg randyandfox trailer type 2d animation pitch client nickelodeon digital role compositor 1 1920 1080 '),
 ('167', 'field', '5', 'en_us', ''),
 ('167', 'field', '8', 'en_us', ' 000000 '),
 ('167', 'field', '9', 'en_us', ' 000000 '),
 ('167', 'field', '12', 'en_us', ''),
 ('167', 'field', '10', 'en_us', ''),
 ('167', 'field', '11', 'en_us', ''),
 ('167', 'field', '6', 'en_us', ''),
 ('167', 'field', '13', 'en_us', ''),
 ('168', 'slug', '0', 'en_us', ' bossa logo animation '),
 ('168', 'title', '0', 'en_us', ' bossa logo animation '),
 ('168', 'field', '4', 'en_us', ' bossa cover image '),
 ('168', 'field', '7', 'en_us', ' 131025850 8a9ed47898 https vimeo com 131025850 8a9ed47898 vimeo vimeo 2015 06 17 5 30 xiaoxiao soup https vimeo com greensoup https i vimeocdn com video 523111124_1280 jpg https i vimeocdn com video 523111124_1280 jpg bossa logo animation type motion graphics client bossa role motion design animator 1920 1080 '),
 ('168', 'field', '5', 'en_us', ''),
 ('168', 'field', '8', 'en_us', ' 000000 '),
 ('168', 'field', '9', 'en_us', ' 000000 '),
 ('168', 'field', '12', 'en_us', ''),
 ('168', 'field', '10', 'en_us', ''),
 ('168', 'field', '11', 'en_us', ''),
 ('168', 'field', '6', 'en_us', ''),
 ('168', 'field', '13', 'en_us', ''),
 ('169', 'slug', '0', 'en_us', ' follow the sock '),
 ('169', 'title', '0', 'en_us', ' follow the sock '),
 ('169', 'field', '4', 'en_us', ' hanes socks cover image '),
 ('169', 'field', '7', 'en_us', ' 131262394 https vimeo com 131262394 vimeo vimeo 2015 06 19 11 42 xiaoxiao soup https vimeo com greensoup https i vimeocdn com video 524101515_1280 jpg https i vimeocdn com video 524101515_1280 jpg disney pitch follow the sock type puppets live action and stop motion client disney hanes role lead compositor colorist 1 1920 1080 '),
 ('169', 'field', '5', 'en_us', ''),
 ('169', 'field', '8', 'en_us', ' 000000 '),
 ('169', 'field', '9', 'en_us', ' 000000 '),
 ('169', 'field', '12', 'en_us', ''),
 ('169', 'field', '10', 'en_us', ''),
 ('169', 'field', '11', 'en_us', ''),
 ('169', 'field', '6', 'en_us', ''),
 ('169', 'field', '13', 'en_us', ''),
 ('170', 'slug', '0', 'en_us', ' toadpipe short film '),
 ('170', 'title', '0', 'en_us', ' toadpipe short film '),
 ('170', 'field', '4', 'en_us', ' toadpipe cover image '),
 ('170', 'field', '7', 'en_us', ' 131049931 https vimeo com 131049931 vimeo vimeo 2015 06 17 2 58 xiaoxiao soup https vimeo com greensoup https i vimeocdn com video 523148890_1280 jpg https i vimeocdn com video 523148890_1280 jpg toadpipe collection type 2d animation short films role compositor 1 1920 1080 '),
 ('170', 'field', '5', 'en_us', ''),
 ('170', 'field', '8', 'en_us', ' 000000 '),
 ('170', 'field', '9', 'en_us', ' 000000 '),
 ('170', 'field', '12', 'en_us', ''),
 ('170', 'field', '10', 'en_us', ''),
 ('170', 'field', '11', 'en_us', ''),
 ('170', 'field', '6', 'en_us', ''),
 ('170', 'field', '13', 'en_us', ''),
 ('171', 'slug', '0', 'en_us', ' foot models '),
 ('171', 'title', '0', 'en_us', ' foot models '),
 ('171', 'field', '4', 'en_us', ' phillip lim cover image '),
 ('171', 'field', '7', 'en_us', ' 130580839 https vimeo com 130580839 vimeo vimeo 2015 06 12 2 412 xiaoxiao soup https vimeo com greensoup https i vimeocdn com video 524533716_1280 jpg https i vimeocdn com video 524533716_1280 jpg 3 1 phillip lim foot models type live action client 3 1 phillip lim role junior compositor 1 1920 1080 '),
 ('171', 'field', '5', 'en_us', ''),
 ('171', 'field', '8', 'en_us', ' 000000 '),
 ('171', 'field', '9', 'en_us', ' 000000 '),
 ('171', 'field', '12', 'en_us', ''),
 ('171', 'field', '10', 'en_us', ''),
 ('171', 'field', '11', 'en_us', ''),
 ('171', 'field', '6', 'en_us', ''),
 ('171', 'field', '13', 'en_us', ''),
 ('172', 'slug', '0', 'en_us', ' hardboil '),
 ('172', 'title', '0', 'en_us', ' hardboil '),
 ('172', 'field', '4', 'en_us', ' hardboil cover image '),
 ('172', 'field', '7', 'en_us', ' 131731162 https vimeo com 131731162 vimeo vimeo 2015 06 24 2 16 xiaoxiao soup https vimeo com greensoup https i vimeocdn com video 524101358_1280 jpg https i vimeocdn com video 524101358_1280 jpg hardboil shot060 type stop motion short film client hornet inc role compositor 1 1920 1080 '),
 ('172', 'field', '5', 'en_us', ''),
 ('172', 'field', '8', 'en_us', ' 000000 '),
 ('172', 'field', '9', 'en_us', ' 000000 '),
 ('172', 'field', '12', 'en_us', ''),
 ('172', 'field', '10', 'en_us', ''),
 ('172', 'field', '11', 'en_us', ''),
 ('172', 'field', '6', 'en_us', ''),
 ('172', 'field', '13', 'en_us', ''),
 ('173', 'slug', '0', 'en_us', ' count down for hornet '),
 ('173', 'title', '0', 'en_us', ' count down for hornet '),
 ('173', 'field', '4', 'en_us', ' count down cover image '),
 ('173', 'field', '7', 'en_us', ' 131724740 https vimeo com 131724740 vimeo vimeo 2015 06 24 0 20 xiaoxiao soup https vimeo com greensoup https i vimeocdn com video 524100559_1280 jpg https i vimeocdn com video 524100559_1280 jpg countdown hornet inc type motion graphics client hornet inc role layout design count down animation 1 1920 1080 '),
 ('173', 'field', '5', 'en_us', ''),
 ('173', 'field', '8', 'en_us', ' 000000 '),
 ('173', 'field', '9', 'en_us', ' 000000 '),
 ('173', 'field', '12', 'en_us', ''),
 ('173', 'field', '10', 'en_us', ''),
 ('173', 'field', '11', 'en_us', ''),
 ('173', 'field', '6', 'en_us', ''),
 ('173', 'field', '13', 'en_us', ''),
 ('174', 'slug', '0', 'en_us', ' cartoon network '),
 ('174', 'title', '0', 'en_us', ' cartoon network '),
 ('174', 'field', '4', 'en_us', ' cartoon network cover image '),
 ('174', 'field', '7', 'en_us', ' 151167361 https vimeo com 151167361 vimeo vimeo 2016 01 08 0 60 xiaoxiao soup https vimeo com greensoup https i vimeocdn com video 550841362_1280 jpg https i vimeocdn com video 550841362_1280 jpg cartoon network type fabrication live action motion graphics and stop motion client cartoon network role compositor 1 1920 1080 '),
 ('174', 'field', '5', 'en_us', ''),
 ('174', 'field', '8', 'en_us', ' 000000 '),
 ('174', 'field', '9', 'en_us', ' 000000 '),
 ('174', 'field', '12', 'en_us', '');
INSERT INTO `craft_searchindex` (`elementId`, `attribute`, `fieldId`, `locale`, `keywords`) VALUES
 ('174', 'field', '10', 'en_us', ''),
 ('174', 'field', '11', 'en_us', ''),
 ('174', 'field', '6', 'en_us', ''),
 ('174', 'field', '13', 'en_us', ''),
 ('175', 'slug', '0', 'en_us', ' ogilvy mather cgcc 10th anniversary '),
 ('175', 'title', '0', 'en_us', ' ogilvy mather cgcc 10th anniversary '),
 ('175', 'field', '4', 'en_us', ' cgcc cover image '),
 ('175', 'field', '7', 'en_us', ' 161222078 c7be2d590e https vimeo com 161222078 c7be2d590e vimeo vimeo 2016 04 01 5 46 xiaoxiao soup https vimeo com greensoup https i vimeocdn com video 563631359_1280 jpg https i vimeocdn com video 563631359_1280 jpg ogilvy mather cgcc 10th anniversary type motion graphics client ogilvy mather role lead motion graphics artist refer https www youtube com watch v=ssmmtmj50t0 1920 1080 '),
 ('175', 'field', '5', 'en_us', ''),
 ('175', 'field', '8', 'en_us', ' 000000 '),
 ('175', 'field', '9', 'en_us', ' 000000 '),
 ('175', 'field', '12', 'en_us', ''),
 ('175', 'field', '10', 'en_us', ''),
 ('175', 'field', '11', 'en_us', ''),
 ('175', 'field', '6', 'en_us', ''),
 ('175', 'field', '13', 'en_us', ''),
 ('176', 'slug', '0', 'en_us', ' heavy light and i '),
 ('176', 'title', '0', 'en_us', ' light heavy and i '),
 ('176', 'field', '4', 'en_us', ' indie preview light heavy and i '),
 ('176', 'field', '5', 'en_us', ' indie artwork light heavy and i '),
 ('176', 'field', '6', 'en_us', ' paper feather cotton thread stone text 2013 '),
 ('176', 'field', '8', 'en_us', ' eae6e3 '),
 ('176', 'field', '9', 'en_us', ' 393939 '),
 ('176', 'field', '15', 'en_us', ' mixed media art '),
 ('177', 'slug', '0', 'en_us', ' map to sva '),
 ('177', 'title', '0', 'en_us', ' map to sva '),
 ('177', 'field', '4', 'en_us', ' indie preview map to sva '),
 ('177', 'field', '5', 'en_us', ' indie artwork map to sva '),
 ('177', 'field', '6', 'en_us', ' collage paper cut airplane ticket stub cotton thread pencil drawing dotted line 2013 '),
 ('177', 'field', '8', 'en_us', ' 8da101 '),
 ('177', 'field', '9', 'en_us', ' 162630 '),
 ('177', 'field', '15', 'en_us', ' mixed media art '),
 ('178', 'slug', '0', 'en_us', ' purity '),
 ('178', 'title', '0', 'en_us', ' purity '),
 ('178', 'field', '4', 'en_us', ' indie work 4 cover image '),
 ('178', 'field', '5', 'en_us', ' purity 905 '),
 ('178', 'field', '6', 'en_us', ' lorem ipsum is simply dummy text of the printing and typesetting industry lorem ipsum has been the industry s standard dummy text ever since the 1500s when an unknown printer took a galley of type and scrambled it to make a type specimen book '),
 ('178', 'field', '8', 'en_us', ' ac1e12 '),
 ('178', 'field', '9', 'en_us', ' d1b792 '),
 ('178', 'field', '15', 'en_us', ' mixed media art '),
 ('179', 'slug', '0', 'en_us', ' jack and jill '),
 ('179', 'title', '0', 'en_us', ' xjack and jill '),
 ('179', 'field', '4', 'en_us', ' indie work 2 cover image '),
 ('179', 'field', '5', 'en_us', ' j2 905 j3 905 j4 905 j5 905 j6 905 j7 905 '),
 ('179', 'field', '6', 'en_us', ' lorem ipsum is simply dummy text of the printing and typesetting industry lorem ipsum has been the industry s standard dummy text ever since the 1500s when an unknown printer took a galley of type and scrambled it to make a type specimen book '),
 ('179', 'field', '8', 'en_us', ' 2a2e1f '),
 ('179', 'field', '9', 'en_us', ' e1c596 '),
 ('179', 'field', '15', 'en_us', ' drawing '),
 ('180', 'slug', '0', 'en_us', ' musical oranges '),
 ('180', 'title', '0', 'en_us', ' musical oranges '),
 ('180', 'field', '4', 'en_us', ' indie preview musical oranges '),
 ('180', 'field', '7', 'en_us', ' 39172872 https vimeo com 39172872 vimeo vimeo 2012 03 25 128 33 xiaoxiao soup https vimeo com greensoup https i vimeocdn com video 270042818_1280 jpg https i vimeocdn com video 270042818_1280 jpg musical oranges an assignment for music animation although my music piece is so simple 1280 720 '),
 ('180', 'field', '6', 'en_us', ' stop motion a class assignment of music animation 2012 '),
 ('180', 'field', '8', 'en_us', ' fcb13a '),
 ('180', 'field', '9', 'en_us', ' 15141d '),
 ('180', 'field', '15', 'en_us', ' animation '),
 ('186', 'slug', '0', 'en_us', ' red '),
 ('186', 'title', '0', 'en_us', ' red '),
 ('186', 'field', '4', 'en_us', ' indie work 7 cover image '),
 ('186', 'field', '5', 'en_us', ' reds small 905 2x '),
 ('186', 'field', '6', 'en_us', ' lorem ipsum is simply dummy text of the printing and typesetting industry lorem ipsum has been the industry s standard dummy text ever since the 1500s when an unknown printer took a galley of type and scrambled it to make a type specimen book '),
 ('186', 'field', '8', 'en_us', ' 929292 '),
 ('186', 'field', '9', 'en_us', ' 5b0e0e '),
 ('186', 'field', '15', 'en_us', ' mixed media art '),
 ('187', 'slug', '0', 'en_us', ' time '),
 ('187', 'title', '0', 'en_us', ' time '),
 ('187', 'field', '4', 'en_us', ' indie preview time 02 '),
 ('187', 'field', '5', 'en_us', ' indie artwork time '),
 ('187', 'field', '6', 'en_us', ' painting tape measure sewing 2013 '),
 ('187', 'field', '8', 'en_us', ' 070707 '),
 ('187', 'field', '9', 'en_us', ' eca400 '),
 ('187', 'field', '15', 'en_us', ' mixed media art '),
 ('188', 'slug', '0', 'en_us', ' self tree '),
 ('188', 'title', '0', 'en_us', ' self tree '),
 ('188', 'field', '4', 'en_us', ' indie preview self tree '),
 ('188', 'field', '5', 'en_us', ' indie artwork self tree '),
 ('188', 'field', '6', 'en_us', ' paper painting clay fabric metal ring 2013 '),
 ('188', 'field', '8', 'en_us', ' 239978 '),
 ('188', 'field', '9', 'en_us', ' 031913 '),
 ('188', 'field', '15', 'en_us', ' mixed media art '),
 ('189', 'slug', '0', 'en_us', ' head '),
 ('189', 'title', '0', 'en_us', ' head '),
 ('189', 'field', '4', 'en_us', ' indie work 6 cover image '),
 ('189', 'field', '5', 'en_us', ' head1 s 905 2x head2 s 905 2x head3 s 905 2x '),
 ('189', 'field', '6', 'en_us', ' lorem ipsum is simply dummy text of the printing and typesetting industry lorem ipsum has been the industry s standard dummy text ever since the 1500s when an unknown printer took a galley of type and scrambled it to make a type specimen book '),
 ('189', 'field', '8', 'en_us', ' 1a100e '),
 ('189', 'field', '9', 'en_us', ' 805c33 '),
 ('189', 'field', '15', 'en_us', ' drawing '),
 ('190', 'slug', '0', 'en_us', ' birth to die '),
 ('190', 'title', '0', 'en_us', ' birth to die '),
 ('190', 'field', '4', 'en_us', ' indie work 5 cover image '),
 ('190', 'field', '5', 'en_us', ' bornsmall o '),
 ('190', 'field', '6', 'en_us', ' lorem ipsum is simply dummy text of the printing and typesetting industry lorem ipsum has been the industry s standard dummy text ever since the 1500s when an unknown printer took a galley of type and scrambled it to make a type specimen book '),
 ('190', 'field', '8', 'en_us', ' b36561 '),
 ('190', 'field', '9', 'en_us', ' d3d9d3 '),
 ('190', 'field', '15', 'en_us', ' drawing '),
 ('181', 'name', '0', 'en_us', ' collage '),
 ('181', 'slug', '0', 'en_us', ' collage '),
 ('181', 'title', '0', 'en_us', ' collage '),
 ('1', 'username', '0', 'en_us', ' soup ');
INSERT INTO `craft_searchindex` (`elementId`, `attribute`, `fieldId`, `locale`, `keywords`) VALUES
 ('1', 'firstname', '0', 'en_us', ' xiaoxiao '),
 ('1', 'lastname', '0', 'en_us', ' tang '),
 ('1', 'fullname', '0', 'en_us', ' xiaoxiao tang '),
 ('1', 'email', '0', 'en_us', ' yilu891017 me com '),
 ('1', 'slug', '0', 'en_us', ''),
 ('195', 'slug', '0', 'en_us', ' commercial works page '),
 ('195', 'title', '0', 'en_us', ' commercial works overview page '),
 ('196', 'slug', '0', 'en_us', ' indie works page '),
 ('196', 'title', '0', 'en_us', ' indie works overview page '),
 ('180', 'field', '5', 'en_us', ''),
 ('177', 'field', '7', 'en_us', ''),
 ('176', 'field', '7', 'en_us', ''),
 ('234', 'kind', '0', 'en_us', ' image '),
 ('234', 'slug', '0', 'en_us', ' indie preview self tree '),
 ('234', 'title', '0', 'en_us', ' indie preview self tree '),
 ('232', 'filename', '0', 'en_us', ' indie preview_light heavy and i jpg '),
 ('232', 'extension', '0', 'en_us', ' jpg '),
 ('232', 'kind', '0', 'en_us', ' image '),
 ('178', 'field', '7', 'en_us', ''),
 ('179', 'field', '7', 'en_us', ' 45515295 https vimeo com 45515295 vimeo vimeo 2012 07 10 184318 120 emanuel strixner https vimeo com user12481258 https i vimeocdn com video 317267272_1280 jpg https i vimeocdn com video 317267272_1280 jpg food www emanuelstrixner com a ball of dough ist taken out of the fridge it has to unfreeze before it gets cooked year 2012 director emanuel strixner production company kitchen 1280 720 '),
 ('238', 'kind', '0', 'en_us', ' image '),
 ('238', 'filename', '0', 'en_us', ' indie artwork_light heavy and i jpg '),
 ('238', 'extension', '0', 'en_us', ' jpg '),
 ('237', 'filename', '0', 'en_us', ' indie preview_musicaloranges jpg '),
 ('186', 'field', '7', 'en_us', ''),
 ('187', 'field', '7', 'en_us', ''),
 ('180', 'field', '38', 'en_us', ' 39172872 https vimeo com 39172872 vimeo vimeo 2012 03 25 128 33 xiaoxiao soup https vimeo com greensoup https i vimeocdn com video 270042818_1280 jpg https i vimeocdn com video 270042818_1280 jpg musical oranges an assignment for music animation although my music piece is so simple 1280 720 '),
 ('210', 'field', '38', 'en_us', ' 191876455 https vimeo com 191876455 vimeo vimeo 2016 11 16 3 20 xiaoxiao soup https vimeo com greensoup https i vimeocdn com video 603053573_1280 jpg https i vimeocdn com video 603053573_1280 jpg amazon prime day tv spot everywhere amazon prime day tv spot everywhere type stop motion mixed media commercial client amazon production studio hornet inc role compositor refer http hornetinc com work html project=amazon prime day 1 1920 1080 xiaoxiaos new web commercial breakdown amazon prime day 2016 tv spot everywhere a001 xiaoxiaos new web commercial breakdown amazon prime day 2016 tv spot everywhere a002 xiaoxiaos new web commercial breakdown amazon prime day 2016 tv spot everywhere b001 xiaoxiaos new web commercial breakdown amazon prime day 2016 tv spot everywhere b002 xiaoxiaos new web commercial breakdown amazon prime day 2016 tv spot everywhere b003 '),
 ('188', 'field', '7', 'en_us', ''),
 ('241', 'extension', '0', 'en_us', ' jpg '),
 ('241', 'kind', '0', 'en_us', ' image '),
 ('241', 'slug', '0', 'en_us', ' indie artwork time '),
 ('241', 'title', '0', 'en_us', ' indie artwork time '),
 ('189', 'field', '7', 'en_us', ''),
 ('190', 'field', '7', 'en_us', ''),
 ('153', 'field', '20', 'en_us', ' 12 days of elves season 2 '),
 ('153', 'field', '21', 'en_us', ' july 12th marks amazon s 2nd annual prime day a global mid year shopping holiday for its prime customers to receive online deals the truly integrated campaign combines broadcast and print advertising along with digital social media and a site takeover for markets all over the world including the following japan spain france the united kingdom germany austria the united states of america and canada '),
 ('153', 'field', '22', 'en_us', ' tag stop motion 3d elements mixed media 2016 production studio hornet inc agency leo burnett director peter sluszka learn more hornetinc com '),
 ('153', 'field', '29', 'en_us', ' 25be57 '),
 ('153', 'field', '30', 'en_us', ' f31c1c '),
 ('153', 'field', '25', 'en_us', ' ffffff '),
 ('153', 'field', '26', 'en_us', ' f31c1c '),
 ('153', 'field', '27', 'en_us', ' ffffff '),
 ('153', 'field', '23', 'en_us', ' ffffff '),
 ('153', 'field', '24', 'en_us', ' f31c1c '),
 ('153', 'field', '28', 'en_us', ' ffffff '),
 ('207', 'field', '36', 'en_us', ' colorist '),
 ('206', 'slug', '0', 'en_us', ''),
 ('206', 'field', '36', 'en_us', ' compositor '),
 ('209', 'slug', '0', 'en_us', ''),
 ('209', 'field', '37', 'en_us', ' short films '),
 ('208', 'slug', '0', 'en_us', ''),
 ('208', 'field', '37', 'en_us', ' 2d animation '),
 ('153', 'field', '32', 'en_us', ' 0 8 '),
 ('154', 'field', '31', 'en_us', ' 12 days3 cover image '),
 ('154', 'field', '16', 'en_us', ''),
 ('154', 'field', '20', 'en_us', ' 12 days of elves season 3 '),
 ('154', 'field', '21', 'en_us', ''),
 ('154', 'field', '22', 'en_us', ''),
 ('154', 'field', '29', 'en_us', ' 6bfff3 '),
 ('154', 'field', '32', 'en_us', ' 0 4 '),
 ('154', 'field', '30', 'en_us', ' ff2e2a '),
 ('154', 'field', '25', 'en_us', ' 000000 '),
 ('154', 'field', '26', 'en_us', ' 000000 '),
 ('154', 'field', '27', 'en_us', ' 000000 '),
 ('154', 'field', '23', 'en_us', ' 000000 '),
 ('154', 'field', '24', 'en_us', ' 000000 '),
 ('154', 'field', '28', 'en_us', ' 000000 '),
 ('155', 'field', '31', 'en_us', ''),
 ('155', 'field', '16', 'en_us', ''),
 ('155', 'field', '20', 'en_us', ' dell stop motion paper cut '),
 ('155', 'field', '21', 'en_us', ''),
 ('155', 'field', '22', 'en_us', ''),
 ('155', 'field', '29', 'en_us', ' ffffff '),
 ('155', 'field', '32', 'en_us', ' 0 0 '),
 ('155', 'field', '30', 'en_us', ' ffffff '),
 ('155', 'field', '25', 'en_us', ' 000000 '),
 ('155', 'field', '26', 'en_us', ' 000000 '),
 ('155', 'field', '27', 'en_us', ' 000000 '),
 ('155', 'field', '23', 'en_us', ' 000000 '),
 ('155', 'field', '24', 'en_us', ' 000000 '),
 ('155', 'field', '28', 'en_us', ' 000000 '),
 ('153', 'field', '33', 'en_us', ' 258746 '),
 ('153', 'field', '34', 'en_us', ' 25be57 '),
 ('153', 'field', '35', 'en_us', ' 0 9 '),
 ('207', 'slug', '0', 'en_us', ''),
 ('210', 'field', '12', 'en_us', ' amazon '),
 ('210', 'field', '20', 'en_us', ' prime day 2016 tv spot everywhere '),
 ('210', 'field', '21', 'en_us', ' july 12th marks amazon s 2nd annual prime day a global mid year shopping holiday for its prime customers to receive online deals the truly integrated campaign combines broadcast and print advertising along with digital social media and a site takeover for markets all over the world including the following japan spain france the united kingdom germany austria the united states of america and canada '),
 ('210', 'field', '10', 'en_us', ' compositor '),
 ('210', 'field', '11', 'en_us', ' ae compositing tracking green screen clean up vfx '),
 ('210', 'field', '22', 'en_us', ' type stop motion 3d elements mixed media production studio hornet inc agency leo burnett director peter sluszka lean more visit site www hornetinc com amazon prime '),
 ('210', 'field', '4', 'en_us', ' xiaoxiaos new web commercial cover amazon prime day 2016 tv spot everywhere '),
 ('210', 'field', '31', 'en_us', ' xiaoxiaos new web commercial cover amazon prime day 2016 tv spot everywhere '),
 ('210', 'field', '7', 'en_us', ' 191876455 https vimeo com 191876455 vimeo vimeo 2016 11 16 3 20 xiaoxiao soup https vimeo com greensoup https i vimeocdn com video 603053573_1280 jpg https i vimeocdn com video 603053573_1280 jpg amazon prime day tv spot everywhere amazon prime day tv spot everywhere type stop motion mixed media commercial client amazon production studio hornet inc role compositor refer http hornetinc com work html project=amazon prime day 1 1920 1080 '),
 ('210', 'field', '16', 'en_us', ' xiaoxiaos new web commercial breakdown amazon prime day 2016 tv spot everywhere a001 xiaoxiaos new web commercial breakdown amazon prime day 2016 tv spot everywhere a002 xiaoxiaos new web commercial breakdown amazon prime day 2016 tv spot everywhere b003 xiaoxiaos new web commercial breakdown amazon prime day 2016 tv spot everywhere b002 xiaoxiaos new web commercial breakdown amazon prime day 2016 tv spot everywhere b001 '),
 ('210', 'field', '29', 'en_us', ' 13b8fb '),
 ('210', 'field', '32', 'en_us', ' 0 8 '),
 ('210', 'field', '30', 'en_us', ' 18334e '),
 ('210', 'field', '33', 'en_us', ' 0788bc ');
INSERT INTO `craft_searchindex` (`elementId`, `attribute`, `fieldId`, `locale`, `keywords`) VALUES
 ('210', 'field', '34', 'en_us', ' 13b8fb '),
 ('210', 'field', '35', 'en_us', ' 0 8 '),
 ('210', 'field', '23', 'en_us', ' 18334e '),
 ('210', 'field', '24', 'en_us', ' c89a74 '),
 ('210', 'field', '25', 'en_us', ' ffffff '),
 ('210', 'field', '26', 'en_us', ' c89a74 '),
 ('210', 'field', '27', 'en_us', ' 18334e '),
 ('210', 'field', '28', 'en_us', ' 18334e '),
 ('210', 'slug', '0', 'en_us', ' prime day 2016 '),
 ('210', 'title', '0', 'en_us', ' prime day 2016 '),
 ('211', 'field', '36', 'en_us', ' compositor '),
 ('211', 'slug', '0', 'en_us', ''),
 ('212', 'field', '37', 'en_us', ' ae compositing '),
 ('212', 'slug', '0', 'en_us', ''),
 ('213', 'field', '37', 'en_us', ' tracking '),
 ('213', 'slug', '0', 'en_us', ''),
 ('214', 'field', '37', 'en_us', ' green screen '),
 ('214', 'slug', '0', 'en_us', ''),
 ('215', 'field', '37', 'en_us', ' clean up '),
 ('215', 'slug', '0', 'en_us', ''),
 ('216', 'field', '37', 'en_us', ' vfx '),
 ('216', 'slug', '0', 'en_us', ''),
 ('217', 'filename', '0', 'en_us', ' xiaoxiaos new web_commercial_cover_amazon prime day 2016 tv spot everywhere jpg '),
 ('217', 'extension', '0', 'en_us', ' jpg '),
 ('217', 'kind', '0', 'en_us', ' image '),
 ('217', 'slug', '0', 'en_us', ' xiaoxiaos new web commercial cover amazon prime day 2016 tv spot everywhere '),
 ('217', 'title', '0', 'en_us', ' xiaoxiaos new web commercial cover amazon prime day 2016 tv spot everywhere '),
 ('218', 'filename', '0', 'en_us', ' xiaoxiaos new web_commercial_breakdown_amazon prime day 2016 tv spot everywhere_a001 jpg '),
 ('218', 'extension', '0', 'en_us', ' jpg '),
 ('218', 'kind', '0', 'en_us', ' image '),
 ('218', 'slug', '0', 'en_us', ' xiaoxiaos new web commercial breakdown amazon prime day 2016 tv spot everywhere a001 '),
 ('218', 'title', '0', 'en_us', ' xiaoxiaos new web commercial breakdown amazon prime day 2016 tv spot everywhere a001 '),
 ('219', 'filename', '0', 'en_us', ' xiaoxiaos new web_commercial_breakdown_amazon prime day 2016 tv spot everywhere_a002 jpg '),
 ('219', 'extension', '0', 'en_us', ' jpg '),
 ('219', 'kind', '0', 'en_us', ' image '),
 ('219', 'slug', '0', 'en_us', ' xiaoxiaos new web commercial breakdown amazon prime day 2016 tv spot everywhere a002 '),
 ('219', 'title', '0', 'en_us', ' xiaoxiaos new web commercial breakdown amazon prime day 2016 tv spot everywhere a002 '),
 ('220', 'filename', '0', 'en_us', ' xiaoxiaos new web_commercial_breakdown_amazon prime day 2016 tv spot everywhere_b001 jpg '),
 ('220', 'extension', '0', 'en_us', ' jpg '),
 ('220', 'kind', '0', 'en_us', ' image '),
 ('220', 'slug', '0', 'en_us', ' xiaoxiaos new web commercial breakdown amazon prime day 2016 tv spot everywhere b001 '),
 ('220', 'title', '0', 'en_us', ' xiaoxiaos new web commercial breakdown amazon prime day 2016 tv spot everywhere b001 '),
 ('221', 'filename', '0', 'en_us', ' xiaoxiaos new web_commercial_breakdown_amazon prime day 2016 tv spot everywhere_b002 jpg '),
 ('221', 'extension', '0', 'en_us', ' jpg '),
 ('221', 'kind', '0', 'en_us', ' image '),
 ('221', 'slug', '0', 'en_us', ' xiaoxiaos new web commercial breakdown amazon prime day 2016 tv spot everywhere b002 '),
 ('221', 'title', '0', 'en_us', ' xiaoxiaos new web commercial breakdown amazon prime day 2016 tv spot everywhere b002 '),
 ('222', 'filename', '0', 'en_us', ' xiaoxiaos new web_commercial_breakdown_amazon prime day 2016 tv spot everywhere_b003 jpg '),
 ('222', 'extension', '0', 'en_us', ' jpg '),
 ('222', 'kind', '0', 'en_us', ' image '),
 ('222', 'slug', '0', 'en_us', ' xiaoxiaos new web commercial breakdown amazon prime day 2016 tv spot everywhere b003 '),
 ('222', 'title', '0', 'en_us', ' xiaoxiaos new web commercial breakdown amazon prime day 2016 tv spot everywhere b003 '),
 ('195', 'field', '44', 'en_us', ' ffffff '),
 ('196', 'field', '43', 'en_us', ' 000000 '),
 ('196', 'field', '44', 'en_us', ' ffffff '),
 ('210', 'field', '45', 'en_us', ' 000 '),
 ('153', 'field', '45', 'en_us', ' fff '),
 ('195', 'field', '43', 'en_us', ' 000000 '),
 ('225', 'slug', '0', 'en_us', ' motion graphic '),
 ('225', 'title', '0', 'en_us', ' motion graphic '),
 ('229', 'slug', '0', 'en_us', ' indie preview map to sva '),
 ('229', 'kind', '0', 'en_us', ' image '),
 ('227', 'slug', '0', 'en_us', ' digital collage '),
 ('227', 'title', '0', 'en_us', ' digital collage '),
 ('229', 'title', '0', 'en_us', ' indie preview map to sva '),
 ('229', 'extension', '0', 'en_us', ' jpg '),
 ('229', 'filename', '0', 'en_us', ' indie preview_map to sva jpg '),
 ('232', 'slug', '0', 'en_us', ' indie preview light heavy and i '),
 ('232', 'title', '0', 'en_us', ' indie preview light heavy and i '),
 ('231', 'slug', '0', 'en_us', ' indie artwork map to sva '),
 ('231', 'title', '0', 'en_us', ' indie artwork map to sva '),
 ('234', 'extension', '0', 'en_us', ' jpg '),
 ('234', 'filename', '0', 'en_us', ' indie preview_self tree jpg '),
 ('242', 'filename', '0', 'en_us', ' indie preview_time_02 jpg '),
 ('242', 'extension', '0', 'en_us', ' jpg '),
 ('242', 'kind', '0', 'en_us', ' image '),
 ('242', 'slug', '0', 'en_us', ' indie preview time 02 '),
 ('242', 'title', '0', 'en_us', ' indie preview time 02 '),
 ('243', 'field', '40', 'en_us', ' 191876455 https vimeo com 191876455 vimeo vimeo 2016 11 16 3 20 xiaoxiao soup https vimeo com greensoup https i vimeocdn com video 603053573_1280 jpg https i vimeocdn com video 603053573_1280 jpg amazon prime day tv spot everywhere amazon prime day tv spot everywhere type stop motion mixed media commercial client amazon production studio hornet inc role compositor refer http hornetinc com work html project=amazon prime day 1 1920 1080 '),
 ('243', 'slug', '0', 'en_us', ''),
 ('244', 'field', '39', 'en_us', ' xiaoxiaos new web commercial breakdown amazon prime day 2016 tv spot everywhere a001 xiaoxiaos new web commercial breakdown amazon prime day 2016 tv spot everywhere a002 '),
 ('244', 'slug', '0', 'en_us', ''),
 ('245', 'field', '39', 'en_us', ' xiaoxiaos new web commercial breakdown amazon prime day 2016 tv spot everywhere b001 xiaoxiaos new web commercial breakdown amazon prime day 2016 tv spot everywhere b002 xiaoxiaos new web commercial breakdown amazon prime day 2016 tv spot everywhere b003 '),
 ('245', 'slug', '0', 'en_us', ''),
 ('153', 'field', '38', 'en_us', ' xiaoxiaos new web commercial breakdown amazon prime day 2016 tv spot everywhere a001 xiaoxiaos new web commercial breakdown amazon prime day 2016 tv spot everywhere a002 xiaoxiaos new web commercial breakdown amazon prime day 2016 tv spot everywhere b001 xiaoxiaos new web commercial breakdown amazon prime day 2016 tv spot everywhere b002 xiaoxiaos new web commercial breakdown amazon prime day 2016 tv spot everywhere b003 45515295 https vimeo com 45515295 vimeo vimeo 2012 07 10 184328 120 emanuel strixner https vimeo com user12481258 https i vimeocdn com video 317267272_1280 jpg https i vimeocdn com video 317267272_1280 jpg food www emanuelstrixner com a ball of dough ist taken out of the fridge it has to unfreeze before it gets cooked year 2012 director emanuel strixner production company kitchen 1280 720 '),
 ('246', 'field', '39', 'en_us', ' xiaoxiaos new web commercial breakdown amazon prime day 2016 tv spot everywhere a001 xiaoxiaos new web commercial breakdown amazon prime day 2016 tv spot everywhere a002 '),
 ('246', 'slug', '0', 'en_us', ''),
 ('247', 'field', '40', 'en_us', ' 45515295 https vimeo com 45515295 vimeo vimeo 2012 07 10 184326 120 emanuel strixner https vimeo com user12481258 https i vimeocdn com video 317267272_1280 jpg https i vimeocdn com video 317267272_1280 jpg food www emanuelstrixner com a ball of dough ist taken out of the fridge it has to unfreeze before it gets cooked year 2012 director emanuel strixner production company kitchen 1280 720 '),
 ('247', 'slug', '0', 'en_us', ''),
 ('248', 'field', '39', 'en_us', ' xiaoxiaos new web commercial breakdown amazon prime day 2016 tv spot everywhere b001 xiaoxiaos new web commercial breakdown amazon prime day 2016 tv spot everywhere b002 xiaoxiaos new web commercial breakdown amazon prime day 2016 tv spot everywhere b003 '),
 ('248', 'slug', '0', 'en_us', ''),
 ('177', 'field', '38', 'en_us', ' indie artwork map to sva '),
 ('249', 'field', '39', 'en_us', ' indie artwork map to sva '),
 ('249', 'slug', '0', 'en_us', ''),
 ('176', 'field', '38', 'en_us', ' indie artwork light heavy and i '),
 ('250', 'field', '39', 'en_us', ' indie artwork light heavy and i '),
 ('250', 'slug', '0', 'en_us', ''),
 ('187', 'field', '38', 'en_us', ' indie artwork time '),
 ('251', 'field', '39', 'en_us', ' indie artwork time '),
 ('251', 'slug', '0', 'en_us', '');
INSERT INTO `craft_searchindex` (`elementId`, `attribute`, `fieldId`, `locale`, `keywords`) VALUES
 ('179', 'field', '38', 'en_us', ' j2 905 j3 905 j4 905 j5 905 j6 905 j7 905 39172872 https vimeo com 39172872 vimeo vimeo 2012 03 25 128 33 xiaoxiao soup https vimeo com greensoup https i vimeocdn com video 270042818_1280 jpg https i vimeocdn com video 270042818_1280 jpg musical oranges an assignment for music animation although my music piece is so simple 1280 720 '),
 ('252', 'field', '39', 'en_us', ' j2 905 j3 905 j4 905 j5 905 j6 905 j7 905 '),
 ('252', 'slug', '0', 'en_us', ''),
 ('253', 'field', '40', 'en_us', ' 39172872 https vimeo com 39172872 vimeo vimeo 2012 03 25 128 33 xiaoxiao soup https vimeo com greensoup https i vimeocdn com video 270042818_1280 jpg https i vimeocdn com video 270042818_1280 jpg musical oranges an assignment for music animation although my music piece is so simple 1280 720 '),
 ('253', 'slug', '0', 'en_us', ''),
 ('254', 'field', '40', 'en_us', ' 39172872 https vimeo com 39172872 vimeo vimeo 2012 03 25 128 33 xiaoxiao soup https vimeo com greensoup https i vimeocdn com video 270042818_1280 jpg https i vimeocdn com video 270042818_1280 jpg musical oranges an assignment for music animation although my music piece is so simple 1280 720 '),
 ('254', 'slug', '0', 'en_us', ''),
 ('188', 'field', '38', 'en_us', ' indie artwork self tree '),
 ('255', 'field', '39', 'en_us', ' indie artwork self tree '),
 ('255', 'slug', '0', 'en_us', ''),
 ('178', 'field', '38', 'en_us', ' purity 905 '),
 ('256', 'field', '39', 'en_us', ' purity 905 '),
 ('256', 'slug', '0', 'en_us', ''),
 ('186', 'field', '38', 'en_us', ' reds small 905 2x '),
 ('257', 'field', '39', 'en_us', ' reds small 905 2x '),
 ('257', 'slug', '0', 'en_us', ''),
 ('189', 'field', '38', 'en_us', ' head1 s 905 2x head2 s 905 2x head3 s 905 2x '),
 ('258', 'field', '39', 'en_us', ' head1 s 905 2x head2 s 905 2x head3 s 905 2x '),
 ('258', 'slug', '0', 'en_us', ''),
 ('190', 'field', '38', 'en_us', ' bornsmall o '),
 ('259', 'field', '39', 'en_us', ' bornsmall o '),
 ('259', 'slug', '0', 'en_us', ''),
 ('260', 'slug', '0', 'en_us', ' about '),
 ('260', 'title', '0', 'en_us', ' about '),
 ('261', 'slug', '0', 'en_us', ' commercial '),
 ('261', 'title', '0', 'en_us', ' commercial '),
 ('262', 'slug', '0', 'en_us', ' indie '),
 ('262', 'title', '0', 'en_us', ' indie '),
 ('263', 'slug', '0', 'en_us', ' contact '),
 ('263', 'title', '0', 'en_us', ' contact '),
 ('264', 'slug', '0', 'en_us', ' about page '),
 ('264', 'title', '0', 'en_us', ' about page '),
 ('265', 'slug', '0', 'en_us', ' contact page '),
 ('265', 'title', '0', 'en_us', ' contact page '),
 ('154', 'field', '38', 'en_us', ' 125408376 https vimeo com 125408376 vimeo vimeo 2015 04 19 3 55 xiaoxiao soup https vimeo com greensoup https i vimeocdn com video 681097959_1280 jpg https i vimeocdn com video 681097959_1280 jpg hermès noel type stop motion commercial client hermes role junior compositor refer http www hornetinc com peter sluszka html project=herm s 1920 1080 xiaoxiaos new web commercial breakdown amazon prime day 2016 tv spot everywhere a001 xiaoxiaos new web commercial breakdown amazon prime day 2016 tv spot everywhere a002 '),
 ('154', 'field', '33', 'en_us', ''),
 ('154', 'field', '34', 'en_us', ''),
 ('154', 'field', '35', 'en_us', ' 0 0 '),
 ('155', 'field', '38', 'en_us', ''),
 ('155', 'field', '33', 'en_us', ''),
 ('155', 'field', '34', 'en_us', ''),
 ('155', 'field', '35', 'en_us', ' 0 0 '),
 ('156', 'field', '31', 'en_us', ''),
 ('156', 'field', '38', 'en_us', ''),
 ('156', 'field', '20', 'en_us', ' espn what are you doing new year s eve '),
 ('156', 'field', '21', 'en_us', ''),
 ('156', 'field', '22', 'en_us', ''),
 ('156', 'field', '29', 'en_us', ''),
 ('156', 'field', '32', 'en_us', ' 0 0 '),
 ('156', 'field', '30', 'en_us', ''),
 ('156', 'field', '33', 'en_us', ''),
 ('156', 'field', '34', 'en_us', ''),
 ('156', 'field', '35', 'en_us', ' 0 0 '),
 ('156', 'field', '23', 'en_us', ''),
 ('156', 'field', '24', 'en_us', ''),
 ('156', 'field', '25', 'en_us', ''),
 ('156', 'field', '26', 'en_us', ''),
 ('156', 'field', '27', 'en_us', ''),
 ('156', 'field', '28', 'en_us', ''),
 ('154', 'field', '45', 'en_us', ' fff '),
 ('266', 'field', '40', 'en_us', ' 125408376 https vimeo com 125408376 vimeo vimeo 2015 04 19 3 55 xiaoxiao soup https vimeo com greensoup https i vimeocdn com video 681097959_1280 jpg https i vimeocdn com video 681097959_1280 jpg hermès noel type stop motion commercial client hermes role junior compositor refer http www hornetinc com peter sluszka html project=herm s 1920 1080 '),
 ('266', 'slug', '0', 'en_us', ''),
 ('267', 'field', '39', 'en_us', ' xiaoxiaos new web commercial breakdown amazon prime day 2016 tv spot everywhere a001 xiaoxiaos new web commercial breakdown amazon prime day 2016 tv spot everywhere a002 '),
 ('267', 'slug', '0', 'en_us', ''),
 ('264', 'field', '43', 'en_us', ' 000000 '),
 ('264', 'field', '44', 'en_us', ' ffffff '),
 ('155', 'field', '45', 'en_us', ''),
 ('156', 'field', '45', 'en_us', ''),
 ('157', 'field', '31', 'en_us', ''),
 ('157', 'field', '38', 'en_us', ''),
 ('157', 'field', '20', 'en_us', ''),
 ('157', 'field', '21', 'en_us', ''),
 ('157', 'field', '22', 'en_us', ''),
 ('157', 'field', '45', 'en_us', ''),
 ('157', 'field', '29', 'en_us', ''),
 ('157', 'field', '32', 'en_us', ' 0 0 '),
 ('157', 'field', '30', 'en_us', ''),
 ('157', 'field', '33', 'en_us', ''),
 ('157', 'field', '34', 'en_us', ''),
 ('157', 'field', '35', 'en_us', ' 0 0 '),
 ('157', 'field', '23', 'en_us', ''),
 ('157', 'field', '24', 'en_us', ''),
 ('157', 'field', '25', 'en_us', ''),
 ('157', 'field', '26', 'en_us', ''),
 ('157', 'field', '27', 'en_us', ''),
 ('157', 'field', '28', 'en_us', ''),
 ('158', 'field', '31', 'en_us', ''),
 ('158', 'field', '38', 'en_us', ''),
 ('158', 'field', '20', 'en_us', ''),
 ('158', 'field', '21', 'en_us', ''),
 ('158', 'field', '22', 'en_us', ''),
 ('158', 'field', '45', 'en_us', ''),
 ('158', 'field', '29', 'en_us', ''),
 ('158', 'field', '32', 'en_us', ' 0 0 '),
 ('158', 'field', '30', 'en_us', ''),
 ('158', 'field', '33', 'en_us', ''),
 ('158', 'field', '34', 'en_us', ''),
 ('158', 'field', '35', 'en_us', ' 0 0 '),
 ('158', 'field', '23', 'en_us', ''),
 ('158', 'field', '24', 'en_us', '');
INSERT INTO `craft_searchindex` (`elementId`, `attribute`, `fieldId`, `locale`, `keywords`) VALUES
 ('158', 'field', '25', 'en_us', ''),
 ('158', 'field', '26', 'en_us', ''),
 ('158', 'field', '27', 'en_us', ''),
 ('158', 'field', '28', 'en_us', ''),
 ('159', 'field', '31', 'en_us', ''),
 ('159', 'field', '38', 'en_us', ''),
 ('159', 'field', '20', 'en_us', ''),
 ('159', 'field', '21', 'en_us', ''),
 ('159', 'field', '22', 'en_us', ''),
 ('159', 'field', '45', 'en_us', ''),
 ('159', 'field', '29', 'en_us', ''),
 ('159', 'field', '32', 'en_us', ' 0 0 '),
 ('159', 'field', '30', 'en_us', ''),
 ('159', 'field', '33', 'en_us', ''),
 ('159', 'field', '34', 'en_us', ''),
 ('159', 'field', '35', 'en_us', ' 0 0 '),
 ('159', 'field', '23', 'en_us', ''),
 ('159', 'field', '24', 'en_us', ''),
 ('159', 'field', '25', 'en_us', ''),
 ('159', 'field', '26', 'en_us', ''),
 ('159', 'field', '27', 'en_us', ''),
 ('159', 'field', '28', 'en_us', ''),
 ('160', 'field', '31', 'en_us', ''),
 ('160', 'field', '38', 'en_us', ''),
 ('160', 'field', '20', 'en_us', ''),
 ('160', 'field', '21', 'en_us', ''),
 ('160', 'field', '22', 'en_us', ''),
 ('160', 'field', '45', 'en_us', ''),
 ('160', 'field', '29', 'en_us', ''),
 ('160', 'field', '32', 'en_us', ' 0 0 '),
 ('160', 'field', '30', 'en_us', ''),
 ('160', 'field', '33', 'en_us', ''),
 ('160', 'field', '34', 'en_us', ''),
 ('160', 'field', '35', 'en_us', ' 0 0 '),
 ('160', 'field', '23', 'en_us', ''),
 ('160', 'field', '24', 'en_us', ''),
 ('160', 'field', '25', 'en_us', ''),
 ('160', 'field', '26', 'en_us', ''),
 ('160', 'field', '27', 'en_us', ''),
 ('160', 'field', '28', 'en_us', ''),
 ('161', 'field', '31', 'en_us', ''),
 ('161', 'field', '38', 'en_us', ''),
 ('161', 'field', '20', 'en_us', ''),
 ('161', 'field', '21', 'en_us', ''),
 ('161', 'field', '22', 'en_us', ''),
 ('161', 'field', '45', 'en_us', ''),
 ('161', 'field', '29', 'en_us', ''),
 ('161', 'field', '32', 'en_us', ' 0 0 '),
 ('161', 'field', '30', 'en_us', ''),
 ('161', 'field', '33', 'en_us', ''),
 ('161', 'field', '34', 'en_us', ''),
 ('161', 'field', '35', 'en_us', ' 0 0 '),
 ('161', 'field', '23', 'en_us', ''),
 ('161', 'field', '24', 'en_us', ''),
 ('161', 'field', '25', 'en_us', ''),
 ('161', 'field', '26', 'en_us', ''),
 ('161', 'field', '27', 'en_us', ''),
 ('161', 'field', '28', 'en_us', ''),
 ('162', 'field', '31', 'en_us', ''),
 ('162', 'field', '38', 'en_us', ''),
 ('162', 'field', '20', 'en_us', ''),
 ('162', 'field', '21', 'en_us', ''),
 ('162', 'field', '22', 'en_us', ''),
 ('162', 'field', '45', 'en_us', ''),
 ('162', 'field', '29', 'en_us', ''),
 ('162', 'field', '32', 'en_us', ' 0 0 '),
 ('162', 'field', '30', 'en_us', ''),
 ('162', 'field', '33', 'en_us', ''),
 ('162', 'field', '34', 'en_us', ''),
 ('162', 'field', '35', 'en_us', ' 0 0 '),
 ('162', 'field', '23', 'en_us', ''),
 ('162', 'field', '24', 'en_us', ''),
 ('162', 'field', '25', 'en_us', ''),
 ('162', 'field', '26', 'en_us', ''),
 ('162', 'field', '27', 'en_us', ''),
 ('162', 'field', '28', 'en_us', ''),
 ('163', 'field', '31', 'en_us', ''),
 ('163', 'field', '38', 'en_us', ''),
 ('163', 'field', '20', 'en_us', ''),
 ('163', 'field', '21', 'en_us', ''),
 ('163', 'field', '22', 'en_us', ''),
 ('163', 'field', '45', 'en_us', ''),
 ('163', 'field', '29', 'en_us', ''),
 ('163', 'field', '32', 'en_us', ' 0 0 '),
 ('163', 'field', '30', 'en_us', ''),
 ('163', 'field', '33', 'en_us', ''),
 ('163', 'field', '34', 'en_us', ''),
 ('163', 'field', '35', 'en_us', ' 0 0 '),
 ('163', 'field', '23', 'en_us', ''),
 ('163', 'field', '24', 'en_us', ''),
 ('163', 'field', '25', 'en_us', ''),
 ('163', 'field', '26', 'en_us', ''),
 ('163', 'field', '27', 'en_us', ''),
 ('163', 'field', '28', 'en_us', ''),
 ('164', 'field', '31', 'en_us', ''),
 ('164', 'field', '38', 'en_us', ''),
 ('164', 'field', '20', 'en_us', ''),
 ('164', 'field', '21', 'en_us', ''),
 ('164', 'field', '22', 'en_us', ''),
 ('164', 'field', '45', 'en_us', '');
INSERT INTO `craft_searchindex` (`elementId`, `attribute`, `fieldId`, `locale`, `keywords`) VALUES
 ('164', 'field', '29', 'en_us', ''),
 ('164', 'field', '32', 'en_us', ' 0 0 '),
 ('164', 'field', '30', 'en_us', ''),
 ('164', 'field', '33', 'en_us', ''),
 ('164', 'field', '34', 'en_us', ''),
 ('164', 'field', '35', 'en_us', ' 0 0 '),
 ('164', 'field', '23', 'en_us', ''),
 ('164', 'field', '24', 'en_us', ''),
 ('164', 'field', '25', 'en_us', ''),
 ('164', 'field', '26', 'en_us', ''),
 ('164', 'field', '27', 'en_us', ''),
 ('164', 'field', '28', 'en_us', ''),
 ('165', 'field', '31', 'en_us', ''),
 ('165', 'field', '38', 'en_us', ''),
 ('165', 'field', '20', 'en_us', ''),
 ('165', 'field', '21', 'en_us', ''),
 ('165', 'field', '22', 'en_us', ''),
 ('165', 'field', '45', 'en_us', ''),
 ('165', 'field', '29', 'en_us', ''),
 ('165', 'field', '32', 'en_us', ' 0 0 '),
 ('165', 'field', '30', 'en_us', ''),
 ('165', 'field', '33', 'en_us', ''),
 ('165', 'field', '34', 'en_us', ''),
 ('165', 'field', '35', 'en_us', ' 0 0 '),
 ('165', 'field', '23', 'en_us', ''),
 ('165', 'field', '24', 'en_us', ''),
 ('165', 'field', '25', 'en_us', ''),
 ('165', 'field', '26', 'en_us', ''),
 ('165', 'field', '27', 'en_us', ''),
 ('165', 'field', '28', 'en_us', ''),
 ('166', 'field', '31', 'en_us', ''),
 ('166', 'field', '38', 'en_us', ''),
 ('166', 'field', '20', 'en_us', ''),
 ('166', 'field', '21', 'en_us', ''),
 ('166', 'field', '22', 'en_us', ''),
 ('166', 'field', '45', 'en_us', ''),
 ('166', 'field', '29', 'en_us', ''),
 ('166', 'field', '32', 'en_us', ' 0 0 '),
 ('166', 'field', '30', 'en_us', ''),
 ('166', 'field', '33', 'en_us', ''),
 ('166', 'field', '34', 'en_us', ''),
 ('166', 'field', '35', 'en_us', ' 0 0 '),
 ('166', 'field', '23', 'en_us', ''),
 ('166', 'field', '24', 'en_us', ''),
 ('166', 'field', '25', 'en_us', ''),
 ('166', 'field', '26', 'en_us', ''),
 ('166', 'field', '27', 'en_us', ''),
 ('166', 'field', '28', 'en_us', ''),
 ('167', 'field', '31', 'en_us', ''),
 ('167', 'field', '38', 'en_us', ''),
 ('167', 'field', '20', 'en_us', ''),
 ('167', 'field', '21', 'en_us', ''),
 ('167', 'field', '22', 'en_us', ''),
 ('167', 'field', '45', 'en_us', ''),
 ('167', 'field', '29', 'en_us', ''),
 ('167', 'field', '32', 'en_us', ' 0 0 '),
 ('167', 'field', '30', 'en_us', ''),
 ('167', 'field', '33', 'en_us', ''),
 ('167', 'field', '34', 'en_us', ''),
 ('167', 'field', '35', 'en_us', ' 0 0 '),
 ('167', 'field', '23', 'en_us', ''),
 ('167', 'field', '24', 'en_us', ''),
 ('167', 'field', '25', 'en_us', ''),
 ('167', 'field', '26', 'en_us', ''),
 ('167', 'field', '27', 'en_us', ''),
 ('167', 'field', '28', 'en_us', ''),
 ('168', 'field', '31', 'en_us', ''),
 ('168', 'field', '38', 'en_us', ''),
 ('168', 'field', '20', 'en_us', ''),
 ('168', 'field', '21', 'en_us', ''),
 ('168', 'field', '22', 'en_us', ''),
 ('168', 'field', '45', 'en_us', ''),
 ('168', 'field', '29', 'en_us', ''),
 ('168', 'field', '32', 'en_us', ' 0 0 '),
 ('168', 'field', '30', 'en_us', ''),
 ('168', 'field', '33', 'en_us', ''),
 ('168', 'field', '34', 'en_us', ''),
 ('168', 'field', '35', 'en_us', ' 0 0 '),
 ('168', 'field', '23', 'en_us', ''),
 ('168', 'field', '24', 'en_us', ''),
 ('168', 'field', '25', 'en_us', ''),
 ('168', 'field', '26', 'en_us', ''),
 ('168', 'field', '27', 'en_us', ''),
 ('168', 'field', '28', 'en_us', ''),
 ('169', 'field', '31', 'en_us', ''),
 ('169', 'field', '38', 'en_us', ''),
 ('169', 'field', '20', 'en_us', ''),
 ('169', 'field', '21', 'en_us', ''),
 ('169', 'field', '22', 'en_us', ''),
 ('169', 'field', '45', 'en_us', ''),
 ('169', 'field', '29', 'en_us', ''),
 ('169', 'field', '32', 'en_us', ' 0 0 '),
 ('169', 'field', '30', 'en_us', ''),
 ('169', 'field', '33', 'en_us', ''),
 ('169', 'field', '34', 'en_us', ''),
 ('169', 'field', '35', 'en_us', ' 0 0 '),
 ('169', 'field', '23', 'en_us', ''),
 ('169', 'field', '24', 'en_us', ''),
 ('169', 'field', '25', 'en_us', ''),
 ('169', 'field', '26', 'en_us', '');
INSERT INTO `craft_searchindex` (`elementId`, `attribute`, `fieldId`, `locale`, `keywords`) VALUES
 ('169', 'field', '27', 'en_us', ''),
 ('169', 'field', '28', 'en_us', ''),
 ('170', 'field', '31', 'en_us', ''),
 ('170', 'field', '38', 'en_us', ''),
 ('170', 'field', '20', 'en_us', ''),
 ('170', 'field', '21', 'en_us', ''),
 ('170', 'field', '22', 'en_us', ''),
 ('170', 'field', '45', 'en_us', ''),
 ('170', 'field', '29', 'en_us', ''),
 ('170', 'field', '32', 'en_us', ' 0 0 '),
 ('170', 'field', '30', 'en_us', ''),
 ('170', 'field', '33', 'en_us', ''),
 ('170', 'field', '34', 'en_us', ''),
 ('170', 'field', '35', 'en_us', ' 0 0 '),
 ('170', 'field', '23', 'en_us', ''),
 ('170', 'field', '24', 'en_us', ''),
 ('170', 'field', '25', 'en_us', ''),
 ('170', 'field', '26', 'en_us', ''),
 ('170', 'field', '27', 'en_us', ''),
 ('170', 'field', '28', 'en_us', ''),
 ('171', 'field', '31', 'en_us', ''),
 ('171', 'field', '38', 'en_us', ''),
 ('171', 'field', '20', 'en_us', ''),
 ('171', 'field', '21', 'en_us', ''),
 ('171', 'field', '22', 'en_us', ''),
 ('171', 'field', '45', 'en_us', ''),
 ('171', 'field', '29', 'en_us', ''),
 ('171', 'field', '32', 'en_us', ' 0 0 '),
 ('171', 'field', '30', 'en_us', ''),
 ('171', 'field', '33', 'en_us', ''),
 ('171', 'field', '34', 'en_us', ''),
 ('171', 'field', '35', 'en_us', ' 0 0 '),
 ('171', 'field', '23', 'en_us', ''),
 ('171', 'field', '24', 'en_us', ''),
 ('171', 'field', '25', 'en_us', ''),
 ('171', 'field', '26', 'en_us', ''),
 ('171', 'field', '27', 'en_us', ''),
 ('171', 'field', '28', 'en_us', ''),
 ('172', 'field', '31', 'en_us', ''),
 ('172', 'field', '38', 'en_us', ''),
 ('172', 'field', '20', 'en_us', ''),
 ('172', 'field', '21', 'en_us', ''),
 ('172', 'field', '22', 'en_us', ''),
 ('172', 'field', '45', 'en_us', ''),
 ('172', 'field', '29', 'en_us', ''),
 ('172', 'field', '32', 'en_us', ' 0 0 '),
 ('172', 'field', '30', 'en_us', ''),
 ('172', 'field', '33', 'en_us', ''),
 ('172', 'field', '34', 'en_us', ''),
 ('172', 'field', '35', 'en_us', ' 0 0 '),
 ('172', 'field', '23', 'en_us', ''),
 ('172', 'field', '24', 'en_us', ''),
 ('172', 'field', '25', 'en_us', ''),
 ('172', 'field', '26', 'en_us', ''),
 ('172', 'field', '27', 'en_us', ''),
 ('172', 'field', '28', 'en_us', ''),
 ('173', 'field', '31', 'en_us', ''),
 ('173', 'field', '38', 'en_us', ''),
 ('173', 'field', '20', 'en_us', ''),
 ('173', 'field', '21', 'en_us', ''),
 ('173', 'field', '22', 'en_us', ''),
 ('173', 'field', '45', 'en_us', ''),
 ('173', 'field', '29', 'en_us', ''),
 ('173', 'field', '32', 'en_us', ' 0 0 '),
 ('173', 'field', '30', 'en_us', ''),
 ('173', 'field', '33', 'en_us', ''),
 ('173', 'field', '34', 'en_us', ''),
 ('173', 'field', '35', 'en_us', ' 0 0 '),
 ('173', 'field', '23', 'en_us', ''),
 ('173', 'field', '24', 'en_us', ''),
 ('173', 'field', '25', 'en_us', ''),
 ('173', 'field', '26', 'en_us', ''),
 ('173', 'field', '27', 'en_us', ''),
 ('173', 'field', '28', 'en_us', ''),
 ('174', 'field', '31', 'en_us', ''),
 ('174', 'field', '38', 'en_us', ''),
 ('174', 'field', '20', 'en_us', ''),
 ('174', 'field', '21', 'en_us', ''),
 ('174', 'field', '22', 'en_us', ''),
 ('174', 'field', '45', 'en_us', ''),
 ('174', 'field', '29', 'en_us', ''),
 ('174', 'field', '32', 'en_us', ' 0 0 '),
 ('174', 'field', '30', 'en_us', ''),
 ('174', 'field', '33', 'en_us', ''),
 ('174', 'field', '34', 'en_us', ''),
 ('174', 'field', '35', 'en_us', ' 0 0 '),
 ('174', 'field', '23', 'en_us', ''),
 ('174', 'field', '24', 'en_us', ''),
 ('174', 'field', '25', 'en_us', ''),
 ('174', 'field', '26', 'en_us', ''),
 ('174', 'field', '27', 'en_us', ''),
 ('174', 'field', '28', 'en_us', ''),
 ('175', 'field', '31', 'en_us', ''),
 ('175', 'field', '38', 'en_us', ''),
 ('175', 'field', '20', 'en_us', ''),
 ('175', 'field', '21', 'en_us', ''),
 ('175', 'field', '22', 'en_us', ''),
 ('175', 'field', '45', 'en_us', ''),
 ('175', 'field', '29', 'en_us', ''),
 ('175', 'field', '32', 'en_us', ' 0 0 ');
INSERT INTO `craft_searchindex` (`elementId`, `attribute`, `fieldId`, `locale`, `keywords`) VALUES
 ('175', 'field', '30', 'en_us', ''),
 ('175', 'field', '33', 'en_us', ''),
 ('175', 'field', '34', 'en_us', ''),
 ('175', 'field', '35', 'en_us', ' 0 0 '),
 ('175', 'field', '23', 'en_us', ''),
 ('175', 'field', '24', 'en_us', ''),
 ('175', 'field', '25', 'en_us', ''),
 ('175', 'field', '26', 'en_us', ''),
 ('175', 'field', '27', 'en_us', ''),
 ('175', 'field', '28', 'en_us', ''),
 ('176', 'field', '45', 'en_us', ''),
 ('177', 'field', '45', 'en_us', ''),
 ('178', 'field', '45', 'en_us', ''),
 ('179', 'field', '45', 'en_us', ''),
 ('180', 'field', '45', 'en_us', ''),
 ('186', 'field', '45', 'en_us', ''),
 ('187', 'field', '45', 'en_us', ''),
 ('188', 'field', '45', 'en_us', ''),
 ('189', 'field', '45', 'en_us', ''),
 ('190', 'field', '45', 'en_us', ''),
 ('264', 'field', '46', 'en_us', ' raised in beijing china xiaoxiao now works based in new york as a freelance compositor and motion graphics artist with brand list including google amazon apple dell samsung bosch ford mcdonald s espn nickelodeon cartoon network sesame studios vh1 tv hanes footlocker cvs navy federal credit union etc her animated film rock is not an attitude has been official selected and screened in numerous international festivals including animayo international film festival athens international film festival cutout fest 56th zlin film festival brooklyn film festival adobe design achievement awards to name a few when creating as an independent artist xiaoxiao loves stop motion animation and is particularly interested in its ability to allow a deeper expression based on its direct physical foundation '),
 ('264', 'field', '47', 'en_us', ' hi my name is xiaoxiao tang a multimedia artist specializing inanimation compositing motion graphics '),
 ('264', 'field', '53', 'en_us', ' vfx tracking color keying color shading stabilization clean up rotoscoping ae compositing after effects premiere photoshop illustrator motion graphics dragon frame stop motion '),
 ('264', 'field', '49', 'en_us', ' 2015 present companies include hornet gretel mighty oak ghost robot ogilvy mather new york compositor and motion graphics artist freelance 2014 9 2015 5 hornet inc new york compositor full time intern 2014 6 8 eastern tv new york compositor full time freelance 2012 2014 flick book studio new york stop motion artist '),
 ('264', 'field', '48', 'en_us', ' 2014 mfa computer art school of visual arts new york '),
 ('268', 'field', '54', 'en_us', ' ae compositing '),
 ('268', 'field', '55', 'en_us', ' vfx tracking color keying color shading stabilization clean up rotoscoping '),
 ('268', 'slug', '0', 'en_us', ''),
 ('269', 'field', '54', 'en_us', ' motion graphics '),
 ('269', 'field', '55', 'en_us', ' after effects premiere photoshop illustrator '),
 ('269', 'slug', '0', 'en_us', ''),
 ('270', 'field', '54', 'en_us', ' stop motion '),
 ('270', 'field', '55', 'en_us', ' dragon frame '),
 ('270', 'slug', '0', 'en_us', ''),
 ('271', 'field', '50', 'en_us', ' 2015 present '),
 ('271', 'field', '51', 'en_us', ' compositor and motion graphics artist freelance '),
 ('271', 'field', '52', 'en_us', ' companies include hornet gretel mighty oak ghost robot ogilvy mather new york '),
 ('271', 'slug', '0', 'en_us', ''),
 ('272', 'field', '50', 'en_us', ' 2014 9 2015 5 '),
 ('272', 'field', '51', 'en_us', ' compositor full time intern '),
 ('272', 'field', '52', 'en_us', ' hornet inc new york '),
 ('272', 'slug', '0', 'en_us', ''),
 ('273', 'field', '50', 'en_us', ' 2014 6 8 '),
 ('273', 'field', '51', 'en_us', ' compositor full time freelance '),
 ('273', 'field', '52', 'en_us', ' eastern tv new york '),
 ('273', 'slug', '0', 'en_us', ''),
 ('274', 'field', '50', 'en_us', ' 2012 2014 '),
 ('274', 'field', '51', 'en_us', ' stop motion artist '),
 ('274', 'field', '52', 'en_us', ' flick book studio new york '),
 ('274', 'slug', '0', 'en_us', ''),
 ('264', 'field', '56', 'en_us', ' animation allows me to live out my fantasy 真实的自我，和世界拥抱。 i believe that we are all different and unique but there is no distance between us 我们不一样 但没有分别。 '),
 ('275', 'slug', '0', 'en_us', ' home page '),
 ('275', 'title', '0', 'en_us', ' home page '),
 ('318', 'title', '0', 'en_us', ' design about bg page01 190113 '),
 ('318', 'slug', '0', 'en_us', ' design about bg page01 190113 '),
 ('318', 'extension', '0', 'en_us', ' jpg '),
 ('318', 'kind', '0', 'en_us', ' image '),
 ('318', 'filename', '0', 'en_us', ' design_about_bg_page01_190113 jpg '),
 ('279', 'filename', '0', 'en_us', ' design_contact_bg_1 jpg '),
 ('279', 'extension', '0', 'en_us', ' jpg '),
 ('279', 'kind', '0', 'en_us', ' image '),
 ('279', 'slug', '0', 'en_us', ' design contact bg 1 '),
 ('279', 'title', '0', 'en_us', ' design contact bg 1 '),
 ('264', 'field', '57', 'en_us', ' design about bg page01 190113 '),
 ('264', 'field', '58', 'en_us', ' design about bg page02 190113 '),
 ('264', 'field', '59', 'en_us', ' design about bg page03 190113 '),
 ('265', 'field', '60', 'en_us', ' design contact bg 1 '),
 ('275', 'field', '61', 'en_us', ' position absolute bottom 0 left 50% height 82% transform translate 50% 1% 0 06 feather and line position absolute top 0 left 50% height 6% transform translate 35% 240% 0 03 sq papername position absolute bottom 0 left 50% height 15% transform translate 30% 20% 0 2 cloud01 opposite position absolute bottom 0 left 50% height 12% transform translate 500% 100% 0 3 cloud02 position absolute bottom 0 left 50% height 8% transform translate 500% 400% 0 1 cloud02 opposite position absolute bottom 0 left 50% height 15% transform translate 150% 100% 0 3 cloud03 position absolute top 0 left 50% height 12% transform translate 400% 120% 0 2 cloud03 opposite position absolute top 0 left 50% height 10% transform translate 500% 70% 0 2 cloud03 opposite position absolute top 0 left 50% height 20% transform translate 170% 20% 0 4 cloud01 position absolute top 50% left 50% height 12% transform translate 10% 30% 0 2 cloud04 position absolute top 0 left 50% height 6% transform translate 1130% 350% 0 1 cloud04 opposite position absolute bottom 0 left 50% height 12% transform translate 325% 242% 0 3 cloud05 position absolute top 50% left 50% height 6% transform translate 540% 50% 0 1 cloud05 opposite position absolute top 0 left 50% height 12% transform translate 850% 110% 0 1 cloud06 '),
 ('281', 'filename', '0', 'en_us', ' home_collage_paperbackground jpg '),
 ('281', 'extension', '0', 'en_us', ' jpg '),
 ('281', 'kind', '0', 'en_us', ' image '),
 ('281', 'slug', '0', 'en_us', ' home collage paper background '),
 ('281', 'title', '0', 'en_us', ' home collage paper background '),
 ('275', 'field', '65', 'en_us', ' home collage paper background '),
 ('282', 'filename', '0', 'en_us', ' cloud01_opposite png '),
 ('282', 'extension', '0', 'en_us', ' png '),
 ('282', 'kind', '0', 'en_us', ' image '),
 ('282', 'slug', '0', 'en_us', ' home collage output cloud01 opposite '),
 ('282', 'title', '0', 'en_us', ' cloud01 opposite '),
 ('283', 'filename', '0', 'en_us', ' cloud01 png '),
 ('283', 'extension', '0', 'en_us', ' png '),
 ('283', 'kind', '0', 'en_us', ' image '),
 ('283', 'slug', '0', 'en_us', ' home collage output cloud01 '),
 ('283', 'title', '0', 'en_us', ' cloud01 '),
 ('284', 'filename', '0', 'en_us', ' cloud02_opposite png '),
 ('284', 'extension', '0', 'en_us', ' png '),
 ('284', 'kind', '0', 'en_us', ' image '),
 ('284', 'slug', '0', 'en_us', ' home collage output cloud02 opposite '),
 ('284', 'title', '0', 'en_us', ' cloud02 opposite '),
 ('285', 'filename', '0', 'en_us', ' cloud02 png '),
 ('285', 'extension', '0', 'en_us', ' png '),
 ('285', 'kind', '0', 'en_us', ' image '),
 ('285', 'slug', '0', 'en_us', ' home collage output cloud02 '),
 ('285', 'title', '0', 'en_us', ' cloud02 '),
 ('286', 'filename', '0', 'en_us', ' cloud03_opposite png '),
 ('286', 'extension', '0', 'en_us', ' png '),
 ('286', 'kind', '0', 'en_us', ' image '),
 ('286', 'slug', '0', 'en_us', ' home collage output cloud03 opposite '),
 ('286', 'title', '0', 'en_us', ' cloud03 opposite '),
 ('287', 'filename', '0', 'en_us', ' cloud03 png ');
INSERT INTO `craft_searchindex` (`elementId`, `attribute`, `fieldId`, `locale`, `keywords`) VALUES
 ('287', 'extension', '0', 'en_us', ' png '),
 ('287', 'kind', '0', 'en_us', ' image '),
 ('287', 'slug', '0', 'en_us', ' home collage output cloud03 '),
 ('287', 'title', '0', 'en_us', ' cloud03 '),
 ('288', 'filename', '0', 'en_us', ' cloud04_opposite png '),
 ('288', 'extension', '0', 'en_us', ' png '),
 ('288', 'kind', '0', 'en_us', ' image '),
 ('288', 'slug', '0', 'en_us', ' home collage output cloud04 opposite '),
 ('288', 'title', '0', 'en_us', ' cloud04 opposite '),
 ('289', 'filename', '0', 'en_us', ' cloud04 png '),
 ('289', 'extension', '0', 'en_us', ' png '),
 ('289', 'kind', '0', 'en_us', ' image '),
 ('289', 'slug', '0', 'en_us', ' home collage output cloud04 '),
 ('289', 'title', '0', 'en_us', ' cloud04 '),
 ('290', 'filename', '0', 'en_us', ' cloud05_opposite png '),
 ('290', 'extension', '0', 'en_us', ' png '),
 ('290', 'kind', '0', 'en_us', ' image '),
 ('290', 'slug', '0', 'en_us', ' home collage output cloud05 opposite '),
 ('290', 'title', '0', 'en_us', ' cloud05 opposite '),
 ('291', 'filename', '0', 'en_us', ' cloud05 png '),
 ('291', 'extension', '0', 'en_us', ' png '),
 ('291', 'kind', '0', 'en_us', ' image '),
 ('291', 'slug', '0', 'en_us', ' home collage output cloud05 '),
 ('291', 'title', '0', 'en_us', ' cloud05 '),
 ('292', 'filename', '0', 'en_us', ' cloud06 png '),
 ('292', 'extension', '0', 'en_us', ' png '),
 ('292', 'kind', '0', 'en_us', ' image '),
 ('292', 'slug', '0', 'en_us', ' home collage output cloud06 '),
 ('292', 'title', '0', 'en_us', ' cloud06 '),
 ('293', 'filename', '0', 'en_us', ' feather and line png '),
 ('293', 'extension', '0', 'en_us', ' png '),
 ('293', 'kind', '0', 'en_us', ' image '),
 ('293', 'slug', '0', 'en_us', ' home collage output feather and line '),
 ('293', 'title', '0', 'en_us', ' feather and line '),
 ('294', 'filename', '0', 'en_us', ' feather png '),
 ('294', 'extension', '0', 'en_us', ' png '),
 ('294', 'kind', '0', 'en_us', ' image '),
 ('294', 'slug', '0', 'en_us', ' home collage output feather '),
 ('294', 'title', '0', 'en_us', ' feather '),
 ('295', 'filename', '0', 'en_us', ' line png '),
 ('295', 'extension', '0', 'en_us', ' png '),
 ('295', 'kind', '0', 'en_us', ' image '),
 ('295', 'slug', '0', 'en_us', ' home collage output line '),
 ('295', 'title', '0', 'en_us', ' line '),
 ('296', 'filename', '0', 'en_us', ' sqpaper png '),
 ('296', 'extension', '0', 'en_us', ' png '),
 ('296', 'kind', '0', 'en_us', ' image '),
 ('296', 'slug', '0', 'en_us', ' home collage output sq paper '),
 ('296', 'title', '0', 'en_us', ' sq paper '),
 ('297', 'filename', '0', 'en_us', ' sqpapername png '),
 ('297', 'extension', '0', 'en_us', ' png '),
 ('297', 'kind', '0', 'en_us', ' image '),
 ('297', 'slug', '0', 'en_us', ' home collage output sq papername '),
 ('297', 'title', '0', 'en_us', ' sq papername '),
 ('298', 'field', '62', 'en_us', ' feather and line '),
 ('298', 'field', '63', 'en_us', ' position absolute bottom 0 left 50% height 82% transform translate 50% 1% '),
 ('298', 'field', '64', 'en_us', ' 0 06 '),
 ('298', 'slug', '0', 'en_us', ''),
 ('299', 'field', '62', 'en_us', ' cloud01 '),
 ('299', 'field', '63', 'en_us', ' position absolute top 0 left 50% height 20% transform translate 170% 20% '),
 ('299', 'field', '64', 'en_us', ' 0 4 '),
 ('299', 'slug', '0', 'en_us', ''),
 ('300', 'field', '62', 'en_us', ' cloud02 '),
 ('300', 'field', '63', 'en_us', ' position absolute bottom 0 left 50% height 12% transform translate 500% 100% '),
 ('300', 'field', '64', 'en_us', ' 0 3 '),
 ('300', 'slug', '0', 'en_us', ''),
 ('301', 'field', '62', 'en_us', ' cloud03 opposite '),
 ('301', 'field', '63', 'en_us', ' position absolute top 0 left 50% height 12% transform translate 400% 120% '),
 ('301', 'field', '64', 'en_us', ' 0 2 '),
 ('301', 'slug', '0', 'en_us', ''),
 ('302', 'field', '62', 'en_us', ' cloud04 opposite '),
 ('302', 'field', '63', 'en_us', ' position absolute top 0 left 50% height 6% transform translate 1130% 350% '),
 ('302', 'field', '64', 'en_us', ' 0 1 '),
 ('302', 'slug', '0', 'en_us', ''),
 ('304', 'field', '62', 'en_us', ' cloud03 '),
 ('303', 'field', '62', 'en_us', ' sq papername '),
 ('303', 'field', '63', 'en_us', ' position absolute top 0 left 50% height 6% transform translate 35% 240% '),
 ('303', 'field', '64', 'en_us', ' 0 03 '),
 ('303', 'slug', '0', 'en_us', ''),
 ('304', 'field', '63', 'en_us', ' position absolute bottom 0 left 50% height 15% transform translate 150% 100% '),
 ('304', 'field', '64', 'en_us', ' 0 3 '),
 ('304', 'slug', '0', 'en_us', ''),
 ('305', 'field', '62', 'en_us', ' cloud04 '),
 ('305', 'field', '63', 'en_us', ' position absolute top 50% left 50% height 12% transform translate 10% 30% '),
 ('305', 'field', '64', 'en_us', ' 0 2 '),
 ('305', 'slug', '0', 'en_us', ''),
 ('306', 'field', '62', 'en_us', ' cloud05 '),
 ('306', 'field', '63', 'en_us', ' position absolute bottom 0 left 50% height 12% transform translate 325% 242% '),
 ('306', 'field', '64', 'en_us', ' 0 3 '),
 ('306', 'slug', '0', 'en_us', ''),
 ('307', 'field', '62', 'en_us', ' cloud05 opposite '),
 ('307', 'field', '63', 'en_us', ' position absolute top 50% left 50% height 6% transform translate 540% 50% '),
 ('307', 'field', '64', 'en_us', ' 0 1 '),
 ('307', 'slug', '0', 'en_us', ''),
 ('308', 'field', '62', 'en_us', ' cloud06 '),
 ('308', 'field', '63', 'en_us', ' position absolute top 0 left 50% height 12% transform translate 850% 110% '),
 ('308', 'field', '64', 'en_us', ' 0 1 '),
 ('308', 'slug', '0', 'en_us', ''),
 ('309', 'field', '62', 'en_us', ' cloud01 opposite '),
 ('309', 'field', '63', 'en_us', ' position absolute bottom 0 left 50% height 15% transform translate 30% 20% ');
INSERT INTO `craft_searchindex` (`elementId`, `attribute`, `fieldId`, `locale`, `keywords`) VALUES
 ('309', 'field', '64', 'en_us', ' 0 2 '),
 ('309', 'slug', '0', 'en_us', ''),
 ('310', 'field', '62', 'en_us', ' cloud02 opposite '),
 ('310', 'field', '63', 'en_us', ' position absolute bottom 0 left 50% height 8% transform translate 500% 400% '),
 ('310', 'field', '64', 'en_us', ' 0 1 '),
 ('310', 'slug', '0', 'en_us', ''),
 ('320', 'filename', '0', 'en_us', ' design_about_bg_page02_190113 jpg '),
 ('320', 'extension', '0', 'en_us', ' jpg '),
 ('320', 'kind', '0', 'en_us', ' image '),
 ('320', 'slug', '0', 'en_us', ' design about bg page02 190113 '),
 ('320', 'title', '0', 'en_us', ' design about bg page02 190113 '),
 ('321', 'filename', '0', 'en_us', ' design_about_bg_page03_190113 jpg '),
 ('321', 'extension', '0', 'en_us', ' jpg '),
 ('321', 'kind', '0', 'en_us', ' image '),
 ('321', 'slug', '0', 'en_us', ' design about bg page03 190113 '),
 ('321', 'title', '0', 'en_us', ' design about bg page03 190113 '),
 ('322', 'field', '62', 'en_us', ' cloud03 opposite '),
 ('322', 'field', '63', 'en_us', ' position absolute top 0 left 50% height 10% transform translate 500% 70% '),
 ('322', 'field', '64', 'en_us', ' 0 2 '),
 ('322', 'slug', '0', 'en_us', ''),
 ('323', 'field', '66', 'en_us', ' 180208039 https vimeo com 180208039 vimeo vimeo 2016 08 25 37 149 xiaoxiao soup https vimeo com greensoup https i vimeocdn com video 721580677_1280 jpg https i vimeocdn com video 721580677_1280 jpg xiaoxiao s motion graphics compositing reel breakdown 00 00 00 10 green opening personal project motion graphics responsible for all 00 11 00 17 android wear mode group commercial client google production co hornet motion graphics for endtag compositing clean up rotoscoping 00 18 00 28 amazon prime day 2016 tv spot everywhere group commercial client amazon production co hornet compositing tracking color keying clean up wire rig removal rotoscoping vfx 00 28 00 30 amazon prime day 2018 group commercial client amazon production co hornet compositing clean up wire rig removal rotoscoping vfx 00 31 00 32 00 39 00 41 trident vibes test group pitch client trident production co hornet lead compositing vfx 00 33 00 34 amazon prime day 2017 tv spot your day lead up group commercial client amazon production co hornet compositing vfx clean up wire rig removal rotoscoping 00 35 00 38 amazon black friday 2016 group commercial client amazon production co hornet compositing clean up wire rig removal rotoscoping 00 42 00 46 amazon web banner prime day 2016 rocket launch group commercial client amazon production co hornet this seamless loop animation officially launched amazon prime day at midnight lead compositing vfx particle stars color keying clean up wire rig removal rotoscoping asset management amazon web banner prime day 2017 pet lover chef group commercial client amazon production co hornet compositing vfxclean up wire rig removal rotoscoping color keying 00 47 00 54 red rock snacking fantastic group commercial client red rock production co hornet lead compositingasset management vfx 00 55 01 00 mcdonald s always working group commercial client mcdonald s uk production co hornet compositing color keying clean up rotoscoping 01 01 01 02 mcdonald s experiential drinks group commercial client mcdonald s uk production co hornet lead compositing asset management color keying clean up rotoscoping vfx 01 03 01 04 foot locker endtag motion graphics commercial client foot locker production co hornet motion graphics compositing animation asset management 01 05 01 10 espn who s in group commercial client espn production co hornet compositing colorkeying clean up rotoscoping tracking vfx 01 11 01 14 frooti 2018 allu fan fantasy group commercial client frooti production co hornet compositing vfx clean up rotoscoping 01 15 01 20 tim hortons think happy iced capp group commercial client tim hortons production co hornet compositing color keying clean up wire rig removal rotoscoping vfx 01 21 01 26 land o lakes tub butter group commercial client land o lakes production co hornet compositing clean up rotoscoping 01 27 01 34 dell the global entrepreneurship movement group commercial client dell united nations production co hornet compositing tracking clean up asset management 01 35 01 37 cvs heath pharmacy at target group commercial client cvs production co hornet compositing color keying clean up background 01 38 01 41 12 days of elves season 3 group animation production co hornet film director dan and jason lead compositing asset management vfx colorist 01 42 01 43 bosch stop the roadkill group commercial client bosch production co hornet compositing rotoscoping clean up 01 44 01 51 samsung food gone bad group commercial client samsung production co hornet compositing clean up wire rig removal rotoscoping vfx 01 52 01 56 got milk food loves milk group commercial client samsung production co hornet compositing vfx clean up wire rig removal rotoscoping 01 57 02 02 google teamwork 2015 anthem group commercial client google production co hornet motion graphics animation compositing asset management 02 03 02 06 atrovent the puffagins group commercial client atrovent hfa production co hornet motion graphics final compositing all in ae asset management 02 06 02 10 jcpenney the today show pair up group commercial client nbcuniversal for jcpenney production co mighty oak lead post production compositing motion graphics 02 11 02 13 clash royale motion test group pitch client clash royale production co hornet lead compositing asset management vfx 02 14 02 16 ford loni loves cars group commercial client ford production co ghost robot lead compositing vfx clean up 02 17 02 18 navy federal credit union our members make us group commercial client navy federal credit union production co hornet compositing asset management vfx 02 19 02 22 fda little lungs group commercial client u s food and drug administration production co hornet compositing vfx clean up wire rig removal rotoscoping 02 23 02 29 showreel endtag personal project responsible for all music originally from queen sea big shark e ocean sound edit in audition reel edit in premiere 1920 1080 '),
 ('323', 'field', '67', 'en_us', ' ae animation compositing motion graphics '),
 ('323', 'field', '68', 'en_us', ''),
 ('323', 'field', '69', 'en_us', ' bosch bosch cover image compositing rotoscoping clean up stop the roadkill 01 42 01 43 '),
 ('323', 'slug', '0', 'en_us', ' commercial reel '),
 ('323', 'title', '0', 'en_us', ' commercial reel '),
 ('324', 'field', '74', 'en_us', ' 01 42 01 43 '),
 ('324', 'field', '70', 'en_us', ' bosch cover image '),
 ('324', 'field', '71', 'en_us', ' bosch '),
 ('324', 'field', '72', 'en_us', ' stop the roadkill '),
 ('324', 'field', '73', 'en_us', ' compositing rotoscoping clean up '),
 ('324', 'slug', '0', 'en_us', '');



DROP TABLE IF EXISTS `craft_sections`;


--
-- Schema for table `craft_sections`
--
CREATE TABLE `craft_sections` (
  `id` int(11) NOT NULL AUTO_INCREMENT,
  `structureId` int(11) DEFAULT NULL,
  `name` varchar(255) COLLATE utf8_unicode_ci NOT NULL,
  `handle` varchar(255) COLLATE utf8_unicode_ci NOT NULL,
  `type` enum('single','channel','structure') COLLATE utf8_unicode_ci NOT NULL DEFAULT 'channel',
  `hasUrls` tinyint(1) unsigned NOT NULL DEFAULT '1',
  `template` varchar(500) COLLATE utf8_unicode_ci DEFAULT NULL,
  `enableVersioning` tinyint(1) unsigned NOT NULL DEFAULT '0',
  `dateCreated` datetime NOT NULL,
  `dateUpdated` datetime NOT NULL,
  `uid` char(36) COLLATE utf8_unicode_ci NOT NULL DEFAULT '0',
  PRIMARY KEY (`id`),
  UNIQUE KEY `craft_sections_name_unq_idx` (`name`),
  UNIQUE KEY `craft_sections_handle_unq_idx` (`handle`),
  KEY `craft_sections_structureId_fk` (`structureId`)
) ENGINE=InnoDB AUTO_INCREMENT=11 DEFAULT CHARSET=utf8 COLLATE=utf8_unicode_ci;

--
-- Data for table `craft_sections`
--

INSERT INTO `craft_sections` (`id`, `structureId`, `name`, `handle`, `type`, `hasUrls`, `template`, `enableVersioning`, `dateCreated`, `dateUpdated`, `uid`) VALUES
 ('3', '1', 'Commercial Works Section', 'commercialWorksSection', 'structure', '1', 'commercial_work/entry', '1', '2016-08-22 03:09:00', '2018-12-28 21:44:52', '0f01b807-efea-4645-8cf1-a6e494e1d11b'),
 ('4', '2', 'Indie Works Section', 'indieWorksSection', 'structure', '1', 'indie_work/entry', '1', '2016-08-22 03:12:39', '2018-12-28 21:45:03', '6c745dba-7dcc-422e-ba8c-d53141609f02'),
 ('5', NULL, 'Commercial Works Overview Page', 'commercialWorksOverviewPage', 'single', '1', 'commercial_work/overview', '1', '2017-03-22 03:00:06', '2018-12-28 21:44:46', '2f7edbd3-86ef-4197-b4d3-5f4b5ec455ca'),
 ('6', NULL, 'Indie Works Overview Page', 'indieWorksOverviewPage', 'single', '1', 'indie_work/overview', '1', '2017-03-22 03:02:25', '2018-12-28 21:44:58', '01dfda5e-465b-4244-85ed-32acdcfede79'),
 ('7', NULL, 'About Page', 'aboutPage', 'single', '1', 'about', '1', '2018-12-26 18:24:47', '2018-12-26 18:24:47', 'c360b992-7d69-41bc-9a31-7ad1c6569942'),
 ('8', NULL, 'Contact Page', 'contactPage', 'single', '1', 'contact', '1', '2018-12-26 18:25:03', '2018-12-26 18:25:03', '96e4b84e-7eaf-49f0-a43d-5db3f2a861cf'),
 ('9', NULL, 'Home Page', 'homePage', 'single', '1', 'index', '1', '2019-01-05 23:56:04', '2019-01-05 23:56:04', 'e2cd445e-05e3-40cb-88db-351cfe9df434'),
 ('10', NULL, 'Reel Section', 'reelSection', 'channel', '0', NULL, '1', '2019-01-22 17:23:27', '2019-01-22 17:23:27', 'dd69db7d-ba22-4a9e-9060-83674f5ef73f');



DROP TABLE IF EXISTS `craft_sections_i18n`;


--
-- Schema for table `craft_sections_i18n`
--
CREATE TABLE `craft_sections_i18n` (
  `id` int(11) NOT NULL AUTO_INCREMENT,
  `sectionId` int(11) NOT NULL,
  `locale` char(12) COLLATE utf8_unicode_ci NOT NULL,
  `enabledByDefault` tinyint(1) unsigned NOT NULL DEFAULT '1',
  `urlFormat` text COLLATE utf8_unicode_ci,
  `nestedUrlFormat` text COLLATE utf8_unicode_ci,
  `dateCreated` datetime NOT NULL,
  `dateUpdated` datetime NOT NULL,
  `uid` char(36) COLLATE utf8_unicode_ci NOT NULL DEFAULT '0',
  PRIMARY KEY (`id`),
  UNIQUE KEY `craft_sections_i18n_sectionId_locale_unq_idx` (`sectionId`,`locale`),
  KEY `craft_sections_i18n_locale_fk` (`locale`)
) ENGINE=InnoDB AUTO_INCREMENT=11 DEFAULT CHARSET=utf8 COLLATE=utf8_unicode_ci;

--
-- Data for table `craft_sections_i18n`
--

INSERT INTO `craft_sections_i18n` (`id`, `sectionId`, `locale`, `enabledByDefault`, `urlFormat`, `nestedUrlFormat`, `dateCreated`, `dateUpdated`, `uid`) VALUES
 ('3', '3', 'en_us', '1', 'commercial-work/{slug}', '{parent.uri}/{slug}', '2016-08-22 03:09:00', '2017-03-21 03:19:20', 'bf8d10c5-4b41-4452-ac04-cfafafe12e8a'),
 ('4', '4', 'en_us', '1', 'indie-work/{slug}', '{parent.uri}/{slug}', '2016-08-22 03:12:39', '2017-03-22 03:35:27', '371fe2a9-0bdd-4b27-a65e-001263fb5dee'),
 ('5', '5', 'en_us', '1', 'commercial-work', NULL, '2017-03-22 03:00:06', '2018-12-27 20:32:06', 'de11afbd-5cd6-485c-b079-b18a6ed65e9f'),
 ('6', '6', 'en_us', '1', 'indie-work', NULL, '2017-03-22 03:02:25', '2018-12-27 20:32:11', '42dd1bbc-3631-4fb5-aa66-5b42e0f83706'),
 ('7', '7', 'en_us', '1', 'about', NULL, '2018-12-26 18:24:47', '2018-12-26 18:24:47', 'a141366a-a9ee-4eee-922b-f9326d223a11'),
 ('8', '8', 'en_us', '1', 'contact', NULL, '2018-12-26 18:25:03', '2018-12-26 18:25:03', 'b64c08e9-2fe0-47b0-a5e3-4cf2e999ea29'),
 ('9', '9', 'en_us', '1', '__home__', NULL, '2019-01-05 23:56:04', '2019-01-05 23:56:04', '1d914aa2-8d55-42a1-8fd6-e1e07edf684b'),
 ('10', '10', 'en_us', '1', NULL, NULL, '2019-01-22 17:23:27', '2019-01-22 17:23:27', '9db1cd33-0250-4dbe-ab8f-9f87cd196f59');



DROP TABLE IF EXISTS `craft_sessions`;


--
-- Schema for table `craft_sessions`
--
CREATE TABLE `craft_sessions` (
  `id` int(11) NOT NULL AUTO_INCREMENT,
  `userId` int(11) NOT NULL,
  `token` char(100) COLLATE utf8_unicode_ci NOT NULL,
  `dateCreated` datetime NOT NULL,
  `dateUpdated` datetime NOT NULL,
  `uid` char(36) COLLATE utf8_unicode_ci NOT NULL DEFAULT '0',
  PRIMARY KEY (`id`),
  KEY `craft_sessions_uid_idx` (`uid`),
  KEY `craft_sessions_token_idx` (`token`),
  KEY `craft_sessions_dateUpdated_idx` (`dateUpdated`),
  KEY `craft_sessions_userId_fk` (`userId`)
) ENGINE=InnoDB AUTO_INCREMENT=81 DEFAULT CHARSET=utf8 COLLATE=utf8_unicode_ci;

DROP TABLE IF EXISTS `craft_shunnedmessages`;


--
-- Schema for table `craft_shunnedmessages`
--
CREATE TABLE `craft_shunnedmessages` (
  `id` int(11) NOT NULL AUTO_INCREMENT,
  `userId` int(11) NOT NULL,
  `message` varchar(255) COLLATE utf8_unicode_ci NOT NULL,
  `expiryDate` datetime DEFAULT NULL,
  `dateCreated` datetime NOT NULL,
  `dateUpdated` datetime NOT NULL,
  `uid` char(36) COLLATE utf8_unicode_ci NOT NULL DEFAULT '0',
  PRIMARY KEY (`id`),
  UNIQUE KEY `craft_shunnedmessages_userId_message_unq_idx` (`userId`,`message`)
) ENGINE=InnoDB DEFAULT CHARSET=utf8 COLLATE=utf8_unicode_ci;

DROP TABLE IF EXISTS `craft_structureelements`;


--
-- Schema for table `craft_structureelements`
--
CREATE TABLE `craft_structureelements` (
  `id` int(11) NOT NULL AUTO_INCREMENT,
  `structureId` int(11) NOT NULL,
  `elementId` int(11) DEFAULT NULL,
  `root` int(11) unsigned DEFAULT NULL,
  `lft` int(11) unsigned NOT NULL,
  `rgt` int(11) unsigned NOT NULL,
  `level` smallint(6) unsigned NOT NULL,
  `dateCreated` datetime NOT NULL,
  `dateUpdated` datetime NOT NULL,
  `uid` char(36) COLLATE utf8_unicode_ci NOT NULL DEFAULT '0',
  PRIMARY KEY (`id`),
  UNIQUE KEY `craft_structureelements_structureId_elementId_unq_idx` (`structureId`,`elementId`),
  KEY `craft_structureelements_root_idx` (`root`),
  KEY `craft_structureelements_lft_idx` (`lft`),
  KEY `craft_structureelements_rgt_idx` (`rgt`),
  KEY `craft_structureelements_level_idx` (`level`),
  KEY `craft_structureelements_elementId_fk` (`elementId`)
) ENGINE=InnoDB AUTO_INCREMENT=53 DEFAULT CHARSET=utf8 COLLATE=utf8_unicode_ci;

--
-- Data for table `craft_structureelements`
--

INSERT INTO `craft_structureelements` (`id`, `structureId`, `elementId`, `root`, `lft`, `rgt`, `level`, `dateCreated`, `dateUpdated`, `uid`) VALUES
 ('1', '2', NULL, '1', '1', '22', '0', '2016-08-22 03:20:27', '2016-08-22 03:20:27', '25a079f4-8cf8-41db-8baa-c2a9f45e695e'),
 ('5', '1', NULL, '5', '1', '50', '0', '2016-08-23 18:41:15', '2016-08-23 18:41:15', 'dbc91575-0860-40d6-9a5b-835e52d6a110'),
 ('6', '1', '153', '5', '4', '5', '1', '2016-08-23 18:41:15', '2016-08-23 18:41:15', '3f992ea5-5797-45ac-8dd3-bf9b2c0b0693'),
 ('7', '1', '154', '5', '6', '7', '1', '2016-08-23 19:00:00', '2016-08-23 19:00:00', 'b0d22e99-0ec3-4f09-b0e4-fc6fea42c837'),
 ('8', '1', '155', '5', '8', '9', '1', '2016-08-23 19:10:00', '2016-08-23 19:10:00', '03c63939-a47c-4703-90d6-152c86835732'),
 ('9', '1', '156', '5', '10', '11', '1', '2016-08-23 19:11:37', '2016-08-23 19:11:37', '3d65c86b-ec8d-4382-9202-4b2924c624da'),
 ('10', '1', '157', '5', '12', '13', '1', '2016-08-23 19:13:34', '2016-08-23 19:13:34', '2ad754b6-fd6a-4266-bcfe-87696d65c615'),
 ('11', '1', '158', '5', '14', '15', '1', '2016-08-23 19:18:19', '2016-08-23 19:18:19', 'b74cb950-9d9a-4430-b730-6cf708e448b2'),
 ('12', '1', '159', '5', '16', '17', '1', '2016-08-23 19:18:51', '2016-08-23 19:18:51', 'ece1c5f7-1376-43d5-999e-39934e145c3f'),
 ('13', '1', '160', '5', '18', '19', '1', '2016-08-23 19:20:31', '2016-08-23 19:20:31', 'cb51849d-bb79-4d8d-8cc7-21227de6f903'),
 ('14', '1', '161', '5', '20', '21', '1', '2016-08-23 19:22:28', '2016-08-23 19:22:28', '1c31f19b-896d-4672-bf72-e9363ba10133'),
 ('15', '1', '162', '5', '22', '23', '1', '2016-08-23 19:23:05', '2016-08-23 19:23:05', '5530efeb-b894-4e2a-80ad-8f456e6dcaa3'),
 ('16', '1', '163', '5', '24', '25', '1', '2016-08-23 19:23:54', '2016-08-23 19:23:54', '92412c0b-3a9e-4295-b819-e45ffac097a6'),
 ('17', '1', '164', '5', '26', '27', '1', '2016-08-23 19:24:27', '2016-08-23 19:24:27', '1527ba37-de82-41f6-b0f4-11b98baf71c8'),
 ('18', '1', '165', '5', '28', '29', '1', '2016-08-23 19:24:50', '2016-08-23 19:24:50', '700eadbc-f659-458f-bb71-3c3f36b40818'),
 ('19', '1', '166', '5', '30', '31', '1', '2016-08-23 19:25:14', '2016-08-23 19:25:14', '0988e06b-8bf1-42da-935a-e9901edd8e89'),
 ('20', '1', '167', '5', '32', '33', '1', '2016-08-23 19:25:42', '2016-08-23 19:25:42', '2aaaafb0-1314-4e91-a881-8624d29594e3'),
 ('21', '1', '168', '5', '34', '35', '1', '2016-08-23 19:26:09', '2016-08-23 19:26:09', 'f5520f3c-c391-4cd3-a9b3-3e91b48faca2'),
 ('22', '1', '169', '5', '36', '37', '1', '2016-08-23 19:26:39', '2016-08-23 19:26:39', '4f6eb76d-ac97-4507-844f-28279268c516'),
 ('23', '1', '170', '5', '38', '39', '1', '2016-08-23 19:27:27', '2016-08-23 19:27:27', 'dbfc3d20-4b69-4ba0-95ee-69a84969f860'),
 ('24', '1', '171', '5', '40', '41', '1', '2016-08-23 19:28:02', '2016-08-23 19:28:02', 'e8482fb2-63ad-4289-bf5a-7e31d4ce213a'),
 ('25', '1', '172', '5', '42', '43', '1', '2016-08-23 19:29:31', '2016-08-23 19:29:31', '249e680a-eb97-4776-9662-1907138008a1'),
 ('26', '1', '173', '5', '44', '45', '1', '2016-08-23 19:29:57', '2016-08-23 19:29:57', 'ccf7d903-5c86-4fb7-aedc-4c393f670cd3'),
 ('27', '1', '174', '5', '46', '47', '1', '2016-08-23 19:30:37', '2016-08-23 19:30:37', 'a86f8cbe-bbc7-4216-949e-dca925ff8b98'),
 ('28', '1', '175', '5', '48', '49', '1', '2016-08-23 19:31:14', '2016-08-23 19:31:14', 'aec3db23-6831-400f-99ce-736057768edf'),
 ('29', '2', '176', '1', '4', '5', '1', '2016-08-23 19:33:54', '2016-08-23 19:33:54', 'f0c41a03-a875-4262-96b0-f67ee12e00a2'),
 ('30', '2', '177', '1', '2', '3', '1', '2016-08-23 19:41:10', '2016-08-23 19:41:10', '9a175dcb-1586-49a8-b3ee-7bcfaa05a4a1'),
 ('31', '2', '178', '1', '12', '13', '1', '2016-08-23 19:42:09', '2016-08-23 19:42:09', 'a7240e91-1d1a-4447-9860-4d51234de748'),
 ('32', '2', '179', '1', '14', '15', '1', '2016-08-23 19:43:06', '2016-08-23 19:43:06', '30e3e887-5cae-40ca-9b07-eb7e483ee60f'),
 ('33', '2', '180', '1', '10', '11', '1', '2016-08-23 19:44:08', '2016-08-23 19:44:08', '19ff6fc7-e7e9-44c7-9b28-ba952e740fb6'),
 ('34', '4', NULL, '34', '1', '14', '0', '2016-08-23 19:52:32', '2016-08-23 19:52:32', '6b606e79-f79f-4c28-ba1e-5cfafb64a2c1'),
 ('35', '4', '182', '34', '2', '3', '1', '2016-08-23 19:52:32', '2016-08-23 19:52:32', '494fba26-5499-48fa-8678-0142e2a8a833'),
 ('36', '4', '183', '34', '4', '5', '1', '2016-08-23 19:55:33', '2016-08-23 19:55:33', '65d561e6-3ad7-4a9a-8580-041eaac66c1b'),
 ('37', '4', '184', '34', '8', '9', '1', '2016-08-23 19:55:46', '2016-08-23 19:55:46', '17575581-231f-4c52-b670-b59c61b01eec'),
 ('38', '4', '185', '34', '12', '13', '1', '2016-08-23 19:55:58', '2016-08-23 19:55:58', '151ddc14-5587-43db-8c2f-f2257a6e38ec'),
 ('39', '2', '186', '1', '16', '17', '1', '2016-08-23 19:57:49', '2016-08-23 19:57:49', '58d19af0-25d4-4446-8ee5-f3de6e7e84fa'),
 ('40', '2', '187', '1', '6', '7', '1', '2016-08-23 19:58:30', '2016-08-23 19:58:30', '6094c1b7-8b53-4976-9e2c-534875979c36'),
 ('41', '2', '188', '1', '8', '9', '1', '2016-08-23 19:59:14', '2016-08-23 19:59:14', 'fc94585e-4830-48aa-85d5-98d8429e3f5c'),
 ('42', '2', '189', '1', '18', '19', '1', '2016-08-23 19:59:56', '2016-08-23 19:59:56', '060be986-6db7-44c5-83f3-d39bb417549a'),
 ('43', '2', '190', '1', '20', '21', '1', '2016-08-23 20:01:25', '2016-08-23 20:01:25', '3ea7af7c-ef63-4478-8f98-bbcf4af316a4'),
 ('44', '1', '210', '5', '2', '3', '1', '2017-12-03 03:58:22', '2017-12-03 03:58:22', '0753a311-cefc-4df1-a5d1-c3df55a52573'),
 ('45', '4', '225', '34', '10', '11', '1', '2018-01-12 02:37:32', '2018-01-12 02:37:32', 'f35fd248-f837-4d04-a4d4-1980f6cb4b4a'),
 ('47', '4', '227', '34', '6', '7', '1', '2018-01-26 20:50:29', '2018-01-26 20:50:29', '52757fc2-a3af-4a03-afb4-54c3311bf2ae'),
 ('48', '5', NULL, '48', '1', '10', '0', '2018-12-26 18:18:31', '2018-12-26 18:18:31', '8c8e0dc2-00e4-4083-8e15-91fd06bdec24'),
 ('49', '5', '260', '48', '2', '3', '1', '2018-12-26 18:18:31', '2018-12-26 18:18:31', 'ae717e4a-74a4-4adf-bf22-65fa0cdf9146'),
 ('50', '5', '261', '48', '4', '5', '1', '2018-12-26 18:18:51', '2018-12-26 18:18:51', 'dff07ec7-9b10-426f-a79d-95d140f7ca63'),
 ('51', '5', '262', '48', '6', '7', '1', '2018-12-26 18:21:08', '2018-12-26 18:21:08', '2b822bef-9080-4e16-a855-d0f93975c101'),
 ('52', '5', '263', '48', '8', '9', '1', '2018-12-26 18:21:16', '2018-12-26 18:21:16', '7ac6b87c-ece2-4c51-93b4-f6688c376a47');



DROP TABLE IF EXISTS `craft_structures`;


--
-- Schema for table `craft_structures`
--
CREATE TABLE `craft_structures` (
  `id` int(11) NOT NULL AUTO_INCREMENT,
  `maxLevels` smallint(6) unsigned DEFAULT NULL,
  `dateCreated` datetime NOT NULL,
  `dateUpdated` datetime NOT NULL,
  `uid` char(36) COLLATE utf8_unicode_ci NOT NULL DEFAULT '0',
  PRIMARY KEY (`id`)
) ENGINE=InnoDB AUTO_INCREMENT=6 DEFAULT CHARSET=utf8 COLLATE=utf8_unicode_ci;

--
-- Data for table `craft_structures`
--

INSERT INTO `craft_structures` (`id`, `maxLevels`, `dateCreated`, `dateUpdated`, `uid`) VALUES
 ('1', NULL, '2016-08-22 03:09:00', '2018-12-28 21:44:52', '6370f024-9964-4688-8e69-2561799180a0'),
 ('2', NULL, '2016-08-22 03:12:39', '2018-12-28 21:45:03', 'c7acd75c-f41f-4cac-8bd3-e80ac3baefb9'),
 ('3', NULL, '2016-08-22 04:06:51', '2016-08-22 04:06:51', 'f13f54fa-a513-481a-9d97-282a7a46b96f'),
 ('4', NULL, '2016-08-23 19:50:26', '2017-11-30 18:10:41', '1e406342-be32-4ff3-9c4b-c7d25c126c62'),
 ('5', '1', '2018-12-26 18:17:43', '2018-12-26 18:17:43', '6473f1aa-9e70-4629-8b89-393b711cb570');



DROP TABLE IF EXISTS `craft_systemsettings`;


--
-- Schema for table `craft_systemsettings`
--
CREATE TABLE `craft_systemsettings` (
  `id` int(11) NOT NULL AUTO_INCREMENT,
  `category` varchar(15) COLLATE utf8_unicode_ci NOT NULL,
  `settings` text COLLATE utf8_unicode_ci,
  `dateCreated` datetime NOT NULL,
  `dateUpdated` datetime NOT NULL,
  `uid` char(36) COLLATE utf8_unicode_ci NOT NULL DEFAULT '0',
  PRIMARY KEY (`id`),
  UNIQUE KEY `craft_systemsettings_category_unq_idx` (`category`)
) ENGINE=InnoDB AUTO_INCREMENT=2 DEFAULT CHARSET=utf8 COLLATE=utf8_unicode_ci;

--
-- Data for table `craft_systemsettings`
--

INSERT INTO `craft_systemsettings` (`id`, `category`, `settings`, `dateCreated`, `dateUpdated`, `uid`) VALUES
 ('1', 'email', '{\"protocol\":\"php\",\"emailAddress\":\"yilu891017@me.com\",\"senderName\":\"Soup\"}', '2016-08-20 17:42:14', '2016-08-20 17:42:14', 'c03e3ada-d254-49ea-9b56-a042c8c02ed8');



DROP TABLE IF EXISTS `craft_taggroups`;


--
-- Schema for table `craft_taggroups`
--
CREATE TABLE `craft_taggroups` (
  `id` int(11) NOT NULL AUTO_INCREMENT,
  `name` varchar(255) COLLATE utf8_unicode_ci NOT NULL,
  `handle` varchar(255) COLLATE utf8_unicode_ci NOT NULL,
  `fieldLayoutId` int(10) DEFAULT NULL,
  `dateCreated` datetime NOT NULL,
  `dateUpdated` datetime NOT NULL,
  `uid` char(36) COLLATE utf8_unicode_ci NOT NULL DEFAULT '0',
  PRIMARY KEY (`id`),
  UNIQUE KEY `craft_taggroups_name_unq_idx` (`name`),
  UNIQUE KEY `craft_taggroups_handle_unq_idx` (`handle`),
  KEY `craft_taggroups_fieldLayoutId_fk` (`fieldLayoutId`)
) ENGINE=InnoDB AUTO_INCREMENT=3 DEFAULT CHARSET=utf8 COLLATE=utf8_unicode_ci;

--
-- Data for table `craft_taggroups`
--

INSERT INTO `craft_taggroups` (`id`, `name`, `handle`, `fieldLayoutId`, `dateCreated`, `dateUpdated`, `uid`) VALUES
 ('2', 'Works Tags', 'worksTags', '31', '2016-08-23 19:45:44', '2016-08-23 19:46:29', 'cd27b886-36fb-4df4-be03-e80ace7530ad');



DROP TABLE IF EXISTS `craft_tags`;


--
-- Schema for table `craft_tags`
--
CREATE TABLE `craft_tags` (
  `id` int(11) NOT NULL,
  `groupId` int(11) NOT NULL,
  `dateCreated` datetime NOT NULL,
  `dateUpdated` datetime NOT NULL,
  `uid` char(36) COLLATE utf8_unicode_ci NOT NULL DEFAULT '0',
  PRIMARY KEY (`id`),
  KEY `craft_tags_groupId_fk` (`groupId`)
) ENGINE=InnoDB DEFAULT CHARSET=utf8 COLLATE=utf8_unicode_ci;

--
-- Data for table `craft_tags`
--

INSERT INTO `craft_tags` (`id`, `groupId`, `dateCreated`, `dateUpdated`, `uid`) VALUES
 ('181', '2', '2016-08-23 19:47:20', '2016-08-23 19:47:20', '131f7bc3-9941-4c4d-b0ce-9b39dec5ca0e');



DROP TABLE IF EXISTS `craft_tasks`;


--
-- Schema for table `craft_tasks`
--
CREATE TABLE `craft_tasks` (
  `id` int(11) NOT NULL AUTO_INCREMENT,
  `root` int(11) unsigned DEFAULT NULL,
  `lft` int(11) unsigned NOT NULL,
  `rgt` int(11) unsigned NOT NULL,
  `level` smallint(6) unsigned NOT NULL,
  `currentStep` int(11) unsigned DEFAULT NULL,
  `totalSteps` int(11) unsigned DEFAULT NULL,
  `status` enum('pending','error','running') COLLATE utf8_unicode_ci DEFAULT NULL,
  `type` varchar(150) COLLATE utf8_unicode_ci NOT NULL,
  `description` varchar(255) COLLATE utf8_unicode_ci DEFAULT NULL,
  `settings` mediumtext COLLATE utf8_unicode_ci,
  `dateCreated` datetime NOT NULL,
  `dateUpdated` datetime NOT NULL,
  `uid` char(36) COLLATE utf8_unicode_ci NOT NULL DEFAULT '0',
  PRIMARY KEY (`id`),
  KEY `craft_tasks_root_idx` (`root`),
  KEY `craft_tasks_lft_idx` (`lft`),
  KEY `craft_tasks_rgt_idx` (`rgt`),
  KEY `craft_tasks_level_idx` (`level`)
) ENGINE=InnoDB AUTO_INCREMENT=184 DEFAULT CHARSET=utf8 COLLATE=utf8_unicode_ci;

DROP TABLE IF EXISTS `craft_templatecachecriteria`;


--
-- Schema for table `craft_templatecachecriteria`
--
CREATE TABLE `craft_templatecachecriteria` (
  `id` int(11) NOT NULL AUTO_INCREMENT,
  `cacheId` int(11) NOT NULL,
  `type` varchar(150) COLLATE utf8_unicode_ci NOT NULL,
  `criteria` text COLLATE utf8_unicode_ci NOT NULL,
  PRIMARY KEY (`id`),
  KEY `craft_templatecachecriteria_cacheId_fk` (`cacheId`),
  KEY `craft_templatecachecriteria_type_idx` (`type`)
) ENGINE=InnoDB DEFAULT CHARSET=utf8 COLLATE=utf8_unicode_ci;

DROP TABLE IF EXISTS `craft_templatecacheelements`;


--
-- Schema for table `craft_templatecacheelements`
--
CREATE TABLE `craft_templatecacheelements` (
  `cacheId` int(11) NOT NULL,
  `elementId` int(11) NOT NULL,
  KEY `craft_templatecacheelements_cacheId_fk` (`cacheId`),
  KEY `craft_templatecacheelements_elementId_fk` (`elementId`)
) ENGINE=InnoDB DEFAULT CHARSET=utf8 COLLATE=utf8_unicode_ci;

DROP TABLE IF EXISTS `craft_templatecaches`;


--
-- Schema for table `craft_templatecaches`
--
CREATE TABLE `craft_templatecaches` (
  `id` int(11) NOT NULL AUTO_INCREMENT,
  `cacheKey` varchar(255) COLLATE utf8_unicode_ci NOT NULL,
  `locale` char(12) COLLATE utf8_unicode_ci NOT NULL,
  `path` varchar(255) COLLATE utf8_unicode_ci DEFAULT NULL,
  `expiryDate` datetime NOT NULL,
  `body` mediumtext COLLATE utf8_unicode_ci NOT NULL,
  PRIMARY KEY (`id`),
  KEY `craft_templatecaches_locale_cacheKey_path_expiryDate_idx` (`locale`,`cacheKey`,`path`,`expiryDate`),
  KEY `craft_templatecaches_cacheKey_locale_expiryDate_idx` (`cacheKey`,`locale`,`expiryDate`),
  KEY `craft_templatecaches_cacheKey_locale_expiryDate_path_idx` (`cacheKey`,`locale`,`expiryDate`,`path`)
) ENGINE=InnoDB DEFAULT CHARSET=utf8 COLLATE=utf8_unicode_ci;

DROP TABLE IF EXISTS `craft_tokens`;


--
-- Schema for table `craft_tokens`
--
CREATE TABLE `craft_tokens` (
  `id` int(11) NOT NULL AUTO_INCREMENT,
  `token` char(32) COLLATE utf8_unicode_ci NOT NULL,
  `route` text COLLATE utf8_unicode_ci,
  `usageLimit` tinyint(3) unsigned DEFAULT NULL,
  `usageCount` tinyint(3) unsigned DEFAULT NULL,
  `expiryDate` datetime NOT NULL,
  `dateCreated` datetime NOT NULL,
  `dateUpdated` datetime NOT NULL,
  `uid` char(36) COLLATE utf8_unicode_ci NOT NULL DEFAULT '0',
  PRIMARY KEY (`id`),
  UNIQUE KEY `craft_tokens_token_unq_idx` (`token`),
  KEY `craft_tokens_expiryDate_idx` (`expiryDate`)
) ENGINE=InnoDB DEFAULT CHARSET=utf8 COLLATE=utf8_unicode_ci;

DROP TABLE IF EXISTS `craft_usergroups`;


--
-- Schema for table `craft_usergroups`
--
CREATE TABLE `craft_usergroups` (
  `id` int(11) NOT NULL AUTO_INCREMENT,
  `name` varchar(255) COLLATE utf8_unicode_ci NOT NULL,
  `handle` varchar(255) COLLATE utf8_unicode_ci NOT NULL,
  `dateCreated` datetime NOT NULL,
  `dateUpdated` datetime NOT NULL,
  `uid` char(36) COLLATE utf8_unicode_ci NOT NULL DEFAULT '0',
  PRIMARY KEY (`id`),
  UNIQUE KEY `craft_usergroups_handle_unq_idx` (`handle`),
  UNIQUE KEY `craft_usergroups_name_unq_idx` (`name`)
) ENGINE=InnoDB DEFAULT CHARSET=utf8 COLLATE=utf8_unicode_ci;

DROP TABLE IF EXISTS `craft_usergroups_users`;


--
-- Schema for table `craft_usergroups_users`
--
CREATE TABLE `craft_usergroups_users` (
  `id` int(11) NOT NULL AUTO_INCREMENT,
  `groupId` int(11) NOT NULL,
  `userId` int(11) NOT NULL,
  `dateCreated` datetime NOT NULL,
  `dateUpdated` datetime NOT NULL,
  `uid` char(36) COLLATE utf8_unicode_ci NOT NULL DEFAULT '0',
  PRIMARY KEY (`id`),
  UNIQUE KEY `craft_usergroups_users_groupId_userId_unq_idx` (`groupId`,`userId`),
  KEY `craft_usergroups_users_userId_fk` (`userId`)
) ENGINE=InnoDB DEFAULT CHARSET=utf8 COLLATE=utf8_unicode_ci;

DROP TABLE IF EXISTS `craft_userpermissions`;


--
-- Schema for table `craft_userpermissions`
--
CREATE TABLE `craft_userpermissions` (
  `id` int(11) NOT NULL AUTO_INCREMENT,
  `name` varchar(255) COLLATE utf8_unicode_ci NOT NULL,
  `dateCreated` datetime NOT NULL,
  `dateUpdated` datetime NOT NULL,
  `uid` char(36) COLLATE utf8_unicode_ci NOT NULL DEFAULT '0',
  PRIMARY KEY (`id`),
  UNIQUE KEY `craft_userpermissions_name_unq_idx` (`name`)
) ENGINE=InnoDB DEFAULT CHARSET=utf8 COLLATE=utf8_unicode_ci;

DROP TABLE IF EXISTS `craft_userpermissions_usergroups`;


--
-- Schema for table `craft_userpermissions_usergroups`
--
CREATE TABLE `craft_userpermissions_usergroups` (
  `id` int(11) NOT NULL AUTO_INCREMENT,
  `permissionId` int(11) NOT NULL,
  `groupId` int(11) NOT NULL,
  `dateCreated` datetime NOT NULL,
  `dateUpdated` datetime NOT NULL,
  `uid` char(36) COLLATE utf8_unicode_ci NOT NULL DEFAULT '0',
  PRIMARY KEY (`id`),
  UNIQUE KEY `craft_userpermissions_usergroups_permissionId_groupId_unq_idx` (`permissionId`,`groupId`),
  KEY `craft_userpermissions_usergroups_groupId_fk` (`groupId`)
) ENGINE=InnoDB DEFAULT CHARSET=utf8 COLLATE=utf8_unicode_ci;

DROP TABLE IF EXISTS `craft_userpermissions_users`;


--
-- Schema for table `craft_userpermissions_users`
--
CREATE TABLE `craft_userpermissions_users` (
  `id` int(11) NOT NULL AUTO_INCREMENT,
  `permissionId` int(11) NOT NULL,
  `userId` int(11) NOT NULL,
  `dateCreated` datetime NOT NULL,
  `dateUpdated` datetime NOT NULL,
  `uid` char(36) COLLATE utf8_unicode_ci NOT NULL DEFAULT '0',
  PRIMARY KEY (`id`),
  UNIQUE KEY `craft_userpermissions_users_permissionId_userId_unq_idx` (`permissionId`,`userId`),
  KEY `craft_userpermissions_users_userId_fk` (`userId`)
) ENGINE=InnoDB DEFAULT CHARSET=utf8 COLLATE=utf8_unicode_ci;

DROP TABLE IF EXISTS `craft_users`;


--
-- Schema for table `craft_users`
--
CREATE TABLE `craft_users` (
  `id` int(11) NOT NULL,
  `username` varchar(100) COLLATE utf8_unicode_ci NOT NULL,
  `photo` varchar(100) COLLATE utf8_unicode_ci DEFAULT NULL,
  `firstName` varchar(100) COLLATE utf8_unicode_ci DEFAULT NULL,
  `lastName` varchar(100) COLLATE utf8_unicode_ci DEFAULT NULL,
  `email` varchar(255) COLLATE utf8_unicode_ci NOT NULL,
  `password` char(255) COLLATE utf8_unicode_ci DEFAULT NULL,
  `preferredLocale` char(12) COLLATE utf8_unicode_ci DEFAULT NULL,
  `weekStartDay` tinyint(1) unsigned NOT NULL DEFAULT '0',
  `admin` tinyint(1) unsigned NOT NULL DEFAULT '0',
  `client` tinyint(1) unsigned NOT NULL DEFAULT '0',
  `locked` tinyint(1) unsigned NOT NULL DEFAULT '0',
  `suspended` tinyint(1) unsigned NOT NULL DEFAULT '0',
  `pending` tinyint(1) unsigned NOT NULL DEFAULT '0',
  `archived` tinyint(1) unsigned NOT NULL DEFAULT '0',
  `lastLoginDate` datetime DEFAULT NULL,
  `lastLoginAttemptIPAddress` varchar(45) COLLATE utf8_unicode_ci DEFAULT NULL,
  `invalidLoginWindowStart` datetime DEFAULT NULL,
  `invalidLoginCount` tinyint(4) unsigned DEFAULT NULL,
  `lastInvalidLoginDate` datetime DEFAULT NULL,
  `lockoutDate` datetime DEFAULT NULL,
  `verificationCode` char(100) COLLATE utf8_unicode_ci DEFAULT NULL,
  `verificationCodeIssuedDate` datetime DEFAULT NULL,
  `unverifiedEmail` varchar(255) COLLATE utf8_unicode_ci DEFAULT NULL,
  `passwordResetRequired` tinyint(1) unsigned NOT NULL DEFAULT '0',
  `lastPasswordChangeDate` datetime DEFAULT NULL,
  `dateCreated` datetime NOT NULL,
  `dateUpdated` datetime NOT NULL,
  `uid` char(36) COLLATE utf8_unicode_ci NOT NULL DEFAULT '0',
  PRIMARY KEY (`id`),
  UNIQUE KEY `craft_users_username_unq_idx` (`username`),
  UNIQUE KEY `craft_users_email_unq_idx` (`email`),
  KEY `craft_users_verificationCode_idx` (`verificationCode`),
  KEY `craft_users_uid_idx` (`uid`),
  KEY `craft_users_preferredLocale_fk` (`preferredLocale`)
) ENGINE=InnoDB DEFAULT CHARSET=utf8 COLLATE=utf8_unicode_ci;

--
-- Data for table `craft_users`
--

INSERT INTO `craft_users` (`id`, `username`, `photo`, `firstName`, `lastName`, `email`, `password`, `preferredLocale`, `weekStartDay`, `admin`, `client`, `locked`, `suspended`, `pending`, `archived`, `lastLoginDate`, `lastLoginAttemptIPAddress`, `invalidLoginWindowStart`, `invalidLoginCount`, `lastInvalidLoginDate`, `lockoutDate`, `verificationCode`, `verificationCodeIssuedDate`, `unverifiedEmail`, `passwordResetRequired`, `lastPasswordChangeDate`, `dateCreated`, `dateUpdated`, `uid`) VALUES
 ('1', 'soup', 'IMG_0638-1.JPG', 'Xiaoxiao', 'Tang', 'yilu891017@me.com', '$2y$13$/IlrBI4vNdaTF./FNH7c9O8I7N22wTWqWk3cTDXZBoIldQ3yx.yES', NULL, '0', '1', '0', '0', '0', '0', '0', '2019-02-27 01:47:43', '173.56.40.84', NULL, NULL, '2017-03-25 02:14:26', NULL, NULL, NULL, NULL, '0', '2016-08-20 17:42:13', '2016-08-20 17:42:13', '2019-02-27 01:47:43', 'f14d3eaf-413a-4592-bf23-ce2480a73964');



DROP TABLE IF EXISTS `craft_widgets`;


--
-- Schema for table `craft_widgets`
--
CREATE TABLE `craft_widgets` (
  `id` int(11) NOT NULL AUTO_INCREMENT,
  `userId` int(11) NOT NULL,
  `type` varchar(150) COLLATE utf8_unicode_ci NOT NULL,
  `sortOrder` smallint(6) unsigned DEFAULT NULL,
  `colspan` tinyint(4) unsigned DEFAULT NULL,
  `settings` text COLLATE utf8_unicode_ci,
  `enabled` tinyint(1) unsigned NOT NULL DEFAULT '1',
  `dateCreated` datetime NOT NULL,
  `dateUpdated` datetime NOT NULL,
  `uid` char(36) COLLATE utf8_unicode_ci NOT NULL DEFAULT '0',
  PRIMARY KEY (`id`),
  KEY `craft_widgets_userId_fk` (`userId`)
) ENGINE=InnoDB AUTO_INCREMENT=12 DEFAULT CHARSET=utf8 COLLATE=utf8_unicode_ci;

--
-- Data for table `craft_widgets`
--

INSERT INTO `craft_widgets` (`id`, `userId`, `type`, `sortOrder`, `colspan`, `settings`, `enabled`, `dateCreated`, `dateUpdated`, `uid`) VALUES
 ('1', '1', 'RecentEntries', '2', '1', NULL, '0', '2016-08-20 17:42:16', '2016-08-23 20:04:07', 'b461399b-7c57-48a1-856e-ca03356c14de'),
 ('2', '1', 'GetHelp', '2', NULL, NULL, '0', '2016-08-20 17:42:16', '2016-08-20 18:06:54', '58a151e3-6863-4a78-b570-a597739f5d61'),
 ('3', '1', 'Updates', '3', NULL, NULL, '0', '2016-08-20 17:42:16', '2016-08-20 18:06:50', '4dfda093-d4e3-443c-9d48-bda090f2a813'),
 ('4', '1', 'Feed', '3', '1', '{\"url\":\"https:\\/\\/craftcms.com\\/news.rss\",\"title\":\"Craft News\"}', '0', '2016-08-20 17:42:16', '2016-08-23 20:03:59', '703bfb10-ccf0-4f74-ac9f-86f555bb410f'),
 ('5', '1', 'ClientWidgets_Channels', '1', '2', NULL, '0', '2016-08-20 18:07:00', '2016-08-23 20:03:49', '4bc3a8f7-982d-4a74-84a9-42b8b439dc5e'),
 ('6', '1', 'ClientWidgets_Structures', '2', '1', NULL, '0', '2016-08-23 20:04:13', '2018-12-26 17:08:21', '838ce073-f381-47a6-9102-62ecb091d7cd'),
 ('7', '1', 'Updates', '4', '1', NULL, '0', '2016-08-23 20:04:19', '2018-12-26 17:08:25', '03356dc4-d2e0-4f40-88fa-10d7d054c5fc'),
 ('8', '1', 'ClientWidgets_Twitter', '6', NULL, NULL, '0', '2016-08-23 20:04:24', '2016-08-23 20:04:41', '2682318f-e47b-44a4-883f-fe21dd28b38d'),
 ('9', '1', 'ClientWidgets_Structures', '7', NULL, NULL, '0', '2016-08-23 20:04:29', '2016-08-23 20:04:39', 'a8c5f802-b914-4a52-8a69-0ca16b320abd'),
 ('10', '1', 'RecentEntries', '1', '1', '{\"section\":\"*\",\"limit\":\"10\"}', '0', '2016-08-23 20:05:01', '2018-12-26 17:08:19', 'cbe8c666-d552-4671-b197-ef51cab67d44'),
 ('11', '1', 'ClientWidgets_Tools', '3', '1', NULL, '0', '2016-08-23 20:05:08', '2018-12-26 17:08:23', '7d5f47b0-0821-43b8-b60a-2bee5adbefbf');


--
-- Constraints for tables
--


--
-- Constraints for table `craft_assetfiles`
--
ALTER TABLE `craft_assetfiles`
	ADD CONSTRAINT `craft_assetfiles_folderId_fk` FOREIGN KEY (`folderId`) REFERENCES `craft_assetfolders` (`id`) ON DELETE CASCADE,
	ADD CONSTRAINT `craft_assetfiles_id_fk` FOREIGN KEY (`id`) REFERENCES `craft_elements` (`id`) ON DELETE CASCADE,
	ADD CONSTRAINT `craft_assetfiles_sourceId_fk` FOREIGN KEY (`sourceId`) REFERENCES `craft_assetsources` (`id`) ON DELETE CASCADE;

--
-- Constraints for table `craft_assetfolders`
--
ALTER TABLE `craft_assetfolders`
	ADD CONSTRAINT `craft_assetfolders_parentId_fk` FOREIGN KEY (`parentId`) REFERENCES `craft_assetfolders` (`id`) ON DELETE CASCADE,
	ADD CONSTRAINT `craft_assetfolders_sourceId_fk` FOREIGN KEY (`sourceId`) REFERENCES `craft_assetsources` (`id`) ON DELETE CASCADE;

--
-- Constraints for table `craft_assetindexdata`
--
ALTER TABLE `craft_assetindexdata`
	ADD CONSTRAINT `craft_assetindexdata_sourceId_fk` FOREIGN KEY (`sourceId`) REFERENCES `craft_assetsources` (`id`) ON DELETE CASCADE;

--
-- Constraints for table `craft_assetsources`
--
ALTER TABLE `craft_assetsources`
	ADD CONSTRAINT `craft_assetsources_fieldLayoutId_fk` FOREIGN KEY (`fieldLayoutId`) REFERENCES `craft_fieldlayouts` (`id`) ON DELETE SET NULL;

--
-- Constraints for table `craft_categories`
--
ALTER TABLE `craft_categories`
	ADD CONSTRAINT `craft_categories_groupId_fk` FOREIGN KEY (`groupId`) REFERENCES `craft_categorygroups` (`id`) ON DELETE CASCADE,
	ADD CONSTRAINT `craft_categories_id_fk` FOREIGN KEY (`id`) REFERENCES `craft_elements` (`id`) ON DELETE CASCADE;

--
-- Constraints for table `craft_categorygroups`
--
ALTER TABLE `craft_categorygroups`
	ADD CONSTRAINT `craft_categorygroups_fieldLayoutId_fk` FOREIGN KEY (`fieldLayoutId`) REFERENCES `craft_fieldlayouts` (`id`) ON DELETE SET NULL,
	ADD CONSTRAINT `craft_categorygroups_structureId_fk` FOREIGN KEY (`structureId`) REFERENCES `craft_structures` (`id`) ON DELETE CASCADE;

--
-- Constraints for table `craft_categorygroups_i18n`
--
ALTER TABLE `craft_categorygroups_i18n`
	ADD CONSTRAINT `craft_categorygroups_i18n_groupId_fk` FOREIGN KEY (`groupId`) REFERENCES `craft_categorygroups` (`id`) ON DELETE CASCADE,
	ADD CONSTRAINT `craft_categorygroups_i18n_locale_fk` FOREIGN KEY (`locale`) REFERENCES `craft_locales` (`locale`) ON DELETE CASCADE ON UPDATE CASCADE;

--
-- Constraints for table `craft_content`
--
ALTER TABLE `craft_content`
	ADD CONSTRAINT `craft_content_elementId_fk` FOREIGN KEY (`elementId`) REFERENCES `craft_elements` (`id`) ON DELETE CASCADE,
	ADD CONSTRAINT `craft_content_locale_fk` FOREIGN KEY (`locale`) REFERENCES `craft_locales` (`locale`) ON DELETE CASCADE ON UPDATE CASCADE;

--
-- Constraints for table `craft_cpnav_navs`
--
ALTER TABLE `craft_cpnav_navs`
	ADD CONSTRAINT `craft_cpnav_navs_layoutId_fk` FOREIGN KEY (`layoutId`) REFERENCES `craft_cpnav_layouts` (`id`) ON DELETE SET NULL;

--
-- Constraints for table `craft_elements_i18n`
--
ALTER TABLE `craft_elements_i18n`
	ADD CONSTRAINT `craft_elements_i18n_elementId_fk` FOREIGN KEY (`elementId`) REFERENCES `craft_elements` (`id`) ON DELETE CASCADE,
	ADD CONSTRAINT `craft_elements_i18n_locale_fk` FOREIGN KEY (`locale`) REFERENCES `craft_locales` (`locale`) ON DELETE CASCADE ON UPDATE CASCADE;

--
-- Constraints for table `craft_emailmessages`
--
ALTER TABLE `craft_emailmessages`
	ADD CONSTRAINT `craft_emailmessages_locale_fk` FOREIGN KEY (`locale`) REFERENCES `craft_locales` (`locale`) ON DELETE CASCADE ON UPDATE CASCADE;

--
-- Constraints for table `craft_entries`
--
ALTER TABLE `craft_entries`
	ADD CONSTRAINT `craft_entries_authorId_fk` FOREIGN KEY (`authorId`) REFERENCES `craft_users` (`id`) ON DELETE CASCADE,
	ADD CONSTRAINT `craft_entries_id_fk` FOREIGN KEY (`id`) REFERENCES `craft_elements` (`id`) ON DELETE CASCADE,
	ADD CONSTRAINT `craft_entries_sectionId_fk` FOREIGN KEY (`sectionId`) REFERENCES `craft_sections` (`id`) ON DELETE CASCADE,
	ADD CONSTRAINT `craft_entries_typeId_fk` FOREIGN KEY (`typeId`) REFERENCES `craft_entrytypes` (`id`) ON DELETE CASCADE;

--
-- Constraints for table `craft_entrydrafts`
--
ALTER TABLE `craft_entrydrafts`
	ADD CONSTRAINT `craft_entrydrafts_creatorId_fk` FOREIGN KEY (`creatorId`) REFERENCES `craft_users` (`id`) ON DELETE CASCADE,
	ADD CONSTRAINT `craft_entrydrafts_entryId_fk` FOREIGN KEY (`entryId`) REFERENCES `craft_entries` (`id`) ON DELETE CASCADE,
	ADD CONSTRAINT `craft_entrydrafts_locale_fk` FOREIGN KEY (`locale`) REFERENCES `craft_locales` (`locale`) ON DELETE CASCADE ON UPDATE CASCADE,
	ADD CONSTRAINT `craft_entrydrafts_sectionId_fk` FOREIGN KEY (`sectionId`) REFERENCES `craft_sections` (`id`) ON DELETE CASCADE;

--
-- Constraints for table `craft_entrytypes`
--
ALTER TABLE `craft_entrytypes`
	ADD CONSTRAINT `craft_entrytypes_fieldLayoutId_fk` FOREIGN KEY (`fieldLayoutId`) REFERENCES `craft_fieldlayouts` (`id`) ON DELETE SET NULL,
	ADD CONSTRAINT `craft_entrytypes_sectionId_fk` FOREIGN KEY (`sectionId`) REFERENCES `craft_sections` (`id`) ON DELETE CASCADE;

--
-- Constraints for table `craft_entryversions`
--
ALTER TABLE `craft_entryversions`
	ADD CONSTRAINT `craft_entryversions_creatorId_fk` FOREIGN KEY (`creatorId`) REFERENCES `craft_users` (`id`) ON DELETE SET NULL,
	ADD CONSTRAINT `craft_entryversions_entryId_fk` FOREIGN KEY (`entryId`) REFERENCES `craft_entries` (`id`) ON DELETE CASCADE,
	ADD CONSTRAINT `craft_entryversions_locale_fk` FOREIGN KEY (`locale`) REFERENCES `craft_locales` (`locale`) ON DELETE CASCADE ON UPDATE CASCADE,
	ADD CONSTRAINT `craft_entryversions_sectionId_fk` FOREIGN KEY (`sectionId`) REFERENCES `craft_sections` (`id`) ON DELETE CASCADE;

--
-- Constraints for table `craft_fieldlayoutfields`
--
ALTER TABLE `craft_fieldlayoutfields`
	ADD CONSTRAINT `craft_fieldlayoutfields_fieldId_fk` FOREIGN KEY (`fieldId`) REFERENCES `craft_fields` (`id`) ON DELETE CASCADE,
	ADD CONSTRAINT `craft_fieldlayoutfields_layoutId_fk` FOREIGN KEY (`layoutId`) REFERENCES `craft_fieldlayouts` (`id`) ON DELETE CASCADE,
	ADD CONSTRAINT `craft_fieldlayoutfields_tabId_fk` FOREIGN KEY (`tabId`) REFERENCES `craft_fieldlayouttabs` (`id`) ON DELETE CASCADE;

--
-- Constraints for table `craft_fieldlayouttabs`
--
ALTER TABLE `craft_fieldlayouttabs`
	ADD CONSTRAINT `craft_fieldlayouttabs_layoutId_fk` FOREIGN KEY (`layoutId`) REFERENCES `craft_fieldlayouts` (`id`) ON DELETE CASCADE;

--
-- Constraints for table `craft_fields`
--
ALTER TABLE `craft_fields`
	ADD CONSTRAINT `craft_fields_groupId_fk` FOREIGN KEY (`groupId`) REFERENCES `craft_fieldgroups` (`id`) ON DELETE CASCADE;

--
-- Constraints for table `craft_globalsets`
--
ALTER TABLE `craft_globalsets`
	ADD CONSTRAINT `craft_globalsets_fieldLayoutId_fk` FOREIGN KEY (`fieldLayoutId`) REFERENCES `craft_fieldlayouts` (`id`) ON DELETE SET NULL,
	ADD CONSTRAINT `craft_globalsets_id_fk` FOREIGN KEY (`id`) REFERENCES `craft_elements` (`id`) ON DELETE CASCADE;

--
-- Constraints for table `craft_matrixblocks`
--
ALTER TABLE `craft_matrixblocks`
	ADD CONSTRAINT `craft_matrixblocks_fieldId_fk` FOREIGN KEY (`fieldId`) REFERENCES `craft_fields` (`id`) ON DELETE CASCADE,
	ADD CONSTRAINT `craft_matrixblocks_id_fk` FOREIGN KEY (`id`) REFERENCES `craft_elements` (`id`) ON DELETE CASCADE,
	ADD CONSTRAINT `craft_matrixblocks_ownerId_fk` FOREIGN KEY (`ownerId`) REFERENCES `craft_elements` (`id`) ON DELETE CASCADE,
	ADD CONSTRAINT `craft_matrixblocks_ownerLocale_fk` FOREIGN KEY (`ownerLocale`) REFERENCES `craft_locales` (`locale`) ON DELETE CASCADE ON UPDATE CASCADE,
	ADD CONSTRAINT `craft_matrixblocks_typeId_fk` FOREIGN KEY (`typeId`) REFERENCES `craft_matrixblocktypes` (`id`) ON DELETE CASCADE;

--
-- Constraints for table `craft_matrixblocktypes`
--
ALTER TABLE `craft_matrixblocktypes`
	ADD CONSTRAINT `craft_matrixblocktypes_fieldId_fk` FOREIGN KEY (`fieldId`) REFERENCES `craft_fields` (`id`) ON DELETE CASCADE,
	ADD CONSTRAINT `craft_matrixblocktypes_fieldLayoutId_fk` FOREIGN KEY (`fieldLayoutId`) REFERENCES `craft_fieldlayouts` (`id`) ON DELETE SET NULL;

--
-- Constraints for table `craft_matrixcontent_aboutexperience`
--
ALTER TABLE `craft_matrixcontent_aboutexperience`
	ADD CONSTRAINT `craft_matrixcontent_aboutexperience_elementId_fk` FOREIGN KEY (`elementId`) REFERENCES `craft_elements` (`id`) ON DELETE CASCADE,
	ADD CONSTRAINT `craft_matrixcontent_aboutexperience_locale_fk` FOREIGN KEY (`locale`) REFERENCES `craft_locales` (`locale`) ON DELETE CASCADE ON UPDATE CASCADE;

--
-- Constraints for table `craft_matrixcontent_aboutskills`
--
ALTER TABLE `craft_matrixcontent_aboutskills`
	ADD CONSTRAINT `craft_matrixcontent_aboutskills_elementId_fk` FOREIGN KEY (`elementId`) REFERENCES `craft_elements` (`id`) ON DELETE CASCADE,
	ADD CONSTRAINT `craft_matrixcontent_aboutskills_locale_fk` FOREIGN KEY (`locale`) REFERENCES `craft_locales` (`locale`) ON DELETE CASCADE ON UPDATE CASCADE;

--
-- Constraints for table `craft_matrixcontent_commlworkrolelist`
--
ALTER TABLE `craft_matrixcontent_commlworkrolelist`
	ADD CONSTRAINT `craft_matrixcontent_commlworkrolelist_elementId_fk` FOREIGN KEY (`elementId`) REFERENCES `craft_elements` (`id`) ON DELETE CASCADE,
	ADD CONSTRAINT `craft_matrixcontent_commlworkrolelist_locale_fk` FOREIGN KEY (`locale`) REFERENCES `craft_locales` (`locale`) ON DELETE CASCADE ON UPDATE CASCADE;

--
-- Constraints for table `craft_matrixcontent_commlworkroles`
--
ALTER TABLE `craft_matrixcontent_commlworkroles`
	ADD CONSTRAINT `craft_matrixcontent_commlworkroles_elementId_fk` FOREIGN KEY (`elementId`) REFERENCES `craft_elements` (`id`) ON DELETE CASCADE,
	ADD CONSTRAINT `craft_matrixcontent_commlworkroles_locale_fk` FOREIGN KEY (`locale`) REFERENCES `craft_locales` (`locale`) ON DELETE CASCADE ON UPDATE CASCADE;

--
-- Constraints for table `craft_matrixcontent_commlworkskilllist`
--
ALTER TABLE `craft_matrixcontent_commlworkskilllist`
	ADD CONSTRAINT `craft_matrixcontent_commlworkskilllist_elementId_fk` FOREIGN KEY (`elementId`) REFERENCES `craft_elements` (`id`) ON DELETE CASCADE,
	ADD CONSTRAINT `craft_matrixcontent_commlworkskilllist_locale_fk` FOREIGN KEY (`locale`) REFERENCES `craft_locales` (`locale`) ON DELETE CASCADE ON UPDATE CASCADE;

--
-- Constraints for table `craft_matrixcontent_commlworkskills`
--
ALTER TABLE `craft_matrixcontent_commlworkskills`
	ADD CONSTRAINT `craft_matrixcontent_commlworkskills_elementId_fk` FOREIGN KEY (`elementId`) REFERENCES `craft_elements` (`id`) ON DELETE CASCADE,
	ADD CONSTRAINT `craft_matrixcontent_commlworkskills_locale_fk` FOREIGN KEY (`locale`) REFERENCES `craft_locales` (`locale`) ON DELETE CASCADE ON UPDATE CASCADE;

--
-- Constraints for table `craft_matrixcontent_reelbreakdown`
--
ALTER TABLE `craft_matrixcontent_reelbreakdown`
	ADD CONSTRAINT `craft_matrixcontent_reelbreakdown_elementId_fk` FOREIGN KEY (`elementId`) REFERENCES `craft_elements` (`id`) ON DELETE CASCADE,
	ADD CONSTRAINT `craft_matrixcontent_reelbreakdown_locale_fk` FOREIGN KEY (`locale`) REFERENCES `craft_locales` (`locale`) ON DELETE CASCADE ON UPDATE CASCADE;

--
-- Constraints for table `craft_matrixcontent_skyelements`
--
ALTER TABLE `craft_matrixcontent_skyelements`
	ADD CONSTRAINT `craft_matrixcontent_skyelements_elementId_fk` FOREIGN KEY (`elementId`) REFERENCES `craft_elements` (`id`) ON DELETE CASCADE,
	ADD CONSTRAINT `craft_matrixcontent_skyelements_locale_fk` FOREIGN KEY (`locale`) REFERENCES `craft_locales` (`locale`) ON DELETE CASCADE ON UPDATE CASCADE;

--
-- Constraints for table `craft_matrixcontent_workmediagrid`
--
ALTER TABLE `craft_matrixcontent_workmediagrid`
	ADD CONSTRAINT `craft_matrixcontent_workmediagrid_elementId_fk` FOREIGN KEY (`elementId`) REFERENCES `craft_elements` (`id`) ON DELETE CASCADE,
	ADD CONSTRAINT `craft_matrixcontent_workmediagrid_locale_fk` FOREIGN KEY (`locale`) REFERENCES `craft_locales` (`locale`) ON DELETE CASCADE ON UPDATE CASCADE;

--
-- Constraints for table `craft_migrations`
--
ALTER TABLE `craft_migrations`
	ADD CONSTRAINT `craft_migrations_pluginId_fk` FOREIGN KEY (`pluginId`) REFERENCES `craft_plugins` (`id`) ON DELETE CASCADE;

--
-- Constraints for table `craft_navee_navigations`
--
ALTER TABLE `craft_navee_navigations`
	ADD CONSTRAINT `craft_navee_navigations_creatorId_fk` FOREIGN KEY (`creatorId`) REFERENCES `craft_users` (`id`) ON DELETE SET NULL,
	ADD CONSTRAINT `craft_navee_navigations_fieldLayoutId_fk` FOREIGN KEY (`fieldLayoutId`) REFERENCES `craft_fieldlayouts` (`id`) ON DELETE SET NULL;

--
-- Constraints for table `craft_navee_nodes`
--
ALTER TABLE `craft_navee_nodes`
	ADD CONSTRAINT `craft_navee_nodes_navigationId_fk` FOREIGN KEY (`navigationId`) REFERENCES `craft_navee_navigations` (`id`) ON DELETE CASCADE,
	ADD CONSTRAINT `craft_navee_nodes_id_fk` FOREIGN KEY (`id`) REFERENCES `craft_elements` (`id`) ON DELETE CASCADE;

--
-- Constraints for table `craft_relations`
--
ALTER TABLE `craft_relations`
	ADD CONSTRAINT `craft_relations_fieldId_fk` FOREIGN KEY (`fieldId`) REFERENCES `craft_fields` (`id`) ON DELETE CASCADE,
	ADD CONSTRAINT `craft_relations_sourceId_fk` FOREIGN KEY (`sourceId`) REFERENCES `craft_elements` (`id`) ON DELETE CASCADE,
	ADD CONSTRAINT `craft_relations_sourceLocale_fk` FOREIGN KEY (`sourceLocale`) REFERENCES `craft_locales` (`locale`) ON DELETE CASCADE ON UPDATE CASCADE,
	ADD CONSTRAINT `craft_relations_targetId_fk` FOREIGN KEY (`targetId`) REFERENCES `craft_elements` (`id`) ON DELETE CASCADE;

--
-- Constraints for table `craft_routes`
--
ALTER TABLE `craft_routes`
	ADD CONSTRAINT `craft_routes_locale_fk` FOREIGN KEY (`locale`) REFERENCES `craft_locales` (`locale`) ON DELETE CASCADE ON UPDATE CASCADE;

--
-- Constraints for table `craft_sections`
--
ALTER TABLE `craft_sections`
	ADD CONSTRAINT `craft_sections_structureId_fk` FOREIGN KEY (`structureId`) REFERENCES `craft_structures` (`id`) ON DELETE SET NULL;

--
-- Constraints for table `craft_sections_i18n`
--
ALTER TABLE `craft_sections_i18n`
	ADD CONSTRAINT `craft_sections_i18n_locale_fk` FOREIGN KEY (`locale`) REFERENCES `craft_locales` (`locale`) ON DELETE CASCADE ON UPDATE CASCADE,
	ADD CONSTRAINT `craft_sections_i18n_sectionId_fk` FOREIGN KEY (`sectionId`) REFERENCES `craft_sections` (`id`) ON DELETE CASCADE;

--
-- Constraints for table `craft_sessions`
--
ALTER TABLE `craft_sessions`
	ADD CONSTRAINT `craft_sessions_userId_fk` FOREIGN KEY (`userId`) REFERENCES `craft_users` (`id`) ON DELETE CASCADE;

--
-- Constraints for table `craft_shunnedmessages`
--
ALTER TABLE `craft_shunnedmessages`
	ADD CONSTRAINT `craft_shunnedmessages_userId_fk` FOREIGN KEY (`userId`) REFERENCES `craft_users` (`id`) ON DELETE CASCADE;

--
-- Constraints for table `craft_structureelements`
--
ALTER TABLE `craft_structureelements`
	ADD CONSTRAINT `craft_structureelements_elementId_fk` FOREIGN KEY (`elementId`) REFERENCES `craft_elements` (`id`) ON DELETE CASCADE,
	ADD CONSTRAINT `craft_structureelements_structureId_fk` FOREIGN KEY (`structureId`) REFERENCES `craft_structures` (`id`) ON DELETE CASCADE;

--
-- Constraints for table `craft_taggroups`
--
ALTER TABLE `craft_taggroups`
	ADD CONSTRAINT `craft_taggroups_fieldLayoutId_fk` FOREIGN KEY (`fieldLayoutId`) REFERENCES `craft_fieldlayouts` (`id`) ON DELETE SET NULL;

--
-- Constraints for table `craft_tags`
--
ALTER TABLE `craft_tags`
	ADD CONSTRAINT `craft_tags_groupId_fk` FOREIGN KEY (`groupId`) REFERENCES `craft_taggroups` (`id`) ON DELETE CASCADE,
	ADD CONSTRAINT `craft_tags_id_fk` FOREIGN KEY (`id`) REFERENCES `craft_elements` (`id`) ON DELETE CASCADE;

--
-- Constraints for table `craft_templatecachecriteria`
--
ALTER TABLE `craft_templatecachecriteria`
	ADD CONSTRAINT `craft_templatecachecriteria_cacheId_fk` FOREIGN KEY (`cacheId`) REFERENCES `craft_templatecaches` (`id`) ON DELETE CASCADE;

--
-- Constraints for table `craft_templatecacheelements`
--
ALTER TABLE `craft_templatecacheelements`
	ADD CONSTRAINT `craft_templatecacheelements_cacheId_fk` FOREIGN KEY (`cacheId`) REFERENCES `craft_templatecaches` (`id`) ON DELETE CASCADE,
	ADD CONSTRAINT `craft_templatecacheelements_elementId_fk` FOREIGN KEY (`elementId`) REFERENCES `craft_elements` (`id`) ON DELETE CASCADE;

--
-- Constraints for table `craft_templatecaches`
--
ALTER TABLE `craft_templatecaches`
	ADD CONSTRAINT `craft_templatecaches_locale_fk` FOREIGN KEY (`locale`) REFERENCES `craft_locales` (`locale`) ON DELETE CASCADE ON UPDATE CASCADE;

--
-- Constraints for table `craft_usergroups_users`
--
ALTER TABLE `craft_usergroups_users`
	ADD CONSTRAINT `craft_usergroups_users_groupId_fk` FOREIGN KEY (`groupId`) REFERENCES `craft_usergroups` (`id`) ON DELETE CASCADE,
	ADD CONSTRAINT `craft_usergroups_users_userId_fk` FOREIGN KEY (`userId`) REFERENCES `craft_users` (`id`) ON DELETE CASCADE;

--
-- Constraints for table `craft_userpermissions_usergroups`
--
ALTER TABLE `craft_userpermissions_usergroups`
	ADD CONSTRAINT `craft_userpermissions_usergroups_groupId_fk` FOREIGN KEY (`groupId`) REFERENCES `craft_usergroups` (`id`) ON DELETE CASCADE,
	ADD CONSTRAINT `craft_userpermissions_usergroups_permissionId_fk` FOREIGN KEY (`permissionId`) REFERENCES `craft_userpermissions` (`id`) ON DELETE CASCADE;

--
-- Constraints for table `craft_userpermissions_users`
--
ALTER TABLE `craft_userpermissions_users`
	ADD CONSTRAINT `craft_userpermissions_users_permissionId_fk` FOREIGN KEY (`permissionId`) REFERENCES `craft_userpermissions` (`id`) ON DELETE CASCADE,
	ADD CONSTRAINT `craft_userpermissions_users_userId_fk` FOREIGN KEY (`userId`) REFERENCES `craft_users` (`id`) ON DELETE CASCADE;

--
-- Constraints for table `craft_users`
--
ALTER TABLE `craft_users`
	ADD CONSTRAINT `craft_users_id_fk` FOREIGN KEY (`id`) REFERENCES `craft_elements` (`id`) ON DELETE CASCADE,
	ADD CONSTRAINT `craft_users_preferredLocale_fk` FOREIGN KEY (`preferredLocale`) REFERENCES `craft_locales` (`locale`) ON DELETE SET NULL ON UPDATE CASCADE;

--
-- Constraints for table `craft_widgets`
--
ALTER TABLE `craft_widgets`
	ADD CONSTRAINT `craft_widgets_userId_fk` FOREIGN KEY (`userId`) REFERENCES `craft_users` (`id`) ON DELETE CASCADE;

SET FOREIGN_KEY_CHECKS = 1;
